price,bt,Kms Driven,owner,Year of Manufacture,Mileage,RTO,Fuel Type,Registration Year,modelYear,Insurance Validity,Gear Box,Transmission,Seats,City,Engine Displacement
₹ 4 Lakh,Hatchback,"1,20,000 Kms",3rd Owner,2015.0,23.1 kmpl,KA51,Petrol,2015,2015,Third Party insurance,5 Speed ,Manual,5 Seats,bangalore,998 cc
₹ 8.11 Lakh,SUV,"32,706 Kms",2nd Owner,2018.0,17 kmpl,KA05,Petrol,Feb 2018,2018,Comprehensive,5 Speed,Manual,5 Seats,bangalore,1497 cc
₹ 5.85 Lakh,Hatchback,"11,949 Kms",1st Owner,2018.0,23.84 kmpl,KA03,Petrol,Sept 2018,2018,Comprehensive,5 Speed,Manual,5 Seats,bangalore,1199 cc
₹ 4.62 Lakh,Sedan,"17,794 Kms",1st Owner,2014.0,19.1 kmpl,KA53,Petrol,Dec 2014,2014,Comprehensive,5 Speed ,Manual,5 Seats,bangalore,1197 cc
₹ 7.90 Lakh,SUV,"60,000 Kms",1st Owner,2015.0,23.65 kmpl,KA04,Diesel,2015,2015,Third Party insurance,5 Speed,Manual,5 Seats,bangalore,1248 cc
₹ 19 Lakh,SUV,"20,000 Kms",1st Owner,2020.0,17.1 kmpl,KA04,Diesel,2020,2020,Third Party insurance,6 Speed,Manual,5 Seats,bangalore,1956 cc
₹ 3.45 Lakh,Hatchback,"37,772 Kms",1st Owner,2017.0,20.63 kmpl,KA05,Petrol,Aug 2017,2017,Comprehensive,5 Speed,Manual,5 Seats,bangalore,1198 cc
₹ 12 Lakh,SUV,"30,000 Kms",1st Owner,2021.0,18.15 kmpl,KA51,Petrol,2021,2021,Third Party insurance,7-Speed,Automatic,5 Seats,bangalore,998 cc
₹ 9.60 Lakh,Sedan,"37,000 Kms",1st Owner,2018.0,20.28 kmpl,KA03,Petrol,Aug 2018,2018,Comprehensive,4 Speed,Automatic,5 Seats,bangalore,1462 cc
₹ 5.85 Lakh,Hatchback,"11,949 Kms",1st Owner,2017.0,23.84 kmpl,KA03,Petrol,Jan 2018,2017,Comprehensive,5 Speed,Manual,5 Seats,bangalore,1199 cc
₹ 6.90 Lakh,Hatchback,"50,000 Kms",1st Owner,2018.0,21.4 kmpl,,Petrol,2018,2018,Third Party insurance,5 Speed,Manual,5 Seats,bangalore,1197 cc
₹ 6.82 Lakh,Hatchback,"24,887 Kms",1st Owner,2019.0,18.9 kmpl,KA51,Petrol,May 2019,2019,Third Party insurance,4 Speed,Automatic,5 Seats,bangalore,1197 cc
₹ 8.25 Lakh,Hatchback,"23,000 Kms",1st Owner,2018.0,18.2 kmpl,KA03,Petrol,Oct 2018,2018,Comprehensive,5 Speed,Automatic,5 Seats,bangalore,1199 cc
₹ 5.95 Lakh,Hatchback,"48,928 Kms",1st Owner,2018.0,23.84 kmpl,KA03,Petrol,Aug 2018,2018,Comprehensive,5 Speed,Automatic,5 Seats,bangalore,1199 cc
₹ 6.90 Lakh,SUV,"1,08,862 Kms",3rd Owner,2014.0,15.1 kmpl,KA01,Diesel,Aug 2014,2014,Comprehensive,6 Speed ,Manual,7 Seats,bangalore,2179 cc
₹ 13.50 Lakh,SUV,"80,000 Kms",1st Owner,2018.0,17.1 kmpl,OD02,Diesel,2018,2018,Third Party insurance,6 Speed,Manual,5 Seats,bangalore,1956 cc
₹ 55.95 Lakh,SUV,"16,000 Kms",1st Owner,2022.0,,KA01,Diesel,Jun 2022,2022,Comprehensive,8G-DCT,Automatic,5 Seats,bangalore,1950 cc
₹ 5.21 Lakh,Hatchback,"65,376 Kms",2nd Owner,2014.0,21.27 kmpl,KA41,Diesel,May 2014,2014,Comprehensive,6 Speed,Manual,5 Seats,bangalore,1396 cc
₹ 10.05 Lakh,SUV,"10,000 Kms",1st Owner,2022.0,17.33 kmpl,KA02,Petrol,2022,2022,Third Party insurance,6 Speed,Manual,5 Seats,bangalore,1199 cc
₹ 7.75 Lakh,Sedan,"67,000 Kms",2nd Owner,2016.0,17.8 kmpl,KA53,Petrol,Sept 2016,2016,Comprehensive,5 Speed,Manual,5 Seats,bangalore,1497 cc
₹ 22 Lakh,Sedan,"1,00,000 Kms",3rd Owner,2011.0,18.48 kmpl,,Diesel,2011,2011,Third Party insurance,6 Speed,Automatic,5 Seats,bangalore,1995 cc
₹ 5.82 Lakh,Hatchback,"18,083 Kms",1st Owner,2016.0,22.38 kmpl,KA04,Petrol,Mar 2016,2016,Comprehensive,5-Speed,Manual,5 Seats,bangalore,1197 cc
₹ 10.90 Lakh,SUV,"30,000 Kms",1st Owner,2020.0,16.42 kmpl,KA01,Petrol,2020,2020,Third Party insurance,5-Speed,Manual,5 Seats,bangalore,1498 cc
₹ 4.57 Lakh,Hatchback,"57,634 Kms",2nd Owner,2016.0,23.84 kmpl,KA05,Petrol,Jun 2016,2016,Comprehensive,5 Speed,Manual,5 Seats,bangalore,1199 cc
₹ 49 Lakh,Sedan,"50,000 Kms",2nd Owner,2016.0,7.81 kmpl,,Petrol,2016,2016,Third Party insurance,7 Speed,Automatic,5 Seats,bangalore,4663 cc
₹ 5.50 Lakh,Sedan,"1,10,000 Kms",1st Owner,2015.0,17.4 kmpl,HR26,Petrol,2015,2015,Third Party insurance,5 Speed ,Manual,5 Seats,bangalore,1497 cc
₹ 5.70 Lakh,Hatchback,"23,447 Kms",1st Owner,2018.0,20.3 kmpl,KA04,Petrol,Nov 2018,2018,Comprehensive,5 Speed,Automatic,5 Seats,bangalore,1086 cc
₹ 2.20 Lakh,Hatchback,"30,000 Kms",2nd Owner,2009.0,13.45 kmpl,,LPG,2009,2009,Third Party insurance,5 Speed,Manual,5 Seats,bangalore,1086 cc
₹ 41.45 Lakh,Sedan,"33,000 Kms",1st Owner,2017.0,15 kmpl,KA05,Petrol,Nov 2017,2017,Comprehensive,9 Speed,Automatic,5 Seats,bangalore,1991 cc
₹ 8.61 Lakh,SUV,"87,667 Kms",2nd Owner,2014.0,15.1 kmpl,KA04,Diesel,Apr 2014,2014,Third Party,6 Speed ,Manual,7 Seats,bangalore,2179 cc
₹ 17.85 Lakh,Sedan,"40,000 Kms",2nd Owner,2016.0,17.11 kmpl,KA51,Diesel,2016,2016,Third Party insurance,8 Speed,Automatic,5 Seats,bangalore,1968 cc
₹ 8.03 Lakh,SUV,"79,012 Kms",2nd Owner,2014.0,15.1 kmpl,KA51,Diesel,Oct 2014,2014,Comprehensive,6 Speed,Manual,7 Seats,bangalore,2179 cc
₹ 25.65 Lakh,SUV,"31,344 Kms",1st Owner,2021.0,17.1 kmpl,KA05,Diesel,Oct 2021,2021,Comprehensive,6 Speed,Manual,5 Seats,bangalore,1956 cc
₹ 6.74 Lakh,Sedan,"50,000 Kms",1st Owner,2018.0,20.14 kmpl,,Petrol,2018,2018,Third Party insurance,5 Speed,Manual,5 Seats,bangalore,1197 cc
₹ 3.49 Lakh,Hatchback,"12,434 Kms",1st Owner,2015.0,20.51 kmpl,WB38,Petrol,May 2015,2015,Comprehensive,5 Speed,Manual,5 Seats,bangalore,998 cc
₹ 10.50 Lakh,MUV,"60,000 Kms",2nd Owner,2019.0,19.34 kmpl,KA53,Petrol,2019,2019,Third Party insurance,5 Speed,Manual,7 Seats,bangalore,1462 cc
₹ 44.25 Lakh,Sedan,"12,000 Kms",1st Owner,2019.0,12.6 kmpl,KA51,Diesel,Jan 2019,2019,Comprehensive,9 Speed,Automatic,5 Seats,bangalore,1950 cc
₹ 4.06 Lakh,Hatchback,"40,987 Kms",2nd Owner,2015.0,20.51 kmpl,KA53,Petrol,Mar 2015,2015,Comprehensive,5 Speed,Manual,5 Seats,bangalore,998 cc
₹ 49.65 Lakh,Sedan,"18,157 Kms",1st Owner,2020.0,15.56 kmpl,KA51,Petrol,Oct 2020,2020,Zero Dep,8-Speed Steptronic,Automatic,5 Seats,bangalore,1998 cc
₹ 11 Lakh,SUV,"1,20,000 Kms",3rd Owner,2011.0,11.5 kmpl,KA47,Diesel,2011,2011,Third Party insurance,5 Speed,Manual,7 Seats,bangalore,2982 cc
₹ 11 Lakh,SUV,"40,000 Kms",2nd Owner,2020.0,19.87 kmpl,KA51,Diesel,2020,2020,Third Party insurance,6-Speed,Automatic,5 Seats,bangalore,1461 cc
₹ 5.94 Lakh,Hatchback,"89,667 Kms",1st Owner,2016.0,18.6 kmpl,KA19,Petrol,May 2016,2016,Comprehensive,5 Speed,Manual,5 Seats,bangalore,1197 cc
₹ 7.10 Lakh,Hatchback,"1,20,000 Kms",1st Owner,2017.0,22.54 kmpl,KA05,Diesel,2017,2017,Third Party insurance,6 Speed,Manual,5 Seats,bangalore,1396 cc
₹ 6.92 Lakh,Hatchback,"56,997 Kms",1st Owner,2017.0,21.4 kmpl,KA03,Petrol,Aug 2017,2017,Zero Dep,5 Speed,Manual,5 Seats,bangalore,1197 cc
₹ 6.50 Lakh,Sedan,"1,20,000 Kms",1st Owner,2013.0,16.3 kmpl,KA41,Petrol,2013,2013,Third Party insurance,6 Speed ,Manual,5 Seats,bangalore,1797 cc
₹ 20.90 Lakh,Sedan,"59,000 Kms",1st Owner,2015.0,18.53 kmpl,HR26,Diesel,Jul 2016,2015,Third Party insurance,7 Speed,Automatic,5 Seats,bangalore,1968 cc
₹ 4.11 Lakh,Hatchback,"18,835 Kms",1st Owner,2021.0,22.05 kmpl,KA50,Petrol,Dec 2021,2021,Zero Dep,5 Speed,Manual,5 Seats,bangalore,796 cc
₹ 6.50 Lakh,SUV,"1,20,000 Kms",2nd Owner,2010.0,12.05 kmpl,KA19,Diesel,2010,2010,Third Party insurance,5 Speed,Manual,7 Seats,bangalore,2179 cc
₹ 36.75 Lakh,Hatchback,"40,000 Kms",1st Owner,2016.0,17.33 kmpl,KA51,Petrol,Jul 2016,2016,Comprehensive,7 Speed,Automatic,4 Seats,bangalore,1998 cc
₹ 6.10 Lakh,Hatchback,"60,932 Kms",1st Owner,2019.0,23.84 kmpl,KA03,Petrol,Jul 2019,2019,Comprehensive,5 Speed,Manual,5 Seats,bangalore,1199 cc
₹ 16.75 Lakh,SUV,"33,539 Kms",2nd Owner,2020.0,16.5 kmpl,KA05,Petrol,Aug 2020,2020,Comprehensive,7-Speed DCT,Automatic,5 Seats,bangalore,1353 cc
₹ 5.30 Lakh,Hatchback,"66,837 Kms",2nd Owner,2018.0,23.84 kmpl,KA05,Petrol,Dec 2018,2018,Comprehensive,5 Speed,Manual,5 Seats,bangalore,1199 cc
₹ 79.90 Lakh,Sedan,400 Kms,1st Owner,2022.0,,KA53,Diesel,Jul 2022,2022,Third Party,9-Speed,Automatic,5 Seats,bangalore,2925 cc
₹ 2.50 Lakh,Hatchback,"60,000 Kms",2nd Owner,2008.0,19.7 kmpl,,Petrol,2008,2008,Third Party insurance,5 Speed,Manual,5 Seats,bangalore,796 cc
₹ 7.15 Lakh,Hatchback,"44,285 Kms",1st Owner,2019.0,18.6 kmpl,KA09,Petrol,Aug 2019,2019,Third Party insurance,5 Speed,Manual,5 Seats,bangalore,1197 cc
₹ 35 Lakh,SUV,"1,00,000 Kms",2nd Owner,2014.0,11.3 kmpl,PY01,Diesel,2014,2014,Third Party insurance,7 Speed,Automatic,7 Seats,bangalore,2987 cc
₹ 22.50 Lakh,SUV,"25,000 Kms",1st Owner,2021.0,14.08 kmpl,KA19,Diesel,Jul 2021,2021,Comprehensive,6-Speed,Automatic,6 Seats,bangalore,1956 cc
₹ 6.25 Lakh,Hatchback,"36,735 Kms",1st Owner,2018.0,18.9 kmpl,KA03,Petrol,Jan 2019,2018,Comprehensive,5 Speed,Manual,5 Seats,bangalore,1197 cc
₹ 26.95 Lakh,SUV,"79,000 Kms",1st Owner,2015.0,12.07 kmpl,KA51,Diesel,Jul 2015,2015,Comprehensive,8 Speed Tiptronic,Automatic,7 Seats,bangalore,2967 cc
₹ 6.50 Lakh,SUV,"1,20,000 Kms",2nd Owner,2010.0,12.05 kmpl,KA19,Diesel,2010,2010,Third Party insurance,5 Speed,Manual,8 Seats,bangalore,2179 cc
₹ 5.50 Lakh,Hatchback,"10,000 Kms",1st Owner,2022.0,22 kmpl,KA50,Petrol,2022,2022,Third Party insurance,5 Speed,Automatic,5 Seats,bangalore,999 cc
₹ 8.25 Lakh,SUV,"53,645 Kms",1st Owner,2018.0,21.5 kmpl,KA05,Diesel,Oct 2018,2018,Comprehensive,6 Speed,Manual,5 Seats,bangalore,1497 cc
₹ 2.20 Lakh,Hatchback,"1,00,000 Kms",2nd Owner,2006.0,15.3 kmpl,KA03,Petrol,2006,2006,Third Party insurance,5 Speed,Manual,5 Seats,bangalore,1341 cc
₹ 4.28 Lakh,Hatchback,"53,982 Kms",1st Owner,2014.0,26.68 kmpl,KA03,Petrol,Oct 2014,2014,Comprehensive,5-Speed,Automatic,5 Seats,bangalore,998 cc
₹ 6.95 Lakh,Sedan,"1,10,000 Kms",1st Owner,2014.0,21.14 kmpl,KA03,Diesel,2014,2014,Third Party insurance,5 Speed,Manual,5 Seats,bangalore,1498 cc
₹ 9.30 Lakh,SUV,"37,741 Kms",2nd Owner,2019.0,15.9 kmpl,KA01,Petrol,Feb 2019,2019,Third Party insurance,5 Speed,Manual,5 Seats,bangalore,1496 cc
₹ 4.55 Lakh,Hatchback,"17,367 Kms",1st Owner,2021.0,22.05 kmpl,KA02,Petrol,Aug 2021,2021,Comprehensive,5 Speed,Manual,5 Seats,bangalore,796 cc
₹ 11.95 Lakh,SUV,"94,000 Kms",1st Owner,2017.0,19.67 kmpl,KA05,Diesel,Jun 2017,2017,Comprehensive,6 Speed,Manual,5 Seats,bangalore,1582 cc
₹ 21.75 Lakh,SUV,"33,700 Kms",1st Owner,2021.0,14.6 kmpl,KA04,Diesel,Apr 2021,2021,Comprehensive,6-Speed,Automatic,5 Seats,bangalore,1956 cc
₹ 4.42 Lakh,Hatchback,"54,601 Kms",3rd Owner,2014.0,22.38 kmpl,KA53,Petrol,Jul 2014,2014,Comprehensive,5-Speed,Manual,5 Seats,bangalore,1197 cc
₹ 6.90 Lakh,Hatchback,"1,10,000 Kms",1st Owner,2018.0,28.4 kmpl,KA41,Diesel,2018,2018,Third Party insurance,5,Manual,5 Seats,bangalore,1248 cc
₹ 5 Lakh,Hatchback,"64,000 Kms",2nd Owner,2017.0,23.1 kmpl,KA04,Petrol,Nov 2017,2017,Third Party,5 Speed ,Manual,5 Seats,bangalore,998 cc
₹ 33.95 Lakh,Sedan,"40,525 Kms",1st Owner,2016.0,21.76 kmpl,KA66,Diesel,Nov 2016,2016,Comprehensive,8 Speed,Automatic,5 Seats,bangalore,1995 cc
₹ 6.50 Lakh,Sedan,"1,00,000 Kms",1st Owner,2015.0,26.21 kmpl,,Diesel,2015,2015,Third Party insurance,5 Speed,Manual,5 Seats,bangalore,1248 cc
₹ 5.37 Lakh,Hatchback,"44,154 Kms",2nd Owner,2016.0,19 kmpl,KA03,Petrol,Nov 2016,2016,Comprehensive,5 Speed,Automatic,5 Seats,bangalore,1199 cc
₹ 7.50 Lakh,MUV,"70,000 Kms",1st Owner,2016.0,19.98 kmpl,,Diesel,2016,2016,Third Party insurance,6 Speed,Manual,7 Seats,bangalore,1461 cc
₹ 17.90 Lakh,Sedan,"79,000 Kms",1st Owner,2018.0,15.1 kmpl,KA20,Petrol,Jul 2018,2018,Comprehensive,7 Speed,Automatic,5 Seats,bangalore,1798 cc
₹ 4.68 Lakh,Hatchback,"68,039 Kms",2nd Owner,2017.0,23.84 kmpl,KA53,Petrol,Jan 2018,2017,Third Party insurance,5 Speed,Manual,5 Seats,bangalore,1199 cc
₹ 4.20 Lakh,Hatchback,"60,000 Kms",2nd Owner,2014.0,18.5 kmpl,KA03,Petrol,2014,2014,Third Party insurance,5 Speed,Manual,5 Seats,bangalore,1197 cc
₹ 4.20 Lakh,Hatchback,"60,000 Kms",2nd Owner,2014.0,18.5 kmpl,KA03,Petrol,2014,2014,Third Party insurance,5 Speed,Manual,5 Seats,bangalore,1197 cc
₹ 9.20 Lakh,Hatchback,"10,000 Kms",1st Owner,2021.0,20 kmpl,KA51,Petrol,2021,2021,Third Party insurance,6 Speed IMT,Manual,5 Seats,bangalore,998 cc
₹ 5.33 Lakh,Sedan,"49,873 Kms",1st Owner,2013.0,16.8 kmpl,KA05,Petrol,Jan 2013,2013,Third Party,5 Speed,Manual,5 Seats,bangalore,1497 cc
₹ 8.50 Lakh,Hatchback,"90,000 Kms",3rd Owner,2013.0,17.2 kmpl,KA03,Petrol,2013,2013,Third Party insurance,7 Speed,Automatic,5 Seats,bangalore,1197 cc
₹ 7.51 Lakh,Sedan,"48,960 Kms",2nd Owner,2017.0,21.13 kmpl,KA52,Diesel,Jun 2017,2017,Third Party insurance,5 Speed,Manual,5 Seats,bangalore,1498 cc
₹ 3.88 Lakh,Hatchback,"70,000 Kms",2nd Owner,2014.0,24 kmpl,KA04,Diesel,2014,2014,Third Party insurance,5 Speed,Manual,5 Seats,bangalore,1120 cc
₹ 4.90 Lakh,Hatchback,"68,000 Kms",2nd Owner,2013.0,18.5 kmpl,KA51,Petrol,Aug 2013,2013,Comprehensive,5 Speed,Manual,5 Seats,bangalore,1197 cc
₹ 4.94 Lakh,SUV,"23,017 Kms",1st Owner,2016.0,25.32 kmpl,KA04,Diesel,Nov 2016,2016,Third Party,5 Speed,Manual,6 Seats,bangalore,1198 cc
₹ 5.25 Lakh,Hatchback,"83,000 Kms",2nd Owner,2013.0,21.27 kmpl,KA03,Diesel,Feb 2014,2013,Comprehensive,6 Speed,Manual,5 Seats,bangalore,1396 cc
₹ 28.90 Lakh,SUV,"92,000 Kms",2nd Owner,2016.0,16.55 kmpl,KA51,Diesel,Dec 2016,2016,Comprehensive,8 Speed,Automatic,5 Seats,bangalore,1995 cc
₹ 5.50 Lakh,Hatchback,"62,139 Kms",1st Owner,2018.0,20.51 kmpl,KA53,Petrol,Oct 2018,2018,Comprehensive,5 Speed,Manual,5 Seats,bangalore,998 cc
₹ 3.65 Lakh,Hatchback,"74,000 Kms",1st Owner,2013.0,19.2 kmpl,KA04,LPG,Aug 2013,2013,Comprehensive,5 Speed,Manual,5 Seats,bangalore,1086 cc
₹ 4.20 Lakh,Hatchback,"26,500 Kms",2nd Owner,2016.0,24.04 kmpl,KA53,Petrol,Nov 2016,2016,Comprehensive,5 Speed,Automatic,5 Seats,bangalore,999 cc
₹ 18.95 Lakh,Sedan,"81,716 Kms",1st Owner,2017.0,27.03 kmpl,KA01,Diesel,Jun 2017,2017,Comprehensive,8 Speed,Automatic,5 Seats,bangalore,1969 cc
₹ 59.90 Lakh,Sedan,"24,000 Kms",2nd Owner,2018.0,17 kmpl,KA03,Diesel,Sept 2018,2018,Comprehensive,9 Speed,Automatic,5 Seats,bangalore,2987 cc
₹ 10.50 Lakh,SUV,"10,000 Kms",1st Owner,2022.0,17 kmpl,KA03,Petrol,2022,2022,Third Party insurance,6-speed AutoSHIFT,Automatic,5 Seats,bangalore,1197 cc
₹ 20.75 Lakh,SUV,"18,000 Kms",1st Owner,2021.0,16.56 kmpl,KA51,Petrol,Jul 2021,2021,Comprehensive,6-speed CVT,Automatic,6 Seats,bangalore,1451 cc
₹ 3.94 Lakh,Hatchback,"38,197 Kms",1st Owner,2013.0,19.4 kmpl,KA03,Petrol,Jun 2013,2013,Third Party,5 Speed,Manual,5 Seats,bangalore,1198 cc
₹ 7.25 Lakh,Hatchback,"23,000 Kms",2nd Owner,2017.0,19.56 kmpl,KA51,Petrol,Aug 2017,2017,Comprehensive,CVT,Automatic,5 Seats,bangalore,1197 cc
₹ 2.40 Lakh,Hatchback,"50,000 Kms",1st Owner,2013.0,20.92 kmpl,KA02,Petrol,2013,2013,Third Party insurance,5 Speed,Manual,5 Seats,bangalore,998 cc
₹ 8.35 Lakh,SUV,"10,000 Kms",1st Owner,2022.0,19.03 kmpl,KA53,Petrol,2022,2022,Third Party insurance,5 Speed,Automatic,5 Seats,bangalore,999 cc
₹ 6.95 Lakh,Hatchback,"19,000 Kms",1st Owner,2019.0,18.9 kmpl,KA04,Petrol,Mar 2019,2019,Third Party insurance,5 Speed,Manual,5 Seats,bangalore,1197 cc
₹ 17.25 Lakh,SUV,"14,000 Kms",1st Owner,2020.0,16.5 kmpl,KA01,Petrol,Aug 2020,2020,Comprehensive,7-Speed DCT,Automatic,5 Seats,bangalore,1353 cc
₹ 3.30 Lakh,Hatchback,"29,268 Kms",1st Owner,2014.0,21.1 kmpl,KA25,Petrol,May 2014,2014,Comprehensive,5 Speed,Manual,5 Seats,bangalore,814 cc
₹ 9.90 Lakh,Sedan,"20,000 Kms",1st Owner,2019.0,18.19 kmpl,KA01,Petrol,2019,2019,Third Party insurance,7 Speed,Automatic,5 Seats,bangalore,1197 cc
₹ 7.50 Lakh,Sedan,"30,000 Kms",1st Owner,2018.0,17.1 kmpl,KA03,Petrol,2018,2018,Third Party insurance,6 Speed,Manual,5 Seats,bangalore,1496 cc
₹ 7.55 Lakh,Hatchback,"64,374 Kms",1st Owner,2018.0,19 kmpl,KA05,Petrol,May 2018,2018,,5 Speed,Automatic,5 Seats,bangalore,1199 cc
₹ 17.50 Lakh,SUV,"30,000 Kms",1st Owner,2021.0,17.41 kmpl,KA27,Diesel,2021,2021,Third Party insurance,6 Speed,Manual,5 Seats,bangalore,1956 cc
₹ 20.83 Lakh,SUV,"7,100 Kms",1st Owner,2022.0,14.2 kmpl,KA03,Petrol,Dec 2022,2022,Comprehensive,6-speed,Automatic,6 Seats,bangalore,1999 cc
₹ 2.71 Lakh,Hatchback,"43,679 Kms",1st Owner,2010.0,19.81 kmpl,KA51,Petrol,Mar 2010,2010,Comprehensive,5 Speed,Manual,5 Seats,bangalore,1086 cc
₹ 12.80 Lakh,SUV,"40,000 Kms",1st Owner,2018.0,14.8 kmpl,KA51,Petrol,2018,2018,Third Party insurance,6 Speed,Automatic,5 Seats,bangalore,1591 cc
₹ 4.36 Lakh,Hatchback,"40,562 Kms",1st Owner,2012.0,22.54 kmpl,KA51,Diesel,Oct 2012,2012,Third Party,6 Speed,Manual,5 Seats,bangalore,1396 cc
₹ 16.75 Lakh,SUV,"26,500 Kms",2nd Owner,2021.0,,KA03,Petrol,Jul 2021,2021,Comprehensive,7-speed DCT,Automatic,5 Seats,bangalore,1397 cc
₹ 12.50 Lakh,SUV,"20,000 Kms",1st Owner,2019.0,18.15 kmpl,KA05,Petrol,2019,2019,Third Party insurance,7-Speed,Automatic,5 Seats,bangalore,998 cc
₹ 13.50 Lakh,SUV,"58,600 Kms",1st Owner,2016.0,16 kmpl,KA05,Diesel,Jul 2016,2016,Third Party insurance,6 Speed,Automatic,7 Seats,bangalore,2179 cc
₹ 12.50 Lakh,SUV,"20,000 Kms",1st Owner,2019.0,18.15 kmpl,KA05,Petrol,2019,2019,Third Party insurance,7-Speed,Automatic,5 Seats,bangalore,998 cc
₹ 22.25 Lakh,SUV,"42,050 Kms",1st Owner,2020.0,18.4 kmpl,KA03,Petrol,Aug 2020,2020,Comprehensive,7 Speed DSG,Automatic,5 Seats,bangalore,1498 cc
₹ 4.75 Lakh,Hatchback,"65,017 Kms",1st Owner,2015.0,23.1 kmpl,KA04,Petrol,Jan 2016,2015,2,5 Speed ,Automatic,5 Seats,bangalore,998 cc
₹ 6 Lakh,Sedan,"80,000 Kms",2nd Owner,2008.0,13.2 kmpl,TN09,Diesel,2008,2008,Third Party insurance,6 Speed,Automatic,5 Seats,bangalore,1995 cc
₹ 24.50 Lakh,SUV,"30,000 Kms",1st Owner,2021.0,14.1 kmpl,KA20,Petrol,2021,2021,Third Party insurance,7 Speed DCT,Automatic,5 Seats,bangalore,1368 cc
₹ 16.25 Lakh,SUV,"20,000 Kms",1st Owner,2020.0,16.5 kmpl,KA03,Petrol,2020,2020,Third Party insurance,7-Speed DCT,Automatic,5 Seats,bangalore,1353 cc
₹ 16.50 Lakh,Sedan,"36,349 Kms",1st Owner,2014.0,17.2 kmpl,KA51,Diesel,Dec 2014,2014,,6 Speed,Automatic,5 Seats,bangalore,1968 cc
₹ 2.49 Lakh,Hatchback,"80,000 Kms",3rd Owner,2009.0,20.36 kmpl,,Petrol,2009,2009,Third Party insurance,5 Speed,Manual,5 Seats,bangalore,1197 cc
₹ 6.30 Lakh,SUV,"83,394 Kms",2nd Owner,2014.0,13.24 kmpl,KA01,Petrol,May 2014,2014,,5 Speed,Manual,5 Seats,bangalore,1598 cc
₹ 25.99 Lakh,SUV,"30,000 Kms",2nd Owner,2016.0,14.16 kmpl,KA01,Diesel,2016,2016,Third Party insurance,7 Speed,Automatic,5 Seats,bangalore,1968 cc
₹ 2.49 Lakh,Hatchback,"80,000 Kms",3rd Owner,2009.0,20.36 kmpl,,Petrol,2009,2009,Third Party insurance,5 Speed,Manual,5 Seats,bangalore,1197 cc
₹ 3.85 Lakh,Hatchback,"52,204 Kms",1st Owner,2017.0,24.39 kmpl,KA13,Petrol,Aug 2017,2017,Third Party,5 Speed,Manual,5 Seats,bangalore,998 cc
₹ 3 Lakh,Hatchback,"1,10,000 Kms",3rd Owner,2012.0,17 kmpl,KA53,Petrol,2012,2012,Third Party insurance,5 Speed,Manual,5 Seats,bangalore,1197 cc
₹ 29.75 Lakh,SUV,"89,000 Kms",1st Owner,2017.0,10.91 kmpl,KA19,Diesel,Jul 2017,2017,Third Party insurance,6 Speed,Automatic,7 Seats,bangalore,3198 cc
₹ 2.76 Lakh,Hatchback,"29,813 Kms",2nd Owner,2014.0,22.05 kmpl,KA53,Petrol,Jul 2014,2014,Comprehensive,5 Speed,Manual,5 Seats,bangalore,796 cc
₹ 5 Lakh,Hatchback,"30,000 Kms",1st Owner,2018.0,18.16 kmpl,,Petrol,2018,2018,Third Party insurance,5 Speed,Manual,5 Seats,bangalore,1196 cc
₹ 7.30 Lakh,Hatchback,"13,345 Kms",1st Owner,2020.0,20.89 kmpl,KA01,Petrol,Aug 2020,2020,Comprehensive,5 Speed,Automatic,5 Seats,bangalore,1197 cc
₹ 22.45 Lakh,SUV,"17,100 Kms",1st Owner,2022.0,18.1 kmpl,KA53,Diesel,May 2022,2022,Comprehensive,6-speed,Automatic,7 Seats,bangalore,1498 cc
₹ 3.99 Lakh,Hatchback,"75,000 Kms",1st Owner,2014.0,18.9 kmpl,KA05,Petrol,May 2014,2014,Comprehensive,5 Speed,Manual,5 Seats,bangalore,1197 cc
₹ 3.12 Lakh,Hatchback,"75,523 Kms",2nd Owner,2011.0,20.36 kmpl,KA51,Petrol,Nov 2011,2011,Comprehensive,5 Speed,Manual,5 Seats,bangalore,1197 cc
₹ 12.75 Lakh,SUV,"47,000 Kms",1st Owner,2015.0,16 kmpl,KA01,Diesel,Sept 2015,2015,Comprehensive,6 Speed,Manual,7 Seats,bangalore,2179 cc
₹ 19.90 Lakh,SUV,"36,500 Kms",1st Owner,2022.0,16.35 kmpl,KA03,Diesel,Jul 2022,2022,Comprehensive,6-Speed,Manual,5 Seats,bangalore,1956 cc
₹ 7.19 Lakh,MUV,"28,253 Kms",1st Owner,2020.0,20 kmpl,KA01,Petrol,Nov 2020,2020,Comprehensive,5 Speed,Manual,7 Seats,bangalore,999 cc
₹ 12.60 Lakh,SUV,"50,000 Kms",1st Owner,2016.0,19.67 kmpl,KA51,Diesel,2016,2016,Third Party insurance,6 Speed,Manual,5 Seats,bangalore,1582 cc
₹ 3 Lakh,Hatchback,"90,000 Kms",2nd Owner,2010.0,20.36 kmpl,KA51,Petrol,2010,2010,Third Party insurance,5 Speed,Manual,5 Seats,bangalore,1197 cc
₹ 39.81 Lakh,SUV,"70,000 Kms",2nd Owner,2016.0,15.97 kmpl,MH46,Diesel,2016,2016,Third Party insurance,8 Speed,Automatic,5 Seats,bangalore,2993 cc
₹ 6.27 Lakh,Hatchback,"52,571 Kms",1st Owner,2016.0,18.6 kmpl,KA53,Petrol,Jun 2016,2016,Comprehensive,5 Speed,Manual,5 Seats,bangalore,1197 cc
₹ 13 Lakh,Sedan,"70,000 Kms",2nd Owner,2010.0,16.07 kmpl,KA01,Diesel,2010,2010,Third Party insurance,6 Speed,Automatic,5 Seats,bangalore,1995 cc
₹ 6.72 Lakh,Sedan,"61,993 Kms",1st Owner,2015.0,17.4 kmpl,KA04,Petrol,Jan 2015,2015,Comprehensive,5 Speed ,Manual,5 Seats,bangalore,1497 cc
₹ 18.25 Lakh,SUV,"57,000 Kms",1st Owner,2017.0,16.38 kmpl,KA50,Diesel,Jul 2017,2017,Comprehensive,6 Speed,Automatic,5 Seats,bangalore,1995 cc
₹ 35 Lakh,SUV,"80,000 Kms",2nd Owner,2021.0,14.24 kmpl,KA03,Diesel,2021,2021,Third Party insurance,6 Speed,Manual,7 Seats,bangalore,2755 cc
₹ 4.40 Lakh,Hatchback,"36,359 Kms",1st Owner,2013.0,18.5 kmpl,KA01,Petrol,Aug 2013,2013,Comprehensive,5 Speed,Manual,5 Seats,bangalore,1197 cc
₹ 14.60 Lakh,SUV,"70,000 Kms",2nd Owner,2019.0,17 kmpl,KA53,Diesel,2019,2019,Third Party insurance,6,Manual,5 Seats,bangalore,1956 cc
₹ 20.41 Lakh,SUV,"7,500 Kms",1st Owner,2022.0,,KA01,Petrol,Oct 2022,2022,Comprehensive,8-Speed,Automatic,5 Seats,bangalore,1451 cc
₹ 10.33 Lakh,Sedan,"30,301 Kms",1st Owner,2017.0,17 kmpl,KA41,Petrol,Sept 2017,2017,Comprehensive,6 Speed,Automatic,5 Seats,bangalore,1591 cc
₹ 2.75 Lakh,Hatchback,"66,000 Kms",1st Owner,2010.0,20.36 kmpl,KA03,Petrol,Jan 2010,2010,Comprehensive,5 Speed,Manual,5 Seats,bangalore,1197 cc
₹ 6.76 Lakh,Hatchback,"56,010 Kms",1st Owner,2017.0,18.6 kmpl,KA41,Petrol,Oct 2017,2017,Comprehensive,5 Speed,Manual,5 Seats,bangalore,1197 cc
₹ 42.90 Lakh,SUV,"47,000 Kms",1st Owner,2017.0,17.9 kmpl,KA03,Diesel,Jul 2017,2017,Comprehensive,9 Speed,Automatic,5 Seats,bangalore,2143 cc
₹ 6.50 Lakh,SUV,"60,000 Kms",2nd Owner,2014.0,19.01 kmpl,KA03,Diesel,2014,2014,Third Party insurance,6 Speed,Manual,5 Seats,bangalore,1461 cc
₹ 4.44 Lakh,Hatchback,"83,829 Kms",1st Owner,2014.0,25.2 kmpl,KA51,Diesel,Feb 2014,2014,Third Party insurance,5 Speed,Manual,5 Seats,bangalore,1248 cc
₹ 5.10 Lakh,Hatchback,"10,000 Kms",1st Owner,2020.0,22 kmpl,KA50,Petrol,2020,2020,Third Party insurance,5 Speed,Automatic,5 Seats,bangalore,999 cc
₹ 9.25 Lakh,SUV,"35,000 Kms",2nd Owner,2016.0,19.6 kmpl,KA53,Diesel,Jul 2016,2016,Comprehensive,6 Speed,Automatic,5 Seats,bangalore,1461 cc
₹ 10.24 Lakh,Sedan,"51,116 Kms",2nd Owner,2019.0,18 kmpl,KA03,Petrol,Feb 2020,2019,Comprehensive,CVT,Automatic,5 Seats,bangalore,1497 cc
₹ 5 Lakh,Sedan,"80,000 Kms",3rd Owner,2016.0,21.14 kmpl,KA09,Diesel,2016,2016,Third Party insurance,5-speed,Manual,5 Seats,bangalore,1498 cc
₹ 9.95 Lakh,Hatchback,"40,000 Kms",2nd Owner,2017.0,17.21 kmpl,,Petrol,2017,2017,Third Party insurance,7 Speed,Automatic,5 Seats,bangalore,1197 cc
₹ 9.35 Lakh,SUV,"85,565 Kms",2nd Owner,2012.0,11.1 kmpl,KA47,Petrol,Jan 2012,2012,Comprehensive,5 Speed,Automatic,5 Seats,bangalore,2354 cc
₹ 8.34 Lakh,SUV,"36,916 Kms",1st Owner,2018.0,17 kmpl,KA03,Petrol,Jun 2018,2018,Comprehensive,5 Speed,Manual,5 Seats,bangalore,1497 cc
₹ 5.60 Lakh,Hatchback,"90,000 Kms",1st Owner,2015.0,20.14 kmpl,KA04,Diesel,2015,2015,Third Party insurance,5 Speed,Manual,5 Seats,bangalore,1498 cc
₹ 4.54 Lakh,Hatchback,"1,12,795 Kms",1st Owner,2012.0,22.38 kmpl,KA51,Petrol,Jun 2012,2012,Comprehensive,5-Speed,Manual,5 Seats,bangalore,1197 cc
₹ 36.90 Lakh,Sedan,"11,000 Kms",1st Owner,2021.0,,KA04,Petrol,Jul 2021,2021,Comprehensive,7-Speed DCT,Automatic,5 Seats,bangalore,1332 cc
₹ 11 Lakh,MUV,"1,20,000 Kms",2nd Owner,2014.0,11.4 kmpl,KA05,Petrol,2014,2014,Third Party insurance,5 Speed,Manual,7 Seats,bangalore,1998 cc
₹ 4.62 Lakh,Hatchback,"36,685 Kms",2nd Owner,2016.0,19.4 kmpl,KA05,Petrol,Jun 2016,2016,Comprehensive,5 Speed,Manual,5 Seats,bangalore,1198 cc
₹ 9 Lakh,SUV,"1,20,000 Kms",2nd Owner,2012.0,11.72 kmpl,,Diesel,2012,2012,Third Party insurance,6 speed ,Automatic,7 Seats,bangalore,2199 cc
₹ 79 Lakh,Sedan,"4,000 Kms",1st Owner,2022.0,13.32 kmpl,KA03,Petrol,Dec 2022,2022,Comprehensive,8-Speed Steptronic Sport Automatic Transmission,Automatic,4 Seats,bangalore,1998 cc
₹ 8.43 Lakh,Hatchback,"32,184 Kms",2nd Owner,2019.0,21.4 kmpl,KA03,Petrol,Jul 2019,2019,Third Party,CVT,Automatic,5 Seats,bangalore,1197 cc
₹ 7.99 Lakh,Hatchback,"32,279 Kms",1st Owner,2018.0,21.1 kmpl,KA01,Petrol,Jan 2019,2018,Comprehensive,5 Speed,Manual,5 Seats,bangalore,998 cc
₹ 5.76 Lakh,Hatchback,"59,698 Kms",1st Owner,2015.0,18.6 kmpl,KA01,Petrol,Oct 2015,2015,Comprehensive,5 Speed,Manual,5 Seats,bangalore,1197 cc
₹ 9.49 Lakh,SUV,"46,071 Kms",1st Owner,2018.0,20.37 kmpl,KA42,Diesel,Nov 2018,2018,Comprehensive,6 Speed,Manual,5 Seats,bangalore,1461 cc
₹ 7.95 Lakh,SUV,"90,000 Kms",1st Owner,2017.0,24.3 kmpl,,Diesel,2017,2017,Third Party insurance,5 Speed,Manual,5 Seats,bangalore,1248 cc
₹ 10.85 Lakh,SUV,"9,554 Kms",1st Owner,2019.0,18.27 kmpl,KA04,Petrol,Jul 2019,2019,Third Party,6-Speed,Manual,5 Seats,bangalore,998 cc
₹ 25.90 Lakh,SUV,"14,000 Kms",1st Owner,2022.0,14.1 kmpl,KA01,Petrol,Jul 2022,2022,Comprehensive,7 Speed DCT,Automatic,5 Seats,bangalore,1368 cc
₹ 5.16 Lakh,SUV,"74,499 Kms",2nd Owner,2013.0,20.45 kmpl,KA03,Diesel,Oct 2013,2013,Third Party,5 speed,Manual,5 Seats,bangalore,1461 cc
₹ 7.77 Lakh,SUV,"56,211 Kms",2nd Owner,2017.0,14.8 kmpl,KA03,Petrol,Nov 2017,2017,Comprehensive,6 Speed,Automatic,5 Seats,bangalore,1497 cc
₹ 7.53 Lakh,Hatchback,"9,001 Kms",1st Owner,2019.0,18.2 kmpl,KA04,Petrol,Jul 2019,2019,Comprehensive,5 Speed,Manual,5 Seats,bangalore,1199 cc
₹ 12.26 Lakh,SUV,"65,457 Kms",2nd Owner,2017.0,16 kmpl,KA51,Diesel,May 2017,2017,Third Party insurance,6 Speed,Automatic,7 Seats,bangalore,1997 cc
₹ 7.25 Lakh,Hatchback,"23,682 Kms",1st Owner,2017.0,18.7 kmpl,KA53,Petrol,Aug 2017,2017,Comprehensive,5 Speed,Manual,5 Seats,bangalore,1199 cc
₹ 11.50 Lakh,Sedan,"50,000 Kms",1st Owner,2020.0,22 kmpl,KA03,Diesel,2020,2020,Third Party insurance,6 Speed,Manual,5 Seats,bangalore,1582 cc
₹ 6.29 Lakh,Hatchback,"1,34,557 Kms",2nd Owner,2015.0,25.2 kmpl,KA53,Diesel,Apr 2015,2015,Comprehensive,5 Speed,Manual,5 Seats,bangalore,1248 cc
₹ 4.47 Lakh,Sedan,"96,567 Kms",2nd Owner,2013.0,22.41 kmpl,KA53,Petrol,Jun 2013,2013,Comprehensive,5 Speed,Manual,5 Seats,bangalore,1197 cc
₹ 4 Lakh,Hatchback,"1,20,000 Kms",3rd Owner,2015.0,23.1 kmpl,KA51,Petrol,2015,2015,Third Party insurance,5 Speed ,Manual,5 Seats,bangalore,998 cc
₹ 7.86 Lakh,MUV,"83,007 Kms",2nd Owner,2014.0,20.77 kmpl,KA51,Diesel,Feb 2015,2014,Comprehensive,5 Speed ,Manual,7 Seats,bangalore,1248 cc
₹ 7.45 Lakh,Hatchback,"34,000 Kms",1st Owner,2018.0,18.7 kmpl,KA02,Petrol,Jul 2018,2018,Comprehensive,5 Speed,Manual,5 Seats,bangalore,1199 cc
₹ 4.90 Lakh,Hatchback,"81,634 Kms",1st Owner,2014.0,18.9 kmpl,KA25,Petrol,Mar 2014,2014,Comprehensive,4 Speed,Automatic,5 Seats,bangalore,1197 cc
₹ 9.42 Lakh,Sedan,"57,284 Kms",2nd Owner,2017.0,18 kmpl,KA53,Petrol,Apr 2017,2017,Comprehensive,CVT,Automatic,5 Seats,bangalore,1497 cc
₹ 6.75 Lakh,SUV,"70,000 Kms",2nd Owner,2016.0,15.63 kmpl,KA53,Petrol,2016,2016,Third Party insurance,6 Speed,Automatic,5 Seats,bangalore,1499 cc
₹ 3.30 Lakh,Hatchback,"70,000 Kms",2nd Owner,2013.0,19.4 kmpl,KA04,Petrol,2013,2013,Third Party insurance,5 Speed,Manual,5 Seats,bangalore,1198 cc
₹ 8.75 Lakh,Sedan,"46,429 Kms",2nd Owner,2018.0,17.8 kmpl,KA05,Petrol,Jun 2018,2018,Third Party insurance,7 Speed CVT,Automatic,5 Seats,bangalore,1496 cc
₹ 8.69 Lakh,Hatchback,"17,624 Kms",1st Owner,2017.0,21.4 kmpl,KA05,Petrol,Mar 2018,2017,Comprehensive,5 Speed,Manual,5 Seats,bangalore,1197 cc
₹ 4.25 Lakh,Sedan,"1,00,000 Kms",2nd Owner,2012.0,20.54 kmpl,KA53,Diesel,2012,2012,Third Party insurance,5 Speed,Manual,5 Seats,bangalore,1598 cc
₹ 10.70 Lakh,Sedan,"30,000 Kms",1st Owner,2019.0,17.4 kmpl,,Petrol,2019,2019,Third Party insurance,5 Speed,Manual,5 Seats,bangalore,1497 cc
₹ 10.25 Lakh,SUV,"49,690 Kms",2nd Owner,2018.0,15.9 kmpl,KA20,Petrol,Jun 2018,2018,Third Party insurance,5 Speed,Manual,5 Seats,bangalore,1496 cc
₹ 10 Lakh,SUV,"1,10,000 Kms",1st Owner,2016.0,16 kmpl,KA12,Diesel,2016,2016,Third Party insurance,6 Speed ,Manual,7 Seats,bangalore,2179 cc
₹ 3.75 Lakh,Sedan,"50,000 Kms",1st Owner,2009.0,16 kmpl,KA03,Petrol,2009,2009,Third Party insurance,Five Speed Manual,Manual,5 Seats,bangalore,1368 cc
₹ 3.75 Lakh,Sedan,"50,000 Kms",1st Owner,2009.0,16 kmpl,KA03,Petrol,2009,2009,Third Party insurance,Five Speed Manual,Manual,5 Seats,bangalore,1368 cc
₹ 8.44 Lakh,SUV,"55,702 Kms",1st Owner,2018.0,14.8 kmpl,KA03,Petrol,Mar 2018,2018,Comprehensive,6 Speed,Automatic,5 Seats,bangalore,1497 cc
₹ 7.64 Lakh,Hatchback,"45,046 Kms",1st Owner,2016.0,21.19 kmpl,KA04,Diesel,May 2016,2016,Third Party insurance,6 Speed,Manual,5 Seats,bangalore,1396 cc
₹ 4.20 Lakh,Hatchback,"53,000 Kms",2nd Owner,2014.0,18.5 kmpl,KA03,Petrol,2014,2014,Third Party insurance,5 Speed,Manual,5 Seats,bangalore,1197 cc
₹ 6.84 Lakh,Hatchback,"94,695 Kms",1st Owner,2016.0,27.39 kmpl,KA05,Diesel,Dec 2016,2016,Third Party insurance,5 Speed,Manual,5 Seats,bangalore,1248 cc
₹ 8.03 Lakh,Hatchback,"22,162 Kms",1st Owner,2019.0,21.4 kmpl,KA05,Petrol,Oct 2019,2019,Zero Dep,5 Speed,Manual,5 Seats,bangalore,1197 cc
₹ 3.20 Lakh,Hatchback,"70,000 Kms",2nd Owner,2010.0,17.92 kmpl,KA03,Petrol,2010,2010,Third Party insurance,5 Speed,Manual,5 Seats,bangalore,1086 cc
₹ 8.04 Lakh,Sedan,"1,15,331 Kms",1st Owner,2017.0,26 kmpl,KA01,Diesel,Jul 2018,2017,Comprehensive,6 Speed,Manual,5 Seats,bangalore,1498 cc
₹ 14 Lakh,Sedan,"70,000 Kms",2nd Owner,2013.0,10 kmpl,,Diesel,2013,2013,Third Party insurance,5 Speed,Automatic,5 Seats,bangalore,2148 cc
₹ 5.48 Lakh,Hatchback,"42,233 Kms",2nd Owner,2016.0,22.38 kmpl,KA05,Petrol,Apr 2016,2016,Comprehensive,5-Speed,Manual,5 Seats,bangalore,1197 cc
₹ 6.19 Lakh,Hatchback,"20,941 Kms",1st Owner,2019.0,18.9 kmpl,KA05,Petrol,Jun 2019,2019,Comprehensive,5 Speed,Manual,5 Seats,bangalore,1197 cc
₹ 10 Lakh,SUV,"50,000 Kms",2nd Owner,2018.0,24.3 kmpl,KA04,Diesel,2018,2018,Third Party insurance,5 Speed,Manual,5 Seats,bangalore,1248 cc
₹ 8.65 Lakh,SUV,"46,602 Kms",1st Owner,2018.0,17.5 kmpl,KA03,Petrol,Jan 2018,2018,Comprehensive,5 Speed,Manual,5 Seats,bangalore,1199 cc
₹ 10 Lakh,SUV,"50,000 Kms",2nd Owner,2014.0,11.18 kmpl,KL07,Diesel,2014,2014,Third Party insurance,5 Speed,Automatic,7 Seats,bangalore,2696 cc
₹ 5.35 Lakh,Hatchback,"1,04,000 Kms",2nd Owner,2014.0,25.2 kmpl,KA51,Diesel,Jul 2014,2014,Comprehensive,5 Speed,Manual,5 Seats,bangalore,1248 cc
₹ 9.75 Lakh,SUV,"90,000 Kms",1st Owner,2018.0,23 kmpl,KA51,Diesel,Jul 2018,2018,Comprehensive,5 Speed,Manual,5 Seats,bangalore,1498 cc
₹ 6.99 Lakh,Hatchback,"50,035 Kms",1st Owner,2017.0,21.4 kmpl,KA03,Petrol,Jan 2017,2017,Third Party insurance,5 Speed,Manual,5 Seats,bangalore,1197 cc
₹ 11.50 Lakh,SUV,"80,000 Kms",1st Owner,2021.0,17.57 kmpl,,Petrol,2021,2021,Third Party insurance,6-Speed,Manual,5 Seats,bangalore,1199 cc
₹ 6.25 Lakh,Hatchback,"90,000 Kms",2nd Owner,2015.0,18.6 kmpl,KA03,Petrol,Apr 2015,2015,Comprehensive,5 Speed,Manual,5 Seats,bangalore,1197 cc
₹ 10 Lakh,Sedan,"90,000 Kms",4th Owner,2011.0,14.21 kmpl,KA04,Diesel,2011,2011,Third Party insurance,5 Speed,Automatic,5 Seats,bangalore,2143 cc
₹ 6 Lakh,Sedan,"1,20,000 Kms",1st Owner,2011.0,21.43 kmpl,,Diesel,2011,2011,Third Party insurance,6 Speed,Manual,5 Seats,bangalore,1364 cc
₹ 6.75 Lakh,Sedan,"25,170 Kms",1st Owner,2015.0,22.41 kmpl,KA41,Petrol,Jul 2015,2015,Third Party,5 Speed,Manual,5 Seats,bangalore,1197 cc
₹ 8.93 Lakh,Sedan,"25,022 Kms",1st Owner,2021.0,20.65 kmpl,KA01,Petrol,Apr 2021,2021,Comprehensive,5 Speed,Manual,5 Seats,bangalore,1462 cc
₹ 4.20 Lakh,Hatchback,"1,00,000 Kms",2nd Owner,2012.0,22.9 kmpl,KA04,Diesel,2012,2012,Third Party insurance,5 Speed,Manual,5 Seats,bangalore,1248 cc
₹ 9.41 Lakh,Sedan,"26,367 Kms",1st Owner,2020.0,20.65 kmpl,KA51,Petrol,Mar 2020,2020,Zero Dep,5 Speed,Manual,5 Seats,bangalore,1462 cc
₹ 6.30 Lakh,Sedan,"76,567 Kms",2nd Owner,2015.0,14.5 kmpl,KA51,Petrol,May 2015,2015,Zero Dep,6 Speed,Automatic,5 Seats,bangalore,1797 cc
₹ 12.75 Lakh,MUV,"1,20,000 Kms",2nd Owner,2013.0,12.99 kmpl,,Diesel,2013,2013,Third Party insurance,5 Speed,Manual,7 Seats,bangalore,2494 cc
₹ 5.25 Lakh,Hatchback,"36,459 Kms",2nd Owner,2015.0,18.9 kmpl,KA03,Petrol,Jul 2015,2015,Comprehensive,4 Speed,Automatic,5 Seats,bangalore,1197 cc
₹ 7.50 Lakh,SUV,"93,725 Kms",1st Owner,2016.0,23.65 kmpl,KA04,Diesel,Dec 2016,2016,Comprehensive,5 Speed,Manual,5 Seats,bangalore,1248 cc
₹ 6.32 Lakh,Sedan,"1,15,599 Kms",2nd Owner,2016.0,19.12 kmpl,KA03,Petrol,Nov 2016,2016,Comprehensive,4 Speed,Automatic,5 Seats,bangalore,1373 cc
₹ 6.45 Lakh,Sedan,"43,469 Kms",1st Owner,2015.0,22.41 kmpl,KA52,Petrol,Mar 2016,2015,Zero Dep,5 Speed,Manual,5 Seats,bangalore,1197 cc
₹ 5 Lakh,Sedan,"70,000 Kms",4th Owner,2005.0,13.8 kmpl,,Petrol,2005,2005,Third Party insurance,5 Speed,Manual,5 Seats,bangalore,1299 cc
₹ 67.95 Lakh,SUV,"77,000 Kms",2nd Owner,2019.0,13.38 kmpl,KA05,Diesel,Jun 2019,2019,Comprehensive,8-Speed Steptronic,Automatic,5 Seats,bangalore,2993 cc
₹ 8.50 Lakh,SUV,"1,00,000 Kms",1st Owner,2018.0,24.3 kmpl,KA51,Diesel,Aug 2018,2018,Comprehensive,5 Speed,Manual,5 Seats,bangalore,1248 cc
₹ 2.99 Lakh,Sedan,"72,000 Kms",1st Owner,2008.0,14.7 kmpl,KA51,Petrol,Oct 2008,2008,Third Party insurance,5 Speed,Manual,5 Seats,bangalore,1999 cc
₹ 20.95 Lakh,Sedan,"77,000 Kms",1st Owner,2013.0,16.36 kmpl,KA51,Diesel,Jun 2013,2013,Comprehensive,8 Speed,Automatic,5 Seats,bangalore,2179 cc
₹ 28 Lakh,SUV,"87,101 Kms",1st Owner,2013.0,12.07 kmpl,KA51,Diesel,Oct 2013,2013,Comprehensive,8 Speed Tiptronic,Automatic,7 Seats,bangalore,2967 cc
₹ 9.99 Lakh,Hatchback,"40,771 Kms",2nd Owner,2021.0,18.24 kmpl,KA19,Petrol,Jan 2021,2021,Third Party,6 Speed,Manual,5 Seats,bangalore,999 cc
₹ 8.25 Lakh,Hatchback,"28,000 Kms",1st Owner,2018.0,18.7 kmpl,KA55,Petrol,Aug 2018,2018,Comprehensive,5 Speed,Manual,5 Seats,bangalore,1199 cc
₹ 2.50 Lakh,Hatchback,"40,000 Kms",3rd Owner,2008.0,18.9 kmpl,KA02,Petrol,May 2008,2008,Comprehensive,5 Speed,Manual,5 Seats,bangalore,1061 cc
₹ 12.95 Lakh,SUV,"26,000 Kms",1st Owner,2020.0,18.15 kmpl,KA03,Petrol,Aug 2020,2020,Comprehensive,7-Speed DCT,Automatic,5 Seats,bangalore,998 cc
₹ 3.29 Lakh,Hatchback,"76,032 Kms",1st Owner,2012.0,18.9 kmpl,KA04,Petrol,Dec 2012,2012,Comprehensive,5 Speed,Manual,5 Seats,bangalore,998 cc
₹ 6.66 Lakh,Sedan,"1,13,780 Kms",1st Owner,2018.0,21.56 kmpl,KA07,Petrol,Apr 2018,2018,Comprehensive,5 Speed,Manual,5 Seats,bangalore,1462 cc
₹ 22.90 Lakh,Sedan,"24,000 Kms",1st Owner,2019.0,20.38 kmpl,HR26,Diesel,Mar 2020,2019,Third Party insurance,6 Speed,Automatic,5 Seats,bangalore,1968 cc
₹ 10.26 Lakh,SUV,"65,812 Kms",2nd Owner,2020.0,23.7 kmpl,KA17,Diesel,Jun 2020,2020,Third Party,6-Speed,Manual,5 Seats,bangalore,1493 cc
₹ 17 Lakh,SUV,"10,000 Kms",1st Owner,2022.0,17.2 kmpl,KA01,Petrol,2022,2022,Third Party insurance,6-speed,Automatic,5 Seats,bangalore,999 cc
₹ 6.81 Lakh,Hatchback,"39,959 Kms",1st Owner,2016.0,21.4 kmpl,KA01,Petrol,Nov 2016,2016,Zero Dep,5 Speed,Manual,5 Seats,bangalore,1197 cc
₹ 16.90 Lakh,SUV,"10,000 Kms",1st Owner,2022.0,14.2 kmpl,KA51,Petrol,2022,2022,Third Party insurance,6-speed,Automatic,7 Seats,bangalore,1999 cc
₹ 3.18 Lakh,Hatchback,"65,484 Kms",3rd Owner,2016.0,24.39 kmpl,KA50,Petrol,Feb 2017,2016,Third Party insurance,5 Speed,Manual,5 Seats,bangalore,998 cc
₹ 6.88 Lakh,Hatchback,"49,174 Kms",1st Owner,2017.0,21.4 kmpl,KA03,Petrol,Oct 2017,2017,Comprehensive,5 Speed,Manual,5 Seats,bangalore,1197 cc
₹ 13 Lakh,SUV,"20,000 Kms",1st Owner,2022.0,20.08 kmpl,,Petrol,2022,2022,Third Party insurance,6-Speed,Manual,5 Seats,bangalore,999 cc
₹ 2.65 Lakh,Hatchback,"50,000 Kms",1st Owner,2009.0,20.36 kmpl,KA01,Petrol,2009,2009,Third Party insurance,5 Speed,Manual,5 Seats,bangalore,1197 cc
₹ 6.45 Lakh,Sedan,"40,000 Kms",2nd Owner,2018.0,22 kmpl,KA01,Petrol,2018,2018,Third Party insurance,5 Speed,Automatic,5 Seats,bangalore,1197 cc
₹ 20 Lakh,SUV,"30,000 Kms",1st Owner,2022.0,14.2 kmpl,KA16,Petrol,2022,2022,Third Party insurance,6-speed,Automatic,7 Seats,bangalore,1999 cc
₹ 9 Lakh,Coupe,"50,000 Kms",3rd Owner,2007.0,10.9 kmpl,,Petrol,2007,2007,Third Party insurance,6 Speed,Automatic,5 Seats,bangalore,2497 cc
₹ 6.20 Lakh,Hatchback,"80,000 Kms",1st Owner,2020.0,21.21 kmpl,,Petrol,2020,2020,Third Party insurance,5,Manual,5 Seats,bangalore,1197 cc
₹ 14.70 Lakh,SUV,"20,000 Kms",1st Owner,2022.0,15.43 kmpl,KA02,Petrol,2022,2022,Third Party insurance,5 Speed,Manual,5 Seats,bangalore,1498 cc
₹ 2.20 Lakh,Sedan,"70,000 Kms",1st Owner,2010.0,13.2 kmpl,TN33,CNG,2010,2010,Third Party insurance,5-Speed,Manual,5 Seats,bangalore,1495 cc
₹ 14.75 Lakh,Sedan,"90,000 Kms",1st Owner,2014.0,17.11 kmpl,KA50,Diesel,2014,2014,Third Party insurance,8 Speed,Automatic,5 Seats,bangalore,1968 cc
₹ 4.15 Lakh,Hatchback,"40,000 Kms",1st Owner,2020.0,21.74 kmpl,KA04,Petrol,2020,2020,Third Party insurance,5 Speed,Manual,5 Seats,bangalore,999 cc
₹ 6.10 Lakh,Hatchback,"63,797 Kms",1st Owner,2016.0,18.7 kmpl,KA41,Petrol,May 2016,2016,Comprehensive,5 Speed,Manual,5 Seats,bangalore,1199 cc
₹ 5.60 Lakh,Hatchback,"60,216 Kms",2nd Owner,2018.0,18.9 kmpl,KA06,Petrol,Oct 2018,2018,Comprehensive,5 Speed,Manual,5 Seats,bangalore,1197 cc
₹ 4.25 Lakh,Hatchback,"10,000 Kms",2nd Owner,2015.0,23.95 kmpl,KA02,Petrol,2015,2015,Third Party insurance,5 Speed,Automatic,5 Seats,bangalore,998 cc
₹ 6.86 Lakh,Hatchback,"38,153 Kms",1st Owner,2016.0,21.4 kmpl,KA03,Petrol,Jul 2016,2016,Comprehensive,5 Speed,Manual,5 Seats,bangalore,1197 cc
₹ 5.17 Lakh,Hatchback,"76,485 Kms",1st Owner,2015.0,22.38 kmpl,KA53,Petrol,Oct 2015,2015,Comprehensive,5-Speed,Manual,5 Seats,bangalore,1197 cc
₹ 3.85 Lakh,Hatchback,"40,000 Kms",2nd Owner,2015.0,20.51 kmpl,,Petrol,2015,2015,Third Party insurance,5 Speed,Manual,5 Seats,bangalore,998 cc
₹ 6.75 Lakh,Hatchback,"40,623 Kms",1st Owner,2016.0,21.4 kmpl,KA05,Petrol,Jun 2016,2016,Comprehensive,5 Speed,Manual,5 Seats,bangalore,1197 cc
₹ 33 Lakh,Sedan,"18,000 Kms",2nd Owner,2018.0,19.27 kmpl,,Diesel,2018,2018,Third Party insurance,9 Speed,Automatic,5 Seats,bangalore,2143 cc
₹ 4.99 Lakh,Hatchback,"88,051 Kms",1st Owner,2014.0,22.38 kmpl,KA02,Petrol,Mar 2014,2014,Third Party insurance,5-Speed,Manual,5 Seats,bangalore,1197 cc
₹ 7.74 Lakh,Hatchback,"16,522 Kms",1st Owner,2022.0,22.38 kmpl,KA52,Petrol,Apr 2022,2022,Third Party,5-Speed,Manual,5 Seats,bangalore,1197 cc
₹ 14.75 Lakh,SUV,"70,000 Kms",2nd Owner,2019.0,16.3 kmpl,KA03,Diesel,2019,2019,Third Party insurance,6 Speed,Manual,5 Seats,bangalore,1956 cc
₹ 2.40 Lakh,Hatchback,"80,000 Kms",3rd Owner,2008.0,18.9 kmpl,,Petrol,2008,2008,Third Party insurance,5 Speed,Manual,5 Seats,bangalore,1061 cc
₹ 10.25 Lakh,SUV,"50,000 Kms",1st Owner,2019.0,23.7 kmpl,,Diesel,2019,2019,Third Party insurance,6-Speed,Manual,5 Seats,bangalore,1396 cc
₹ 14 Lakh,SUV,"10,000 Kms",1st Owner,2023.0,17.33 kmpl,KA51,Petrol,2023,2023,Third Party insurance,6 Speed,Manual,5 Seats,bangalore,1199 cc
₹ 2.85 Lakh,Hatchback,"57,000 Kms",2nd Owner,2013.0,21.1 kmpl,KA03,Petrol,Mar 2013,2013,Third Party insurance,5 Speed,Manual,5 Seats,bangalore,814 cc
₹ 10 Lakh,SUV,"1,10,000 Kms",1st Owner,2016.0,16 kmpl,,Diesel,2016,2016,Third Party insurance,6 Speed ,Manual,7 Seats,bangalore,2179 cc
₹ 7.80 Lakh,Hatchback,"10,000 Kms",1st Owner,2019.0,21.4 kmpl,KA05,Petrol,2019,2019,Third Party insurance,5 Speed,Manual,5 Seats,bangalore,1197 cc
₹ 4.75 Lakh,Hatchback,"50,000 Kms",2nd Owner,2012.0,18.6 kmpl,KA19,Petrol,2012,2012,Third Party insurance,5 Speed,Manual,5 Seats,bangalore,1197 cc
₹ 7.50 Lakh,SUV,"1,20,000 Kms",1st Owner,2019.0,20 kmpl,KA41,Diesel,2019,2019,Third Party insurance,6 Speed,Manual,5 Seats,bangalore,1497 cc
₹ 5.55 Lakh,Hatchback,"35,469 Kms",1st Owner,2014.0,18.9 kmpl,KA01,Petrol,Jan 2015,2014,Comprehensive,5 Speed,Manual,5 Seats,bangalore,1197 cc
₹ 6.07 Lakh,Hatchback,"40,073 Kms",2nd Owner,2017.0,18.7 kmpl,KA03,Petrol,Jan 2017,2017,Third Party insurance,5 Speed,Manual,5 Seats,bangalore,1199 cc
₹ 5.14 Lakh,Hatchback,"65,730 Kms",2nd Owner,2017.0,18.9 kmpl,KA06,Petrol,Dec 2017,2017,Third Party insurance,5 Speed,Manual,5 Seats,bangalore,1197 cc
₹ 2.50 Lakh,Sedan,"1,20,000 Kms",2nd Owner,2005.0,15.4 kmpl,KA22,Petrol,2005,2005,Third Party insurance,5 Speed,Manual,5 Seats,bangalore,1590 cc
₹ 7.05 Lakh,Hatchback,"36,184 Kms",2nd Owner,2016.0,21.4 kmpl,KA53,Petrol,Apr 2016,2016,Third Party,5 Speed,Manual,5 Seats,bangalore,1197 cc
₹ 6.53 Lakh,Hatchback,"69,310 Kms",1st Owner,2016.0,21.4 kmpl,KA05,Petrol,Jun 2016,2016,Comprehensive,5 Speed,Manual,5 Seats,bangalore,1197 cc
₹ 8.72 Lakh,Sedan,"55,643 Kms",1st Owner,2015.0,18 kmpl,KA02,Petrol,Sept 2015,2015,Third Party insurance,5 Speed CVT,Automatic,5 Seats,bangalore,1497 cc
₹ 5.64 Lakh,Hatchback,"62,803 Kms",2nd Owner,2017.0,18.9 kmpl,KA05,Petrol,Jul 2017,2017,Third Party insurance,4 Speed,Automatic,5 Seats,bangalore,1197 cc
₹ 3.70 Lakh,Hatchback,"90,000 Kms",2nd Owner,2011.0,22.07 kmpl,KA14,Diesel,2011,2011,Third Party insurance,5 Speed,Manual,5 Seats,bangalore,1199 cc
₹ 5.50 Lakh,Hatchback,"68,656 Kms",1st Owner,2015.0,22.38 kmpl,KA53,Petrol,Sept 2015,2015,Third Party insurance,5-Speed,Manual,5 Seats,bangalore,1197 cc
₹ 5.17 Lakh,Hatchback,"77,501 Kms",3rd Owner,2016.0,18.7 kmpl,KA02,Petrol,Apr 2016,2016,Comprehensive,5 Speed,Manual,5 Seats,bangalore,1199 cc
₹ 6.20 Lakh,Sedan,"40,000 Kms",1st Owner,2016.0,20.85 kmpl,KA03,Petrol,2016,2016,Third Party insurance,5 Speed,Manual,5 Seats,bangalore,1197 cc
₹ 6.20 Lakh,Sedan,"40,000 Kms",1st Owner,2016.0,20.85 kmpl,KA03,Petrol,2016,2016,Third Party insurance,5 Speed,Manual,5 Seats,bangalore,1197 cc
₹ 7.50 Lakh,Sedan,"48,325 Kms",1st Owner,2014.0,18 kmpl,KA05,Petrol,Aug 2014,2014,Third Party insurance,5 Speed CVT,Automatic,5 Seats,bangalore,1497 cc
₹ 12.20 Lakh,SUV,"30,000 Kms",1st Owner,2022.0,17.57 kmpl,KA01,Petrol,2022,2022,Third Party insurance,6-Speed,Manual,5 Seats,bangalore,1199 cc
₹ 13.50 Lakh,Hatchback,"1,00,000 Kms",2nd Owner,2013.0,14.8 kmpl,KA51,Diesel,Aug 2013,2013,Comprehensive,7 Speed,Automatic,5 Seats,bangalore,2143 cc
₹ 5.75 Lakh,Hatchback,"69,000 Kms",1st Owner,2015.0,22 kmpl,KA03,Petrol,Feb 2015,2015,Comprehensive,5,Manual,5 Seats,bangalore,1197 cc
₹ 12.50 Lakh,SUV,"1,10,000 Kms",1st Owner,2018.0,17.1 kmpl,,Diesel,2018,2018,Third Party insurance,6 Speed,Manual,5 Seats,bangalore,1956 cc
₹ 8.68 Lakh,Sedan,"50,000 Kms",2nd Owner,2016.0,17.01 kmpl,KA53,Petrol,2016,2016,Third Party insurance,5 Speed,Manual,5 Seats,bangalore,1591 cc
₹ 30 Lakh,MUV,"60,000 Kms",1st Owner,2020.0,14.11 kmpl,KA01,Diesel,2020,2020,Third Party insurance,8 Speed,Automatic,8 Seats,bangalore,2199 cc
₹ 9.80 Lakh,Hatchback,"20,000 Kms",1st Owner,2021.0,20 kmpl,,Petrol,2021,2021,Third Party insurance,6 Speed IMT,Manual,5 Seats,bangalore,998 cc
₹ 9 Lakh,Hatchback,"14,999 Kms",1st Owner,2022.0,22.56 kmpl,KA05,Petrol,Sept 2022,2022,Third Party,5-Speed,Automatic,5 Seats,bangalore,1197 cc
₹ 5.50 Lakh,Hatchback,"90,773 Kms",2nd Owner,2016.0,18.7 kmpl,KA05,Petrol,Nov 2016,2016,Comprehensive,5 Speed,Manual,5 Seats,bangalore,1199 cc
₹ 4.50 Lakh,Sedan,"90,000 Kms",1st Owner,2012.0,20.5 kmpl,,Diesel,2012,2012,Third Party insurance,5-speed,Manual,5 Seats,bangalore,1598 cc
₹ 6.10 Lakh,Hatchback,"64,917 Kms",2nd Owner,2017.0,20.4 kmpl,KA02,Petrol,May 2017,2017,Zero Dep,5 Speed,Manual,5 Seats,bangalore,1197 cc
₹ 5.43 Lakh,Hatchback,"70,235 Kms",1st Owner,2017.0,18.7 kmpl,KA03,Petrol,Aug 2017,2017,Comprehensive,5 Speed,Manual,5 Seats,bangalore,1199 cc
₹ 9.80 Lakh,Hatchback,"30,000 Kms",1st Owner,2021.0,20 kmpl,,Petrol,2021,2021,Third Party insurance,6 Speed IMT,Manual,5 Seats,bangalore,998 cc
₹ 5.35 Lakh,Hatchback,"78,782 Kms",1st Owner,2016.0,18.7 kmpl,KA51,Petrol,Dec 2016,2016,Zero Dep,5 Speed,Manual,5 Seats,bangalore,1199 cc
₹ 8.50 Lakh,SUV,"1,64,000 Kms",2nd Owner,2014.0,15.1 kmpl,KA05,Diesel,Jan 2014,2014,Comprehensive,6 Speed ,Manual,7 Seats,bangalore,2179 cc
₹ 6.61 Lakh,Sedan,"72,136 Kms",2nd Owner,2016.0,20.73 kmpl,KA03,Petrol,Apr 2016,2016,Third Party insurance,5 Speed,Manual,5 Seats,bangalore,1373 cc
₹ 5.05 Lakh,Hatchback,"52,486 Kms",2nd Owner,2015.0,22.38 kmpl,KA35,Petrol,Jun 2015,2015,Comprehensive,5-Speed,Manual,5 Seats,bangalore,1197 cc
₹ 4.50 Lakh,Sedan,"1,50,000 Kms",1st Owner,2007.0,15.6 kmpl,KA51,Diesel,2007,2007,Third Party insurance,6 Speed,Automatic,5 Seats,bangalore,1896 cc
₹ 8.65 Lakh,SUV,"36,887 Kms",1st Owner,2017.0,17.5 kmpl,KA02,Petrol,Sept 2017,2017,Third Party insurance,5 Speed,Manual,5 Seats,bangalore,1199 cc
₹ 9.99 Lakh,SUV,"47,962 Kms",1st Owner,2019.0,18.27 kmpl,KA51,Petrol,Sept 2019,2019,Comprehensive,6-Speed,Manual,5 Seats,bangalore,998 cc
₹ 5.95 Lakh,SUV,"1,35,000 Kms",1st Owner,2014.0,20.45 kmpl,KA51,Diesel,Aug 2014,2014,Comprehensive,5 Speed,Manual,5 Seats,bangalore,1461 cc
₹ 23.65 Lakh,Sedan,"47,398 Kms",2nd Owner,2018.0,14.67 kmpl,KA01,Petrol,Jan 2018,2018,Comprehensive,7 Speed,Automatic,5 Seats,bangalore,1798 cc
₹ 4 Lakh,Sedan,"50,000 Kms",2nd Owner,2012.0,14.6 kmpl,KA03,Petrol,2012,2012,Third Party insurance,Five Speed Manual,Manual,5 Seats,bangalore,1368 cc
₹ 5.50 Lakh,Sedan,"1,00,000 Kms",1st Owner,2012.0,19.3 kmpl,,Diesel,2012,2012,Third Party insurance,5 Speed,Manual,5 Seats,bangalore,1248 cc
₹ 60.50 Lakh,SUV,"55,000 Kms",1st Owner,2020.0,14.71 kmpl,KA03,Diesel,Jul 2020,2020,Comprehensive,8-Speed Steptronic,Automatic,5 Seats,bangalore,2993 cc
₹ 16 Lakh,SUV,"1,10,000 Kms",2nd Owner,2011.0,16.55 kmpl,KA51,Diesel,Dec 2011,2011,Comprehensive,,Automatic,5 Seats,bangalore,1995 cc
₹ 5.20 Lakh,Hatchback,"90,000 Kms",3rd Owner,2013.0,17.21 kmpl,KA03,Petrol,2013,2013,Third Party insurance,7 Speed,Automatic,5 Seats,bangalore,1197 cc
₹ 6.16 Lakh,Hatchback,"1,16,624 Kms",1st Owner,2016.0,21.4 kmpl,KA21,Petrol,Mar 2016,2016,Zero Dep,5 Speed,Manual,5 Seats,bangalore,1197 cc
₹ 7.95 Lakh,Sedan,"54,561 Kms",2nd Owner,2019.0,21.56 kmpl,KA51,Petrol,May 2019,2019,Zero Dep,5 Speed,Manual,5 Seats,bangalore,1462 cc
₹ 12.75 Lakh,MUV,"1,20,000 Kms",2nd Owner,2013.0,12.99 kmpl,KA03,Diesel,2013,2013,Third Party insurance,5 Speed,Manual,7 Seats,bangalore,2494 cc
₹ 6.24 Lakh,Hatchback,"65,072 Kms",1st Owner,2016.0,18.7 kmpl,KA01,Petrol,Sept 2016,2016,Comprehensive,5 Speed,Manual,5 Seats,bangalore,1199 cc
₹ 5.49 Lakh,Hatchback,"1,33,532 Kms",1st Owner,2017.0,18.9 kmpl,KA50,Petrol,Feb 2017,2017,Zero Dep,5 Speed,Manual,5 Seats,bangalore,1197 cc
₹ 7.60 Lakh,MUV,"1,20,000 Kms",3rd Owner,2010.0,11.4 kmpl,KA03,Diesel,2010,2010,Third Party insurance,5 Speed,Manual,7 Seats,bangalore,2494 cc
₹ 5.24 Lakh,Sedan,"39,886 Kms",1st Owner,2013.0,22.41 kmpl,KA51,Petrol,Feb 2013,2013,Comprehensive,5 Speed,Manual,5 Seats,bangalore,1197 cc
₹ 16.50 Lakh,SUV,"80,000 Kms",1st Owner,2019.0,15.1 kmpl,KA02,Diesel,Jul 2019,2019,Third Party insurance,6 Speed,Manual,7 Seats,bangalore,2179 cc
₹ 5.83 Lakh,Hatchback,"56,976 Kms",2nd Owner,2015.0,25.2 kmpl,KA02,Diesel,Aug 2015,2015,Comprehensive,5 Speed,Manual,5 Seats,bangalore,1248 cc
₹ 11.47 Lakh,Sedan,"68,303 Kms",2nd Owner,2020.0,17.69 kmpl,KA09,Petrol,Jul 2020,2020,Zero Dep,6 Speed,Manual,5 Seats,bangalore,999 cc
₹ 17.50 Lakh,Hatchback,"80,000 Kms",2nd Owner,2013.0,13.6 kmpl,,Petrol,2013,2013,Third Party insurance,6 Speed AT,Automatic,4 Seats,bangalore,1598 cc
₹ 8.25 Lakh,Sedan,"54,000 Kms",1st Owner,2016.0,21.72 kmpl,KA01,Diesel,Aug 2016,2016,Comprehensive,7 Speed,Automatic,5 Seats,bangalore,1498 cc
₹ 31.50 Lakh,SUV,"98,500 Kms",1st Owner,2016.0,12.51 kmpl,KA04,Diesel,Jun 2016,2016,Third Party insurance,9 Speed,Automatic,7 Seats,bangalore,2179 cc
₹ 7.55 Lakh,Hatchback,"72,348 Kms",1st Owner,2018.0,16.2 kmpl,KA03,Petrol,Jul 2018,2018,Third Party insurance,5 Speed,Manual,5 Seats,bangalore,1199 cc
₹ 8.75 Lakh,SUV,"70,000 Kms",1st Owner,2015.0,13 kmpl,KA51,Petrol,Aug 2015,2015,Comprehensive,6 Speed,Manual,5 Seats,bangalore,1591 cc
₹ 8.55 Lakh,Hatchback,"62,696 Kms",1st Owner,2021.0,17.74 kmpl,KA06,Petrol,May 2021,2021,Third Party,5 Speed,Manual,5 Seats,bangalore,999 cc
₹ 18.45 Lakh,SUV,"1,74,000 Kms",3rd Owner,2014.0,12.55 kmpl,KA05,Diesel,Oct 2014,2014,Comprehensive,5 Speed ,Automatic,7 Seats,bangalore,2982 cc
₹ 5.25 Lakh,Hatchback,"65,000 Kms",1st Owner,2016.0,18.9 kmpl,KA01,Petrol,Aug 2016,2016,Comprehensive,5 Speed,Manual,5 Seats,bangalore,1197 cc
₹ 6.50 Lakh,Hatchback,"36,000 Kms",1st Owner,2017.0,18.9 kmpl,KA05,Petrol,Aug 2017,2017,Comprehensive,4 Speed,Automatic,5 Seats,bangalore,1197 cc
₹ 9.50 Lakh,MUV,"1,99,000 Kms",2nd Owner,2011.0,12.8 kmpl,KA05,Diesel,Jun 2011,2011,Comprehensive,5 Speed,Manual,7 Seats,bangalore,2494 cc
₹ 8.46 Lakh,Sedan,"71,905 Kms",1st Owner,2018.0,18 kmpl,KA01,Petrol,Feb 2018,2018,Zero Dep,CVT,Automatic,5 Seats,bangalore,1497 cc
₹ 4.24 Lakh,Hatchback,"69,748 Kms",2nd Owner,2013.0,22.38 kmpl,KA09,Petrol,Nov 2013,2013,Comprehensive,5-Speed,Manual,5 Seats,bangalore,1197 cc
₹ 2.10 Lakh,Hatchback,"44,000 Kms",1st Owner,2008.0,19.7 kmpl,KA03,Petrol,Aug 2008,2008,Comprehensive,5 Speed,Manual,5 Seats,bangalore,796 cc
₹ 9.59 Lakh,Sedan,"17,875 Kms",2nd Owner,2021.0,17.1 kmpl,KA42,Petrol,Feb 2021,2021,Third Party insurance,6 Speed,Manual,5 Seats,bangalore,1496 cc
₹ 8.89 Lakh,SUV,"95,678 Kms",1st Owner,2020.0,16.42 kmpl,KA32,Petrol,Feb 2021,2020,Comprehensive,6-Speed,Manual,5 Seats,bangalore,1330 cc
₹ 8.50 Lakh,SUV,"12,003 Kms",1st Owner,2022.0,19.03 kmpl,,Petrol,2022,2022,Third Party insurance,5 Speed,Automatic,5 Seats,bangalore,999 cc
₹ 8.36 Lakh,SUV,"1,14,427 Kms",2nd Owner,2018.0,23 kmpl,KA09,Diesel,May 2018,2018,Comprehensive,5 Speed,Manual,5 Seats,bangalore,1498 cc
₹ 6.60 Lakh,SUV,"20,000 Kms",1st Owner,2022.0,19.03 kmpl,KA02,Petrol,2022,2022,Third Party insurance,5 Speed,Automatic,5 Seats,bangalore,999 cc
₹ 3.34 Lakh,Hatchback,"64,655 Kms",1st Owner,2012.0,19.4 kmpl,KA05,Petrol,Aug 2012,2012,Comprehensive,5 Speed,Manual,5 Seats,bangalore,1198 cc
₹ 5.94 Lakh,SUV,"46,456 Kms",1st Owner,2018.0,18.15 kmpl,KA03,Petrol,Apr 2018,2018,Third Party insurance,5 Speed,Manual,6 Seats,bangalore,1198 cc
₹ 9.91 Lakh,SUV,"20,000 Kms",1st Owner,2021.0,18.24 kmpl,,Petrol,2021,2021,Third Party insurance,CVT,Automatic,5 Seats,bangalore,999 cc
₹ 14.50 Lakh,SUV,"50,000 Kms",1st Owner,2018.0,17.1 kmpl,KA03,Diesel,2018,2018,Third Party insurance,6 Speed,Manual,5 Seats,bangalore,1956 cc
₹ 2.19 Lakh,Sedan,"90,000 Kms",4th Owner,2011.0,20.54 kmpl,KL24,Diesel,2011,2011,Third Party insurance,5 Speed,Manual,5 Seats,bangalore,1598 cc
₹ 12.85 Lakh,SUV,"20,000 Kms",1st Owner,2022.0,,,Diesel,2022,2022,Third Party insurance,6-Speed,Manual,5 Seats,bangalore,1493 cc
₹ 41.95 Lakh,SUV,"27,000 Kms",1st Owner,2021.0,,KA01,Petrol,Jul 2021,2021,Comprehensive,8 Speed,Automatic,5 Seats,bangalore,1969 cc
₹ 4.55 Lakh,MUV,"1,50,000 Kms",3rd Owner,2008.0,12.8 kmpl,KA01,Diesel,2008,2008,Third Party insurance,5 Speed,Manual,8 Seats,bangalore,2494 cc
₹ 8.25 Lakh,Hatchback,"10,000 Kms",1st Owner,2022.0,22.35 kmpl,KA05,Petrol,2022,2022,Third Party insurance,5 Speed,Manual,5 Seats,bangalore,1197 cc
₹ 8.25 Lakh,Sedan,"40,000 Kms",1st Owner,2018.0,17.4 kmpl,KA51,Petrol,2018,2018,Third Party insurance,5 Speed,Manual,5 Seats,bangalore,1497 cc
₹ 9.20 Lakh,SUV,"40,000 Kms",1st Owner,2020.0,23 kmpl,KA51,Diesel,2020,2020,Third Party insurance,5 Speed,Manual,5 Seats,bangalore,1498 cc
₹ 33 Lakh,Sedan,"20,000 Kms",2nd Owner,2018.0,19.27 kmpl,,Diesel,2018,2018,Third Party insurance,9 Speed,Automatic,5 Seats,bangalore,2143 cc
₹ 7.29 Lakh,SUV,"91,598 Kms",2nd Owner,2017.0,22.77 kmpl,KA09,Diesel,Oct 2017,2017,Third Party,5 Speed,Manual,5 Seats,bangalore,1498 cc
₹ 4.32 Lakh,Hatchback,"57,521 Kms",1st Owner,2015.0,25.24 kmpl,KA42,Petrol,May 2015,2015,Comprehensive,5-Speed,Manual,5 Seats,bangalore,998 cc
₹ 7 Lakh,SUV,"1,00,000 Kms",1st Owner,2016.0,19.87 kmpl,KA04,Diesel,2016,2016,Third Party insurance,5 speed,Manual,5 Seats,bangalore,1461 cc
₹ 14.99 Lakh,Sedan,"7,598 Kms",1st Owner,2021.0,17.7 kmpl,KA05,Petrol,Mar 2021,2021,Comprehensive,6 Speed,Manual,5 Seats,bangalore,1497 cc
₹ 7.62 Lakh,SUV,"38,520 Kms",1st Owner,2017.0,13.06 kmpl,KA41,Petrol,Sept 2017,2017,Comprehensive,5 speed,Manual,5 Seats,bangalore,1598 cc
₹ 16.25 Lakh,SUV,"20,000 Kms",1st Owner,2022.0,15.43 kmpl,KA02,Petrol,2022,2022,Third Party insurance,5 Speed,Manual,5 Seats,bangalore,1498 cc
₹ 6.32 Lakh,SUV,"1,10,455 Kms",2nd Owner,2014.0,20.45 kmpl,KA01,Diesel,Jun 2014,2014,Comprehensive,5 speed,Manual,5 Seats,bangalore,1461 cc
₹ 12.18 Lakh,SUV,"26,901 Kms",1st Owner,2020.0,18.15 kmpl,KA03,Petrol,Oct 2020,2020,Comprehensive,7-Speed,Automatic,5 Seats,bangalore,998 cc
₹ 5.24 Lakh,Hatchback,"65,376 Kms",1st Owner,2017.0,18.9 kmpl,KA04,Petrol,Jul 2017,2017,Zero Dep,4 Speed,Automatic,5 Seats,bangalore,1197 cc
₹ 14.05 Lakh,SUV,"28,177 Kms",3rd Owner,2018.0,15.1 kmpl,KA03,Diesel,Aug 2018,2018,Comprehensive,6 Speed,Manual,7 Seats,bangalore,2179 cc
₹ 13.90 Lakh,SUV,"10,000 Kms",1st Owner,2022.0,18.2 kmpl,,Petrol,2022,2022,Third Party insurance,6-Speed iMT,Manual,5 Seats,bangalore,998 cc
₹ 18.90 Lakh,SUV,"30,000 Kms",1st Owner,2021.0,,KA51,Petrol,Jul 2021,2021,Comprehensive,6-Speed DCT,Automatic,5 Seats,bangalore,1451 cc
₹ 12.75 Lakh,SUV,"27,000 Kms",1st Owner,2018.0,13 kmpl,KA04,Petrol,Mar 2018,2018,Third Party insurance,6 Speed,Automatic,5 Seats,bangalore,1591 cc
₹ 2.75 Lakh,Hatchback,"90,000 Kms",3rd Owner,2010.0,19.2 kmpl,KA01,Petrol,2010,2010,Third Party insurance,4 Speed,Automatic,5 Seats,bangalore,1197 cc
₹ 11.25 Lakh,Sedan,"20,000 Kms",1st Owner,2022.0,17.4 kmpl,KA50,Petrol,2022,2022,Third Party insurance,5 Speed,Manual,5 Seats,bangalore,1497 cc
₹ 6.50 Lakh,Sedan,"82,998 Kms",1st Owner,2016.0,18 kmpl,KA01,Petrol,Mar 2016,2016,Comprehensive,5 Speed CVT,Automatic,5 Seats,bangalore,1497 cc
₹ 7 Lakh,Sedan,"1,10,000 Kms",3rd Owner,2010.0,12.3 kmpl,KA51,Petrol,2010,2010,Third Party insurance,7 Speed,Automatic,5 Seats,bangalore,1781 cc
₹ 11 Lakh,Sedan,"14,500 Kms",1st Owner,2019.0,17.14 kmpl,,Petrol,2019,2019,Third Party insurance,5 Speed,Manual,5 Seats,bangalore,1497 cc
₹ 2.60 Lakh,Sedan,"1,20,000 Kms",3rd Owner,2016.0,21.03 kmpl,KA05,Diesel,2016,2016,Third Party insurance,5-Speed,Manual,5 Seats,bangalore,1461 cc
₹ 3.95 Lakh,Hatchback,"68,000 Kms",2nd Owner,2010.0,19.2 kmpl,KA51,Petrol,Aug 2010,2010,Comprehensive,4 Speed,Automatic,5 Seats,bangalore,1197 cc
₹ 6.81 Lakh,Sedan,"25,887 Kms",1st Owner,2019.0,20.14 kmpl,KA63,Petrol,Nov 2019,2019,Third Party insurance,5 Speed,Manual,5 Seats,bangalore,1197 cc
₹ 4.05 Lakh,Hatchback,"74,094 Kms",1st Owner,2020.0,21.7 kmpl,KA04,Petrol,Jul 2020,2020,Comprehensive,5 Speed,Manual,5 Seats,bangalore,998 cc
₹ 7.65 Lakh,Hatchback,"40,000 Kms",1st Owner,2018.0,19 kmpl,KA03,Petrol,Jun 2018,2018,Comprehensive,5 Speed,Automatic,5 Seats,bangalore,1199 cc
₹ 4.87 Lakh,Hatchback,"91,045 Kms",1st Owner,2014.0,23.2 kmpl,KA05,Diesel,Nov 2014,2014,Third Party,5 Speed,Manual,5 Seats,bangalore,1248 cc
₹ 14.74 Lakh,SUV,"80,033 Kms",1st Owner,2018.0,15.1 kmpl,KA51,Diesel,Feb 2019,2018,Third Party insurance,6 Speed,Manual,7 Seats,bangalore,2179 cc
₹ 13.40 Lakh,SUV,"70,000 Kms",2nd Owner,2017.0,16 kmpl,KA51,Diesel,2017,2017,Third Party insurance,6 Speed,Automatic,7 Seats,bangalore,2179 cc
₹ 7.70 Lakh,MUV,"13,957 Kms",1st Owner,2021.0,18.2 kmpl,KA53,Petrol,Dec 2021,2021,Comprehensive,5 Speed,Automatic,7 Seats,bangalore,999 cc
₹ 8.18 Lakh,Hatchback,"34,140 Kms",2nd Owner,2018.0,21.4 kmpl,KA03,Petrol,Aug 2018,2018,Third Party insurance,CVT,Automatic,5 Seats,bangalore,1197 cc
₹ 7.24 Lakh,SUV,"20,056 Kms",1st Owner,2017.0,17 kmpl,KA02,Petrol,Jun 2017,2017,Comprehensive,5 Speed,Manual,5 Seats,bangalore,1497 cc
₹ 4.68 Lakh,Hatchback,"38,233 Kms",3rd Owner,2016.0,26 kmpl,KA51,Petrol,Jun 2016,2016,Comprehensive,5-Speed,Automatic,5 Seats,bangalore,998 cc
₹ 5 Lakh,Sedan,"1,00,000 Kms",1st Owner,2013.0,14.69 kmpl,KA03,Petrol,2013,2013,Third Party insurance,6 Speed,Manual,5 Seats,bangalore,1390 cc
₹ 6 Lakh,SUV,"50,000 Kms",2nd Owner,2016.0,22.77 kmpl,,Diesel,2016,2016,Third Party insurance,5 Speed,Manual,5 Seats,bangalore,1498 cc
₹ 13.50 Lakh,SUV,"70,000 Kms",2nd Owner,2017.0,16 kmpl,KA51,Diesel,2017,2017,Third Party insurance,6 Speed ,Manual,7 Seats,bangalore,2179 cc
₹ 5.25 Lakh,Hatchback,"44,000 Kms",1st Owner,2016.0,18.9 kmpl,KA04,Petrol,Aug 2016,2016,Comprehensive,5 Speed,Manual,5 Seats,bangalore,1197 cc
₹ 1.75 Lakh,Hatchback,"90,000 Kms",2nd Owner,2006.0,15.3 kmpl,KA04,Petrol,2006,2006,Third Party insurance,5 Speed,Manual,5 Seats,bangalore,1341 cc
₹ 7.25 Lakh,Sedan,"30,000 Kms",1st Owner,2016.0,19.12 kmpl,,Petrol,2016,2016,Third Party insurance,4 Speed,Automatic,5 Seats,bangalore,1373 cc
₹ 5.50 Lakh,Hatchback,"50,000 Kms",1st Owner,2018.0,18.9 kmpl,,Petrol,2018,2018,Third Party insurance,5 Speed,Manual,5 Seats,bangalore,1197 cc
₹ 6.50 Lakh,Hatchback,"98,000 Kms",1st Owner,2019.0,22 kmpl,KA51,Petrol,Jul 2019,2019,Comprehensive,5,Manual,5 Seats,bangalore,1197 cc
₹ 7.75 Lakh,Hatchback,"47,000 Kms",1st Owner,2017.0,18.2 kmpl,KA03,Petrol,May 2017,2017,Comprehensive,5 Speed,Automatic,5 Seats,bangalore,1199 cc
₹ 9 Lakh,Sedan,"70,000 Kms",1st Owner,2019.0,17 kmpl,KA02,Petrol,2019,2019,Third Party insurance,6 Speed,Manual,5 Seats,bangalore,1591 cc
₹ 4.08 Lakh,Hatchback,"16,998 Kms",1st Owner,2020.0,22.05 kmpl,KA26,Petrol,Nov 2020,2020,Comprehensive,5 Speed,Manual,5 Seats,bangalore,796 cc
₹ 6.42 Lakh,Hatchback,"15,256 Kms",1st Owner,2017.0,18.9 kmpl,KA53,Petrol,Aug 2017,2017,Comprehensive,4 Speed,Automatic,5 Seats,bangalore,1197 cc
₹ 9 Lakh,Sedan,"70,000 Kms",1st Owner,2019.0,17 kmpl,KA02,Petrol,2019,2019,Third Party insurance,6 Speed,Manual,5 Seats,bangalore,1591 cc
₹ 5.21 Lakh,Hatchback,"4,495 Kms",1st Owner,2020.0,22.5 kmpl,KA01,Petrol,Jun 2020,2020,Comprehensive,5-Speed,Automatic,5 Seats,bangalore,999 cc
₹ 6.95 Lakh,MUV,"34,561 Kms",1st Owner,2020.0,20 kmpl,KA11,Petrol,Sept 2020,2020,Zero Dep,5 Speed,Manual,7 Seats,bangalore,999 cc
₹ 3.90 Lakh,Hatchback,"40,000 Kms",2nd Owner,2018.0,23.95 kmpl,KA05,Petrol,2018,2018,Third Party insurance,5 Speed,Manual,5 Seats,bangalore,998 cc
₹ 4.29 Lakh,Hatchback,"1,42,135 Kms",1st Owner,2016.0,23.84 kmpl,KA03,Petrol,Jun 2016,2016,Comprehensive,5 Speed,Manual,5 Seats,bangalore,1199 cc
₹ 5.20 Lakh,Sedan,"1,20,000 Kms",1st Owner,2021.0,18.5 kmpl,KA14,Petrol,2021,2021,Third Party insurance,5 Speed,Manual,5 Seats,bangalore,1194 cc
₹ 6.25 Lakh,Hatchback,"9,553 Kms",1st Owner,2019.0,20.52 kmpl,KA03,Petrol,Jun 2019,2019,Third Party,5 Speed,Automatic,5 Seats,bangalore,1197 cc
₹ 6.01 Lakh,Hatchback,"7,600 Kms",1st Owner,2022.0,21.46 kmpl,KA50,Petrol,Jul 2022,2022,Zero Dep,5 Speed,Manual,5 Seats,bangalore,999 cc
₹ 13 Lakh,SUV,"1,20,000 Kms",1st Owner,2017.0,17.1 kmpl,KA36,Diesel,2017,2017,Third Party insurance,6 Speed,Manual,5 Seats,bangalore,1956 cc
₹ 6.45 Lakh,Hatchback,"20,000 Kms",1st Owner,2017.0,18.9 kmpl,KA51,Petrol,Jul 2017,2017,Comprehensive,4 Speed,Automatic,5 Seats,bangalore,1197 cc
₹ 19.75 Lakh,SUV,"1,20,000 Kms",2nd Owner,2013.0,12.07 kmpl,KA03,Diesel,2013,2013,Third Party insurance,8 Speed Tiptronic,Automatic,7 Seats,bangalore,2967 cc
₹ 6.95 Lakh,Hatchback,"45,578 Kms",1st Owner,2016.0,18.6 kmpl,KA03,Petrol,Jan 2016,2016,Third Party insurance,5 Speed,Manual,5 Seats,bangalore,1197 cc
₹ 5 Lakh,Sedan,"1,00,000 Kms",1st Owner,2013.0,14.69 kmpl,KA03,Petrol,2013,2013,Third Party insurance,6 Speed,Manual,5 Seats,bangalore,1390 cc
₹ 16.44 Lakh,Sedan,"1,00,000 Kms",2nd Owner,2014.0,22.69 kmpl,KA51,Diesel,Aug 2014,2014,Comprehensive,8 Speed,Automatic,5 Seats,bangalore,1995 cc
₹ 8.95 Lakh,SUV,"42,000 Kms",1st Owner,2019.0,17 kmpl,KA03,Petrol,Nov 2019,2019,Comprehensive,5 Speed,Manual,5 Seats,bangalore,1497 cc
₹ 3.50 Lakh,Hatchback,"90,000 Kms",2nd Owner,2013.0,20.36 kmpl,KA42,Petrol,2013,2013,Third Party insurance,5 Speed,Manual,5 Seats,bangalore,1197 cc
₹ 5.50 Lakh,Sedan,"70,000 Kms",1st Owner,2012.0,22.32 kmpl,KA05,Diesel,2012,2012,Third Party insurance,6 Speed ,Manual,5 Seats,bangalore,1582 cc
₹ 7.50 Lakh,SUV,"1,00,000 Kms",3rd Owner,2010.0,11.4 kmpl,,Diesel,2010,2010,Third Party insurance,5 Speed,Automatic,7 Seats,bangalore,2953 cc
₹ 5.81 Lakh,Hatchback,"16,306 Kms",1st Owner,2017.0,20.89 kmpl,KA05,Petrol,Mar 2017,2017,Comprehensive,5 Speed,Manual,5 Seats,bangalore,1197 cc
₹ 5.13 Lakh,Hatchback,"25,086 Kms",3rd Owner,2020.0,20.52 kmpl,KA40,Petrol,Jun 2020,2020,Comprehensive,5 Speed,Manual,5 Seats,bangalore,1197 cc
₹ 6.50 Lakh,Hatchback,"54,845 Kms",1st Owner,2017.0,21.01 kmpl,KA53,Petrol,Sept 2017,2017,Third Party insurance,5 Speed,Manual,5 Seats,bangalore,1197 cc
₹ 8.06 Lakh,Hatchback,"35,642 Kms",1st Owner,2020.0,24.4 kmpl,KA19,Diesel,May 2020,2020,Comprehensive,5-Speed,Manual,5 Seats,bangalore,1498 cc
₹ 7.25 Lakh,Hatchback,"22,173 Kms",1st Owner,2016.0,21.4 kmpl,KA03,Petrol,Jun 2016,2016,Third Party,CVT,Automatic,5 Seats,bangalore,1197 cc
₹ 49.50 Lakh,Sedan,"50,000 Kms",1st Owner,2018.0,17.42 kmpl,KA51,Diesel,Jul 2018,2018,Comprehensive,8-Speed Steptronic,Automatic,5 Seats,bangalore,2993 cc
₹ 4.26 Lakh,Hatchback,"67,790 Kms",1st Owner,2014.0,18.9 kmpl,KA51,Petrol,Jun 2014,2014,Third Party,5 Speed,Manual,5 Seats,bangalore,1197 cc
₹ 4.85 Lakh,Hatchback,"38,000 Kms",1st Owner,2019.0,23.95 kmpl,KA05,Petrol,Jan 2019,2019,Comprehensive,5 Speed,Manual,5 Seats,bangalore,998 cc
₹ 3.51 Lakh,Hatchback,"49,713 Kms",2nd Owner,2012.0,19.4 kmpl,KA51,Petrol,Jun 2012,2012,Third Party insurance,5 Speed,Manual,5 Seats,bangalore,1198 cc
₹ 4.90 Lakh,Hatchback,"10,002 Kms",1st Owner,2021.0,21.46 kmpl,KA09,Petrol,Apr 2021,2021,Third Party insurance,5 Speed,Manual,5 Seats,bangalore,999 cc
₹ 14.95 Lakh,SUV,"46,706 Kms",1st Owner,2017.0,16 kmpl,KA04,Diesel,Jan 2017,2017,Third Party insurance,6 Speed,Manual,7 Seats,bangalore,2179 cc
₹ 5.10 Lakh,Hatchback,"90,000 Kms",2nd Owner,2014.0,25.2 kmpl,,Diesel,2014,2014,Third Party insurance,5 Speed,Manual,5 Seats,bangalore,1248 cc
₹ 27.50 Lakh,SUV,"1,06,000 Kms",1st Owner,2016.0,18.56 kmpl,KA51,Diesel,Jun 2016,2016,Comprehensive,8 Speed,Automatic,5 Seats,bangalore,1995 cc
₹ 10.25 Lakh,Hatchback,"55,833 Kms",1st Owner,2017.0,17.21 kmpl,KA03,Petrol,Jul 2017,2017,Third Party insurance,7 Speed,Automatic,5 Seats,bangalore,1197 cc
₹ 23.45 Lakh,SUV,"46,716 Kms",2nd Owner,2015.0,15.73 kmpl,KA51,Diesel,Apr 2015,2015,Third Party insurance,7-Speed S-Tronic ,Automatic,5 Seats,bangalore,1968 cc
₹ 8.25 Lakh,Sedan,"54,000 Kms",1st Owner,2016.0,21.13 kmpl,KA01,Diesel,Oct 2016,2016,Comprehensive,5 Speed,Manual,5 Seats,bangalore,1498 cc
₹ 6.75 Lakh,SUV,"68,000 Kms",2nd Owner,2016.0,21.7 kmpl,KA01,Diesel,Aug 2016,2016,Comprehensive,5 Speed,Manual,5 Seats,bangalore,1498 cc
₹ 1.90 Lakh,Hatchback,"1,13,348 Kms",3rd Owner,2010.0,20 kmpl,KA14,Diesel,Jun 2010,2010,Comprehensive,5 Speed,Manual,5 Seats,bangalore,1399 cc
₹ 8.90 Lakh,Sedan,"1,34,000 Kms",1st Owner,2014.0,17.68 kmpl,HR26,Diesel,Mar 2016,2014,Third Party insurance,8 Speed,Automatic,5 Seats,bangalore,1968 cc
₹ 8.23 Lakh,SUV,"20,000 Kms",1st Owner,2022.0,19.03 kmpl,KA01,Petrol,2022,2022,Third Party insurance,5 Speed,Automatic,5 Seats,bangalore,999 cc
₹ 5.54 Lakh,Hatchback,"52,311 Kms",1st Owner,2014.0,22.38 kmpl,KA19,Petrol,Mar 2014,2014,Comprehensive,5-Speed,Manual,5 Seats,bangalore,1197 cc
₹ 4.99 Lakh,Sedan,"59,514 Kms",1st Owner,2014.0,22.41 kmpl,KA53,Petrol,Jan 2015,2014,Comprehensive,5 Speed,Manual,5 Seats,bangalore,1197 cc
₹ 8.15 Lakh,SUV,"10,000 Kms",1st Owner,2022.0,19.03 kmpl,KA53,Petrol,2022,2022,Third Party insurance,5 Speed,Automatic,5 Seats,bangalore,999 cc
₹ 7.19 Lakh,Hatchback,"36,743 Kms",1st Owner,2020.0,21.01 kmpl,KA03,Petrol,Dec 2020,2020,Third Party,5 Speed,Manual,5 Seats,bangalore,1197 cc
₹ 3.72 Lakh,Hatchback,"83,046 Kms",1st Owner,2015.0,25.24 kmpl,KA04,Petrol,Oct 2015,2015,Third Party,5-Speed,Manual,5 Seats,bangalore,998 cc
₹ 5.15 Lakh,Hatchback,"10,000 Kms",1st Owner,2018.0,23.1 kmpl,KA04,Petrol,2018,2018,Third Party insurance,5 Speed,Automatic,5 Seats,bangalore,998 cc
₹ 5.54 Lakh,Hatchback,"59,420 Kms",2nd Owner,2016.0,18.7 kmpl,KA04,Petrol,Mar 2016,2016,Third Party insurance,5 Speed,Manual,5 Seats,bangalore,1199 cc
₹ 7 Lakh,Sedan,"4,545 Kms",1st Owner,2023.0,20.3 kmpl,KA41,Petrol,Mar 2023,2023,Comprehensive,5 Speed,Manual,5 Seats,bangalore,1199 cc
₹ 4.10 Lakh,Hatchback,"70,404 Kms",1st Owner,2011.0,22.38 kmpl,KA05,Petrol,Jul 2011,2011,Third Party insurance,5-Speed,Manual,5 Seats,bangalore,1197 cc
₹ 6.85 Lakh,Sedan,"39,725 Kms",1st Owner,2016.0,20.73 kmpl,KA05,Petrol,Jun 2016,2016,Third Party,5 Speed,Manual,5 Seats,bangalore,1373 cc
₹ 55 Lakh,Sedan,"10,000 Kms",1st Owner,2022.0,16.13 kmpl,,Petrol,2022,2022,Third Party insurance,8-Speed Steptronic Sport Automatic Transmission,Automatic,5 Seats,bangalore,1998 cc
₹ 18 Lakh,SUV,"10,000 Kms",1st Owner,2022.0,17.8 kmpl,KA01,Diesel,2022,2022,Third Party insurance,6-Speed,Automatic,5 Seats,bangalore,1493 cc
₹ 1.80 Lakh,Hatchback,"60,000 Kms",2nd Owner,2006.0,18.9 kmpl,KA03,Petrol,2006,2006,Third Party insurance,5 Speed,Manual,5 Seats,bangalore,998 cc
₹ 7.65 Lakh,SUV,"50,000 Kms",2nd Owner,2018.0,17 kmpl,KA04,Petrol,2018,2018,Third Party insurance,5 Speed,Manual,5 Seats,bangalore,1497 cc
₹ 19.50 Lakh,SUV,"10,000 Kms",1st Owner,2023.0,13.79 kmpl,KA14,Petrol,2023,2023,Third Party insurance,6-speed,Manual,5 Seats,bangalore,1451 cc
₹ 4.91 Lakh,Sedan,"50,000 Kms",3rd Owner,2013.0,16.3 kmpl,KA01,Petrol,2013,2013,Third Party insurance,6 Speed,Manual,5 Seats,bangalore,1797 cc
₹ 11.75 Lakh,SUV,"23,272 Kms",1st Owner,2021.0,21.7 kmpl,KA02,Diesel,Mar 2021,2021,Third Party insurance,5 Speed,Manual,5 Seats,bangalore,1498 cc
₹ 9.99 Lakh,SUV,"8,407 Kms",1st Owner,2020.0,15.9 kmpl,KA01,Petrol,Sept 2020,2020,Comprehensive,5 Speed,Manual,5 Seats,bangalore,1496 cc
₹ 7.15 Lakh,Hatchback,"50,000 Kms",1st Owner,2018.0,21.21 kmpl,,Petrol,2018,2018,Third Party insurance,5,Automatic,5 Seats,bangalore,1197 cc
₹ 34 Lakh,Sedan,"10,000 Kms",1st Owner,2018.0,18.25 kmpl,,Diesel,2018,2018,Third Party insurance,7 Speed,Automatic,5 Seats,bangalore,1968 cc
₹ 17.79 Lakh,SUV,"14,881 Kms",1st Owner,2021.0,,KA53,Petrol,Feb 2021,2021,Comprehensive,7-speed DCT,Automatic,5 Seats,bangalore,1353 cc
₹ 4.04 Lakh,Hatchback,"54,305 Kms",1st Owner,2012.0,18.5 kmpl,KA01,Petrol,Nov 2012,2012,Third Party insurance,5 Speed,Manual,5 Seats,bangalore,1197 cc
₹ 3.58 Lakh,Hatchback,"50,000 Kms",2nd Owner,2016.0,19.81 kmpl,KA51,Petrol,2016,2016,Third Party insurance,5 Speed,Manual,5 Seats,bangalore,1086 cc
₹ 5.81 Lakh,Hatchback,"64,998 Kms",1st Owner,2017.0,20.89 kmpl,KA03,Petrol,Mar 2017,2017,Comprehensive,5 Speed,Automatic,5 Seats,bangalore,1197 cc
₹ 6.30 Lakh,Hatchback,"75,940 Kms",1st Owner,2015.0,18.6 kmpl,KA51,Petrol,Dec 2015,2015,Third Party insurance,5 Speed,Manual,5 Seats,bangalore,1197 cc
₹ 5.60 Lakh,Hatchback,"25,639 Kms",1st Owner,2016.0,18.7 kmpl,KA03,Petrol,May 2016,2016,Third Party insurance,5 Speed,Manual,5 Seats,bangalore,1199 cc
₹ 15.51 Lakh,SUV,"44,107 Kms",1st Owner,2019.0,15.1 kmpl,KA03,Diesel,Jun 2019,2019,Third Party insurance,6 Speed,Manual,7 Seats,bangalore,2179 cc
₹ 5.25 Lakh,Sedan,"60,000 Kms",2nd Owner,2014.0,17.01 kmpl,,Petrol,2014,2014,Third Party insurance,5 Speed,Manual,5 Seats,bangalore,1591 cc
₹ 5.01 Lakh,Hatchback,"41,594 Kms",1st Owner,2018.0,23.1 kmpl,KA05,Petrol,Feb 2018,2018,Comprehensive,5 Speed,Manual,5 Seats,bangalore,998 cc
₹ 6.17 Lakh,Hatchback,"24,786 Kms",2nd Owner,2020.0,20.52 kmpl,KA03,Petrol,Jan 2021,2020,Comprehensive,5 Speed,Automatic,5 Seats,bangalore,1197 cc
₹ 3.65 Lakh,Hatchback,"56,000 Kms",1st Owner,2017.0,23.95 kmpl,KA03,Petrol,Feb 2017,2017,Third Party insurance,5 Speed,Manual,5 Seats,bangalore,998 cc
₹ 9.95 Lakh,Sedan,"90,000 Kms",1st Owner,2018.0,18.3 kmpl,KA05,Petrol,Oct 2018,2018,Comprehensive,CVT,Automatic,5 Seats,bangalore,1498 cc
₹ 7.75 Lakh,Hatchback,"31,000 Kms",2nd Owner,2019.0,18.6 kmpl,KA04,Petrol,Aug 2019,2019,Comprehensive,5 Speed,Manual,5 Seats,bangalore,1197 cc
₹ 47 Lakh,SUV,"30,000 Kms",2nd Owner,2018.0,16.38 kmpl,,Diesel,2018,2018,Third Party insurance,8 Speed,Automatic,5 Seats,bangalore,1999 cc
₹ 7.70 Lakh,Sedan,"36,000 Kms",1st Owner,2017.0,17.7 kmpl,KA05,Petrol,Jul 2017,2017,Comprehensive,6 Speed,Manual,5 Seats,bangalore,1591 cc
₹ 7.25 Lakh,Hatchback,"19,065 Kms",1st Owner,2018.0,22 kmpl,KA53,Petrol,Feb 2018,2018,Third Party insurance,5,Manual,5 Seats,bangalore,1197 cc
₹ 8.40 Lakh,Hatchback,"30,538 Kms",1st Owner,2019.0,18.2 kmpl,KA05,Petrol,Feb 2019,2019,Comprehensive,5 Speed,Automatic,5 Seats,bangalore,1199 cc
₹ 7.99 Lakh,Hatchback,"48,891 Kms",2nd Owner,2018.0,18.6 kmpl,KA01,Petrol,Apr 2018,2018,Comprehensive,5 Speed,Manual,5 Seats,bangalore,1197 cc
₹ 13.80 Lakh,Hatchback,"60,000 Kms",2nd Owner,2014.0,15.5 kmpl,KA05,Petrol,2014,2014,Third Party insurance,7G DCT 7-Speed Dual Clutch Transmission ,Automatic,5 Seats,bangalore,1595 cc
₹ 6.96 Lakh,Hatchback,"26,676 Kms",1st Owner,2018.0,22 kmpl,KA51,Petrol,May 2018,2018,Third Party,5,Manual,5 Seats,bangalore,1197 cc
₹ 5.76 Lakh,Hatchback,"35,647 Kms",1st Owner,2015.0,22.38 kmpl,KA51,Petrol,Feb 2015,2015,Comprehensive,5-Speed,Manual,5 Seats,bangalore,1197 cc
₹ 7.21 Lakh,Hatchback,"63,825 Kms",1st Owner,2020.0,22.35 kmpl,KA01,Petrol,Mar 2020,2020,Zero Dep,5-Speed,Manual,5 Seats,bangalore,1197 cc
₹ 9.95 Lakh,Sedan,"31,346 Kms",2nd Owner,2018.0,17.4 kmpl,KA03,Petrol,Jan 2018,2018,Third Party insurance,5 Speed,Manual,5 Seats,bangalore,1497 cc
₹ 5.94 Lakh,Hatchback,"79,349 Kms",2nd Owner,2015.0,18.6 kmpl,KA03,Petrol,Aug 2015,2015,Third Party insurance,5 Speed,Manual,5 Seats,bangalore,1197 cc
₹ 9.27 Lakh,SUV,"88,203 Kms",1st Owner,2015.0,15.1 kmpl,KA03,Diesel,Apr 2015,2015,Comprehensive,6 Speed ,Manual,7 Seats,bangalore,2179 cc
₹ 32.75 Lakh,SUV,"37,370 Kms",1st Owner,2018.0,15.17 kmpl,KA01,Diesel,Jun 2018,2018,Comprehensive,7-Speed S-Tronic,Automatic,5 Seats,bangalore,1968 cc
₹ 4.26 Lakh,Hatchback,"52,228 Kms",1st Owner,2015.0,20.51 kmpl,KA53,Petrol,May 2015,2015,Comprehensive,5 Speed,Manual,5 Seats,bangalore,998 cc
₹ 11 Lakh,SUV,"70,000 Kms",1st Owner,2015.0,17.01 kmpl,KA04,Diesel,2015,2015,Third Party insurance,6 Speed,Automatic,5 Seats,bangalore,1582 cc
₹ 9.05 Lakh,SUV,"40,542 Kms",1st Owner,2022.0,20 kmpl,KA19,Petrol,Mar 2022,2022,Zero Dep,5 Speed,Manual,5 Seats,bangalore,999 cc
₹ 8.48 Lakh,SUV,"47,936 Kms",1st Owner,2019.0,14.99 kmpl,KA03,Petrol,Jun 2019,2019,Comprehensive,5 speed,Automatic,5 Seats,bangalore,1498 cc
₹ 4 Lakh,SUV,"10,000 Kms",3rd Owner,,,,Petrol,,1995,Third Party insurance,,Manual,6 Seats,bangalore,
₹ 5.75 Lakh,Sedan,"70,000 Kms",2nd Owner,2008.0,11.9 kmpl,KA01,Diesel,2008,2008,Third Party insurance,5 Speed,Automatic,5 Seats,bangalore,2496 cc
₹ 4 Lakh,Sedan,"1,10,000 Kms",5th Owner,2013.0,16.8 kmpl,,Petrol,2013,2013,Third Party insurance,5 Speed,Manual,5 Seats,bangalore,1497 cc
₹ 4 Lakh,SUV,"10,000 Kms",3rd Owner,,,KA18,Petrol,,1995,Third Party insurance,,Manual,8 Seats,bangalore,
₹ 8.95 Lakh,SUV,"45,000 Kms",2nd Owner,2016.0,15.29 kmpl,KA01,Petrol,Jul 2016,2016,Comprehensive,6 Speed,Manual,5 Seats,bangalore,1591 cc
₹ 10.99 Lakh,SUV,"20,469 Kms",1st Owner,2019.0,18.27 kmpl,KA03,Petrol,Aug 2019,2019,Third Party insurance,6-Speed,Manual,5 Seats,bangalore,998 cc
₹ 4.25 Lakh,Hatchback,"60,000 Kms",1st Owner,2011.0,17 kmpl,,Petrol,2011,2011,Third Party insurance,5 Speed,Manual,5 Seats,bangalore,1197 cc
₹ 4.45 Lakh,Sedan,"70,000 Kms",2nd Owner,2012.0,19.1 kmpl,KA05,Petrol,Aug 2012,2012,Comprehensive,5 Speed,Manual,5 Seats,bangalore,1197 cc
₹ 3.20 Lakh,Sedan,"1,50,000 Kms",4th Owner,2014.0,20.5 kmpl,,Diesel,2014,2014,Third Party insurance,5-speed,Manual,5 Seats,bangalore,1598 cc
₹ 7.75 Lakh,Sedan,"46,258 Kms",2nd Owner,2017.0,16.09 kmpl,KA32,Petrol,Aug 2017,2017,Third Party insurance,5 Speed,Manual,5 Seats,bangalore,1598 cc
₹ 3.27 Lakh,Hatchback,"54,242 Kms",3rd Owner,2013.0,18.9 kmpl,KA51,Petrol,Aug 2013,2013,Comprehensive,5 Speed,Manual,5 Seats,bangalore,998 cc
₹ 6.61 Lakh,Hatchback,"90,727 Kms",1st Owner,2017.0,19 kmpl,KA01,Petrol,Dec 2017,2017,Comprehensive,5 Speed,Automatic,5 Seats,bangalore,1199 cc
₹ 7.75 Lakh,SUV,"1,00,000 Kms",1st Owner,2012.0,15.1 kmpl,KA51,Diesel,Aug 2012,2012,Comprehensive,6 Speed,Manual,7 Seats,bangalore,2179 cc
₹ 6.82 Lakh,Sedan,"31,003 Kms",1st Owner,2017.0,21.21 kmpl,KA09,Petrol,Sept 2017,2017,Comprehensive,5 Speed,Manual,5 Seats,bangalore,1197 cc
₹ 5.77 Lakh,Hatchback,"24,233 Kms",1st Owner,2017.0,18.9 kmpl,KA01,Petrol,May 2017,2017,Third Party,5 Speed,Manual,5 Seats,bangalore,1197 cc
₹ 5 Lakh,Hatchback,"90,000 Kms",3rd Owner,2015.0,16.47 kmpl,KA27,Petrol,2015,2015,Third Party insurance,5 Speed,Manual,5 Seats,bangalore,1198 cc
₹ 6.79 Lakh,Hatchback,"36,983 Kms",1st Owner,2017.0,18.7 kmpl,KA05,Petrol,Jan 2017,2017,Comprehensive,5 Speed,Manual,5 Seats,bangalore,1199 cc
₹ 14.45 Lakh,Hatchback,"68,915 Kms",1st Owner,2014.0,14.8 kmpl,KA51,Diesel,Nov 2014,2014,Comprehensive,7 Speed,Automatic,5 Seats,bangalore,2143 cc
₹ 7.76 Lakh,Hatchback,"5,440 Kms",1st Owner,2021.0,22.38 kmpl,KA53,Petrol,Oct 2021,2021,Third Party,5-Speed,Manual,5 Seats,bangalore,1197 cc
₹ 6.90 Lakh,Hatchback,"8,096 Kms",1st Owner,2021.0,20.09 kmpl,KA01,Petrol,Apr 2021,2021,Zero Dep,5-Speed`,Manual,5 Seats,bangalore,1199 cc
₹ 3.80 Lakh,Sedan,"1,20,000 Kms",2nd Owner,2012.0,20.5 kmpl,KA05,Diesel,2012,2012,Third Party insurance,5 Speed,Manual,5 Seats,bangalore,1598 cc
₹ 5.60 Lakh,SUV,"60,000 Kms",3rd Owner,2014.0,13.24 kmpl,KA41,Petrol,2014,2014,Third Party insurance,5 speed,Manual,5 Seats,bangalore,1598 cc
₹ 11.25 Lakh,SUV,"1,20,000 Kms",1st Owner,2017.0,14.1 kmpl,,Diesel,2017,2017,Third Party insurance,5 Speed,Manual,7 Seats,bangalore,2179 cc
₹ 5.15 Lakh,MUV,"1,25,903 Kms",2nd Owner,2015.0,19.98 kmpl,KA04,Diesel,May 2015,2015,Comprehensive,6 Speed,Manual,7 Seats,bangalore,1461 cc
₹ 7.99 Lakh,Hatchback,"33,040 Kms",2nd Owner,2018.0,18.6 kmpl,KA03,Petrol,Jul 2018,2018,Comprehensive,5 Speed,Manual,5 Seats,bangalore,1197 cc
₹ 12 Lakh,SUV,"1,10,000 Kms",2nd Owner,2009.0,11.5 kmpl,KA53,Diesel,2009,2009,Third Party insurance,5 Speed,Manual,7 Seats,bangalore,2982 cc
₹ 8.35 Lakh,Hatchback,"30,722 Kms",1st Owner,2019.0,22.54 kmpl,KA04,Diesel,Apr 2019,2019,Third Party insurance,6 Speed,Manual,5 Seats,bangalore,1396 cc
₹ 7.50 Lakh,Sedan,"80,000 Kms",1st Owner,2016.0,26 kmpl,,Diesel,2016,2016,Third Party insurance,6 Speed,Manual,5 Seats,bangalore,1498 cc
₹ 12.75 Lakh,SUV,"1,20,000 Kms",2nd Owner,2009.0,11.5 kmpl,KA53,Diesel,2009,2009,Third Party insurance,5 Speed,Manual,7 Seats,bangalore,2982 cc
₹ 30.75 Lakh,Sedan,"33,000 Kms",2nd Owner,2017.0,14.21 kmpl,KA03,Diesel,May 2017,2017,Comprehensive,5 Speed,Automatic,5 Seats,bangalore,2143 cc
₹ 5.27 Lakh,Sedan,"58,778 Kms",1st Owner,2014.0,17.4 kmpl,KA01,Petrol,Jun 2014,2014,Comprehensive,5 Speed ,Manual,5 Seats,bangalore,1497 cc
₹ 4.26 Lakh,Hatchback,"51,395 Kms",1st Owner,2019.0,21.7 kmpl,KA42,Petrol,Nov 2019,2019,Comprehensive,5 Speed,Manual,5 Seats,bangalore,998 cc
₹ 6.25 Lakh,SUV,"1,00,000 Kms",2nd Owner,2015.0,14.7 kmpl,KA03,Petrol,Dec 2015,2015,Comprehensive,6 Speed,Automatic,5 Seats,bangalore,1496 cc
₹ 4.47 Lakh,Sedan,"65,881 Kms",2nd Owner,2013.0,22.41 kmpl,KA53,Petrol,Jul 2013,2013,Comprehensive,5 Speed,Manual,5 Seats,bangalore,1197 cc
₹ 5.52 Lakh,Hatchback,"49,934 Kms",2nd Owner,2014.0,22.38 kmpl,KA51,Petrol,Nov 2014,2014,Comprehensive,5-Speed,Manual,5 Seats,bangalore,1197 cc
₹ 7.95 Lakh,Sedan,"91,000 Kms",2nd Owner,2016.0,26 kmpl,KA01,Diesel,Oct 2016,2016,Comprehensive,6 Speed,Manual,5 Seats,bangalore,1498 cc
₹ 4.59 Lakh,Hatchback,"61,576 Kms",2nd Owner,2018.0,21.63 kmpl,KA51,Petrol,Oct 2018,2018,Comprehensive,5 Speed,Manual,5 Seats,bangalore,998 cc
₹ 7 Lakh,Sedan,"1,14,321 Kms",2nd Owner,2016.0,20.73 kmpl,KA05,Petrol,Nov 2017,2016,1,5 Speed,Manual,5 Seats,bangalore,1373 cc
₹ 4.05 Lakh,Hatchback,"53,125 Kms",1st Owner,2019.0,21.7 kmpl,KA51,Petrol,Nov 2019,2019,Third Party insurance,5 Speed,Manual,5 Seats,bangalore,998 cc
₹ 5.36 Lakh,Hatchback,"36,462 Kms",1st Owner,2020.0,22 kmpl,KA01,Petrol,Jul 2020,2020,Comprehensive,5 Speed,Automatic,5 Seats,bangalore,999 cc
₹ 24 Lakh,SUV,"97,542 Kms",1st Owner,2014.0,15.26 kmpl,KA04,Diesel,Jul 2014,2014,Comprehensive,7 Speed,Automatic,5 Seats,bangalore,2143 cc
₹ 47.45 Lakh,SUV,"89,000 Kms",1st Owner,2017.0,11.57 kmpl,KA05,Diesel,Aug 2017,2017,Comprehensive,9 Speed,Automatic,5 Seats,bangalore,2987 cc
₹ 8.95 Lakh,SUV,"13,000 Kms",2nd Owner,2018.0,14.99 kmpl,KA05,Petrol,Aug 2018,2018,Comprehensive,5 speed,Manual,5 Seats,bangalore,1498 cc
₹ 13.75 Lakh,Sedan,"41,000 Kms",1st Owner,2018.0,22 kmpl,KA53,Diesel,Aug 2018,2018,Third Party insurance,6 Speed,Manual,5 Seats,bangalore,1582 cc
₹ 8.80 Lakh,Hatchback,"94,471 Kms",1st Owner,2017.0,17.21 kmpl,KA04,Petrol,Apr 2017,2017,Third Party,7 Speed,Automatic,5 Seats,bangalore,1197 cc
₹ 10.30 Lakh,MUV,"58,000 Kms",1st Owner,2011.0,12.8 kmpl,KA41,Diesel,Aug 2011,2011,Comprehensive,5 Speed,Manual,7 Seats,bangalore,2494 cc
₹ 4.75 Lakh,Hatchback,"46,000 Kms",1st Owner,2016.0,20.52 kmpl,KA05,Petrol,Aug 2016,2016,Comprehensive,5 Speed,Manual,5 Seats,bangalore,1197 cc
₹ 11.50 Lakh,SUV,"10,000 Kms",1st Owner,2022.0,,KA03,Petrol,2022,2022,Third Party insurance,5 Speed,Manual,5 Seats,bangalore,1498 cc
₹ 56.75 Lakh,SUV,"36,531 Kms",1st Owner,2020.0,,KA03,Diesel,Feb 2020,2020,Comprehensive,9 speed Tronic,Automatic,5 Seats,bangalore,1950 cc
₹ 9.60 Lakh,SUV,"50,000 Kms",1st Owner,2021.0,17.03 kmpl,,Petrol,2021,2021,Third Party insurance,5 Speed,Manual,5 Seats,bangalore,1462 cc
₹ 5.32 Lakh,Hatchback,"36,004 Kms",2nd Owner,2020.0,21.63 kmpl,KA51,Petrol,Jun 2020,2020,Third Party,5 Speed,Manual,5 Seats,bangalore,998 cc
₹ 6.51 Lakh,Sedan,"58,808 Kms",2nd Owner,2016.0,17.8 kmpl,KA04,Petrol,Jan 2017,2016,Comprehensive,5 Speed,Manual,5 Seats,bangalore,1497 cc
₹ 32 Lakh,Sedan,"10,000 Kms",1st Owner,2017.0,19.27 kmpl,,Diesel,2017,2017,Third Party insurance,7 Speed,Automatic,5 Seats,bangalore,2143 cc
₹ 7.15 Lakh,Hatchback,"31,983 Kms",1st Owner,2016.0,18.6 kmpl,KA05,Petrol,Sept 2016,2016,Comprehensive,5 Speed,Manual,5 Seats,bangalore,1197 cc
₹ 7.40 Lakh,SUV,"78,536 Kms",1st Owner,2016.0,24.3 kmpl,DL14,Diesel,Jun 2016,2016,Third Party,5 Speed,Manual,5 Seats,bangalore,1248 cc
₹ 17 Lakh,SUV,"20,000 Kms",1st Owner,2022.0,20.8 kmpl,,Diesel,2022,2022,Third Party insurance,6-Speed,Manual,5 Seats,bangalore,1493 cc
₹ 4.55 Lakh,Sedan,"54,134 Kms",2nd Owner,2013.0,22.41 kmpl,KA50,Petrol,Jun 2013,2013,Comprehensive,5 Speed,Manual,5 Seats,bangalore,1197 cc
₹ 16.99 Lakh,SUV,"10,000 Kms",1st Owner,2021.0,16.8 kmpl,KA50,Petrol,2021,2021,Third Party insurance,6-Speed IVT,Automatic,5 Seats,bangalore,1497 cc
₹ 5.24 Lakh,Hatchback,"27,227 Kms",2nd Owner,2019.0,18.9 kmpl,KA04,Petrol,Aug 2019,2019,Comprehensive,5 Speed,Manual,5 Seats,bangalore,1197 cc
₹ 17.65 Lakh,SUV,"25,508 Kms",1st Owner,2019.0,16 kmpl,KA03,Petrol,Jan 2019,2019,Comprehensive,7 Speed,Automatic,5 Seats,bangalore,1368 cc
₹ 5.25 Lakh,Hatchback,"30,000 Kms",1st Owner,2017.0,18.6 kmpl,UP32,Petrol,2017,2017,Third Party insurance,5 Speed,Manual,5 Seats,bangalore,1197 cc
₹ 16 Lakh,SUV,"20,000 Kms",1st Owner,2019.0,16.5 kmpl,,Petrol,2019,2019,Third Party insurance,7-Speed DCT,Automatic,5 Seats,bangalore,1353 cc
₹ 3.60 Lakh,Sedan,"1,00,000 Kms",2nd Owner,2012.0,20.54 kmpl,KA53,Diesel,2012,2012,Third Party insurance,5 Speed,Manual,5 Seats,bangalore,1598 cc
₹ 16.50 Lakh,SUV,"20,000 Kms",1st Owner,2021.0,,,Petrol,2021,2021,Third Party insurance,6 Speed,Automatic,4 Seats,bangalore,1997 cc
₹ 4.10 Lakh,Hatchback,"50,000 Kms",1st Owner,2011.0,17 kmpl,,Petrol,2011,2011,Third Party insurance,5 Speed,Manual,5 Seats,bangalore,1197 cc
₹ 31.50 Lakh,Sedan,"36,000 Kms",1st Owner,2018.0,17.9 kmpl,KA01,Diesel,Aug 2018,2018,Comprehensive,7 Speed,Automatic,5 Seats,bangalore,2143 cc
₹ 8.50 Lakh,Hatchback,"40,000 Kms",1st Owner,2019.0,22.54 kmpl,,Diesel,2019,2019,Third Party insurance,6 Speed,Manual,5 Seats,bangalore,1396 cc
₹ 12.60 Lakh,SUV,"19,047 Kms",1st Owner,2021.0,18.15 kmpl,KA22,Petrol,Nov 2021,2021,Third Party,7-Speed,Automatic,5 Seats,bangalore,998 cc
₹ 8.50 Lakh,SUV,"50,000 Kms",1st Owner,2020.0,17 kmpl,KA02,Petrol,2020,2020,Third Party insurance,6 Speed,Manual,5 Seats,bangalore,1198 cc
₹ 4.93 Lakh,Hatchback,"64,453 Kms",1st Owner,2018.0,23.1 kmpl,KA41,Petrol,Aug 2018,2018,Comprehensive,5 Speed,Automatic,5 Seats,bangalore,998 cc
₹ 5.05 Lakh,Hatchback,"43,387 Kms",1st Owner,2018.0,18.5 kmpl,KA03,Petrol,Jun 2018,2018,Comprehensive,5 Speed,Manual,5 Seats,bangalore,1198 cc
₹ 8.25 Lakh,Hatchback,"36,538 Kms",1st Owner,2020.0,19.56 kmpl,KA05,Petrol,Jan 2021,2020,Third Party insurance,CVT,Automatic,5 Seats,bangalore,1197 cc
₹ 6.82 Lakh,Hatchback,"36,787 Kms",2nd Owner,2017.0,17.19 kmpl,KA51,Petrol,Mar 2017,2017,Zero Dep,5 Speed,Manual,5 Seats,bangalore,1197 cc
₹ 4.86 Lakh,Hatchback,"32,112 Kms",2nd Owner,2018.0,25.24 kmpl,KA04,Petrol,Mar 2018,2018,Comprehensive,5-Speed,Manual,5 Seats,bangalore,998 cc
₹ 18 Lakh,SUV,"30,000 Kms",1st Owner,2022.0,,,Petrol,2022,2022,Third Party insurance,6-speed,Manual,5 Seats,bangalore,1497 cc
₹ 5.40 Lakh,Hatchback,"53,701 Kms",1st Owner,2017.0,18.9 kmpl,KA19,Petrol,Jul 2017,2017,Comprehensive,5 Speed,Manual,5 Seats,bangalore,1197 cc
₹ 5.30 Lakh,Hatchback,"30,000 Kms",2nd Owner,2018.0,18.9 kmpl,KA05,Petrol,2018,2018,Third Party insurance,5 Speed,Manual,5 Seats,bangalore,1197 cc
₹ 4.07 Lakh,Hatchback,"26,085 Kms",2nd Owner,2020.0,22.05 kmpl,KA04,Petrol,Jul 2020,2020,Zero Dep,5 Speed,Manual,5 Seats,bangalore,796 cc
₹ 4.53 Lakh,Hatchback,"46,894 Kms",3rd Owner,2016.0,18.9 kmpl,KA01,Petrol,Mar 2017,2016,Third Party insurance,5 Speed,Manual,5 Seats,bangalore,1197 cc
₹ 10.10 Lakh,SUV,"30,000 Kms",1st Owner,2021.0,18.2 kmpl,KA04,Petrol,2021,2021,Third Party insurance,6-Speed iMT,Manual,5 Seats,bangalore,998 cc
₹ 16.75 Lakh,SUV,"53,692 Kms",2nd Owner,2017.0,12 kmpl,KA05,Petrol,Jan 2018,2017,Third Party insurance,5 Speed,Automatic,5 Seats,bangalore,2354 cc
₹ 16.45 Lakh,SUV,"37,809 Kms",2nd Owner,2018.0,15.1 kmpl,KA05,Diesel,Apr 2018,2018,Comprehensive,6 Speed,Automatic,7 Seats,bangalore,2179 cc
₹ 6.25 Lakh,Hatchback,"33,000 Kms",1st Owner,2018.0,23.84 kmpl,KA01,Petrol,Aug 2018,2018,Comprehensive,5 Speed,Automatic,5 Seats,bangalore,1199 cc
₹ 6.35 Lakh,Hatchback,"30,813 Kms",1st Owner,2022.0,20.52 kmpl,KA34,Petrol,Feb 2022,2022,Comprehensive,5 Speed,Manual,5 Seats,bangalore,1197 cc
₹ 5.50 Lakh,Sedan,"56,254 Kms",1st Owner,2013.0,23.9 kmpl,KA04,Diesel,Oct 2013,2013,Comprehensive,6 Speed ,Manual,5 Seats,bangalore,1582 cc
₹ 24.50 Lakh,Sedan,"58,000 Kms",1st Owner,2017.0,17.9 kmpl,KA03,Diesel,Jul 2017,2017,Comprehensive,7 Speed,Automatic,5 Seats,bangalore,2143 cc
₹ 10.25 Lakh,Sedan,"15,727 Kms",2nd Owner,2020.0,20.04 kmpl,KA01,Petrol,Jul 2020,2020,Third Party insurance,4 Speed,Automatic,5 Seats,bangalore,1462 cc
₹ 5.50 Lakh,Hatchback,"20,000 Kms",1st Owner,2017.0,110 kmpl,KA03,Electric,2017,2017,Third Party insurance,Direct Drive,Automatic,4 Seats,bangalore,
₹ 9.50 Lakh,Hatchback,150 Kms,1st Owner,2023.0,,,Electric,2023,2023,Third Party insurance,,Automatic,4 Seats,bangalore,0 cc
₹ 9.77 Lakh,Hatchback,"21,113 Kms",1st Owner,2021.0,20 kmpl,KA01,Petrol,Jun 2021,2021,Comprehensive,6 Speed IMT,Manual,5 Seats,bangalore,998 cc
₹ 17.05 Lakh,Sedan,"71,775 Kms",1st Owner,2021.0,14.59 kmpl,KA45,Diesel,Jun 2021,2021,Comprehensive,6 Speed,Manual,5 Seats,bangalore,1493 cc
₹ 6.67 Lakh,Hatchback,"59,882 Kms",1st Owner,2018.0,22.56 kmpl,KA02,Petrol,Mar 2018,2018,Third Party,5-Speed,Automatic,5 Seats,bangalore,1197 cc
₹ 4.94 Lakh,Hatchback,"24,463 Kms",2nd Owner,2014.0,18.9 kmpl,KA03,Petrol,Aug 2014,2014,Comprehensive,4 Speed,Automatic,5 Seats,bangalore,1197 cc
₹ 6.36 Lakh,Sedan,"72,352 Kms",1st Owner,2015.0,17.4 kmpl,KA05,Petrol,Sept 2015,2015,Zero Dep,5 Speed ,Manual,5 Seats,bangalore,1497 cc
₹ 7.92 Lakh,SUV,"90,928 Kms",1st Owner,2017.0,23 kmpl,KA03,Diesel,Mar 2017,2017,Comprehensive,5 Speed,Manual,5 Seats,bangalore,1498 cc
₹ 6.95 Lakh,SUV,"10,000 Kms",2nd Owner,2021.0,20 kmpl,KA01,Petrol,2021,2021,Third Party insurance,5 Speed,Manual,5 Seats,bangalore,999 cc
₹ 3.60 Lakh,Hatchback,"60,000 Kms",2nd Owner,2014.0,15.6 kmpl,,Petrol,2014,2014,Third Party insurance,5 Speed,Manual,5 Seats,bangalore,1196 cc
"₹ 58,000 ",Minivans,"80,000 Kms",5th Owner,,14 kmpl,,Petrol,,1998,Third Party insurance,4 Speed,Manual,5 Seats,bangalore,796 cc
₹ 8.27 Lakh,SUV,"1,17,530 Kms",1st Owner,2016.0,24.3 kmpl,KA01,Diesel,Dec 2016,2016,Comprehensive,5 Speed,Manual,5 Seats,bangalore,1248 cc
₹ 3.82 Lakh,Hatchback,"1,02,814 Kms",1st Owner,2011.0,22.38 kmpl,KA03,Petrol,Feb 2011,2011,Comprehensive,5-Speed,Manual,5 Seats,bangalore,1197 cc
₹ 6.50 Lakh,Hatchback,"20,000 Kms",1st Owner,2021.0,19.01 kmpl,KA51,Petrol,2021,2021,Third Party insurance,5-Speed,Manual,5 Seats,bangalore,1199 cc
₹ 5.12 Lakh,Hatchback,"34,801 Kms",1st Owner,2017.0,23.1 kmpl,KA05,Petrol,Apr 2017,2017,Zero Dep,5 Speed,Automatic,5 Seats,bangalore,998 cc
₹ 4.63 Lakh,Hatchback,"51,877 Kms",3rd Owner,2018.0,25.24 kmpl,KA02,Petrol,Jul 2018,2018,Comprehensive,5-Speed,Manual,5 Seats,bangalore,998 cc
₹ 15 Lakh,Sedan,"10,000 Kms",1st Owner,2023.0,18.45 kmpl,AP39,Petrol,2023,2023,Third Party insurance,6 Speed IVT,Automatic,5 Seats,bangalore,1497 cc
₹ 5.25 Lakh,Hatchback,"17,125 Kms",2nd Owner,2018.0,21.63 kmpl,KA01,Petrol,Jun 2018,2018,Third Party,5 Speed,Manual,5 Seats,bangalore,998 cc
₹ 4.60 Lakh,SUV,"30,000 Kms",1st Owner,2014.0,20.45 kmpl,DL8C,Diesel,2014,2014,Third Party insurance,5 speed,Manual,5 Seats,bangalore,1461 cc
₹ 6.27 Lakh,Hatchback,"50,318 Kms",1st Owner,2016.0,21.4 kmpl,KA05,Petrol,Sept 2016,2016,Third Party insurance,5 Speed,Manual,5 Seats,bangalore,1197 cc
₹ 5.11 Lakh,Sedan,"46,123 Kms",1st Owner,2012.0,17.01 kmpl,KA05,Petrol,Jan 2013,2012,Comprehensive,5 Speed,Manual,5 Seats,bangalore,1591 cc
"₹ 55,000 ",Hatchback,"1,20,000 Kms",3rd Owner,2006.0,15.3 kmpl,KA03,Petrol,2006,2006,Third Party insurance,5 Speed,Manual,5 Seats,bangalore,1341 cc
₹ 6 Lakh,Hatchback,"70,000 Kms",2nd Owner,2015.0,22.54 kmpl,KA53,Diesel,2015,2015,Third Party insurance,6 Speed,Manual,5 Seats,bangalore,1396 cc
₹ 12.85 Lakh,Sedan,"33,360 Kms",1st Owner,2014.0,16.96 kmpl,KA05,Diesel,Jul 2014,2014,Comprehensive,6 Speed ,Automatic,5 Seats,bangalore,1968 cc
₹ 31.50 Lakh,SUV,"21,800 Kms",1st Owner,2022.0,12.65 kmpl,KA05,Petrol,2022,2022,Third Party insurance,7 Speed DCT,Automatic,5 Seats,bangalore,1984 cc
₹ 7.50 Lakh,Hatchback,"10,000 Kms",1st Owner,2023.0,19.33 kmpl,KA03,Petrol,2023,2023,Third Party insurance,5-Speed,Manual,5 Seats,bangalore,1199 cc
₹ 1.30 Lakh,Hatchback,"60,000 Kms",3rd Owner,2006.0,,,Petrol,2006,2006,Third Party insurance,,Manual,5 Seats,bangalore,1086 cc
₹ 18 Lakh,SUV,"10,000 Kms",1st Owner,2023.0,,KA02,Electric,2023,2023,Third Party insurance,,Automatic,5 Seats,bangalore,0 cc
₹ 9.85 Lakh,Hatchback,"11,045 Kms",1st Owner,2021.0,19.65 kmpl,KA05,Petrol,Jun 2021,2021,Third Party insurance,IVT,Automatic,5 Seats,bangalore,1197 cc
₹ 10.45 Lakh,Sedan,"51,406 Kms",1st Owner,2018.0,22.15 kmpl,KA03,Diesel,Jan 2019,2018,Third Party insurance,7 Speed,Automatic,5 Seats,bangalore,1498 cc
₹ 2 Lakh,Hatchback,"70,000 Kms",1st Owner,2012.0,25 kmpl,KA04,Diesel,2012,2012,Third Party insurance,5 Speed,Manual,5 Seats,bangalore,1396 cc
₹ 7.10 Lakh,Hatchback,"26,031 Kms",1st Owner,2017.0,21.4 kmpl,KA03,Petrol,Mar 2017,2017,Comprehensive,5 Speed,Manual,5 Seats,bangalore,1197 cc
₹ 5.86 Lakh,Hatchback,"30,740 Kms",1st Owner,2016.0,22.38 kmpl,KA41,Petrol,Feb 2016,2016,Comprehensive,5-Speed,Manual,5 Seats,bangalore,1197 cc
₹ 15 Lakh,SUV,"20,000 Kms",1st Owner,2022.0,14.82 kmpl,KA09,Petrol,2022,2022,Third Party insurance,8 Speed CVT,Automatic,5 Seats,bangalore,1498 cc
₹ 5.84 Lakh,Hatchback,"65,909 Kms",1st Owner,2017.0,20.89 kmpl,KA50,Petrol,Jul 2017,2017,Zero Dep,5 Speed,Automatic,5 Seats,bangalore,1197 cc
₹ 4.09 Lakh,Hatchback,"1,40,590 Kms",1st Owner,2013.0,18.5 kmpl,KA53,Petrol,Oct 2013,2013,Comprehensive,5 Speed,Manual,5 Seats,bangalore,1197 cc
₹ 21.75 Lakh,MUV,"32,953 Kms",2nd Owner,2019.0,10.75 kmpl,KA01,Petrol,Oct 2019,2019,Third Party insurance,6 Speed,Automatic,7 Seats,bangalore,2694 cc
₹ 7.38 Lakh,Sedan,"51,801 Kms",1st Owner,2019.0,21.21 kmpl,KA51,Petrol,Oct 2019,2019,Comprehensive,5 Speed,Automatic,5 Seats,bangalore,1197 cc
₹ 3.80 Lakh,Sedan,"80,000 Kms",1st Owner,2015.0,24.4 kmpl,MH48,Diesel,2015,2015,Third Party insurance,5 Speed ,Manual,5 Seats,bangalore,1120 cc
₹ 6.56 Lakh,Hatchback,"62,621 Kms",1st Owner,2017.0,18.6 kmpl,KA01,Petrol,Sept 2017,2017,Zero Dep,5 Speed,Manual,5 Seats,bangalore,1197 cc
₹ 4.83 Lakh,Hatchback,"79,068 Kms",1st Owner,2014.0,22.38 kmpl,KA04,Petrol,Feb 2014,2014,Comprehensive,5-Speed,Manual,5 Seats,bangalore,1197 cc
₹ 5.10 Lakh,Hatchback,"50,000 Kms",1st Owner,2018.0,22 kmpl,KA01,Petrol,2018,2018,Third Party insurance,5,Manual,5 Seats,bangalore,1197 cc
₹ 7.50 Lakh,Sedan,"30,000 Kms",2nd Owner,2018.0,21.73 kmpl,KA53,Diesel,2018,2018,Third Party insurance,7 Speed,Automatic,5 Seats,bangalore,1498 cc
₹ 1.85 Lakh,Hatchback,"72,000 Kms",2nd Owner,2008.0,19.81 kmpl,,Petrol,2008,2008,Third Party insurance,5 Speed,Manual,5 Seats,bangalore,1086 cc
₹ 1.80 Lakh,Hatchback,"80,000 Kms",2nd Owner,2008.0,19.81 kmpl,,Petrol,2008,2008,Third Party insurance,5 Speed,Manual,5 Seats,bangalore,1086 cc
₹ 19 Lakh,MUV,"10,000 Kms",1st Owner,2021.0,8 kmpl,,Petrol,2021,2021,Third Party insurance,5 Speed,Manual,8 Seats,bangalore,2694 cc
₹ 21 Lakh,SUV,"20,000 Kms",1st Owner,2022.0,14.6 kmpl,TN14,Diesel,2022,2022,Third Party insurance,6-Speed,Automatic,5 Seats,bangalore,1956 cc
₹ 12.45 Lakh,SUV,"36,314 Kms",2nd Owner,2016.0,16 kmpl,KA53,Diesel,Mar 2016,2016,Comprehensive,6 Speed,Automatic,7 Seats,bangalore,2179 cc
₹ 3 Lakh,Hatchback,"67,000 Kms",1st Owner,2010.0,16.47 kmpl,KA03,Petrol,2010,2010,Third Party insurance,5 Speed,Manual,5 Seats,bangalore,1198 cc
₹ 13.50 Lakh,SUV,"30,000 Kms",1st Owner,2020.0,,,Electric,2020,2020,Third Party insurance,,Automatic,5 Seats,bangalore,0 cc
₹ 14.50 Lakh,SUV,"21,236 Kms",1st Owner,2022.0,,KA05,Electric,Nov 2022,2022,Comprehensive,,Automatic,5 Seats,bangalore,0 cc
₹ 5.46 Lakh,Hatchback,"47,488 Kms",2nd Owner,2017.0,20.89 kmpl,KA04,Petrol,May 2017,2017,Comprehensive,5 Speed,Automatic,5 Seats,bangalore,1197 cc
₹ 5.33 Lakh,Hatchback,"56,814 Kms",1st Owner,2016.0,18.7 kmpl,KA03,Petrol,Mar 2016,2016,Comprehensive,5 Speed,Manual,5 Seats,bangalore,1199 cc
₹ 1.60 Lakh,Sedan,"90,000 Kms",1st Owner,2004.0,14.5 kmpl,KA03,Petrol,2004,2004,Third Party insurance,,Automatic,5 Seats,bangalore,1493 cc
₹ 3.32 Lakh,Hatchback,"63,206 Kms",1st Owner,2012.0,20.36 kmpl,KA53,Petrol,Mar 2012,2012,Comprehensive,5 Speed,Manual,5 Seats,bangalore,1197 cc
₹ 8.09 Lakh,Sedan,"61,103 Kms",2nd Owner,2018.0,21.56 kmpl,KA01,Petrol,Oct 2018,2018,Comprehensive,5 Speed,Manual,5 Seats,bangalore,1462 cc
₹ 2 Lakh,Hatchback,"70,000 Kms",1st Owner,2008.0,19.7 kmpl,,Petrol,2008,2008,Third Party insurance,5 Speed,Manual,5 Seats,bangalore,796 cc
₹ 3.47 Lakh,Hatchback,"1,12,268 Kms",3rd Owner,2015.0,23.1 kmpl,KA41,Petrol,Mar 2016,2015,Comprehensive,5 Speed ,Automatic,5 Seats,bangalore,998 cc
₹ 1.50 Lakh,Hatchback,"70,000 Kms",2nd Owner,2006.0,16.1 kmpl,MH03,Petrol,2006,2006,Third Party insurance,5 Speed,Manual,5 Seats,bangalore,1298 cc
₹ 13.59 Lakh,SUV,"97,346 Kms",1st Owner,2021.0,20.08 kmpl,KA09,Petrol,Jan 2022,2021,Comprehensive,6-Speed,Manual,5 Seats,bangalore,999 cc
₹ 5.43 Lakh,Hatchback,"36,977 Kms",2nd Owner,2018.0,18.9 kmpl,KA05,Petrol,Nov 2018,2018,Comprehensive,5 Speed,Manual,5 Seats,bangalore,1197 cc
₹ 1.50 Lakh,Hatchback,"70,000 Kms",3rd Owner,2006.0,16.1 kmpl,MH03,Petrol,2006,2006,Third Party insurance,5 Speed,Manual,5 Seats,bangalore,1298 cc
₹ 4.75 Lakh,Hatchback,"60,000 Kms",2nd Owner,2013.0,21.27 kmpl,,Diesel,2013,2013,Third Party insurance,6 Speed,Manual,5 Seats,bangalore,1396 cc
₹ 1.10 Lakh,Hatchback,"80,000 Kms",2nd Owner,2003.0,,,Petrol,2003,2003,Third Party insurance,,Manual,5 Seats,bangalore,1086 cc
₹ 3.50 Lakh,Hatchback,"35,000 Kms",2nd Owner,2016.0,24.04 kmpl,KA53,Petrol,2016,2016,Third Party insurance,5 Speed,Automatic,5 Seats,bangalore,999 cc
₹ 1.35 Lakh,Hatchback,"1,00,000 Kms",3rd Owner,2006.0,15.3 kmpl,KA05,Petrol,2006,2006,Third Party insurance,5 Speed,Manual,5 Seats,bangalore,1341 cc
₹ 1.70 Lakh,Hatchback,"90,000 Kms",2nd Owner,2005.0,18.9 kmpl,KA05,Petrol,2005,2005,Third Party insurance,5 Speed,Manual,5 Seats,bangalore,998 cc
₹ 28.50 Lakh,SUV,"85,700 Kms",1st Owner,2018.0,20.68 kmpl,KA01,Diesel,Oct 2018,2018,Comprehensive,8 Speed,Automatic,5 Seats,bangalore,1995 cc
₹ 27.50 Lakh,Sedan,"50,000 Kms",1st Owner,2016.0,19.27 kmpl,KA01,Diesel,Aug 2016,2016,Comprehensive,7 Speed,Automatic,5 Seats,bangalore,2143 cc
₹ 14.49 Lakh,MUV,"50,000 Kms",2nd Owner,2015.0,12.99 kmpl,KA05,Diesel,2015,2015,Third Party insurance,5 Speed,Manual,7 Seats,bangalore,2494 cc
₹ 3 Lakh,Hatchback,"50,000 Kms",1st Owner,2015.0,23.95 kmpl,KA04,Petrol,2015,2015,Third Party insurance,5 Speed,Manual,5 Seats,bangalore,998 cc
₹ 3.77 Lakh,Hatchback,"40,082 Kms",2nd Owner,2014.0,20.51 kmpl,KA50,Petrol,Feb 2014,2014,Third Party,5 Speed,Manual,5 Seats,bangalore,998 cc
₹ 6.38 Lakh,Sedan,"1,12,566 Kms",2nd Owner,2017.0,28.4 kmpl,KA05,Diesel,Jul 2017,2017,Comprehensive,5 Speed,Automatic,5 Seats,bangalore,1248 cc
₹ 15.75 Lakh,SUV,"68,000 Kms",1st Owner,2020.0,,KA17,Petrol,Aug 2020,2020,Comprehensive,7-speed DCT,Automatic,5 Seats,bangalore,1397 cc
₹ 6.74 Lakh,Hatchback,"61,978 Kms",1st Owner,2021.0,20.52 kmpl,KA53,Petrol,Apr 2021,2021,Comprehensive,5 Speed,Automatic,5 Seats,bangalore,1197 cc
₹ 6.13 Lakh,Hatchback,"27,658 Kms",1st Owner,2021.0,20.52 kmpl,KA09,Petrol,Jan 2022,2021,Third Party,5 Speed,Manual,5 Seats,bangalore,1197 cc
₹ 11.45 Lakh,SUV,"26,000 Kms",1st Owner,2019.0,16.8 kmpl,KA51,Petrol,Nov 2019,2019,Comprehensive,6-Speed,Manual,5 Seats,bangalore,1497 cc
₹ 5.95 Lakh,Hatchback,"43,371 Kms",2nd Owner,2015.0,18.6 kmpl,KA05,Petrol,Mar 2015,2015,Comprehensive,5 Speed,Manual,5 Seats,bangalore,1197 cc
₹ 4.50 Lakh,SUV,"1,20,000 Kms",2nd Owner,2014.0,22.7 kmpl,KA01,Diesel,2014,2014,Third Party insurance,5 Speed,Manual,5 Seats,bangalore,1498 cc
₹ 5.99 Lakh,Hatchback,"67,633 Kms",1st Owner,2017.0,18.7 kmpl,KA20,Petrol,Sept 2017,2017,Third Party insurance,5 Speed,Manual,5 Seats,bangalore,1199 cc
₹ 6.25 Lakh,Hatchback,"76,794 Kms",1st Owner,2016.0,21.4 kmpl,KA01,Petrol,Jul 2016,2016,Third Party insurance,5 Speed,Manual,5 Seats,bangalore,1197 cc
₹ 7.50 Lakh,MUV,"1,20,000 Kms",1st Owner,2011.0,12.8 kmpl,KA04,Diesel,2011,2011,Third Party insurance,5 Speed,Manual,8 Seats,bangalore,2494 cc
₹ 21.65 Lakh,MUV,"59,577 Kms",1st Owner,2018.0,11.36 kmpl,KA03,Diesel,Apr 2018,2018,Comprehensive,6 Speed,Automatic,8 Seats,bangalore,2755 cc
₹ 4.45 Lakh,Sedan,"1,00,000 Kms",2nd Owner,2010.0,18.3 kmpl,KA41,Diesel,2010,2010,Third Party insurance,5 Speed,Manual,5 Seats,bangalore,1991 cc
₹ 1.20 Lakh,Sedan,"1,00,000 Kms",3rd Owner,2004.0,13.4 kmpl,KA02,Petrol,2004,2004,Third Party insurance,5 Speed,Manual,5 Seats,bangalore,2362 cc
₹ 3.20 Lakh,Hatchback,"50,000 Kms",2nd Owner,2012.0,20.36 kmpl,KA01,Petrol,2012,2012,Third Party insurance,5 Speed,Manual,5 Seats,bangalore,1197 cc
₹ 13.50 Lakh,SUV,"20,000 Kms",1st Owner,2022.0,,,Diesel,2022,2022,Third Party insurance,6-Speed,Automatic,5 Seats,bangalore,1493 cc
₹ 1.65 Lakh,Hatchback,"1,20,000 Kms",2nd Owner,2006.0,19.7 kmpl,KA03,Petrol,2006,2006,Third Party insurance,5 Speed,Manual,5 Seats,bangalore,796 cc
₹ 5.25 Lakh,Hatchback,"50,000 Kms",2nd Owner,2018.0,16.3 kmpl,,Petrol,2018,2018,Third Party insurance,5 Speed,Manual,5 Seats,bangalore,1368 cc
₹ 8.88 Lakh,SUV,"80,000 Kms",1st Owner,2015.0,19.67 kmpl,,Diesel,2015,2015,Third Party insurance,6 Speed,Manual,5 Seats,bangalore,1582 cc
₹ 5.75 Lakh,SUV,"80,000 Kms",2nd Owner,2015.0,18.49 kmpl,KA05,Diesel,Dec 2015,2015,Comprehensive,5 Speed,Manual,7 Seats,bangalore,1493 cc
₹ 7.07 Lakh,Sedan,"94,932 Kms",1st Owner,2017.0,28.4 kmpl,KA02,Diesel,Jun 2017,2017,Comprehensive,5 Speed,Manual,5 Seats,bangalore,1248 cc
₹ 5.93 Lakh,Hatchback,"75,140 Kms",1st Owner,2016.0,21.4 kmpl,KA03,Petrol,Aug 2016,2016,Comprehensive,5 Speed,Manual,5 Seats,bangalore,1197 cc
₹ 2.50 Lakh,Hatchback,"88,000 Kms",1st Owner,2011.0,18.6 kmpl,KA51,Petrol,Dec 2011,2011,Third Party insurance,5 Speed,Manual,5 Seats,bangalore,1199 cc
₹ 6.85 Lakh,Hatchback,"73,969 Kms",1st Owner,2016.0,18.6 kmpl,KA53,Petrol,Feb 2016,2016,Comprehensive,5 Speed,Manual,5 Seats,bangalore,1197 cc
₹ 6.99 Lakh,Sedan,"62,598 Kms",1st Owner,2016.0,17.01 kmpl,KA04,Petrol,Mar 2016,2016,Comprehensive,5 Speed,Manual,5 Seats,bangalore,1591 cc
₹ 12 Lakh,Sedan,"70,000 Kms",2nd Owner,2017.0,14.28 kmpl,KA41,Petrol,2017,2017,Third Party insurance,7 Speed,Automatic,5 Seats,bangalore,1798 cc
₹ 4.25 Lakh,Hatchback,"24,343 Kms",2nd Owner,2021.0,22.05 kmpl,KA51,Petrol,Mar 2021,2021,Zero Dep,5 Speed,Manual,5 Seats,bangalore,796 cc
₹ 3.80 Lakh,Hatchback,"1,10,000 Kms",2nd Owner,2014.0,22.07 kmpl,KA20,Diesel,2014,2014,Third Party insurance,5 Speed,Manual,5 Seats,bangalore,1199 cc
₹ 5.74 Lakh,Hatchback,"58,917 Kms",2nd Owner,2017.0,16.2 kmpl,KA19,Petrol,Jul 2017,2017,Third Party,5 Speed,Manual,5 Seats,bangalore,1199 cc
₹ 5.73 Lakh,Hatchback,"72,338 Kms",1st Owner,2016.0,22.38 kmpl,KA53,Petrol,Jan 2016,2016,Comprehensive,5-Speed,Manual,5 Seats,bangalore,1197 cc
"₹ 70,000 ",Hatchback,"50,000 Kms",1st Owner,2003.0,17.88 kmpl,KA05,Diesel,2003,2003,Third Party insurance,5 Speed,Manual,5 Seats,bangalore,1396 cc
₹ 6.85 Lakh,SUV,"1,10,000 Kms",3rd Owner,2015.0,16 kmpl,KA19,Diesel,2015,2015,Third Party insurance,6 Speed ,Manual,7 Seats,bangalore,2179 cc
₹ 4.25 Lakh,Hatchback,"41,000 Kms",2nd Owner,2012.0,18.4 kmpl,KA05,Petrol,Aug 2012,2012,Comprehensive,5 Speed,Automatic,5 Seats,bangalore,1198 cc
₹ 2.65 Lakh,Hatchback,"70,000 Kms",2nd Owner,2009.0,19.2 kmpl,KA01,Petrol,2009,2009,Third Party insurance,4 Speed,Automatic,5 Seats,bangalore,1197 cc
₹ 6 Lakh,Sedan,"25,887 Kms",1st Owner,2019.0,17.5 kmpl,KA03,Petrol,Jun 2019,2019,Comprehensive,5 Speed,Manual,5 Seats,bangalore,1298 cc
₹ 6.50 Lakh,Sedan,"40,000 Kms",1st Owner,2016.0,17.8 kmpl,TN10,Petrol,2016,2016,Third Party insurance,5 Speed,Manual,5 Seats,bangalore,1497 cc
₹ 4.30 Lakh,Hatchback,"50,000 Kms",1st Owner,2015.0,25.2 kmpl,,Diesel,2015,2015,Third Party insurance,5 Speed,Manual,5 Seats,bangalore,1248 cc
₹ 5.30 Lakh,Minivans,"10,000 Kms",1st Owner,2021.0,16.11 kmpl,KA03,Petrol,2021,2021,Third Party insurance,5 Speed,Manual,7 Seats,bangalore,1196 cc
₹ 10.75 Lakh,Hatchback,"20,000 Kms",1st Owner,2022.0,18.24 kmpl,KA04,Petrol,2022,2022,Third Party insurance,6 Speed,Manual,5 Seats,bangalore,999 cc
₹ 7.50 Lakh,Sedan,"60,000 Kms",2nd Owner,2017.0,17 kmpl,KA05,Petrol,2017,2017,Third Party insurance,6 Speed,Manual,5 Seats,bangalore,1591 cc
₹ 6.15 Lakh,Hatchback,"64,235 Kms",2nd Owner,2017.0,18.6 kmpl,KA53,Petrol,Jun 2017,2017,Third Party,5 Speed,Manual,5 Seats,bangalore,1197 cc
₹ 7.46 Lakh,Hatchback,"83,873 Kms",1st Owner,2018.0,27.39 kmpl,KA01,Diesel,May 2018,2018,Zero Dep,5 Speed,Manual,5 Seats,bangalore,1248 cc
₹ 3.70 Lakh,Sedan,"1,20,000 Kms",2nd Owner,2012.0,20.5 kmpl,KA05,Diesel,2012,2012,Third Party insurance,5 Speed,Manual,5 Seats,bangalore,1598 cc
₹ 6.67 Lakh,Sedan,"93,059 Kms",2nd Owner,2016.0,17.01 kmpl,KA03,Petrol,Apr 2016,2016,Comprehensive,5 Speed,Manual,5 Seats,bangalore,1591 cc
₹ 6.34 Lakh,Hatchback,"45,681 Kms",1st Owner,2017.0,21.4 kmpl,KA51,Petrol,May 2017,2017,Zero Dep,5 Speed,Manual,5 Seats,bangalore,1197 cc
"₹ 40,000 ",Sedan,"50,000 Kms",3rd Owner,,15 kmpl,KA01,Petrol,,1998,Third Party insurance,,Manual,5 Seats,bangalore,970 cc
₹ 5.79 Lakh,Hatchback,"45,938 Kms",2nd Owner,2017.0,18.7 kmpl,KA03,Petrol,Apr 2017,2017,Comprehensive,5 Speed,Manual,5 Seats,bangalore,1199 cc
₹ 5.10 Lakh,Hatchback,"40,000 Kms",1st Owner,2018.0,21.4 kmpl,WB26,Petrol,2018,2018,Third Party insurance,5 Speed,Manual,5 Seats,bangalore,1197 cc
₹ 6.34 Lakh,Hatchback,"57,423 Kms",2nd Owner,2018.0,22.38 kmpl,KA01,Petrol,Jun 2018,2018,Third Party insurance,5-Speed,Manual,5 Seats,bangalore,1197 cc
₹ 5.27 Lakh,Hatchback,"60,942 Kms",1st Owner,2015.0,18.9 kmpl,KA06,Petrol,Aug 2015,2015,Third Party,4 Speed,Automatic,5 Seats,bangalore,1197 cc
₹ 9 Lakh,SUV,"70,000 Kms",1st Owner,2018.0,13 kmpl,,Petrol,2018,2018,Third Party insurance,6 Speed,Automatic,5 Seats,bangalore,1591 cc
₹ 15 Lakh,SUV,"80,000 Kms",2nd Owner,2018.0,17.1 kmpl,KA51,Diesel,2018,2018,Third Party insurance,6 Speed,Manual,5 Seats,bangalore,1956 cc
₹ 30 Lakh,SUV,"19,875 Kms",1st Owner,2021.0,18.6 kmpl,KA04,Diesel,Jul 2021,2021,Comprehensive,8-Speed,Automatic,5 Seats,bangalore,1997 cc
₹ 27.50 Lakh,SUV,"20,000 Kms",1st Owner,2022.0,,KA53,Diesel,2022,2022,Third Party insurance,6-Speed,Automatic,7 Seats,bangalore,2198 cc
₹ 6.50 Lakh,Hatchback,"10,000 Kms",2nd Owner,2021.0,20.7 kmpl,WB08,Petrol,2021,2021,Third Party insurance,5-Speed,Manual,5 Seats,bangalore,1197 cc
₹ 9.65 Lakh,MUV,"1,20,000 Kms",2nd Owner,2012.0,12.99 kmpl,,Diesel,2012,2012,Third Party insurance,5 Speed,Manual,7 Seats,bangalore,2494 cc
₹ 36 Lakh,SUV,"20,000 Kms",1st Owner,2022.0,12.65 kmpl,,Petrol,2022,2022,Third Party insurance,7 Speed DCT,Automatic,5 Seats,bangalore,1984 cc
₹ 4 Lakh,Sedan,"1,20,000 Kms",4th Owner,2013.0,22.32 kmpl,KA50,Diesel,2013,2013,Third Party insurance,6 Speed ,Manual,5 Seats,bangalore,1582 cc
₹ 3 Lakh,Sedan,"50,000 Kms",1st Owner,2009.0,16 kmpl,KA04,Petrol,2009,2009,Third Party insurance,Five Speed Manual,Manual,5 Seats,bangalore,1368 cc
₹ 34 Lakh,Sedan,"30,000 Kms",1st Owner,2018.0,21.76 kmpl,KA51,Diesel,2018,2018,Third Party insurance,8 Speed,Automatic,5 Seats,bangalore,1995 cc
₹ 9.82 Lakh,Hatchback,"14,949 Kms",1st Owner,2020.0,20 kmpl,KA05,Petrol,Nov 2020,2020,Zero Dep,6 Speed IMT,Manual,5 Seats,bangalore,998 cc
₹ 6.74 Lakh,Hatchback,"77,995 Kms",1st Owner,2017.0,21.4 kmpl,KA53,Petrol,Dec 2017,2017,Comprehensive,CVT,Automatic,5 Seats,bangalore,1197 cc
₹ 8.10 Lakh,SUV,"20,000 Kms",1st Owner,2021.0,17.33 kmpl,,Petrol,2021,2021,Third Party insurance,6 Speed,Manual,5 Seats,bangalore,1199 cc
₹ 7.92 Lakh,Sedan,"40,908 Kms",1st Owner,2020.0,20.65 kmpl,KA02,Petrol,Nov 2020,2020,Comprehensive,5 Speed,Manual,5 Seats,bangalore,1462 cc
₹ 5.13 Lakh,Hatchback,"39,693 Kms",2nd Owner,2016.0,18.9 kmpl,KA01,Petrol,Jun 2016,2016,Comprehensive,4 Speed,Automatic,5 Seats,bangalore,1197 cc
₹ 3.60 Lakh,Sedan,"40,000 Kms",1st Owner,2010.0,16.2 kmpl,,Petrol,2010,2010,Third Party insurance,Five Speed Manual Transmission,Manual,5 Seats,bangalore,1599 cc
₹ 5.79 Lakh,Hatchback,"63,411 Kms",1st Owner,2016.0,22.38 kmpl,KA41,Petrol,Apr 2016,2016,Comprehensive,5-Speed,Manual,5 Seats,bangalore,1197 cc
₹ 5.50 Lakh,Hatchback,"30,000 Kms",1st Owner,2018.0,22 kmpl,,Petrol,2018,2018,Third Party insurance,5,Manual,5 Seats,bangalore,1197 cc
₹ 3.83 Lakh,Hatchback,"94,221 Kms",2nd Owner,2014.0,18.9 kmpl,KA04,Petrol,Jan 2014,2014,Comprehensive,5 Speed,Manual,5 Seats,bangalore,1197 cc
₹ 6.05 Lakh,Hatchback,"93,975 Kms",1st Owner,2017.0,18.6 kmpl,KA03,Petrol,Oct 2017,2017,Third Party insurance,5 Speed,Manual,5 Seats,bangalore,1197 cc
₹ 9.85 Lakh,SUV,"30,000 Kms",1st Owner,2019.0,16.82 kmpl,,Petrol,2019,2019,Third Party insurance,6 Speed,Manual,5 Seats,bangalore,1197 cc
₹ 9.35 Lakh,Hatchback,"30,155 Kms",2nd Owner,2020.0,18.24 kmpl,KA04,Petrol,Jan 2021,2020,Third Party,6 Speed,Manual,5 Seats,bangalore,999 cc
₹ 6.75 Lakh,Hatchback,"59,006 Kms",2nd Owner,2016.0,16.47 kmpl,KA04,Petrol,Aug 2016,2016,Third Party insurance,5 Speed,Manual,5 Seats,bangalore,1198 cc
₹ 1.35 Lakh,Hatchback,"1,00,000 Kms",4th Owner,2004.0,17.3 kmpl,KA02,Petrol,2004,2004,Third Party insurance,5 Speed,Manual,5 Seats,bangalore,993 cc
₹ 13.45 Lakh,SUV,"18,570 Kms",1st Owner,2022.0,16.35 kmpl,KA51,Petrol,Feb 2022,2022,Third Party,6-Speed,Automatic,5 Seats,bangalore,1199 cc
₹ 23.65 Lakh,MUV,"48,246 Kms",1st Owner,2021.0,12 kmpl,KA41,Diesel,Feb 2021,2021,Comprehensive,5 Speed,Manual,7 Seats,bangalore,2393 cc
₹ 32 Lakh,Sedan,"10,000 Kms",1st Owner,2017.0,19.27 kmpl,KA01,Diesel,2017,2017,Third Party insurance,7 Speed,Automatic,5 Seats,bangalore,2143 cc
₹ 7.34 Lakh,Hatchback,"61,263 Kms",1st Owner,2016.0,27.39 kmpl,KA05,Diesel,Aug 2016,2016,Third Party insurance,5 Speed,Manual,5 Seats,bangalore,1248 cc
₹ 7.01 Lakh,SUV,"65,507 Kms",2nd Owner,2017.0,17.5 kmpl,KA20,Petrol,Jun 2017,2017,Third Party,5 Speed,Manual,5 Seats,bangalore,1199 cc
₹ 5.35 Lakh,SUV,"1,00,000 Kms",1st Owner,2014.0,20.46 kmpl,,Diesel,2014,2014,Third Party insurance,5 speed,Manual,5 Seats,bangalore,1461 cc
₹ 7.89 Lakh,SUV,"26,158 Kms",1st Owner,2017.0,17.5 kmpl,KA03,Petrol,Jun 2017,2017,Comprehensive,5 Speed,Manual,5 Seats,bangalore,1199 cc
₹ 5.48 Lakh,Hatchback,"35,250 Kms",1st Owner,2015.0,22.38 kmpl,KA02,Petrol,Jul 2015,2015,Comprehensive,5-Speed,Manual,5 Seats,bangalore,1197 cc
₹ 3.50 Lakh,SUV,"65,965 Kms",1st Owner,2012.0,17.21 kmpl,KA51,Diesel,Dec 2012,2012,Comprehensive,5 Speed ,Manual,7 Seats,bangalore,1493 cc
₹ 4.77 Lakh,Hatchback,"40,304 Kms",2nd Owner,2015.0,25.24 kmpl,KA53,Petrol,Nov 2015,2015,Comprehensive,5-Speed,Manual,5 Seats,bangalore,998 cc
₹ 15.25 Lakh,SUV,"80,000 Kms",1st Owner,2013.0,12.35 kmpl,KA02,Diesel,Aug 2013,2013,Comprehensive,6 Speed,Automatic,5 Seats,bangalore,2179 cc
₹ 5.15 Lakh,Hatchback,"56,661 Kms",1st Owner,2014.0,22.38 kmpl,KA05,Petrol,Apr 2014,2014,Comprehensive,5-Speed,Manual,5 Seats,bangalore,1197 cc
₹ 5.62 Lakh,Hatchback,"90,213 Kms",2nd Owner,2016.0,18.6 kmpl,KA05,Petrol,Jun 2016,2016,Comprehensive,5 Speed,Manual,5 Seats,bangalore,1197 cc
₹ 3.45 Lakh,Sedan,"70,000 Kms",3rd Owner,2010.0,15.04 kmpl,KA01,Petrol,2010,2010,Third Party insurance,5 Speed,Manual,5 Seats,bangalore,1598 cc
₹ 4.75 Lakh,Sedan,"1,20,000 Kms",4th Owner,2013.0,22.32 kmpl,KA50,Diesel,2013,2013,Third Party insurance,6 Speed ,Manual,5 Seats,bangalore,1582 cc
₹ 6.70 Lakh,SUV,"10,000 Kms",2nd Owner,2021.0,18.75 kmpl,KA01,Petrol,2021,2021,Third Party insurance,5 Speed,Manual,5 Seats,bangalore,999 cc
₹ 9.50 Lakh,Hatchback,"20,739 Kms",1st Owner,2021.0,17.1 kmpl,KA04,Petrol,Jan 2021,2021,Comprehensive,7 Speed,Automatic,5 Seats,bangalore,1199 cc
₹ 7 Lakh,Hatchback,"20,000 Kms",2nd Owner,2020.0,18.6 kmpl,KA04,Petrol,2020,2020,Third Party insurance,5 Speed,Manual,5 Seats,bangalore,1197 cc
"₹ 80,000 ",Sedan,"70,000 Kms",1st Owner,2004.0,14.2 kmpl,MH31,Petrol,2004,2004,Third Party insurance,5 Speed,Manual,5 Seats,bangalore,1389 cc
₹ 15 Lakh,SUV,"10,000 Kms",1st Owner,2021.0,15.2 kmpl,KA50,Petrol,2021,2021,Third Party insurance,6 Speed,Automatic,4 Seats,bangalore,1997 cc
₹ 3.70 Lakh,Sedan,"60,000 Kms",3rd Owner,2009.0,18.3 kmpl,,Diesel,2009,2009,Third Party insurance,5 Speed,Manual,5 Seats,bangalore,1991 cc
₹ 32 Lakh,Sedan,"10,000 Kms",1st Owner,2017.0,19.27 kmpl,,Diesel,2017,2017,Third Party insurance,7 Speed,Automatic,5 Seats,bangalore,2143 cc
₹ 5.50 Lakh,Hatchback,"70,000 Kms",1st Owner,2015.0,22.54 kmpl,KA51,Diesel,2015,2015,Third Party insurance,6 Speed,Manual,5 Seats,bangalore,1396 cc
₹ 5.81 Lakh,Hatchback,"47,127 Kms",2nd Owner,2015.0,18.6 kmpl,KA51,Petrol,Oct 2015,2015,Comprehensive,5 Speed,Manual,5 Seats,bangalore,1197 cc
₹ 5.82 Lakh,Hatchback,"47,038 Kms",1st Owner,2017.0,20.4 kmpl,KA41,Petrol,Jul 2017,2017,Comprehensive,5 Speed,Manual,5 Seats,bangalore,1197 cc
₹ 1.85 Lakh,Sedan,"1,20,000 Kms",3rd Owner,2007.0,17.7 kmpl,KA03,Petrol,2007,2007,Third Party insurance,5 Speed,Manual,5 Seats,bangalore,1497 cc
₹ 5.31 Lakh,Hatchback,"40,769 Kms",1st Owner,2018.0,18.9 kmpl,KA03,Petrol,Sept 2018,2018,Third Party,5 Speed,Manual,5 Seats,bangalore,1197 cc
₹ 5.58 Lakh,Hatchback,"34,757 Kms",1st Owner,2017.0,18.9 kmpl,KA05,Petrol,Oct 2017,2017,Comprehensive,5 Speed,Manual,5 Seats,bangalore,1197 cc
₹ 1.55 Lakh,Hatchback,"1,00,000 Kms",3rd Owner,2006.0,17 kmpl,KA02,Petrol,2006,2006,Third Party insurance,,Manual,5 Seats,bangalore,1086 cc
₹ 5.08 Lakh,Hatchback,"88,119 Kms",2nd Owner,2016.0,18.9 kmpl,KA05,Petrol,Jul 2016,2016,Comprehensive,4 Speed,Automatic,5 Seats,bangalore,1197 cc
₹ 20.60 Lakh,SUV,"1,20,000 Kms",1st Owner,2015.0,12.55 kmpl,KL60,Diesel,2015,2015,Third Party insurance,5 Speed,Automatic,7 Seats,bangalore,2982 cc
₹ 5.42 Lakh,Hatchback,"57,176 Kms",1st Owner,2017.0,18.9 kmpl,KA03,Petrol,Jun 2017,2017,Third Party,5 Speed,Manual,5 Seats,bangalore,1197 cc
₹ 5.01 Lakh,Hatchback,"62,223 Kms",2nd Owner,2015.0,22.38 kmpl,KA35,Petrol,Dec 2015,2015,Comprehensive,5-Speed,Manual,5 Seats,bangalore,1197 cc
₹ 8.75 Lakh,MUV,"55,000 Kms",1st Owner,2018.0,19.34 kmpl,KA02,Petrol,Sept 2018,2018,Third Party insurance,5 Speed,Manual,7 Seats,bangalore,1462 cc
₹ 13.70 Lakh,SUV,"52,000 Kms",1st Owner,2020.0,,KA02,Diesel,May 2020,2020,Third Party insurance,6 Speed,Manual,7 Seats,bangalore,2179 cc
₹ 4.85 Lakh,Minivans,"63,251 Kms",1st Owner,2018.0,16.11 kmpl,KA04,Petrol,Apr 2019,2018,Comprehensive,5 Speed,Manual,5 Seats,bangalore,1196 cc
₹ 3 Lakh,Hatchback,"20,000 Kms",3rd Owner,2010.0,20.36 kmpl,KA03,Petrol,2010,2010,Third Party insurance,5 Speed,Manual,5 Seats,bangalore,1197 cc
₹ 3.50 Lakh,Sedan,"60,000 Kms",3rd Owner,2009.0,18.3 kmpl,KA02,Diesel,2009,2009,Third Party insurance,5 Speed,Manual,5 Seats,bangalore,1991 cc
₹ 32.50 Lakh,SUV,"20,000 Kms",1st Owner,2021.0,18.6 kmpl,WB12,Diesel,2021,2021,Third Party insurance,8-Speed,Automatic,5 Seats,bangalore,1997 cc
"₹ 55,000 ",Sedan,"80,000 Kms",2nd Owner,2004.0,14.2 kmpl,,Petrol,2004,2004,Third Party insurance,5 Speed,Manual,5 Seats,bangalore,1597 cc
₹ 6.30 Lakh,Hatchback,"40,000 Kms",1st Owner,2018.0,18.9 kmpl,,Petrol,2018,2018,Third Party insurance,4 Speed,Automatic,5 Seats,bangalore,1197 cc
₹ 24.75 Lakh,SUV,"20,000 Kms",1st Owner,2022.0,14.08 kmpl,KA03,Diesel,2022,2022,Third Party insurance,6-Speed,Automatic,7 Seats,bangalore,1956 cc
₹ 4.17 Lakh,Hatchback,"67,444 Kms",1st Owner,2012.0,18.5 kmpl,KA02,Petrol,Sept 2012,2012,Third Party insurance,5 Speed,Manual,5 Seats,bangalore,1197 cc
₹ 6.31 Lakh,Hatchback,"63,837 Kms",2nd Owner,2016.0,21.4 kmpl,KA05,Petrol,Aug 2016,2016,Comprehensive,CVT,Automatic,5 Seats,bangalore,1197 cc
₹ 4.65 Lakh,MUV,"61,000 Kms",2nd Owner,2012.0,14 kmpl,KA02,Diesel,Dec 2012,2012,Comprehensive,5 Speed,Manual,7 Seats,bangalore,2498 cc
₹ 5.44 Lakh,Hatchback,"60,777 Kms",1st Owner,2016.0,22.38 kmpl,KA05,Petrol,Dec 2016,2016,Third Party insurance,5-Speed,Manual,5 Seats,bangalore,1197 cc
₹ 7.04 Lakh,Hatchback,"39,248 Kms",2nd Owner,2016.0,21.4 kmpl,KA05,Petrol,Mar 2016,2016,Third Party insurance,5 Speed,Manual,5 Seats,bangalore,1197 cc
₹ 19.75 Lakh,Sedan,"66,000 Kms",1st Owner,2014.0,18.12 kmpl,KA51,Diesel,Jul 2014,2014,Comprehensive,8 Speed,Automatic,5 Seats,bangalore,1995 cc
₹ 3.59 Lakh,Hatchback,"96,198 Kms",1st Owner,2015.0,19.4 kmpl,KA04,Petrol,Oct 2015,2015,Comprehensive,5 Speed,Manual,5 Seats,bangalore,1198 cc
₹ 5.20 Lakh,Sedan,"50,000 Kms",2nd Owner,2013.0,16.8 kmpl,KA05,Petrol,2013,2013,Third Party insurance,5 Speed AT+ Paddle Shifters,Automatic,5 Seats,bangalore,1497 cc
₹ 3.35 Lakh,Hatchback,"81,207 Kms",3rd Owner,2015.0,20.51 kmpl,KA41,Petrol,Sept 2015,2015,Comprehensive,5 Speed,Manual,5 Seats,bangalore,998 cc
₹ 7.66 Lakh,Hatchback,"48,148 Kms",1st Owner,2021.0,22.38 kmpl,KA02,Petrol,Apr 2021,2021,Third Party,5-Speed,Manual,5 Seats,bangalore,1197 cc
₹ 3.50 Lakh,Hatchback,"1,20,000 Kms",1st Owner,2015.0,23.1 kmpl,,Petrol,2015,2015,Third Party insurance,5 Speed ,Manual,5 Seats,bangalore,998 cc
₹ 4.80 Lakh,Sedan,"90,000 Kms",3rd Owner,2018.0,20.65 kmpl,KA22,Diesel,2018,2018,Third Party insurance,5 Speed,Manual,5 Seats,bangalore,1248 cc
₹ 8.22 Lakh,SUV,"60,000 Kms",2nd Owner,2017.0,18.06 kmpl,,Diesel,2017,2017,Third Party insurance,5 Speed,Manual,7 Seats,bangalore,2523 cc
₹ 1.90 Lakh,Sedan,"1,20,000 Kms",4th Owner,2009.0,16 kmpl,KA51,Petrol,2009,2009,Third Party insurance,Five Speed Manual,Manual,5 Seats,bangalore,1368 cc
₹ 6 Lakh,Sedan,"70,000 Kms",3rd Owner,2008.0,11.7 kmpl,KA03,Petrol,2008,2008,Third Party insurance,5 Speed,Automatic,5 Seats,bangalore,2354 cc
₹ 9.95 Lakh,SUV,"30,000 Kms",1st Owner,2022.0,20.1 kmpl,VK28,Diesel,2022,2022,Third Party insurance,6 Speed,Manual,5 Seats,bangalore,1497 cc
₹ 1.20 Lakh,Hatchback,"30,000 Kms",3rd Owner,,14 kmpl,KA04,Petrol,,2001,Third Party insurance,4 Speed,Manual,5 Seats,bangalore,796 cc
₹ 5.75 Lakh,SUV,"1,20,000 Kms",2nd Owner,2013.0,19.01 kmpl,KA53,Diesel,2013,2013,Third Party insurance,6 Speed,Manual,5 Seats,bangalore,1461 cc
₹ 37.95 Lakh,SUV,"64,389 Kms",2nd Owner,2018.0,17.9 kmpl,KA05,Diesel,Mar 2018,2018,Comprehensive,9 Speed,Automatic,5 Seats,bangalore,2143 cc
₹ 2.60 Lakh,Hatchback,"60,000 Kms",2nd Owner,2014.0,22.74 kmpl,KA51,Petrol,2014,2014,Third Party insurance,5 Speed,Manual,5 Seats,bangalore,796 cc
₹ 5.39 Lakh,Hatchback,"67,245 Kms",1st Owner,2015.0,22.38 kmpl,KA51,Petrol,May 2015,2015,Comprehensive,5-Speed,Manual,5 Seats,bangalore,1197 cc
₹ 10.06 Lakh,Sedan,"30,518 Kms",2nd Owner,2018.0,17 kmpl,KA05,Petrol,Jun 2018,2018,Zero Dep,6 Speed,Automatic,5 Seats,bangalore,1591 cc
₹ 39 Lakh,Sedan,"20,000 Kms",1st Owner,2022.0,,KA03,Petrol,2022,2022,Third Party insurance,7-Speed DCT,Automatic,5 Seats,bangalore,1332 cc
₹ 7.96 Lakh,Sedan,"1,02,407 Kms",1st Owner,2018.0,28.09 kmpl,KA63,Diesel,Jun 2018,2018,Third Party,5 Speed,Manual,5 Seats,bangalore,1248 cc
₹ 6.36 Lakh,Hatchback,"53,606 Kms",1st Owner,2015.0,18.6 kmpl,KA51,Petrol,Dec 2015,2015,Zero Dep,5 Speed,Manual,5 Seats,bangalore,1197 cc
₹ 14 Lakh,SUV,"90,000 Kms",1st Owner,2015.0,17.67 kmpl,KA03,Diesel,2015,2015,Third Party insurance,6 Speed,Manual,5 Seats,bangalore,1968 cc
₹ 6.15 Lakh,Hatchback,"44,253 Kms",2nd Owner,2016.0,21.4 kmpl,KA53,Petrol,Jan 2017,2016,Comprehensive,5 Speed,Manual,5 Seats,bangalore,1197 cc
₹ 5 Lakh,Minivans,"40,000 Kms",1st Owner,2021.0,20.88 km/kg,,CNG,2021,2021,Third Party insurance,5 Speed,Manual,5 Seats,bangalore,1196 cc
₹ 7.18 Lakh,Hatchback,"34,702 Kms",1st Owner,2021.0,19.01 kmpl,KA06,Petrol,Jun 2021,2021,Third Party,5-Speed,Manual,5 Seats,bangalore,1199 cc
₹ 4.36 Lakh,Hatchback,"42,762 Kms",1st Owner,2012.0,22.38 kmpl,KA04,Petrol,Sept 2012,2012,Third Party,5-Speed,Manual,5 Seats,bangalore,1197 cc
₹ 2.80 Lakh,Hatchback,"50,000 Kms",2nd Owner,2015.0,23.95 kmpl,,Petrol,2015,2015,Third Party insurance,5 Speed,Manual,5 Seats,bangalore,998 cc
₹ 7.80 Lakh,MUV,"30,000 Kms",1st Owner,2022.0,18.2 kmpl,KA53,Petrol,2022,2022,Third Party insurance,5 Speed,Automatic,7 Seats,bangalore,999 cc
₹ 9 Lakh,SUV,"80,000 Kms",2nd Owner,2016.0,16 kmpl,UP16,Diesel,2016,2016,Third Party insurance,6 Speed,Automatic,7 Seats,bangalore,1997 cc
₹ 13 Lakh,MUV,"20,000 Kms",1st Owner,2022.0,26.11 kmpl,KA51,CNG,2022,2022,Third Party insurance,5-Speed,Manual,7 Seats,bangalore,1462 cc
₹ 3 Lakh,Sedan,"50,000 Kms",2nd Owner,2014.0,22.1 kmpl,,CNG,2014,2014,Third Party insurance,5 Speed,Manual,5 Seats,bangalore,1586 cc
₹ 36.75 Lakh,Sedan,"28,000 Kms",1st Owner,2019.0,13.5 kmpl,KA51,Petrol,Sept 2019,2019,Comprehensive,8 Speed,Automatic,5 Seats,bangalore,1999 cc
₹ 6.70 Lakh,Sedan,"40,000 Kms",1st Owner,2020.0,21.21 kmpl,KA05,Petrol,2020,2020,Third Party insurance,5 Speed,Manual,5 Seats,bangalore,1197 cc
₹ 9 Lakh,Hatchback,"10,000 Kms",1st Owner,2020.0,21.01 kmpl,KA53,Petrol,2020,2020,Third Party insurance,5 Speed,Manual,5 Seats,bangalore,1197 cc
₹ 6 Lakh,Hatchback,"60,000 Kms",1st Owner,2016.0,21.4 kmpl,KA05,Petrol,2016,2016,Third Party insurance,5 Speed,Manual,5 Seats,bangalore,1197 cc
₹ 1.10 Lakh,Hatchback,"1,10,000 Kms",4th Owner,2008.0,18 kmpl,KA01,Petrol,2008,2008,Third Party insurance,5 Speed,Manual,5 Seats,bangalore,995 cc
₹ 6.05 Lakh,Hatchback,"57,459 Kms",1st Owner,2016.0,18.6 kmpl,KA53,Petrol,Jan 2017,2016,Third Party insurance,5 Speed,Manual,5 Seats,bangalore,1197 cc
₹ 5.59 Lakh,Hatchback,"70,381 Kms",1st Owner,2017.0,18.9 kmpl,KA50,Petrol,Jan 2018,2017,Zero Dep,5 Speed,Manual,5 Seats,bangalore,1197 cc
₹ 2.68 Lakh,Hatchback,"90,000 Kms",3rd Owner,2012.0,22.07 kmpl,KA51,Diesel,2012,2012,Third Party insurance,5 Speed,Manual,5 Seats,bangalore,1199 cc
₹ 7.80 Lakh,Sedan,"80,648 Kms",1st Owner,2020.0,20.65 kmpl,KA27,Petrol,Jun 2020,2020,Comprehensive,5 Speed,Manual,5 Seats,bangalore,1462 cc
₹ 8.64 Lakh,SUV,"81,853 Kms",2nd Owner,2016.0,13 kmpl,KA01,Petrol,Aug 2016,2016,Comprehensive,6 Speed,Manual,5 Seats,bangalore,1591 cc
₹ 2.40 Lakh,Hatchback,"40,000 Kms",1st Owner,2009.0,17.92 kmpl,KA53,Petrol,2009,2009,Third Party insurance,5 Speed,Manual,5 Seats,bangalore,1086 cc
₹ 3.41 Lakh,Hatchback,"90,802 Kms",1st Owner,2012.0,19.4 kmpl,KA25,Petrol,May 2012,2012,Comprehensive,5 Speed,Manual,5 Seats,bangalore,1198 cc
₹ 2.40 Lakh,Hatchback,"40,000 Kms",1st Owner,2009.0,17.92 kmpl,KA53,Petrol,2009,2009,Third Party insurance,5 Speed,Manual,5 Seats,bangalore,1086 cc
₹ 5.13 Lakh,Hatchback,"16,502 Kms",1st Owner,2021.0,20.3 kmpl,KA14,Petrol,Sept 2021,2021,Zero Dep,5 Speed,Manual,5 Seats,bangalore,1086 cc
₹ 6.61 Lakh,Hatchback,"31,530 Kms",1st Owner,2021.0,20.89 kmpl,KA63,Petrol,Aug 2021,2021,Third Party,5 Speed,Manual,5 Seats,bangalore,1197 cc
₹ 8 Lakh,MUV,"1,20,000 Kms",2nd Owner,2017.0,24.52 kmpl,,Diesel,2017,2017,Third Party insurance,5 Speed,Manual,7 Seats,bangalore,1248 cc
₹ 5.20 Lakh,Hatchback,"80,000 Kms",2nd Owner,2015.0,25.2 kmpl,KA04,Diesel,2015,2015,Third Party insurance,5 Speed,Manual,5 Seats,bangalore,1248 cc
₹ 6 Lakh,Sedan,"71,086 Kms",1st Owner,2014.0,18 kmpl,KA03,Petrol,Oct 2014,2014,Comprehensive,5 Speed CVT,Automatic,5 Seats,bangalore,1497 cc
₹ 3 Lakh,Hatchback,"1,10,000 Kms",2nd Owner,2011.0,21.1 kmpl,,Diesel,2011,2011,Third Party insurance,5-Speed,Manual,5 Seats,bangalore,1248 cc
₹ 37.50 Lakh,SUV,"50,000 Kms",1st Owner,2020.0,10.91 kmpl,KA51,Diesel,Jul 2020,2020,Comprehensive,6 Speed,Automatic,7 Seats,bangalore,3198 cc
₹ 12.95 Lakh,Hatchback,"18,000 Kms",1st Owner,2021.0,20.25 kmpl,KA51,Petrol,Jul 2021,2021,Comprehensive,7 Speed,Automatic,5 Seats,bangalore,998 cc
₹ 6.30 Lakh,Sedan,"60,000 Kms",2nd Owner,2014.0,17.4 kmpl,KA03,Petrol,2014,2014,Third Party insurance,5 Speed ,Manual,5 Seats,bangalore,1497 cc
₹ 4.75 Lakh,MUV,"1,20,000 Kms",3rd Owner,2016.0,13.58 kmpl,KA32,Diesel,2016,2016,Third Party insurance,5 Speed,Manual,10 Seats,bangalore,2499 cc
₹ 2.75 Lakh,Hatchback,"70,000 Kms",2nd Owner,2011.0,20.36 kmpl,KA02,Petrol,2011,2011,Third Party insurance,5 Speed,Manual,5 Seats,bangalore,1197 cc
₹ 5.75 Lakh,Hatchback,"25,000 Kms",4th Owner,2016.0,19 kmpl,KA51,Petrol,Jul 2016,2016,Comprehensive,5 Speed,Automatic,5 Seats,bangalore,1199 cc
₹ 3.38 Lakh,Hatchback,"69,210 Kms",1st Owner,2012.0,19.4 kmpl,KA01,Petrol,Jun 2012,2012,Third Party,5 Speed,Manual,5 Seats,bangalore,1198 cc
₹ 6.04 Lakh,Hatchback,"71,165 Kms",2nd Owner,2018.0,18.7 kmpl,KA04,Petrol,Aug 2018,2018,Comprehensive,5 Speed,Manual,5 Seats,bangalore,1199 cc
₹ 1.30 Crore,SUV,"10,000 Kms",1st Owner,2022.0,10.54 kmpl,,Petrol,2022,2022,Third Party insurance,8-Speed Steptronic,Automatic,7 Seats,bangalore,2998 cc
₹ 3.27 Lakh,Sedan,"86,543 Kms",3rd Owner,2010.0,19.3 kmpl,KA51,Diesel,Oct 2010,2010,Third Party insurance,5 Speed,Manual,5 Seats,bangalore,1248 cc
₹ 6.21 Lakh,Hatchback,"67,225 Kms",1st Owner,2016.0,21.4 kmpl,KA03,Petrol,Feb 2016,2016,Third Party,CVT,Automatic,5 Seats,bangalore,1197 cc
₹ 2.40 Lakh,Hatchback,"1,00,000 Kms",3rd Owner,2017.0,25 kmpl,KA03,Diesel,2017,2017,Third Party insurance,5 Speed,Manual,5 Seats,bangalore,1396 cc
₹ 6.21 Lakh,Hatchback,"16,247 Kms",1st Owner,2018.0,18.9 kmpl,KA03,Petrol,Nov 2018,2018,Zero Dep,5 Speed,Manual,5 Seats,bangalore,1197 cc
₹ 1.40 Lakh,Sedan,"80,000 Kms",2nd Owner,2007.0,15.7 kmpl,KA01,Petrol,2007,2007,Third Party insurance,5 Speed,Manual,5 Seats,bangalore,1390 cc
₹ 7.08 Lakh,Hatchback,"39,481 Kms",2nd Owner,2017.0,21.4 kmpl,KA03,Petrol,Sept 2017,2017,Zero Dep,CVT,Automatic,5 Seats,bangalore,1197 cc
₹ 4.43 Lakh,Hatchback,"61,227 Kms",2nd Owner,2018.0,25.24 kmpl,KA50,Petrol,Sept 2018,2018,Third Party,5-Speed,Manual,5 Seats,bangalore,998 cc
₹ 1.80 Lakh,Sedan,"80,000 Kms",4th Owner,2006.0,17.7 kmpl,KA03,Petrol,2006,2006,Third Party insurance,5 Speed,Manual,5 Seats,bangalore,1497 cc
₹ 7 Lakh,SUV,"1,12,521 Kms",1st Owner,2016.0,19.01 kmpl,KA05,Diesel,May 2016,2016,Comprehensive,6 Speed,Manual,5 Seats,bangalore,1461 cc
₹ 18 Lakh,SUV,"20,000 Kms",1st Owner,2020.0,17.41 kmpl,KA02,Diesel,2020,2020,Third Party insurance,6 Speed,Manual,5 Seats,bangalore,1956 cc
₹ 14.50 Lakh,Sedan,"20,000 Kms",1st Owner,2021.0,18.3 kmpl,,Petrol,2021,2021,Third Party insurance,CVT,Automatic,5 Seats,bangalore,1498 cc
₹ 5.20 Lakh,Sedan,"60,000 Kms",2nd Owner,2016.0,17 kmpl,,Petrol,2016,2016,Third Party insurance,5 Speed,Manual,5 Seats,bangalore,1198 cc
₹ 4.70 Lakh,Hatchback,"40,000 Kms",2nd Owner,2018.0,23.84 kmpl,KA04,Petrol,2018,2018,Third Party insurance,5 Speed,Manual,5 Seats,bangalore,1199 cc
₹ 6 Lakh,SUV,"50,000 Kms",1st Owner,2016.0,19.64 kmpl,KA01,Diesel,2016,2016,Third Party insurance,6 Speed,Manual,5 Seats,bangalore,1461 cc
₹ 18.50 Lakh,SUV,"1,00,000 Kms",2nd Owner,2016.0,15.17 kmpl,,Diesel,2016,2016,Third Party insurance,7-Speed S-Tronic,Automatic,5 Seats,bangalore,1968 cc
₹ 4.60 Lakh,Hatchback,"20,000 Kms",2nd Owner,2017.0,140 kmpl,KA05,Electric,2017,2017,Third Party insurance,Direct Drive,Automatic,4 Seats,bangalore,72 cc
"₹ 75,000 ",Sedan,"1,10,000 Kms",2nd Owner,2003.0,13.8 kmpl,,Petrol,2003,2003,Third Party insurance,5 Speed,Manual,5 Seats,bangalore,1589 cc
₹ 6.49 Lakh,Hatchback,"63,359 Kms",2nd Owner,2017.0,21.4 kmpl,KA01,Petrol,Aug 2017,2017,Third Party,5 Speed,Manual,5 Seats,bangalore,1197 cc
₹ 6.57 Lakh,Hatchback,"1,25,227 Kms",2nd Owner,2017.0,22.54 kmpl,KA03,Diesel,Sept 2017,2017,Zero Dep,6 Speed,Manual,5 Seats,bangalore,1396 cc
₹ 4.20 Lakh,Hatchback,"1,00,000 Kms",2nd Owner,2012.0,22.07 kmpl,KA01,Diesel,2012,2012,Third Party insurance,5 Speed,Manual,5 Seats,bangalore,1199 cc
₹ 6.29 Lakh,Hatchback,"71,884 Kms",2nd Owner,2015.0,25.2 kmpl,KA03,Diesel,Aug 2015,2015,Third Party insurance,5 Speed,Manual,5 Seats,bangalore,1248 cc
₹ 3.22 Lakh,Hatchback,"79,059 Kms",2nd Owner,2012.0,19.4 kmpl,KA51,Petrol,Jun 2012,2012,Third Party insurance,5 Speed,Manual,5 Seats,bangalore,1198 cc
₹ 6.20 Lakh,Hatchback,"80,000 Kms",2nd Owner,2016.0,21.4 kmpl,KA04,Petrol,2016,2016,Third Party insurance,5 Speed,Manual,5 Seats,bangalore,1197 cc
₹ 4.35 Lakh,Hatchback,"69,124 Kms",1st Owner,2013.0,22.38 kmpl,KA25,Petrol,Jan 2014,2013,Third Party,5-Speed,Manual,5 Seats,bangalore,1197 cc
₹ 9.60 Lakh,MUV,"1,20,000 Kms",4th Owner,2012.0,12.99 kmpl,,Diesel,2012,2012,Third Party insurance,5 Speed,Manual,8 Seats,bangalore,2494 cc
₹ 3.17 Lakh,Hatchback,"73,340 Kms",1st Owner,2010.0,18.5 kmpl,KA05,Petrol,Dec 2010,2010,Comprehensive,5 Speed,Manual,5 Seats,bangalore,1197 cc
₹ 5.74 Lakh,Hatchback,"44,268 Kms",2nd Owner,2017.0,18.9 kmpl,KA04,Petrol,Jan 2018,2017,Comprehensive,5 Speed,Manual,5 Seats,bangalore,1197 cc
₹ 7.80 Lakh,Hatchback,"10,000 Kms",1st Owner,2022.0,19.3 kmpl,KA51,Petrol,2022,2022,Third Party insurance,5 Speed,Manual,5 Seats,bangalore,1198 cc
₹ 8 Lakh,Hatchback,"60,000 Kms",1st Owner,2018.0,18.7 kmpl,KA01,Petrol,2018,2018,Third Party insurance,5 Speed,Manual,5 Seats,bangalore,1199 cc
₹ 9.25 Lakh,Sedan,"30,000 Kms",1st Owner,2020.0,18.6 kmpl,KL58,Petrol,2020,2020,Third Party insurance,6 Speed,Manual,5 Seats,bangalore,1498 cc
₹ 7.75 Lakh,Sedan,"50,000 Kms",1st Owner,2017.0,20.73 kmpl,KA02,Petrol,2017,2017,Third Party insurance,5 Speed,Manual,5 Seats,bangalore,1373 cc
"₹ 70,000 ",Hatchback,"80,000 Kms",2nd Owner,2011.0,26 kmpl,KA03,Petrol,2011,2011,Third Party insurance,4 Speed,Manual,4 Seats,bangalore,624 cc
₹ 5 Lakh,SUV,"70,000 Kms",2nd Owner,2014.0,19.01 kmpl,MP20,Diesel,2014,2014,Third Party insurance,6 Speed,Manual,5 Seats,bangalore,1461 cc
₹ 3.50 Lakh,Sedan,"1,20,000 Kms",2nd Owner,2009.0,19.3 kmpl,KA03,Diesel,2009,2009,Third Party insurance,5 Speed,Manual,5 Seats,bangalore,1248 cc
₹ 11.25 Lakh,MUV,"1,20,000 Kms",2nd Owner,2012.0,12.99 kmpl,KA03,Diesel,2012,2012,Third Party insurance,5 Speed,Manual,7 Seats,bangalore,2494 cc
₹ 8.30 Lakh,Sedan,"20,000 Kms",2nd Owner,2020.0,18.3 kmpl,,Petrol,2020,2020,Third Party insurance,CVT,Automatic,5 Seats,bangalore,1199 cc
₹ 14.75 Lakh,SUV,"37,354 Kms",1st Owner,2020.0,17.8 kmpl,KA01,Diesel,Jun 2020,2020,Third Party,6-Speed,Automatic,5 Seats,bangalore,1493 cc
₹ 8.34 Lakh,SUV,"80,426 Kms",2nd Owner,2014.0,15.1 kmpl,KA51,Diesel,Nov 2014,2014,Comprehensive,6 Speed ,Manual,7 Seats,bangalore,2179 cc
₹ 6.74 Lakh,Sedan,"89,801 Kms",1st Owner,2016.0,20.73 kmpl,KA05,Petrol,Sept 2016,2016,Comprehensive,5 Speed,Manual,5 Seats,bangalore,1373 cc
"₹ 65,000 ",Sedan,"1,20,000 Kms",4th Owner,2004.0,14.2 kmpl,KA03,Petrol,2004,2004,Third Party insurance,5 Speed,Manual,5 Seats,bangalore,1389 cc
₹ 5.47 Lakh,Hatchback,"69,199 Kms",2nd Owner,2019.0,18.9 kmpl,KA53,Petrol,Aug 2019,2019,Zero Dep,5 Speed,Manual,5 Seats,bangalore,1197 cc
₹ 4.13 Lakh,Hatchback,"78,249 Kms",3rd Owner,2012.0,22.38 kmpl,KA53,Petrol,Nov 2012,2012,Third Party insurance,5-Speed,Manual,5 Seats,bangalore,1197 cc
₹ 23.25 Lakh,MUV,"26,918 Kms",1st Owner,2018.0,13.68 kmpl,KA51,Diesel,Sept 2018,2018,Comprehensive,5 Speed,Manual,8 Seats,bangalore,2393 cc
₹ 7.09 Lakh,Hatchback,"29,905 Kms",1st Owner,2021.0,22.38 kmpl,KA59,Petrol,Aug 2021,2021,Zero Dep,5-Speed,Manual,5 Seats,bangalore,1197 cc
₹ 22.95 Lakh,MUV,"37,678 Kms",2nd Owner,2018.0,11.36 kmpl,KA03,Diesel,Aug 2018,2018,Comprehensive,6 Speed,Automatic,7 Seats,bangalore,2755 cc
₹ 5.28 Lakh,Hatchback,"60,442 Kms",2nd Owner,2017.0,18.7 kmpl,KA05,Petrol,Mar 2017,2017,Comprehensive,5 Speed,Manual,5 Seats,bangalore,1199 cc
₹ 6.91 Lakh,SUV,"66,463 Kms",1st Owner,2014.0,20.45 kmpl,KA53,Diesel,May 2014,2014,Comprehensive,5 speed,Manual,5 Seats,bangalore,1461 cc
₹ 11.45 Lakh,Sedan,"40,844 Kms",1st Owner,2020.0,16.24 kmpl,KA04,Petrol,Dec 2020,2020,Comprehensive,6 Speed,Automatic,5 Seats,bangalore,999 cc
₹ 8.55 Lakh,Hatchback,"62,696 Kms",1st Owner,2021.0,,KA06,Petrol,Feb 2021,2021,Third Party,6 Speed,Manual,5 Seats,bangalore,999 cc
₹ 8 Lakh,Hatchback,"30,000 Kms",1st Owner,2021.0,21.21 kmpl,KL60,Petrol,2021,2021,Third Party insurance,5,Automatic,5 Seats,bangalore,1197 cc
₹ 5.50 Lakh,Sedan,"44,000 Kms",1st Owner,2017.0,18.16 kmpl,KA04,Petrol,Aug 2017,2017,Comprehensive,5 Speed,Manual,5 Seats,bangalore,1196 cc
₹ 4 Lakh,Hatchback,"70,000 Kms",2nd Owner,2012.0,18.5 kmpl,KA05,Petrol,2012,2012,Third Party insurance,5 Speed,Manual,5 Seats,bangalore,1197 cc
₹ 1.30 Lakh,Hatchback,"1,20,000 Kms",1st Owner,2012.0,25 kmpl,KA03,Diesel,2012,2012,Third Party insurance,5 Speed,Manual,5 Seats,bangalore,1396 cc
₹ 3.75 Lakh,Sedan,"1,20,000 Kms",4th Owner,2012.0,22.32 kmpl,KA19,Diesel,2012,2012,Third Party insurance,6 Speed ,Manual,5 Seats,bangalore,1582 cc
₹ 6.50 Lakh,Sedan,"40,000 Kms",1st Owner,2020.0,21.21 kmpl,KA51,Petrol,2020,2020,Third Party insurance,5 Speed,Manual,5 Seats,bangalore,1197 cc
₹ 25.50 Lakh,SUV,"10,000 Kms",1st Owner,2021.0,14.1 kmpl,KA51,Petrol,2021,2021,Third Party insurance,7 Speed DCT,Automatic,5 Seats,bangalore,1368 cc
₹ 13 Lakh,SUV,"80,000 Kms",1st Owner,2021.0,,AP39,Diesel,2021,2021,Third Party insurance,6-Speed,Manual,5 Seats,bangalore,1493 cc
₹ 6.09 Lakh,Hatchback,"79,415 Kms",1st Owner,2016.0,21.4 kmpl,KA53,Petrol,Jan 2016,2016,Zero Dep,5 Speed,Manual,5 Seats,bangalore,1197 cc
₹ 6.78 Lakh,Sedan,"88,411 Kms",1st Owner,2017.0,26.59 kmpl,KA02,Diesel,Apr 2017,2017,Zero Dep,5 Speed,Automatic,5 Seats,bangalore,1248 cc
₹ 3.75 Lakh,Sedan,"1,20,000 Kms",4th Owner,2011.0,20.54 kmpl,,Diesel,2011,2011,Third Party insurance,5 Speed,Manual,5 Seats,bangalore,1598 cc
₹ 4.49 Lakh,Hatchback,"1,06,516 Kms",1st Owner,2012.0,22.9 kmpl,KA01,Diesel,Jun 2012,2012,Third Party,5 Speed,Manual,5 Seats,bangalore,1248 cc
₹ 5.52 Lakh,Hatchback,"88,509 Kms",2nd Owner,2015.0,25.2 kmpl,KA25,Diesel,Dec 2015,2015,Comprehensive,5 Speed,Manual,5 Seats,bangalore,1248 cc
₹ 9.25 Lakh,SUV,"1,20,000 Kms",1st Owner,2015.0,15.1 kmpl,,Diesel,2015,2015,Third Party insurance,6 Speed,Manual,7 Seats,bangalore,1997 cc
"₹ 56,000 ",Sedan,"80,000 Kms",2nd Owner,2004.0,14.2 kmpl,,Petrol,2004,2004,Third Party insurance,5 Speed,Manual,5 Seats,bangalore,1597 cc
₹ 4.26 Lakh,Hatchback,"44,437 Kms",1st Owner,2013.0,22.38 kmpl,KA01,Petrol,Apr 2013,2013,Comprehensive,5-Speed,Manual,5 Seats,bangalore,1197 cc
₹ 6.07 Lakh,Hatchback,"83,731 Kms",2nd Owner,2015.0,22.54 kmpl,KA51,Diesel,Mar 2015,2015,Third Party insurance,6 Speed,Manual,5 Seats,bangalore,1396 cc
"₹ 56,000 ",Sedan,"80,000 Kms",2nd Owner,2004.0,14.2 kmpl,,Petrol,2004,2004,Third Party insurance,5 Speed,Manual,5 Seats,bangalore,1597 cc
₹ 8.45 Lakh,SUV,"77,000 Kms",1st Owner,2018.0,16.5 kmpl,KA05,Diesel,May 2018,2018,Comprehensive,5 Speed,Manual,7 Seats,bangalore,1493 cc
₹ 16.50 Lakh,SUV,"23,000 Kms",2nd Owner,2020.0,,KA05,Petrol,Apr 2020,2020,Comprehensive,6-Speed DCT,Automatic,5 Seats,bangalore,1451 cc
₹ 2.40 Lakh,Hatchback,"1,10,000 Kms",3rd Owner,2012.0,20 kmpl,KA18,Diesel,2012,2012,Third Party insurance,5 Speed,Manual,5 Seats,bangalore,1399 cc
₹ 6.80 Lakh,Hatchback,"30,000 Kms",1st Owner,2022.0,20.52 kmpl,KA02,Petrol,2022,2022,Third Party insurance,5 Speed,Automatic,5 Seats,bangalore,1197 cc
₹ 5 Lakh,MUV,"1,20,000 Kms",2nd Owner,2006.0,12.8 kmpl,,Diesel,2006,2006,Third Party insurance,5 Speed,Manual,7 Seats,bangalore,2494 cc
₹ 2.50 Lakh,Sedan,"60,000 Kms",2nd Owner,2011.0,13.7 kmpl,,Petrol,2011,2011,Third Party insurance,5 Speed,Manual,5 Seats,bangalore,1368 cc
₹ 7.20 Lakh,Hatchback,"80,000 Kms",1st Owner,2018.0,21.4 kmpl,KA04,Petrol,2018,2018,Third Party insurance,5 Speed,Manual,5 Seats,bangalore,1197 cc
"₹ 60,000 ",Hatchback,"1,10,000 Kms",4th Owner,2011.0,26 kmpl,,Petrol,2011,2011,Third Party insurance,4 Speed,Manual,4 Seats,bangalore,624 cc
₹ 3.57 Lakh,Sedan,"70,000 Kms",5th Owner,2010.0,12.6 kmpl,KA19,Petrol,2010,2010,Third Party insurance,7 Speed,Automatic,5 Seats,bangalore,1798 cc
₹ 7.98 Lakh,Sedan,"45,621 Kms",1st Owner,2018.0,21.56 kmpl,KA03,Petrol,Mar 2019,2018,Third Party insurance,5 Speed,Manual,5 Seats,bangalore,1462 cc
₹ 8.58 Lakh,SUV,"38,199 Kms",2nd Owner,2018.0,20.37 kmpl,KA53,Diesel,Mar 2019,2018,Zero Dep,6 Speed,Manual,5 Seats,bangalore,1461 cc
"₹ 80,000 ",Sedan,"90,000 Kms",3rd Owner,2004.0,15.9 kmpl,KA01,Petrol,2004,2004,Third Party insurance,,Manual,5 Seats,bangalore,1298 cc
₹ 6.08 Lakh,Hatchback,"91,660 Kms",1st Owner,2016.0,18.6 kmpl,KA01,Petrol,Aug 2016,2016,Zero Dep,5 Speed,Manual,5 Seats,bangalore,1197 cc
₹ 6.98 Lakh,Sedan,"51,947 Kms",2nd Owner,2015.0,17.4 kmpl,KA05,Petrol,Mar 2015,2015,Comprehensive,5 Speed ,Manual,5 Seats,bangalore,1497 cc
₹ 12.50 Lakh,MUV,"80,000 Kms",2nd Owner,2018.0,17.6 kmpl,KA41,Diesel,2018,2018,Third Party insurance,6 Speed,Manual,7 Seats,bangalore,2179 cc
₹ 7.51 Lakh,SUV,"76,836 Kms",2nd Owner,2016.0,23.65 kmpl,KA05,Diesel,Mar 2016,2016,Third Party insurance,5 Speed,Manual,5 Seats,bangalore,1248 cc
₹ 5.35 Lakh,Hatchback,"27,000 Kms",2nd Owner,2015.0,16.5 kmpl,KA04,Petrol,Aug 2015,2015,Comprehensive,5 Speed,Automatic,5 Seats,bangalore,1198 cc
₹ 10.35 Lakh,Sedan,"33,222 Kms",1st Owner,2017.0,17 kmpl,KA03,Petrol,Oct 2017,2017,Zero Dep,6 Speed,Automatic,5 Seats,bangalore,1591 cc
₹ 3.28 Lakh,Hatchback,"47,333 Kms",1st Owner,2013.0,19.81 kmpl,KA04,Petrol,May 2013,2013,Comprehensive,5 Speed,Manual,5 Seats,bangalore,1086 cc
₹ 7.25 Lakh,Hatchback,"20,000 Kms",1st Owner,2021.0,20.7 kmpl,KA68,Petrol,2021,2021,Third Party insurance,5-Speed,Automatic,5 Seats,bangalore,1197 cc
₹ 7.40 Lakh,Sedan,"46,000 Kms",1st Owner,2017.0,17.01 kmpl,KA03,Petrol,Jun 2017,2017,Comprehensive,5 Speed,Manual,5 Seats,bangalore,1591 cc
₹ 8.75 Lakh,MUV,"68,000 Kms",1st Owner,2012.0,12.99 kmpl,KA05,Diesel,Dec 2012,2012,Third Party insurance,5 Speed,Manual,7 Seats,bangalore,2494 cc
₹ 4.80 Lakh,Hatchback,"40,000 Kms",2nd Owner,2015.0,19.69 kmpl,KA03,Petrol,2015,2015,Third Party insurance,5 Speed,Manual,5 Seats,bangalore,1198 cc
"₹ 76,000 ",Sedan,"90,000 Kms",2nd Owner,,14.8 kmpl,KA01,Diesel,,2001,Third Party insurance,5 Speed,Manual,5 Seats,bangalore,1998 cc
₹ 1.90 Lakh,Sedan,"80,000 Kms",1st Owner,2010.0,15.3 kmpl,KA51,Petrol,2010,2010,Third Party insurance,5 Speed,Manual,5 Seats,bangalore,1596 cc
₹ 2.10 Lakh,Hatchback,"90,000 Kms",4th Owner,2010.0,19.81 kmpl,,Petrol,2010,2010,Third Party insurance,5 Speed,Manual,5 Seats,bangalore,1086 cc
₹ 4.80 Lakh,Hatchback,"80,000 Kms",1st Owner,2014.0,25.2 kmpl,,Diesel,2014,2014,Third Party insurance,5 Speed,Manual,5 Seats,bangalore,1248 cc
₹ 3.80 Lakh,Sedan,"1,50,000 Kms",2nd Owner,2012.0,22.32 kmpl,,Diesel,2012,2012,Third Party insurance,4 Speed,Manual,5 Seats,bangalore,1582 cc
₹ 12.80 Lakh,SUV,"20,000 Kms",1st Owner,2022.0,17.57 kmpl,KA31,Petrol,2022,2022,Third Party insurance,6-Speed,Manual,5 Seats,bangalore,1199 cc
₹ 7.70 Lakh,SUV,"43,791 Kms",1st Owner,2016.0,15.63 kmpl,KA03,Petrol,Sept 2016,2016,Comprehensive,6 Speed,Automatic,5 Seats,bangalore,1499 cc
₹ 5.99 Lakh,Hatchback,"87,660 Kms",1st Owner,2018.0,22.56 kmpl,KA01,Petrol,Sept 2018,2018,Third Party insurance,5-Speed,Automatic,5 Seats,bangalore,1197 cc
₹ 8 Lakh,SUV,"90,000 Kms",5th Owner,2016.0,16 kmpl,,Diesel,2016,2016,Third Party insurance,6 Speed ,Automatic,7 Seats,bangalore,2179 cc
₹ 2.32 Lakh,Hatchback,"71,938 Kms",3rd Owner,2011.0,17.92 kmpl,KA19,Petrol,Oct 2011,2011,Comprehensive,5 Speed,Manual,5 Seats,bangalore,1086 cc
₹ 5.25 Lakh,Sedan,"1,04,938 Kms",2nd Owner,2013.0,17.01 kmpl,KA01,Petrol,Sept 2013,2013,Comprehensive,5 Speed,Manual,5 Seats,bangalore,1591 cc
₹ 9.50 Lakh,Sedan,"30,000 Kms",1st Owner,2020.0,17.4 kmpl,KL58,Petrol,2020,2020,Third Party insurance,5 Speed,Manual,5 Seats,bangalore,1497 cc
₹ 6.35 Lakh,Sedan,"1,24,707 Kms",2nd Owner,2017.0,15.41 kmpl,KA01,Petrol,Oct 2018,2017,Third Party insurance,5 Speed,Manual,5 Seats,bangalore,1598 cc
₹ 4 Lakh,Hatchback,"70,000 Kms",2nd Owner,2012.0,22.07 kmpl,KA17,Diesel,2012,2012,Third Party insurance,5 Speed,Manual,5 Seats,bangalore,1199 cc
₹ 9.66 Lakh,SUV,"88,556 Kms",1st Owner,2017.0,13 kmpl,KA40,Petrol,Dec 2017,2017,Comprehensive,6 Speed,Manual,5 Seats,bangalore,1591 cc
₹ 7.81 Lakh,SUV,"48,743 Kms",1st Owner,2017.0,22.77 kmpl,KA03,Diesel,Jul 2017,2017,Comprehensive,5 Speed,Manual,5 Seats,bangalore,1498 cc
₹ 28 Lakh,SUV,"1,00,000 Kms",2nd Owner,2016.0,18.56 kmpl,KA51,Diesel,2016,2016,Third Party insurance,8 Speed,Automatic,5 Seats,bangalore,1995 cc
₹ 3.85 Lakh,Sedan,"1,00,000 Kms",2nd Owner,2012.0,13.7 kmpl,UP14,Petrol,2012,2012,Third Party insurance,7 Speed,Manual,5 Seats,bangalore,1798 cc
₹ 6 Lakh,SUV,"1,20,000 Kms",4th Owner,2012.0,15.1 kmpl,KA50,Diesel,2012,2012,Third Party insurance,6 Speed,Manual,7 Seats,bangalore,2179 cc
₹ 6 Lakh,SUV,"70,000 Kms",2nd Owner,2016.0,18.49 kmpl,KA03,Diesel,2016,2016,Third Party insurance,5 Speed,Manual,7 Seats,bangalore,1493 cc
₹ 3.65 Lakh,Sedan,"90,000 Kms",2nd Owner,2012.0,13.7 kmpl,UP14,Petrol,2012,2012,Third Party insurance,7 Speed,Manual,5 Seats,bangalore,1798 cc
₹ 7.49 Lakh,Pickup Trucks,"70,000 Kms",1st Owner,2019.0,,,Diesel,2019,2019,Third Party insurance,5-Speed,Manual,5 Seats,bangalore,2523 cc
₹ 3.50 Lakh,Hatchback,"1,20,000 Kms",1st Owner,2014.0,20.3 kmpl,KA03,Diesel,2014,2014,Third Party insurance,5-Speed,Manual,5 Seats,bangalore,1248 cc
₹ 23.50 Lakh,SUV,"20,000 Kms",1st Owner,2022.0,14.2 kmpl,KA53,Petrol,2022,2022,Third Party insurance,6-speed,Automatic,6 Seats,bangalore,1999 cc
₹ 7 Lakh,Hatchback,"20,000 Kms",1st Owner,2020.0,18.6 kmpl,KA01,Petrol,2020,2020,Third Party insurance,5 Speed,Manual,5 Seats,bangalore,1197 cc
₹ 2.30 Lakh,Hatchback,"50,000 Kms",2nd Owner,2012.0,21.1 kmpl,KA19,Petrol,2012,2012,Third Party insurance,5 Speed,Manual,5 Seats,bangalore,814 cc
₹ 8.75 Lakh,SUV,"51,338 Kms",1st Owner,2018.0,17.5 kmpl,KA01,Petrol,Jan 2019,2018,Comprehensive,5 Speed,Manual,5 Seats,bangalore,1199 cc
₹ 9.25 Lakh,SUV,"97,334 Kms",1st Owner,2017.0,15.29 kmpl,KA53,Petrol,Nov 2017,2017,Comprehensive,6 Speed,Manual,5 Seats,bangalore,1591 cc
₹ 7 Lakh,Hatchback,"20,000 Kms",1st Owner,2020.0,18.6 kmpl,KA01,Petrol,2020,2020,Third Party insurance,5 Speed,Manual,5 Seats,bangalore,1197 cc
₹ 9.30 Lakh,SUV,"53,031 Kms",2nd Owner,2016.0,13 kmpl,KA05,Petrol,Sept 2016,2016,Comprehensive,6 Speed,Manual,5 Seats,bangalore,1591 cc
₹ 8.98 Lakh,SUV,"51,580 Kms",2nd Owner,2016.0,13 kmpl,KA53,Petrol,Aug 2016,2016,Comprehensive,6 Speed,Manual,5 Seats,bangalore,1591 cc
₹ 23.95 Lakh,Sedan,"57,000 Kms",2nd Owner,2017.0,17.9 kmpl,KA05,Diesel,Dec 2017,2017,Comprehensive,7 Speed,Automatic,5 Seats,bangalore,2143 cc
₹ 4.49 Lakh,Hatchback,"23,920 Kms",1st Owner,2020.0,21.7 kmpl,KA52,Petrol,Sept 2020,2020,Third Party insurance,5 Speed,Manual,5 Seats,bangalore,998 cc
₹ 14.85 Lakh,SUV,"65,000 Kms",1st Owner,2018.0,17.01 kmpl,KA51,Diesel,Jul 2018,2018,Comprehensive,6 Speed,Automatic,5 Seats,bangalore,1582 cc
₹ 3.35 Lakh,Hatchback,"66,434 Kms",2nd Owner,2012.0,19.4 kmpl,KA05,Petrol,Oct 2012,2012,Comprehensive,5 Speed,Manual,5 Seats,bangalore,1198 cc
₹ 8.25 Lakh,SUV,"54,097 Kms",1st Owner,2017.0,17.5 kmpl,KA04,Petrol,Jan 2018,2017,Comprehensive,5 Speed,Manual,5 Seats,bangalore,1199 cc
₹ 9.35 Lakh,Hatchback,"27,655 Kms",1st Owner,2021.0,19.56 kmpl,KA03,Petrol,Jan 2021,2021,Third Party,5-Speed,Automatic,5 Seats,bangalore,1197 cc
₹ 38.25 Lakh,Sedan,"14,955 Kms",1st Owner,2018.0,21.76 kmpl,KA51,Diesel,Feb 2018,2018,Third Party insurance,8 Speed,Automatic,5 Seats,bangalore,1995 cc
₹ 23.50 Lakh,SUV,"10,000 Kms",1st Owner,2022.0,14.2 kmpl,KA53,Petrol,2022,2022,Third Party insurance,6-speed,Automatic,7 Seats,bangalore,1999 cc
₹ 25 Lakh,SUV,"50,000 Kms",1st Owner,2020.0,18.4 kmpl,KA02,Petrol,2020,2020,Third Party insurance,7 Speed DSG,Automatic,5 Seats,bangalore,1498 cc
₹ 15.40 Lakh,SUV,"10,000 Kms",1st Owner,2022.0,16.8 kmpl,KA51,Petrol,2022,2022,Third Party insurance,6-Speed iMT,Manual,5 Seats,bangalore,1497 cc
₹ 12.90 Lakh,SUV,"70,000 Kms",2nd Owner,2019.0,17.6 kmpl,KA04,Diesel,2019,2019,Third Party insurance,6 Speed,Automatic,5 Seats,bangalore,1582 cc
"₹ 50,000 ",Sedan,"1,50,000 Kms",3rd Owner,2007.0,14.9 kmpl,KA04,Diesel,2007,2007,Third Party insurance,5 Speed,Manual,5 Seats,bangalore,1991 cc
₹ 10.25 Lakh,SUV,"10,000 Kms",2nd Owner,2021.0,18.2 kmpl,KA19,Petrol,2021,2021,Third Party insurance,6-Speed iMT,Manual,5 Seats,bangalore,998 cc
₹ 6 Lakh,Sedan,"1,10,000 Kms",3rd Owner,2016.0,26 kmpl,KA03,Diesel,2016,2016,Third Party insurance,6 Speed,Manual,5 Seats,bangalore,1498 cc
₹ 4.35 Lakh,Minivans,"30,000 Kms",1st Owner,2020.0,16.11 kmpl,KA41,Petrol,2020,2020,Third Party insurance,5 Speed,Manual,7 Seats,bangalore,1196 cc
₹ 8.08 Lakh,SUV,"14,338 Kms",2nd Owner,2017.0,17.5 kmpl,KA53,Petrol,Jan 2018,2017,Third Party insurance,5 Speed,Manual,5 Seats,bangalore,1199 cc
₹ 4.35 Lakh,Minivans,"30,000 Kms",1st Owner,2020.0,16.11 kmpl,KA41,Petrol,2020,2020,Third Party insurance,5 Speed,Manual,7 Seats,bangalore,1196 cc
₹ 2.78 Lakh,Hatchback,"73,799 Kms",2nd Owner,2011.0,18.9 kmpl,KA01,Petrol,Mar 2011,2011,Comprehensive,5 Speed,Manual,5 Seats,bangalore,998 cc
₹ 12.61 Lakh,SUV,"39,139 Kms",1st Owner,2021.0,16.5 kmpl,KA04,Petrol,Jul 2021,2021,Comprehensive,6 Speed,Automatic,5 Seats,bangalore,1197 cc
₹ 8.50 Lakh,SUV,"20,000 Kms",1st Owner,2020.0,17.52 kmpl,KA42,Petrol,2020,2020,Third Party insurance,5-Speed,Manual,5 Seats,bangalore,1197 cc
₹ 2.70 Lakh,Hatchback,"89,633 Kms",2nd Owner,2014.0,21.1 kmpl,KA02,Petrol,Oct 2014,2014,Third Party,5 Speed,Manual,5 Seats,bangalore,814 cc
₹ 10 Lakh,SUV,"70,000 Kms",3rd Owner,2011.0,17.05 kmpl,KA51,Diesel,2011,2011,Third Party insurance,8-Speed ,Automatic,5 Seats,bangalore,1995 cc
₹ 8.45 Lakh,MUV,"16,826 Kms",2nd Owner,2017.0,20.51 kmpl,KA53,Petrol,Aug 2017,2017,Comprehensive,5-Speed,Manual,7 Seats,bangalore,1462 cc
₹ 5.08 Lakh,Hatchback,"25,133 Kms",2nd Owner,2017.0,20.89 kmpl,KA03,Petrol,Aug 2017,2017,Third Party insurance,5 Speed,Manual,5 Seats,bangalore,1197 cc
₹ 3.40 Lakh,Hatchback,"80,000 Kms",1st Owner,2018.0,24.7 kmpl,KA53,Petrol,2018,2018,Third Party insurance,5 Speed,Manual,5 Seats,bangalore,796 cc
₹ 39 Lakh,SUV,"25,000 Kms",1st Owner,2020.0,,KA05,Petrol,May 2020,2020,Comprehensive,8 Speed,Automatic,5 Seats,bangalore,1969 cc
₹ 12.25 Lakh,MUV,"90,000 Kms",1st Owner,2014.0,12.99 kmpl,,Diesel,2014,2014,Third Party insurance,5 Speed,Manual,8 Seats,bangalore,2494 cc
₹ 12.75 Lakh,MUV,"90,000 Kms",1st Owner,2014.0,12.99 kmpl,,Diesel,2014,2014,Third Party insurance,5 Speed,Manual,8 Seats,bangalore,2494 cc
₹ 29 Lakh,SUV,"10,000 Kms",1st Owner,2022.0,14.1 kmpl,,Petrol,2022,2022,Third Party insurance,7 Speed DCT,Automatic,5 Seats,bangalore,1368 cc
₹ 8 Lakh,SUV,"70,000 Kms",2nd Owner,2019.0,17 kmpl,KA04,Petrol,2019,2019,Third Party insurance,6 Speed,Manual,5 Seats,bangalore,1197 cc
₹ 28 Lakh,Sedan,"1,10,000 Kms",1st Owner,2016.0,13 kmpl,,Diesel,2016,2016,Third Party insurance,7 Speed,Automatic,5 Seats,bangalore,2143 cc
₹ 1.50 Lakh,Hatchback,"20,000 Kms",2nd Owner,2006.0,,KA04,Petrol,2006,2006,Third Party insurance,,Manual,5 Seats,bangalore,1086 cc
₹ 6.38 Lakh,SUV,"10,000 Kms",1st Owner,2021.0,18.75 kmpl,KA01,Petrol,2021,2021,Third Party insurance,5 Speed,Manual,5 Seats,bangalore,999 cc
₹ 3.15 Lakh,Hatchback,"20,000 Kms",2nd Owner,2019.0,22.7 kmpl,,Petrol,2019,2019,Third Party insurance,5-Speed,Manual,5 Seats,bangalore,799 cc
₹ 13.28 Lakh,SUV,"34,990 Kms",1st Owner,2020.0,,KA51,Diesel,Nov 2020,2020,Comprehensive,6-Speed,Manual,5 Seats,bangalore,1493 cc
₹ 4.90 Lakh,Hatchback,"33,210 Kms",1st Owner,2016.0,23.1 kmpl,KA53,Petrol,Oct 2016,2016,Comprehensive,5 Speed ,Automatic,5 Seats,bangalore,998 cc
₹ 10.50 Lakh,Sedan,"80,000 Kms",2nd Owner,2020.0,22 kmpl,,Diesel,2020,2020,Third Party insurance,6 Speed,Manual,5 Seats,bangalore,1582 cc
₹ 4.30 Lakh,Hatchback,"28,051 Kms",2nd Owner,2015.0,26.68 kmpl,KA02,Petrol,Mar 2015,2015,Comprehensive,5-Speed,Automatic,5 Seats,bangalore,998 cc
₹ 17.24 Lakh,MUV,"22,280 Kms",1st Owner,2022.0,16.5 kmpl,KA35,Petrol,Jun 2022,2022,Comprehensive,7-Speed DCT,Automatic,6 Seats,bangalore,1353 cc
₹ 2.70 Lakh,Hatchback,"1,20,000 Kms",2nd Owner,2007.0,17.8 kmpl,KA53,Diesel,2007,2007,Third Party insurance,,Manual,5 Seats,bangalore,1248 cc
₹ 5.17 Lakh,Hatchback,"21,193 Kms",1st Owner,2017.0,18.9 kmpl,KA01,Petrol,Jun 2017,2017,Comprehensive,5 Speed,Manual,5 Seats,bangalore,1197 cc
₹ 4 Lakh,Sedan,"1,20,000 Kms",2nd Owner,2010.0,12 kmpl,HR26,Petrol,2010,2010,Third Party insurance,6 Speed,Automatic,5 Seats,bangalore,3597 cc
₹ 6.27 Lakh,Hatchback,"7,150 Kms",1st Owner,2021.0,20.7 kmpl,KA16,Petrol,Jun 2021,2021,Third Party,5-Speed,Manual,5 Seats,bangalore,1197 cc
₹ 5.10 Lakh,Hatchback,"13,262 Kms",1st Owner,2016.0,23.84 kmpl,KA02,Petrol,Jun 2016,2016,Third Party,5 Speed,Manual,5 Seats,bangalore,1199 cc
₹ 2.50 Lakh,Sedan,"1,00,000 Kms",3rd Owner,2012.0,17.3 kmpl,GJ06,Diesel,2012,2012,Third Party insurance,6 Speed,Manual,5 Seats,bangalore,1998 cc
₹ 16 Lakh,SUV,"1,00,000 Kms",4th Owner,2012.0,16.09 kmpl,KA19,Diesel,2012,2012,Third Party insurance,8 Speed,Automatic,5 Seats,bangalore,1995 cc
₹ 5.75 Lakh,Hatchback,"1,00,000 Kms",2nd Owner,2016.0,21.4 kmpl,KA01,Petrol,2016,2016,Third Party insurance,5 Speed,Manual,5 Seats,bangalore,1197 cc
₹ 4.10 Lakh,MUV,"90,000 Kms",1st Owner,2014.0,18.2 kmpl,,Diesel,2014,2014,Third Party insurance,5 Speed,Manual,7 Seats,bangalore,1248 cc
₹ 9.25 Lakh,SUV,"40,000 Kms",2nd Owner,2018.0,17 kmpl,KA03,Petrol,2018,2018,Third Party insurance,6 Speed,Automatic,5 Seats,bangalore,1198 cc
₹ 4.75 Lakh,Hatchback,"50,000 Kms",2nd Owner,2013.0,21.9 kmpl,KA01,Diesel,2013,2013,Third Party insurance,6 Speed,Manual,5 Seats,bangalore,1396 cc
₹ 1.85 Lakh,Hatchback,"50,000 Kms",3rd Owner,2015.0,25.4 kmpl,KA03,Petrol,2015,2015,Third Party insurance,4 Speed,Manual,4 Seats,bangalore,624 cc
₹ 2.25 Lakh,Hatchback,"50,000 Kms",3rd Owner,2008.0,17.92 kmpl,,Petrol,2008,2008,Third Party insurance,5 Speed,Manual,5 Seats,bangalore,1086 cc
₹ 32.75 Lakh,SUV,"21,000 Kms",1st Owner,2021.0,17.01 kmpl,KA05,Petrol,Jun 2021,2021,Comprehensive,7 Speed DSG,Automatic,7 Seats,bangalore,1984 cc
₹ 37.50 Lakh,SUV,"38,000 Kms",1st Owner,2019.0,18 kmpl,KA05,Diesel,Apr 2019,2019,Comprehensive,8 Speed,Automatic,5 Seats,bangalore,1969 cc
₹ 5.14 Lakh,MUV,"61,902 Kms",1st Owner,2019.0,20 kmpl,KA53,Petrol,Jun 2019,2019,Third Party,5-Speed,Manual,7 Seats,bangalore,999 cc
₹ 3.47 Lakh,Hatchback,"38,396 Kms",1st Owner,2018.0,23 kmpl,KA05,Petrol,Apr 2018,2018,Comprehensive,5-Speed,Automatic,5 Seats,bangalore,999 cc
₹ 1 Lakh,Sedan,"30,000 Kms",3rd Owner,2004.0,12.8 kmpl,KA01,Petrol,2004,2004,Third Party insurance,,Manual,5 Seats,bangalore,1493 cc
₹ 13.29 Lakh,SUV,"7,561 Kms",1st Owner,2022.0,18.2 kmpl,KA03,Petrol,Jun 2022,2022,Comprehensive,6-Speed iMT,Manual,5 Seats,bangalore,998 cc
₹ 3 Lakh,Hatchback,"30,000 Kms",1st Owner,2017.0,21.1 kmpl,KA34,Petrol,2017,2017,Third Party insurance,5 Speed,Manual,5 Seats,bangalore,814 cc
₹ 13.58 Lakh,Sedan,"6,731 Kms",1st Owner,2022.0,19.47 kmpl,KA05,Petrol,Jun 2022,2022,Third Party,6-Speed,Manual,5 Seats,bangalore,999 cc
₹ 15 Lakh,SUV,"20,000 Kms",1st Owner,2019.0,16 kmpl,KA53,Petrol,2019,2019,Third Party insurance,6 Speed,Manual,5 Seats,bangalore,1368 cc
₹ 6.42 Lakh,Hatchback,"55,567 Kms",1st Owner,2018.0,21.21 kmpl,KA50,Petrol,Jun 2018,2018,Third Party,5,Automatic,5 Seats,bangalore,1197 cc
₹ 9.11 Lakh,SUV,"48,938 Kms",2nd Owner,2021.0,18.24 kmpl,KA03,Petrol,Jun 2021,2021,Third Party insurance,CVT,Automatic,5 Seats,bangalore,999 cc
₹ 5.50 Lakh,Hatchback,"80,000 Kms",2nd Owner,2017.0,28.4 kmpl,KA41,Diesel,2017,2017,Third Party insurance,5,Manual,5 Seats,bangalore,1248 cc
₹ 4.20 Lakh,SUV,"80,000 Kms",1st Owner,2013.0,19.01 kmpl,,Diesel,2013,2013,Third Party insurance,6 Speed,Manual,5 Seats,bangalore,1461 cc
₹ 4.50 Lakh,Hatchback,"10,000 Kms",1st Owner,2010.0,15.6 kmpl,UP70,Petrol,2010,2010,Third Party insurance,5 Speed,Manual,5 Seats,bangalore,1196 cc
₹ 15.65 Lakh,SUV,"10,000 Kms",1st Owner,2022.0,16.8 kmpl,KA51,Petrol,2022,2022,Third Party insurance,6-Speed iMT,Manual,5 Seats,bangalore,1497 cc
₹ 4.50 Lakh,Hatchback,"60,000 Kms",2nd Owner,2016.0,23.84 kmpl,KA05,Petrol,2016,2016,Third Party insurance,5 Speed,Manual,5 Seats,bangalore,1199 cc
₹ 4.60 Lakh,Sedan,"71,545 Kms",1st Owner,2015.0,17.01 kmpl,KA02,Petrol,Mar 2016,2015,Comprehensive,6 Speed,Automatic,5 Seats,bangalore,1499 cc
₹ 2 Lakh,Hatchback,"60,000 Kms",1st Owner,2007.0,,,Petrol,2007,2007,Third Party insurance,,Manual,5 Seats,bangalore,1086 cc
₹ 6.79 Lakh,SUV,"80,000 Kms",2nd Owner,2016.0,18.49 kmpl,,Diesel,2016,2016,Third Party insurance,5 Speed,Automatic,7 Seats,bangalore,1493 cc
₹ 2.30 Lakh,Minivans,"1,20,000 Kms",5th Owner,2015.0,10.9 kmpl,,CNG,2015,2015,Third Party insurance,4 Speed,Manual,8 Seats,bangalore,796 cc
₹ 12 Lakh,SUV,"60,000 Kms",1st Owner,2020.0,16.8 kmpl,,Petrol,2020,2020,Third Party insurance,6-Speed,Manual,5 Seats,bangalore,1497 cc
₹ 5.43 Lakh,Hatchback,"56,577 Kms",1st Owner,2016.0,18.9 kmpl,KA51,Petrol,Mar 2016,2016,Comprehensive,4 Speed,Automatic,5 Seats,bangalore,1197 cc
₹ 10.35 Lakh,SUV,"56,974 Kms",2nd Owner,2018.0,13 kmpl,KA03,Petrol,May 2018,2018,Comprehensive,6 Speed,Automatic,5 Seats,bangalore,1591 cc
₹ 11.50 Lakh,SUV,"10,000 Kms",1st Owner,2021.0,18 kmpl,KA51,Petrol,2021,2021,Third Party insurance,iMT,Manual,5 Seats,bangalore,998 cc
₹ 4.79 Lakh,Hatchback,"40,344 Kms",1st Owner,2013.0,18.5 kmpl,KA03,Petrol,May 2013,2013,Comprehensive,5 Speed,Manual,5 Seats,bangalore,1197 cc
₹ 7.36 Lakh,SUV,"36,216 Kms",3rd Owner,2018.0,23 kmpl,KA03,Diesel,Jun 2018,2018,Comprehensive,5 Speed,Manual,5 Seats,bangalore,1498 cc
₹ 5.30 Lakh,Hatchback,"10,000 Kms",1st Owner,2022.0,22 kmpl,KA50,Petrol,2022,2022,Third Party insurance,5 Speed,Automatic,5 Seats,bangalore,999 cc
₹ 8.80 Lakh,SUV,"45,965 Kms",2nd Owner,2017.0,15.29 kmpl,KA51,Petrol,Jan 2018,2017,Comprehensive,6 Speed,Manual,5 Seats,bangalore,1591 cc
₹ 26 Lakh,MUV,"10,000 Kms",1st Owner,2021.0,8 kmpl,KA05,Petrol,2021,2021,Third Party insurance,6 Speed,Automatic,7 Seats,bangalore,2694 cc
₹ 7.89 Lakh,Sedan,"74,982 Kms",1st Owner,2016.0,18 kmpl,KA05,Petrol,Mar 2016,2016,Comprehensive,5 Speed CVT,Automatic,5 Seats,bangalore,1497 cc
₹ 10.30 Lakh,SUV,"21,925 Kms",1st Owner,2020.0,17 kmpl,KA03,Petrol,Jun 2020,2020,Comprehensive,6 Speed,Automatic,5 Seats,bangalore,1198 cc
₹ 6 Lakh,Sedan,"1,20,000 Kms",1st Owner,2015.0,21.66 kmpl,KA53,Diesel,2015,2015,Third Party insurance,7 Speed,Automatic,5 Seats,bangalore,1498 cc
₹ 2.50 Lakh,Sedan,"70,000 Kms",2nd Owner,2010.0,17 kmpl,DL03,Petrol,2010,2010,Third Party insurance,5 Speed,Manual,5 Seats,bangalore,1497 cc
₹ 3.90 Lakh,Sedan,"80,000 Kms",3rd Owner,2014.0,25.8 kmpl,KA50,Diesel,2014,2014,Third Party insurance,5 Speed,Manual,5 Seats,bangalore,1498 cc
₹ 2.80 Lakh,Hatchback,"90,000 Kms",2nd Owner,2009.0,16.1 kmpl,KA05,Petrol,2009,2009,Third Party insurance,5 Speed,Manual,5 Seats,bangalore,1298 cc
₹ 9.20 Lakh,SUV,"20,000 Kms",1st Owner,2021.0,18.75 kmpl,KA34,Petrol,2021,2021,Third Party insurance,5 Speed,Manual,5 Seats,bangalore,999 cc
₹ 16 Lakh,SUV,"50,000 Kms",1st Owner,2021.0,,KA41,Diesel,2021,2021,Third Party insurance,6 Speed,Automatic,4 Seats,bangalore,2184 cc
₹ 6.50 Lakh,SUV,"10,000 Kms",1st Owner,2021.0,18.75 kmpl,KA01,Petrol,2021,2021,Third Party insurance,5 Speed,Manual,5 Seats,bangalore,999 cc
₹ 2.40 Lakh,Hatchback,"80,000 Kms",4th Owner,2010.0,20.36 kmpl,,Petrol,2010,2010,Third Party insurance,5 Speed,Manual,5 Seats,bangalore,1197 cc
₹ 44.45 Lakh,SUV,"61,000 Kms",1st Owner,2018.0,12.51 kmpl,KA01,Diesel,Nov 2018,2018,Comprehensive,9 Speed,Automatic,7 Seats,bangalore,2179 cc
₹ 13.50 Lakh,MUV,"50,000 Kms",1st Owner,2019.0,17.3 kmpl,KA41,Diesel,2019,2019,Third Party insurance,6 Speed,Manual,7 Seats,bangalore,1497 cc
₹ 3.12 Lakh,Hatchback,"50,406 Kms",1st Owner,2015.0,22.05 kmpl,KA53,Petrol,Jul 2015,2015,Comprehensive,5 Speed,Manual,5 Seats,bangalore,796 cc
₹ 5.82 Lakh,Hatchback,"26,483 Kms",1st Owner,2017.0,18.9 kmpl,KA01,Petrol,Dec 2017,2017,Comprehensive,5 Speed,Manual,5 Seats,bangalore,1197 cc
₹ 1.50 Lakh,Hatchback,"80,000 Kms",2nd Owner,2015.0,25 kmpl,KA03,Diesel,2015,2015,Third Party insurance,5 Speed,Manual,5 Seats,bangalore,1396 cc
₹ 6.18 Lakh,SUV,"12,104 Kms",1st Owner,2018.0,18.15 kmpl,KA01,Petrol,Jun 2018,2018,Comprehensive,5 Speed,Manual,6 Seats,bangalore,1198 cc
₹ 9.16 Lakh,Hatchback,"23,721 Kms",1st Owner,2021.0,17.1 kmpl,KA04,Petrol,Feb 2021,2021,Comprehensive,7 Speed,Automatic,5 Seats,bangalore,1199 cc
₹ 3 Lakh,Hatchback,"80,000 Kms",1st Owner,2012.0,20 kmpl,KA04,Diesel,2012,2012,Third Party insurance,5 Speed,Manual,5 Seats,bangalore,1399 cc
₹ 5.55 Lakh,Hatchback,"8,212 Kms",1st Owner,2022.0,21.7 kmpl,KA19,Petrol,Sept 2022,2022,Comprehensive,5 Speed,Manual,5 Seats,bangalore,998 cc
₹ 5 Lakh,Sedan,"80,000 Kms",3rd Owner,2011.0,11.9 kmpl,KA04,Diesel,2011,2011,Third Party insurance,5 Speed,Automatic,5 Seats,bangalore,2496 cc
₹ 9.50 Lakh,Hatchback,"9,358 Kms",1st Owner,2021.0,21.4 kmpl,KA51,Petrol,Jul 2021,2021,Comprehensive,CVT,Automatic,5 Seats,bangalore,1197 cc
₹ 6.08 Lakh,Sedan,"62,011 Kms",1st Owner,2016.0,22.41 kmpl,KA01,Petrol,Oct 2016,2016,Comprehensive,5 Speed,Manual,5 Seats,bangalore,1197 cc
₹ 1.25 Lakh,Sedan,"1,20,000 Kms",2nd Owner,2011.0,17 kmpl,KA06,Diesel,2011,2011,Third Party insurance,5 Speed,Manual,5 Seats,bangalore,1405 cc
₹ 17 Lakh,Sedan,"90,000 Kms",2nd Owner,2011.0,10.5 kmpl,,Petrol,2011,2011,Third Party insurance,6 Speed,Automatic,4 Seats,bangalore,5000 cc
₹ 17 Lakh,Sedan,"90,000 Kms",2nd Owner,2011.0,10.5 kmpl,,Petrol,2011,2011,Third Party insurance,6 Speed,Automatic,4 Seats,bangalore,5000 cc
₹ 2.25 Lakh,Hatchback,"50,000 Kms",1st Owner,2013.0,20 kmpl,,Diesel,2013,2013,Third Party insurance,5 Speed,Manual,5 Seats,bangalore,1399 cc
₹ 2.49 Lakh,Hatchback,"1,00,000 Kms",2nd Owner,2010.0,19.4 kmpl,,Diesel,2010,2010,Third Party insurance,5 Speed,Manual,5 Seats,bangalore,1422 cc
₹ 1.50 Lakh,SUV,"1,00,000 Kms",1st Owner,2008.0,14.4 kmpl,,Diesel,2008,2008,Third Party insurance,5 Speed,Manual,8 Seats,bangalore,2179 cc
₹ 1.30 Lakh,Sedan,"1,20,000 Kms",5th Owner,2002.0,14.8 kmpl,,Diesel,2002,2002,Third Party insurance,5 Speed,Manual,5 Seats,bangalore,1998 cc
"₹ 50,000 ",Sedan,"80,000 Kms",2nd Owner,,9 kmpl,,Petrol,,2000,Third Party insurance,,Automatic,5 Seats,bangalore,1999 cc
₹ 3.75 Lakh,Sedan,"50,000 Kms",2nd Owner,2015.0,18 kmpl,KA01,Petrol,2015,2015,Third Party insurance,5 Speed,Manual,5 Seats,bangalore,1198 cc
₹ 5.50 Lakh,Hatchback,"10,000 Kms",1st Owner,2022.0,21.74 kmpl,KA03,Petrol,2022,2022,Third Party insurance,5 Speed,Manual,5 Seats,bangalore,999 cc
₹ 5.90 Lakh,Hatchback,"38,771 Kms",1st Owner,2019.0,18.9 kmpl,KA03,Petrol,Sept 2019,2019,Comprehensive,5 Speed,Manual,5 Seats,bangalore,1197 cc
₹ 5.11 Lakh,Hatchback,"42,174 Kms",1st Owner,2018.0,21.63 kmpl,KA51,Petrol,Dec 2018,2018,Comprehensive,AGS,Automatic,5 Seats,bangalore,998 cc
₹ 2.60 Lakh,Sedan,"1,20,000 Kms",1st Owner,2017.0,19.09 kmpl,KA51,Diesel,2017,2017,Third Party insurance,5 Speed,Manual,5 Seats,bangalore,1396 cc
₹ 3.81 Lakh,Hatchback,"43,199 Kms",1st Owner,2017.0,23.01 kmpl,KA06,Petrol,May 2017,2017,Comprehensive,5 Speed,Manual,5 Seats,bangalore,999 cc
₹ 8.19 Lakh,SUV,"65,000 Kms",2nd Owner,2014.0,15.1 kmpl,KA01,Diesel,Jun 2014,2014,Third Party,6 Speed ,Manual,7 Seats,bangalore,2179 cc
₹ 5.75 Lakh,Hatchback,"20,000 Kms",1st Owner,2016.0,21.4 kmpl,KA53,Petrol,2016,2016,Third Party insurance,5 Speed,Manual,5 Seats,bangalore,1197 cc
₹ 4.28 Lakh,Hatchback,"10,155 Kms",2nd Owner,2019.0,22.25 kmpl,KA04,Petrol,Apr 2019,2019,Third Party,5 Speed,Manual,5 Seats,bangalore,799 cc
₹ 1.95 Lakh,Hatchback,"1,10,654 Kms",2nd Owner,2006.0,,KA50,Petrol,Mar 2022,2006,Comprehensive,,Manual,5 Seats,bangalore,1086 cc
₹ 6.96 Lakh,Hatchback,"50,704 Kms",1st Owner,2020.0,21.21 kmpl,KA07,Petrol,Jun 2020,2020,Third Party,5,Manual,5 Seats,bangalore,1197 cc
₹ 7.40 Lakh,Hatchback,"34,725 Kms",1st Owner,2020.0,20.7 kmpl,KA09,Petrol,Jun 2020,2020,Comprehensive,5-Speed,Manual,5 Seats,bangalore,998 cc
₹ 8.25 Lakh,SUV,"90,000 Kms",2nd Owner,2013.0,15.1 kmpl,KA01,Diesel,2013,2013,Third Party insurance,6 Speed ,Manual,7 Seats,bangalore,2179 cc
₹ 3 Lakh,Hatchback,"30,000 Kms",1st Owner,2011.0,19.81 kmpl,KA51,Petrol,2011,2011,Third Party insurance,5 Speed,Manual,5 Seats,bangalore,1086 cc
₹ 5 Lakh,Hatchback,"60,000 Kms",1st Owner,2016.0,27.28 kmpl,KA03,Diesel,2016,2016,Third Party insurance,5 Speed,Manual,5 Seats,bangalore,1047 cc
₹ 2.30 Lakh,Sedan,"1,20,000 Kms",2nd Owner,2013.0,21.64 kmpl,AP28,Diesel,2013,2013,Third Party insurance,5 Speed,Manual,5 Seats,bangalore,1461 cc
"₹ 75,000 ",Sedan,"80,000 Kms",2nd Owner,2004.0,14.2 kmpl,KA03,Petrol,2004,2004,Third Party insurance,5 Speed,Manual,5 Seats,bangalore,1597 cc
₹ 2.60 Lakh,Sedan,"60,000 Kms",1st Owner,2009.0,13.2 kmpl,KA04,Petrol,2009,2009,Third Party insurance,5 Speed,Manual,5 Seats,bangalore,1495 cc
₹ 2.40 Lakh,Hatchback,"57,709 Kms",1st Owner,2008.0,18.9 kmpl,KA03,Petrol,Mar 2008,2008,Comprehensive,5 Speed,Manual,5 Seats,bangalore,998 cc
₹ 15 Lakh,SUV,"20,000 Kms",1st Owner,2022.0,15.2 kmpl,,Petrol,2022,2022,Third Party insurance,6 Speed,Manual,4 Seats,bangalore,1997 cc
₹ 2.75 Lakh,Hatchback,"90,000 Kms",1st Owner,2010.0,20.36 kmpl,KA05,Petrol,2010,2010,Third Party insurance,5 Speed,Manual,5 Seats,bangalore,1197 cc
₹ 20 Lakh,Sedan,"60,000 Kms",2nd Owner,2014.0,16.36 kmpl,,Diesel,2014,2014,Third Party insurance,8 Speed,Automatic,5 Seats,bangalore,2179 cc
₹ 10.13 Lakh,SUV,"26,224 Kms",2nd Owner,2016.0,16 kmpl,KA19,Diesel,Mar 2017,2016,Comprehensive,6 Speed ,Manual,7 Seats,bangalore,2179 cc
₹ 6.77 Lakh,Sedan,"32,196 Kms",2nd Owner,2016.0,17.8 kmpl,KA04,Petrol,Nov 2016,2016,Comprehensive,5 Speed,Manual,5 Seats,bangalore,1497 cc
₹ 9 Lakh,MUV,"1,20,000 Kms",1st Owner,2016.0,24.52 kmpl,,Diesel,2016,2016,Third Party insurance,5 Speed,Manual,7 Seats,bangalore,1248 cc
₹ 5.91 Lakh,Hatchback,"56,672 Kms",3rd Owner,2017.0,18.6 kmpl,KA03,Petrol,Apr 2017,2017,Third Party insurance,5 Speed,Manual,5 Seats,bangalore,1197 cc
₹ 4.28 Lakh,Hatchback,"21,226 Kms",1st Owner,2020.0,21.7 kmpl,KA63,Petrol,Mar 2021,2020,Comprehensive,5 Speed,Manual,5 Seats,bangalore,998 cc
₹ 11.45 Lakh,SUV,"1,05,000 Kms",2nd Owner,2010.0,11.5 kmpl,KA05,Diesel,Jun 2010,2010,Comprehensive,5 Speed,Manual,7 Seats,bangalore,2982 cc
₹ 6.97 Lakh,Hatchback,"10,346 Kms",1st Owner,2022.0,20.7 kmpl,KA53,Petrol,Mar 2022,2022,Third Party insurance,5-Speed,Manual,5 Seats,bangalore,1197 cc
₹ 6.30 Lakh,Sedan,"30,000 Kms",3rd Owner,2020.0,22.61 kmpl,,Petrol,2020,2020,Third Party insurance,5 Speed,Automatic,5 Seats,bangalore,1197 cc
₹ 4.29 Lakh,Hatchback,"16,679 Kms",1st Owner,2021.0,22.05 kmpl,KA05,Petrol,Oct 2021,2021,Third Party insurance,5 Speed,Manual,5 Seats,bangalore,796 cc
₹ 4.64 Lakh,Hatchback,"15,437 Kms",2nd Owner,2016.0,25.24 kmpl,KA05,Petrol,Mar 2016,2016,Comprehensive,5-Speed,Manual,5 Seats,bangalore,998 cc
₹ 7.50 Lakh,MUV,"40,000 Kms",1st Owner,2019.0,20 kmpl,,Petrol,2019,2019,Third Party insurance,5-Speed,Manual,7 Seats,bangalore,999 cc
₹ 11 Lakh,SUV,"30,000 Kms",2nd Owner,2019.0,18.15 kmpl,KA03,Petrol,2019,2019,Third Party insurance,7-Speed,Automatic,5 Seats,bangalore,998 cc
₹ 7 Lakh,Sedan,"90,000 Kms",1st Owner,2014.0,22.7 kmpl,HR51,Diesel,2014,2014,Third Party insurance,6 Speed ,Manual,5 Seats,bangalore,1582 cc
₹ 11 Lakh,Sedan,"1,10,000 Kms",2nd Owner,2013.0,15.8 kmpl,KA01,Diesel,2013,2013,Third Party insurance,6 Speed,Automatic,5 Seats,bangalore,2200 cc
₹ 16.95 Lakh,SUV,"20,000 Kms",1st Owner,2022.0,18.09 kmpl,KA03,Petrol,Feb 2022,2022,Comprehensive,6-speed,Manual,5 Seats,bangalore,999 cc
₹ 20 Lakh,SUV,"1,20,000 Kms",1st Owner,2011.0,12.07 kmpl,KA01,Diesel,2011,2011,Third Party insurance,8 Speed Tiptronic,Automatic,7 Seats,bangalore,2967 cc
₹ 5 Lakh,Minivans,"10,000 Kms",1st Owner,2021.0,16.11 kmpl,KA04,Petrol,2021,2021,Third Party insurance,5 Speed,Manual,7 Seats,bangalore,1196 cc
₹ 2 Lakh,SUV,"1,10,000 Kms",3rd Owner,2005.0,11.1 kmpl,KA01,Petrol,2005,2005,Third Party insurance,6Speed,Manual,5 Seats,bangalore,2354 cc
₹ 27 Lakh,Sedan,"1,20,000 Kms",1st Owner,2017.0,19.33 kmpl,KA03,Diesel,2017,2017,Third Party insurance,8 Speed,Automatic,5 Seats,bangalore,1999 cc
₹ 3.60 Lakh,Hatchback,"50,000 Kms",1st Owner,2020.0,21.7 kmpl,KA01,Petrol,2020,2020,Third Party insurance,5-Speed,Manual,5 Seats,bangalore,999 cc
₹ 7.33 Lakh,Hatchback,"15,017 Kms",1st Owner,2017.0,18.7 kmpl,KA03,Petrol,May 2017,2017,Comprehensive,5 Speed,Manual,5 Seats,bangalore,1199 cc
₹ 3.75 Lakh,Hatchback,"75,283 Kms",1st Owner,2013.0,18.9 kmpl,KA04,Petrol,Jun 2013,2013,Comprehensive,5 Speed,Manual,5 Seats,bangalore,998 cc
₹ 18.85 Lakh,SUV,"54,568 Kms",2nd Owner,2021.0,16.35 kmpl,KA09,Diesel,Mar 2021,2021,Third Party insurance,6-Speed,Manual,5 Seats,bangalore,1956 cc
₹ 6.57 Lakh,Hatchback,"14,516 Kms",1st Owner,2016.0,18.6 kmpl,KA51,Petrol,Feb 2016,2016,Comprehensive,5 Speed,Manual,5 Seats,bangalore,1197 cc
₹ 7.29 Lakh,Hatchback,"53,627 Kms",1st Owner,2019.0,21.4 kmpl,KA53,Petrol,Sept 2019,2019,Comprehensive,CVT,Automatic,5 Seats,bangalore,1197 cc
₹ 8 Lakh,Sedan,"20,000 Kms",1st Owner,2021.0,19.28 kmpl,,Petrol,2021,2021,Third Party insurance,5-Speed,Manual,5 Seats,bangalore,1199 cc
₹ 5.01 Lakh,Hatchback,"5,083 Kms",2nd Owner,2019.0,23.01 kmpl,KA50,Petrol,Jan 2020,2019,Third Party,5 Speed,Automatic,5 Seats,bangalore,999 cc
₹ 6.50 Lakh,SUV,"1,00,000 Kms",2nd Owner,2016.0,18.49 kmpl,KA05,Diesel,2016,2016,Third Party insurance,5 Speed,Manual,7 Seats,bangalore,1493 cc
₹ 10.05 Lakh,Sedan,"50,666 Kms",1st Owner,2017.0,18 kmpl,KA53,Petrol,Jun 2017,2017,Third Party,CVT,Automatic,5 Seats,bangalore,1497 cc
₹ 11.93 Lakh,SUV,"16,962 Kms",1st Owner,2022.0,17.57 kmpl,KA53,Petrol,Jun 2022,2022,Third Party,6-Speed,Manual,5 Seats,bangalore,1199 cc
₹ 9 Lakh,Hatchback,"10,000 Kms",1st Owner,2019.0,18.78 kmpl,KA05,Petrol,2019,2019,Third Party insurance,5 Speed,Manual,5 Seats,bangalore,999 cc
₹ 21.50 Lakh,SUV,"10,000 Kms",1st Owner,2022.0,,,Diesel,2022,2022,Third Party insurance,6-Speed,Manual,7 Seats,bangalore,2198 cc
₹ 9.25 Lakh,Hatchback,"70,446 Kms",1st Owner,2017.0,17.21 kmpl,KA51,Petrol,Feb 2017,2017,Comprehensive,7 Speed,Automatic,5 Seats,bangalore,1197 cc
₹ 8.65 Lakh,Hatchback,"60,528 Kms",2nd Owner,2017.0,17.21 kmpl,KA03,Petrol,Feb 2017,2017,Third Party insurance,7 Speed,Automatic,5 Seats,bangalore,1197 cc
₹ 15.85 Lakh,SUV,"7,132 Kms",1st Owner,2021.0,20.08 kmpl,KA02,Petrol,Jan 2022,2021,Comprehensive,6-Speed,Manual,5 Seats,bangalore,999 cc
₹ 1.20 Lakh,Sedan,"1,00,000 Kms",5th Owner,2009.0,17.8 kmpl,,Diesel,2009,2009,Third Party insurance,5 Speed,Manual,5 Seats,bangalore,1399 cc
₹ 18 Lakh,SUV,"80,000 Kms",3rd Owner,2012.0,11.74 kmpl,KA03,Diesel,2012,2012,Third Party insurance,7 Speed,Automatic,5 Seats,bangalore,2987 cc
₹ 70 Lakh,SUV,"30,000 Kms",1st Owner,2018.0,8.9 kmpl,,Petrol,2018,2018,Third Party insurance,9 Speed,Automatic,5 Seats,bangalore,2996 cc
₹ 1.95 Lakh,Hatchback,"1,20,000 Kms",3rd Owner,2015.0,17.88 kmpl,,Diesel,2015,2015,Third Party insurance,5 Speed,Manual,5 Seats,bangalore,1405 cc
₹ 7.99 Lakh,Hatchback,"21,280 Kms",1st Owner,2018.0,18.6 kmpl,KA53,Petrol,Jul 2018,2018,Comprehensive,5 Speed,Manual,5 Seats,bangalore,1197 cc
₹ 6.89 Lakh,SUV,"82,021 Kms",1st Owner,2017.0,15.63 kmpl,KA03,Petrol,Oct 2017,2017,Zero Dep,6 Speed,Automatic,5 Seats,bangalore,1499 cc
₹ 10.68 Lakh,SUV,"18,998 Kms",1st Owner,2023.0,17.33 kmpl,KA41,Petrol,Jun 2023,2023,Third Party,6 Speed,Manual,5 Seats,bangalore,1199 cc
₹ 17.99 Lakh,SUV,"56,189 Kms",1st Owner,2018.0,16.3 kmpl,KA01,Diesel,Jan 2019,2018,Third Party insurance,6 Speed,Manual,5 Seats,bangalore,1956 cc
₹ 3.83 Lakh,Hatchback,"57,644 Kms",2nd Owner,2020.0,21.7 kmpl,KA20,Petrol,Jan 2021,2020,Third Party,5 Speed,Manual,5 Seats,bangalore,998 cc
₹ 3.27 Lakh,Hatchback,"51,286 Kms",2nd Owner,2018.0,24.7 kmpl,KA51,Petrol,Jul 2018,2018,Comprehensive,5 Speed,Manual,5 Seats,bangalore,796 cc
₹ 1.95 Lakh,SUV,"1,20,000 Kms",1st Owner,2012.0,17.21 kmpl,RJ05,Diesel,2012,2012,Third Party insurance,5 Speed ,Manual,7 Seats,bangalore,1493 cc
₹ 6.39 Lakh,Hatchback,"27,937 Kms",1st Owner,2019.0,20.7 kmpl,KA41,Petrol,Feb 2020,2019,Third Party insurance,5-Speed,Manual,5 Seats,bangalore,1197 cc
₹ 5.75 Lakh,SUV,"64,000 Kms",2nd Owner,2013.0,20.45 kmpl,KA51,Diesel,Jun 2013,2013,Comprehensive,5 speed,Manual,5 Seats,bangalore,1461 cc
₹ 6.60 Lakh,SUV,"40,031 Kms",2nd Owner,2017.0,15.85 kmpl,HR13,Petrol,Feb 2017,2017,Comprehensive,5 Speed,Manual,5 Seats,bangalore,1499 cc
₹ 3.25 Lakh,Hatchback,"47,619 Kms",2nd Owner,2017.0,22.05 kmpl,KA03,Petrol,Mar 2017,2017,Comprehensive,5 Speed,Manual,5 Seats,bangalore,796 cc
₹ 2.25 Lakh,Hatchback,"90,000 Kms",5th Owner,2009.0,17 kmpl,,Petrol,2009,2009,Third Party insurance,5 Speed,Manual,5 Seats,bangalore,1197 cc
₹ 10.75 Lakh,SUV,"20,000 Kms",1st Owner,2022.0,18.76 kmpl,KA05,Petrol,2022,2022,Third Party insurance,4 Speed,Automatic,5 Seats,bangalore,1462 cc
₹ 9.75 Lakh,SUV,"20,000 Kms",1st Owner,2022.0,17.03 kmpl,KA05,Petrol,2022,2022,Third Party insurance,5 Speed,Manual,5 Seats,bangalore,1462 cc
₹ 3 Lakh,Hatchback,"70,000 Kms",3rd Owner,2010.0,20.36 kmpl,KA05,Petrol,2010,2010,Third Party insurance,5 Speed,Manual,5 Seats,bangalore,1197 cc
₹ 2.90 Lakh,Sedan,"1,10,000 Kms",3rd Owner,2011.0,21.5 kmpl,KA19,Diesel,2011,2011,Third Party insurance,5 Speed,Manual,5 Seats,bangalore,1248 cc
₹ 2.60 Lakh,Hatchback,"40,000 Kms",3rd Owner,2012.0,19.4 kmpl,,Petrol,2012,2012,Third Party insurance,5 Speed,Manual,5 Seats,bangalore,1198 cc
₹ 3.60 Lakh,Sedan,"1,00,000 Kms",3rd Owner,2012.0,21.64 kmpl,KA01,Diesel,2012,2012,Third Party insurance,5 Speed,Manual,5 Seats,bangalore,1461 cc
₹ 15 Lakh,SUV,"10,000 Kms",4th Owner,2013.0,16.55 kmpl,,Diesel,2013,2013,Third Party insurance,,Automatic,5 Seats,bangalore,1995 cc
₹ 2.50 Lakh,Hatchback,"60,000 Kms",4th Owner,2017.0,21.1 kmpl,,Petrol,2017,2017,Third Party insurance,5 Speed,Manual,5 Seats,bangalore,814 cc
₹ 17.74 Lakh,SUV,"24,000 Kms",1st Owner,2021.0,,KA04,Petrol,Jun 2021,2021,Comprehensive,6 Speed,Automatic,4 Seats,bangalore,1997 cc
₹ 10.73 Lakh,SUV,"30,535 Kms",2nd Owner,2020.0,18 kmpl,KA53,Petrol,Jun 2020,2020,Third Party,iMT,Manual,5 Seats,bangalore,998 cc
₹ 3.49 Lakh,Hatchback,"20,229 Kms",2nd Owner,2017.0,23.95 kmpl,KA04,Petrol,Mar 2017,2017,Third Party,5 Speed,Manual,5 Seats,bangalore,998 cc
₹ 4.85 Lakh,Hatchback,"35,800 Kms",1st Owner,2018.0,21.63 kmpl,KA42,Petrol,Jul 2018,2018,Third Party insurance,5 Speed,Manual,5 Seats,bangalore,998 cc
₹ 5.91 Lakh,Hatchback,"11,453 Kms",1st Owner,2021.0,20.52 kmpl,KA03,Petrol,Jun 2021,2021,Comprehensive,5 Speed,Manual,5 Seats,bangalore,1197 cc
₹ 6.57 Lakh,Hatchback,"35,410 Kms",1st Owner,2016.0,18.6 kmpl,KA05,Petrol,Jul 2016,2016,Comprehensive,5 Speed,Manual,5 Seats,bangalore,1197 cc
₹ 2.10 Lakh,Hatchback,"50,000 Kms",1st Owner,2009.0,19.7 kmpl,,Petrol,2009,2009,Third Party insurance,5 Speed,Manual,5 Seats,bangalore,796 cc
₹ 5.91 Lakh,Hatchback,"49,948 Kms",1st Owner,2018.0,18.9 kmpl,KA03,Petrol,Jul 2018,2018,Third Party insurance,4 Speed,Automatic,5 Seats,bangalore,1197 cc
₹ 5.10 Lakh,Hatchback,"77,000 Kms",2nd Owner,2014.0,22.07 kmpl,KA35,Diesel,Oct 2014,2014,Comprehensive,5 Speed,Manual,5 Seats,bangalore,1199 cc
₹ 6.58 Lakh,Hatchback,"48,285 Kms",1st Owner,2017.0,18.6 kmpl,KA51,Petrol,Mar 2017,2017,Comprehensive,5 Speed,Manual,5 Seats,bangalore,1197 cc
₹ 5.14 Lakh,Hatchback,"19,062 Kms",1st Owner,2021.0,21.74 kmpl,KA51,Petrol,Sept 2021,2021,Comprehensive,5 Speed,Manual,5 Seats,bangalore,999 cc
₹ 3.30 Lakh,Hatchback,"70,000 Kms",2nd Owner,2011.0,16.95 kmpl,,Petrol,2011,2011,Third Party insurance,4-Speed,Automatic,5 Seats,bangalore,1197 cc
₹ 22.50 Lakh,Sedan,"1,20,000 Kms",2nd Owner,2015.0,13 kmpl,,Diesel,2015,2015,Third Party insurance,7 Speed,Automatic,5 Seats,bangalore,2143 cc
₹ 9.50 Lakh,Hatchback,"10,000 Kms",1st Owner,2022.0,19.3 kmpl,KA03,Petrol,2022,2022,Third Party insurance,6 Speed,Manual,5 Seats,bangalore,1199 cc
₹ 4.95 Lakh,Hatchback,"80,000 Kms",3rd Owner,2014.0,16.47 kmpl,KA04,Petrol,2014,2014,Third Party insurance,5 Speed,Manual,5 Seats,bangalore,1198 cc
₹ 1.10 Lakh,Hatchback,"80,000 Kms",2nd Owner,2007.0,15.5 kmpl,KA02,Petrol,2007,2007,Third Party insurance,5 Speed,Manual,5 Seats,bangalore,1108 cc
₹ 3.30 Lakh,Sedan,"87,000 Kms",1st Owner,2011.0,17.6 kmpl,KA02,Petrol,Jul 2011,2011,Comprehensive,,Manual,5 Seats,bangalore,1496 cc
₹ 7.75 Lakh,Sedan,"80,000 Kms",1st Owner,2016.0,22.15 kmpl,KA05,Diesel,2016,2016,Third Party insurance,7 Speed,Automatic,5 Seats,bangalore,1498 cc
₹ 2.60 Lakh,Hatchback,"1,10,000 Kms",2nd Owner,2010.0,18.9 kmpl,KA05,Petrol,2010,2010,Third Party insurance,5 Speed,Manual,5 Seats,bangalore,998 cc
₹ 3 Lakh,Sedan,"90,000 Kms",3rd Owner,2009.0,16.8 kmpl,KA05,Petrol,2009,2009,Third Party insurance,5 Speed,Automatic,5 Seats,bangalore,1497 cc
₹ 6.50 Lakh,Hatchback,"30,000 Kms",1st Owner,2019.0,21.21 kmpl,,Petrol,2019,2019,Third Party insurance,5,Automatic,5 Seats,bangalore,1197 cc
₹ 3.75 Lakh,Hatchback,"56,276 Kms",1st Owner,2016.0,23.95 kmpl,KA51,Petrol,Nov 2016,2016,Comprehensive,5 Speed,Manual,5 Seats,bangalore,998 cc
₹ 6.47 Lakh,Hatchback,"27,103 Kms",1st Owner,2016.0,18.6 kmpl,KA53,Petrol,Sept 2016,2016,Comprehensive,5 Speed,Manual,5 Seats,bangalore,1197 cc
₹ 2.45 Lakh,Hatchback,"80,000 Kms",2nd Owner,2011.0,20 kmpl,,Diesel,2011,2011,Third Party insurance,5 Speed,Manual,5 Seats,bangalore,1399 cc
₹ 5.91 Lakh,Hatchback,"46,507 Kms",1st Owner,2017.0,20.89 kmpl,KA03,Petrol,May 2017,2017,Zero Dep,5 Speed,Automatic,5 Seats,bangalore,1197 cc
₹ 5.75 Lakh,Hatchback,"30,000 Kms",1st Owner,2018.0,18.9 kmpl,KA04,Petrol,2018,2018,Third Party insurance,5 Speed,Manual,5 Seats,bangalore,1197 cc
₹ 6.59 Lakh,Sedan,"39,070 Kms",1st Owner,2017.0,21.21 kmpl,KA03,Petrol,Jan 2018,2017,Zero Dep,5 Speed,Manual,5 Seats,bangalore,1197 cc
₹ 7.20 Lakh,Sedan,"1,20,000 Kms",1st Owner,2019.0,23.59 kmpl,KA03,Diesel,2019,2019,Third Party insurance,5 Speed,Manual,5 Seats,bangalore,1364 cc
₹ 7.33 Lakh,Hatchback,"22,438 Kms",1st Owner,2020.0,21.01 kmpl,KA04,Petrol,Jul 2020,2020,Third Party insurance,5 Speed,Manual,5 Seats,bangalore,1197 cc
₹ 8.67 Lakh,Hatchback,"21,225 Kms",2nd Owner,2020.0,21.4 kmpl,KA51,Petrol,Dec 2020,2020,Zero Dep,CVT,Automatic,5 Seats,bangalore,1197 cc
₹ 8.50 Lakh,Hatchback,"28,737 Kms",1st Owner,2019.0,18.2 kmpl,KA05,Petrol,Jun 2019,2019,Comprehensive,5 Speed,Automatic,5 Seats,bangalore,1199 cc
₹ 9.20 Lakh,SUV,"20,000 Kms",1st Owner,2021.0,20.5 kmpl,KA19,Petrol,2021,2021,Third Party insurance,5 Speed,Manual,5 Seats,bangalore,999 cc
₹ 7.20 Lakh,Hatchback,"30,000 Kms",1st Owner,2019.0,22.54 kmpl,KA04,Diesel,2019,2019,Third Party insurance,6 Speed,Manual,5 Seats,bangalore,1396 cc
₹ 1.20 Lakh,Hatchback,"70,000 Kms",3rd Owner,2009.0,18 kmpl,KA53,Petrol,2009,2009,Third Party insurance,5 Speed,Manual,5 Seats,bangalore,995 cc
₹ 6.50 Lakh,Sedan,"1,20,000 Kms",2nd Owner,2010.0,14.84 kmpl,CH01,Diesel,2010,2010,Third Party insurance,7 Speed,Automatic,5 Seats,bangalore,2143 cc
₹ 3.50 Lakh,Hatchback,"80,000 Kms",2nd Owner,2012.0,18.5 kmpl,,Petrol,2012,2012,Third Party insurance,5 Speed,Manual,5 Seats,bangalore,1197 cc
₹ 3.60 Lakh,Hatchback,"1,00,000 Kms",2nd Owner,2010.0,22.07 kmpl,,Diesel,2010,2010,Third Party insurance,5 Speed,Manual,5 Seats,bangalore,1199 cc
₹ 16 Lakh,Sedan,"80,000 Kms",1st Owner,2013.0,17.68 kmpl,,Diesel,2013,2013,Third Party insurance,8 Speed,Automatic,5 Seats,bangalore,1968 cc
₹ 2 Lakh,Hatchback,"40,000 Kms",3rd Owner,2009.0,19.5 kmpl,KA03,Petrol,2009,2009,Third Party insurance,,Manual,,bangalore,1061 cc
₹ 16 Lakh,Sedan,"70,000 Kms",1st Owner,2018.0,21 kmpl,KA02,Diesel,2018,2018,Third Party insurance,6 Speed,Manual,5 Seats,bangalore,1968 cc
₹ 3.81 Lakh,Hatchback,"90,106 Kms",2nd Owner,2013.0,21.9 kmpl,KA01,Diesel,Dec 2013,2013,Third Party insurance,6 Speed,Manual,5 Seats,bangalore,1396 cc
₹ 4 Lakh,Sedan,"50,000 Kms",1st Owner,2009.0,13.7 kmpl,MH04,Petrol,2009,2009,Third Party insurance,7 Speed,Manual,5 Seats,bangalore,1798 cc
₹ 3.89 Lakh,Hatchback,"1,38,175 Kms",1st Owner,2016.0,26.68 kmpl,KA50,Petrol,Mar 2016,2016,Zero Dep,5-Speed,Automatic,5 Seats,bangalore,998 cc
₹ 4.45 Lakh,Hatchback,"55,609 Kms",1st Owner,2019.0,23.01 kmpl,KA13,Petrol,Jan 2020,2019,Third Party insurance,5 Speed,Manual,5 Seats,bangalore,999 cc
₹ 1.86 Lakh,Hatchback,"1,20,000 Kms",3rd Owner,2015.0,17.88 kmpl,,Diesel,2015,2015,Third Party insurance,5 Speed,Manual,5 Seats,bangalore,1405 cc
₹ 6.42 Lakh,Hatchback,"56,410 Kms",1st Owner,2018.0,22.56 kmpl,KA50,Petrol,Oct 2018,2018,Comprehensive,5-Speed,Automatic,5 Seats,bangalore,1197 cc
₹ 7.25 Lakh,Hatchback,"30,000 Kms",1st Owner,2022.0,22.35 kmpl,,Petrol,2022,2022,Third Party insurance,5 Speed,Manual,5 Seats,bangalore,1197 cc
₹ 6.16 Lakh,Hatchback,"77,593 Kms",1st Owner,2017.0,18.6 kmpl,KA20,Petrol,Aug 2017,2017,Comprehensive,5 Speed,Manual,5 Seats,bangalore,1197 cc
₹ 6.94 Lakh,SUV,"49,538 Kms",1st Owner,2018.0,17.5 kmpl,KA19,Petrol,Oct 2018,2018,Third Party,5 Speed,Manual,5 Seats,bangalore,1199 cc
₹ 4 Lakh,Sedan,"87,000 Kms",4th Owner,2012.0,17.3 kmpl,,Diesel,2012,2012,Third Party insurance,6 Speed,Manual,5 Seats,bangalore,1998 cc
₹ 6.50 Lakh,SUV,"80,000 Kms",1st Owner,2016.0,15.96 kmpl,,Diesel,2016,2016,Third Party insurance,5 Speed,Manual,9 Seats,bangalore,2523 cc
₹ 3 Lakh,Hatchback,"50,000 Kms",2nd Owner,2018.0,22.5 kmpl,KA19,Petrol,2018,2018,Third Party insurance,5-Speed,Manual,5 Seats,bangalore,999 cc
₹ 4 Lakh,Hatchback,"1,20,000 Kms",1st Owner,2012.0,22.9 kmpl,KA05,Diesel,2012,2012,Third Party insurance,5 Speed,Manual,5 Seats,bangalore,1248 cc
₹ 6.49 Lakh,Hatchback,"30,000 Kms",1st Owner,2018.0,22 kmpl,KA51,Petrol,2018,2018,Third Party insurance,5,Manual,5 Seats,bangalore,1197 cc
₹ 3.60 Lakh,Hatchback,"1,00,000 Kms",2nd Owner,2010.0,22.07 kmpl,KA03,Diesel,2010,2010,Third Party insurance,5 Speed,Manual,5 Seats,bangalore,1199 cc
₹ 3.60 Lakh,Hatchback,"1,00,000 Kms",2nd Owner,2010.0,22.07 kmpl,,Diesel,2010,2010,Third Party insurance,5 Speed,Manual,5 Seats,bangalore,1199 cc
₹ 2.40 Lakh,Hatchback,"1,20,000 Kms",3rd Owner,2010.0,17.92 kmpl,KA51,Petrol,2010,2010,Third Party insurance,5 Speed,Manual,5 Seats,bangalore,1086 cc
₹ 8 Lakh,Hatchback,"30,000 Kms",1st Owner,2021.0,20.7 kmpl,,Petrol,2021,2021,Third Party insurance,5-Speed,Automatic,5 Seats,bangalore,1197 cc
₹ 3.50 Lakh,Hatchback,"1,00,000 Kms",1st Owner,2009.0,17.8 kmpl,,Diesel,2009,2009,Third Party insurance,,Manual,5 Seats,bangalore,1248 cc
₹ 4.15 Lakh,Hatchback,"41,268 Kms",2nd Owner,2016.0,25.24 kmpl,KA05,Petrol,Mar 2016,2016,Third Party insurance,5-Speed,Manual,5 Seats,bangalore,998 cc
₹ 3.84 Lakh,Hatchback,"60,020 Kms",1st Owner,2011.0,22.38 kmpl,KA05,Petrol,Feb 2011,2011,Comprehensive,5-Speed,Manual,5 Seats,bangalore,1197 cc
₹ 9 Lakh,SUV,"1,20,000 Kms",1st Owner,2015.0,16 kmpl,KA01,Diesel,2015,2015,Third Party insurance,6 Speed,Manual,7 Seats,bangalore,2179 cc
₹ 7.82 Lakh,Hatchback,"32,148 Kms",1st Owner,2016.0,22.54 kmpl,KA03,Diesel,Aug 2016,2016,Third Party insurance,6 Speed,Manual,5 Seats,bangalore,1396 cc
₹ 4.63 Lakh,Hatchback,"69,565 Kms",1st Owner,2016.0,26 kmpl,KA04,Petrol,Oct 2016,2016,Comprehensive,5-Speed,Automatic,5 Seats,bangalore,998 cc
₹ 6.60 Lakh,Hatchback,"60,000 Kms",1st Owner,2017.0,27.3 kmpl,,Diesel,2017,2017,Third Party insurance,6 Speed,Manual,5 Seats,bangalore,1498 cc
₹ 6.63 Lakh,Hatchback,"26,007 Kms",1st Owner,2018.0,22.56 kmpl,KA68,Petrol,Nov 2018,2018,Comprehensive,5-Speed,Automatic,5 Seats,bangalore,1197 cc
₹ 9 Lakh,SUV,"30,000 Kms",2nd Owner,2018.0,18.88 kmpl,KA01,Petrol,2018,2018,Third Party insurance,5 Speed,Manual,5 Seats,bangalore,999 cc
₹ 3.16 Lakh,Hatchback,"1,34,850 Kms",2nd Owner,2010.0,22.38 kmpl,KA51,Petrol,Mar 2010,2010,Comprehensive,5-Speed,Manual,5 Seats,bangalore,1197 cc
₹ 4.36 Lakh,Hatchback,"44,385 Kms",1st Owner,2015.0,25.24 kmpl,KA01,Petrol,Oct 2015,2015,Comprehensive,5-Speed,Manual,5 Seats,bangalore,998 cc
₹ 2.80 Lakh,SUV,"1,20,000 Kms",2nd Owner,2009.0,13.93 kmpl,KA05,Diesel,2009,2009,Third Party insurance,5 Speed,Manual,7 Seats,bangalore,2179 cc
₹ 13.50 Lakh,SUV,"30,000 Kms",1st Owner,2018.0,19.67 kmpl,JH01,Diesel,2018,2018,Third Party insurance,6 Speed,Manual,5 Seats,bangalore,1582 cc
₹ 9.75 Lakh,Sedan,"87,000 Kms",3rd Owner,2011.0,13.2 kmpl,KA51,Diesel,Jun 2011,2011,Third Party insurance,6 Speed,Automatic,5 Seats,bangalore,1995 cc
₹ 5.20 Lakh,Sedan,"1,02,662 Kms",1st Owner,2014.0,18 kmpl,KA02,Petrol,Nov 2014,2014,Comprehensive,5 Speed CVT,Automatic,5 Seats,bangalore,1497 cc
₹ 17.65 Lakh,SUV,"13,802 Kms",1st Owner,2022.0,17.2 kmpl,KA03,Petrol,Aug 2022,2022,Comprehensive,6-speed,Automatic,5 Seats,bangalore,999 cc
₹ 1.75 Lakh,Hatchback,"90,000 Kms",4th Owner,2011.0,20 kmpl,KA03,Diesel,2011,2011,Third Party insurance,5 Speed,Manual,5 Seats,bangalore,1399 cc
₹ 4 Lakh,Hatchback,"40,000 Kms",2nd Owner,2011.0,17 kmpl,KA05,Petrol,2011,2011,Third Party insurance,5 Speed,Manual,5 Seats,bangalore,1197 cc
₹ 9.50 Lakh,Sedan,"65,000 Kms",2nd Owner,2011.0,14.74 kmpl,KA01,Petrol,Aug 2011,2011,Third Party insurance,9 Speed,Automatic,5 Seats,bangalore,1991 cc
₹ 15.95 Lakh,SUV,"42,000 Kms",1st Owner,2020.0,16.1 kmpl,KA02,Petrol,Oct 2020,2020,Comprehensive,6-Speed,Manual,5 Seats,bangalore,1353 cc
₹ 5.93 Lakh,Hatchback,"13,444 Kms",2nd Owner,2017.0,18.9 kmpl,KA03,Petrol,Jan 2018,2017,Comprehensive,4 Speed,Automatic,5 Seats,bangalore,1197 cc
₹ 10.57 Lakh,SUV,"56,226 Kms",1st Owner,2019.0,20 kmpl,KA02,Diesel,Apr 2019,2019,Third Party insurance,6 Speed,Manual,5 Seats,bangalore,1497 cc
₹ 5.60 Lakh,Hatchback,"8,733 Kms",1st Owner,2020.0,22 kmpl,KA01,Petrol,Jun 2020,2020,Third Party,5 Speed,Automatic,5 Seats,bangalore,999 cc
₹ 12.64 Lakh,Sedan,"57,963 Kms",1st Owner,2020.0,18.3 kmpl,KA03,Petrol,Jul 2020,2020,Comprehensive,CVT,Automatic,5 Seats,bangalore,1498 cc
₹ 16.66 Lakh,Sedan,"19,508 Kms",1st Owner,2022.0,16.4 kmpl,KA05,Petrol,Nov 2022,2022,Comprehensive,5 Speed,Automatic,5 Seats,bangalore,1497 cc
₹ 7.89 Lakh,Sedan,"49,423 Kms",1st Owner,2018.0,17.4 kmpl,KA02,Petrol,Mar 2018,2018,Third Party insurance,5 Speed,Manual,5 Seats,bangalore,1497 cc
₹ 4.59 Lakh,Hatchback,"78,622 Kms",2nd Owner,2012.0,22.38 kmpl,KA05,Petrol,Aug 2012,2012,Comprehensive,5-Speed,Manual,5 Seats,bangalore,1197 cc
₹ 12.75 Lakh,SUV,"18,025 Kms",1st Owner,2022.0,,KA05,Diesel,Jan 2022,2022,Third Party insurance,6-Speed,Manual,5 Seats,bangalore,1493 cc
₹ 3.75 Lakh,Sedan,"68,220 Kms",1st Owner,2010.0,17 kmpl,KA03,Petrol,Dec 2010,2010,Comprehensive,5 Speed,Manual,5 Seats,bangalore,1497 cc
₹ 38.75 Lakh,SUV,"6,000 Kms",1st Owner,2022.0,,KA05,Diesel,Mar 2022,2022,Comprehensive,9-Speed,Automatic,7 Seats,bangalore,1956 cc
₹ 9.85 Lakh,SUV,"59,889 Kms",1st Owner,2018.0,16.55 kmpl,KA50,Diesel,Aug 2018,2018,Third Party insurance,5 Speed,Manual,6 Seats,bangalore,2498 cc
₹ 37.75 Lakh,Sedan,"11,000 Kms",2nd Owner,2019.0,13.5 kmpl,KA04,Diesel,Nov 2019,2019,Comprehensive,8 Speed,Automatic,5 Seats,bangalore,1999 cc
₹ 8.25 Lakh,Hatchback,"38,500 Kms",1st Owner,2019.0,18.6 kmpl,KA05,Petrol,Jun 2019,2019,Comprehensive,5 Speed,Manual,5 Seats,bangalore,1197 cc
₹ 16.25 Lakh,SUV,"1,20,000 Kms",2nd Owner,2013.0,12.55 kmpl,KA51,Diesel,May 2013,2013,Comprehensive,5 Speed ,Automatic,7 Seats,bangalore,2982 cc
₹ 21.98 Lakh,Sedan,"39,157 Kms",2nd Owner,2016.0,22.69 kmpl,KA05,Diesel,Feb 2017,2016,Third Party insurance,8 Speed,Automatic,5 Seats,bangalore,1995 cc
₹ 8.25 Lakh,MUV,"1,62,000 Kms",1st Owner,2008.0,12.8 kmpl,KA01,Diesel,May 2008,2008,Comprehensive,5 Speed,Manual,7 Seats,bangalore,2494 cc
₹ 11.75 Lakh,Hatchback,"89,900 Kms",2nd Owner,2013.0,16.28 kmpl,KA51,Petrol,Jul 2013,2013,Third Party,8 Speed,Automatic,5 Seats,bangalore,1598 cc
₹ 6.56 Lakh,Hatchback,"58,666 Kms",1st Owner,2017.0,21.4 kmpl,KA25,Petrol,Oct 2017,2017,Comprehensive,CVT,Automatic,5 Seats,bangalore,1197 cc
₹ 6.12 Lakh,Sedan,"54,137 Kms",1st Owner,2018.0,21.21 kmpl,KA05,Petrol,Jun 2018,2018,Third Party insurance,5 Speed,Automatic,5 Seats,bangalore,1197 cc
₹ 11.95 Lakh,SUV,"1,80,000 Kms",2nd Owner,2011.0,11.5 kmpl,KA51,Diesel,Jun 2011,2011,Comprehensive,5 Speed,Manual,7 Seats,bangalore,2982 cc
₹ 4.36 Lakh,Hatchback,"21,997 Kms",1st Owner,2019.0,23.01 kmpl,KA03,Petrol,Oct 2019,2019,Comprehensive,5 Speed,Manual,5 Seats,bangalore,999 cc
₹ 7.21 Lakh,Sedan,"40,394 Kms",2nd Owner,2020.0,21.21 kmpl,KA04,Petrol,Dec 2020,2020,Comprehensive,5 Speed,Automatic,5 Seats,bangalore,1197 cc
₹ 17.50 Lakh,SUV,"49,000 Kms",2nd Owner,2015.0,17.05 kmpl,KA51,Diesel,May 2015,2015,Comprehensive,8-Speed ,Automatic,5 Seats,bangalore,1995 cc
₹ 6.20 Lakh,SUV,"80,390 Kms",1st Owner,2017.0,15.85 kmpl,KA36,Petrol,Feb 2018,2017,Comprehensive,5 Speed,Manual,5 Seats,bangalore,1499 cc
₹ 32.99 Lakh,Sedan,"52,721 Kms",1st Owner,2018.0,12.6 kmpl,KA04,Diesel,Jan 2018,2018,Comprehensive,9 Speed,Automatic,5 Seats,bangalore,1950 cc
₹ 6.43 Lakh,Hatchback,"55,127 Kms",1st Owner,2017.0,21.4 kmpl,KA03,Petrol,Apr 2017,2017,Comprehensive,CVT,Automatic,5 Seats,bangalore,1197 cc
₹ 8.22 Lakh,SUV,"35,922 Kms",2nd Owner,2018.0,23 kmpl,KA05,Diesel,Jan 2018,2018,Comprehensive,5 Speed,Manual,5 Seats,bangalore,1498 cc
₹ 8.38 Lakh,Sedan,"16,883 Kms",1st Owner,2019.0,19 kmpl,KA03,Petrol,Jan 2019,2019,Third Party insurance,CVT,Automatic,5 Seats,bangalore,1199 cc
₹ 6.25 Lakh,SUV,"86,000 Kms",2nd Owner,2013.0,19.6 kmpl,KA01,Diesel,Jun 2013,2013,Comprehensive,6 Speed,Manual,5 Seats,bangalore,1461 cc
₹ 11.25 Lakh,Sedan,"88,000 Kms",1st Owner,2016.0,15.1 kmpl,KA01,Petrol,May 2016,2016,Comprehensive,7 Speed,Automatic,5 Seats,bangalore,1798 cc
₹ 25.45 Lakh,SUV,"34,000 Kms",1st Owner,2020.0,17.1 kmpl,KA01,Diesel,May 2020,2020,Comprehensive,6 Speed,Automatic,5 Seats,bangalore,1956 cc
₹ 3.45 Lakh,Hatchback,"1,10,000 Kms",1st Owner,2013.0,20.86 kmpl,KA01,Diesel,Aug 2013,2013,Comprehensive,5 Speed,Manual,5 Seats,bangalore,1199 cc
₹ 9.99 Lakh,SUV,"55,398 Kms",1st Owner,2020.0,19.87 kmpl,KA03,Diesel,Jan 2020,2020,Third Party insurance,5-Speed,Manual,5 Seats,bangalore,1461 cc
₹ 6.75 Lakh,SUV,"54,000 Kms",2nd Owner,2015.0,14.7 kmpl,KA02,Petrol,Nov 2015,2015,Comprehensive,6 Speed,Automatic,5 Seats,bangalore,1496 cc
₹ 8.75 Lakh,Hatchback,"25,829 Kms",1st Owner,2019.0,18.78 kmpl,KA09,Petrol,Aug 2019,2019,Comprehensive,5 Speed,Manual,5 Seats,bangalore,999 cc
₹ 4.85 Lakh,Hatchback,"36,913 Kms",1st Owner,2016.0,23.1 kmpl,KA01,Petrol,Jul 2016,2016,Comprehensive,5 Speed ,Manual,5 Seats,bangalore,998 cc
₹ 7.75 Lakh,Hatchback,"34,000 Kms",1st Owner,2018.0,22.54 kmpl,KA01,Diesel,Apr 2018,2018,Comprehensive,6 Speed,Manual,5 Seats,bangalore,1396 cc
₹ 6.55 Lakh,Hatchback,"42,162 Kms",2nd Owner,2018.0,22.56 kmpl,KA03,Petrol,Oct 2018,2018,Third Party insurance,5-Speed,Automatic,5 Seats,bangalore,1197 cc
₹ 5.25 Lakh,Hatchback,"48,041 Kms",2nd Owner,2016.0,23.1 kmpl,KA50,Petrol,Jan 2016,2016,Comprehensive,5 Speed ,Automatic,5 Seats,bangalore,998 cc
₹ 4.42 Lakh,Hatchback,"43,285 Kms",3rd Owner,2020.0,23.01 kmpl,KA16,Petrol,Jul 2020,2020,Third Party insurance,5 Speed,Manual,5 Seats,bangalore,999 cc
₹ 4.76 Lakh,Hatchback,"44,326 Kms",1st Owner,2012.0,18.5 kmpl,KA04,Petrol,Sept 2012,2012,Comprehensive,5 Speed,Manual,5 Seats,bangalore,1197 cc
₹ 8.65 Lakh,Hatchback,"62,984 Kms",2nd Owner,2017.0,17.21 kmpl,KA03,Petrol,Jul 2017,2017,Comprehensive,7 Speed,Automatic,5 Seats,bangalore,1197 cc
₹ 3.38 Lakh,Hatchback,"99,276 Kms",2nd Owner,2010.0,22.38 kmpl,KA51,Petrol,Jun 2010,2010,Comprehensive,5-Speed,Manual,5 Seats,bangalore,1197 cc
₹ 12.99 Lakh,SUV,"42,812 Kms",2nd Owner,2018.0,13 kmpl,KA53,Petrol,May 2018,2018,Comprehensive,6 Speed,Automatic,5 Seats,bangalore,1591 cc
₹ 4.92 Lakh,Hatchback,"57,770 Kms",1st Owner,2013.0,22.38 kmpl,KA05,Petrol,Jan 2014,2013,Comprehensive,5-Speed,Manual,5 Seats,bangalore,1197 cc
₹ 5.44 Lakh,Hatchback,"42,220 Kms",3rd Owner,2017.0,18.9 kmpl,KA03,Petrol,Jun 2017,2017,Third Party,4 Speed,Automatic,5 Seats,bangalore,1197 cc
₹ 13.65 Lakh,SUV,"66,977 Kms",1st Owner,2016.0,16 kmpl,KA05,Diesel,Jan 2016,2016,Third Party insurance,6 Speed,Automatic,7 Seats,bangalore,2179 cc
₹ 10.85 Lakh,SUV,"29,916 Kms",1st Owner,2021.0,18 kmpl,KA19,Petrol,Oct 2021,2021,Third Party,6-Speed IMT,Manual,5 Seats,bangalore,998 cc
₹ 14.88 Lakh,Sedan,"10,066 Kms",1st Owner,2022.0,18.07 kmpl,KA05,Petrol,Apr 2022,2022,Third Party,6-Speed,Automatic,5 Seats,bangalore,999 cc
₹ 9.39 Lakh,Sedan,"39,243 Kms",2nd Owner,2019.0,14.84 kmpl,KA05,Petrol,Jul 2019,2019,Comprehensive,6 Speed,Automatic,5 Seats,bangalore,1598 cc
₹ 8.88 Lakh,Sedan,"36,309 Kms",2nd Owner,2017.0,14.84 kmpl,KA63,Petrol,Jan 2018,2017,Third Party insurance,6 Speed,Automatic,5 Seats,bangalore,1598 cc
₹ 4.25 Lakh,Hatchback,"69,408 Kms",1st Owner,2014.0,23.1 kmpl,KA22,Petrol,Jul 2014,2014,Third Party,5 Speed ,Automatic,5 Seats,bangalore,998 cc
₹ 8.18 Lakh,Sedan,"12,064 Kms",2nd Owner,2019.0,19 kmpl,KA01,Petrol,Mar 2019,2019,Third Party insurance,CVT,Automatic,5 Seats,bangalore,1199 cc
₹ 19.44 Lakh,Sedan,"74,000 Kms",1st Owner,2013.0,14.21 kmpl,KA51,Diesel,Apr 2013,2013,Comprehensive,5 Speed,Automatic,5 Seats,bangalore,2143 cc
₹ 6.95 Lakh,Hatchback,"18,000 Kms",1st Owner,2018.0,22 kmpl,KA51,Petrol,Jun 2018,2018,Comprehensive,5,Automatic,5 Seats,bangalore,1197 cc
₹ 4.75 Lakh,Sedan,"59,000 Kms",1st Owner,2010.0,14.4 kmpl,KA51,Petrol,Apr 2010,2010,Comprehensive,6 Speed,Automatic,5 Seats,bangalore,1598 cc
₹ 5.51 Lakh,Hatchback,"17,190 Kms",1st Owner,2018.0,18.9 kmpl,KA03,Petrol,Jan 2019,2018,Comprehensive,5 Speed,Manual,5 Seats,bangalore,1197 cc
₹ 3.52 Lakh,Hatchback,"58,323 Kms",1st Owner,2013.0,18.9 kmpl,KA02,Petrol,Jul 2013,2013,Comprehensive,5 Speed,Manual,5 Seats,bangalore,998 cc
₹ 6 Lakh,Sedan,"40,765 Kms",1st Owner,2015.0,17.8 kmpl,KA03,Petrol,Nov 2015,2015,Comprehensive,5 Speed,Manual,5 Seats,bangalore,1497 cc
₹ 4.79 Lakh,Hatchback,"58,198 Kms",2nd Owner,2016.0,26 kmpl,KA51,Petrol,May 2016,2016,Third Party,5-Speed,Automatic,5 Seats,bangalore,998 cc
₹ 5.59 Lakh,Hatchback,"42,976 Kms",1st Owner,2019.0,18.9 kmpl,KA04,Petrol,Sept 2019,2019,Third Party insurance,5 Speed,Manual,5 Seats,bangalore,1197 cc
₹ 15.19 Lakh,SUV,"1,04,507 Kms",1st Owner,2017.0,,KA05,Diesel,Feb 2017,2017,Comprehensive,,Automatic,7 Seats,bangalore,1995 cc
₹ 4.09 Lakh,Sedan,"44,074 Kms",1st Owner,2012.0,22.41 kmpl,KA01,Petrol,Aug 2012,2012,Third Party,5 Speed,Manual,5 Seats,bangalore,1197 cc
₹ 5.39 Lakh,Hatchback,"21,000 Kms",1st Owner,2017.0,21.79 kmpl,KA05,Petrol,Apr 2017,2017,Comprehensive,5 Speed,Automatic,5 Seats,bangalore,998 cc
₹ 7.37 Lakh,Hatchback,"14,089 Kms",1st Owner,2021.0,22.38 kmpl,KA02,Petrol,Mar 2021,2021,Third Party,5-Speed,Manual,5 Seats,bangalore,1197 cc
₹ 5.26 Lakh,Sedan,"94,378 Kms",2nd Owner,2014.0,26 kmpl,KA19,Diesel,Mar 2014,2014,Comprehensive,6 Speed ,Manual,5 Seats,bangalore,1498 cc
₹ 13.50 Lakh,SUV,"71,000 Kms",1st Owner,2016.0,16 kmpl,KA53,Diesel,Aug 2016,2016,Comprehensive,6 Speed,Automatic,7 Seats,bangalore,2179 cc
₹ 31.94 Lakh,SUV,"1,74,000 Kms",1st Owner,2018.0,14.24 kmpl,KA04,Diesel,Oct 2018,2018,Comprehensive,6 Speed,Manual,7 Seats,bangalore,2755 cc
₹ 5.85 Lakh,Hatchback,"58,000 Kms",2nd Owner,2016.0,18.9 kmpl,KA03,Petrol,Apr 2016,2016,Comprehensive,4 Speed,Automatic,5 Seats,bangalore,1197 cc
₹ 14.95 Lakh,SUV,"1,13,000 Kms",2nd Owner,2014.0,15.73 kmpl,KA51,Diesel,Aug 2014,2014,Third Party insurance,7-Speed S-Tronic ,Automatic,5 Seats,bangalore,1968 cc
₹ 10.90 Lakh,SUV,"1,70,402 Kms",2nd Owner,2010.0,11.1 kmpl,KA25,Diesel,Apr 2010,2010,Comprehensive,6 Speed,Automatic,7 Seats,bangalore,2400 cc
₹ 21 Lakh,Sedan,"30,000 Kms",2nd Owner,2016.0,18.25 kmpl,KA03,Diesel,Sept 2016,2016,Comprehensive,7 Speed,Automatic,5 Seats,bangalore,1968 cc
₹ 5.90 Lakh,Sedan,"59,000 Kms",1st Owner,2014.0,19.1 kmpl,KA51,Petrol,Oct 2014,2014,Comprehensive,5 Speed,Manual,5 Seats,bangalore,1197 cc
₹ 18.99 Lakh,SUV,"25,883 Kms",1st Owner,2021.0,15.1 kmpl,KA02,Diesel,Apr 2021,2021,Comprehensive,6 Speed,Manual,7 Seats,bangalore,2179 cc
₹ 15.45 Lakh,SUV,"32,746 Kms",1st Owner,2021.0,20.08 kmpl,KA03,Petrol,Nov 2021,2021,Comprehensive,6-Speed,Manual,5 Seats,bangalore,999 cc
₹ 18.95 Lakh,Sedan,"35,038 Kms",1st Owner,2017.0,14.7 kmpl,KA51,Petrol,Jan 2017,2017,Comprehensive,7 Speed,Automatic,5 Seats,bangalore,1798 cc
₹ 5.40 Lakh,Hatchback,"38,995 Kms",3rd Owner,2018.0,19 kmpl,KA01,Petrol,Jul 2018,2018,Comprehensive,5-Speed,Manual,5 Seats,bangalore,1194 cc
₹ 4.91 Lakh,Hatchback,"61,102 Kms",1st Owner,2013.0,22.38 kmpl,KA03,Petrol,Sept 2013,2013,Comprehensive,5-Speed,Manual,5 Seats,bangalore,1197 cc
₹ 6.25 Lakh,SUV,"1,32,000 Kms",2nd Owner,2012.0,17.67 kmpl,KA05,Diesel,Feb 2012,2012,Comprehensive,6 Speed ,Manual,5 Seats,bangalore,1968 cc
₹ 4.36 Lakh,Hatchback,"52,288 Kms",1st Owner,2021.0,21.7 kmpl,KA33,Petrol,Sept 2021,2021,Third Party insurance,5 Speed,Manual,5 Seats,bangalore,998 cc
₹ 6.16 Lakh,Hatchback,"69,054 Kms",1st Owner,2017.0,19 kmpl,KA05,Petrol,Nov 2017,2017,Comprehensive,5 Speed,Automatic,5 Seats,bangalore,1199 cc
₹ 6.75 Lakh,SUV,"67,000 Kms",1st Owner,2015.0,13.24 kmpl,KA03,Petrol,Apr 2015,2015,Comprehensive,5 speed,Manual,5 Seats,bangalore,1598 cc
₹ 5.33 Lakh,Sedan,"51,745 Kms",2nd Owner,2015.0,26.59 kmpl,KA05,Diesel,Jan 2016,2015,Comprehensive,5 Speed,Manual,5 Seats,bangalore,1248 cc
₹ 34.95 Lakh,Convertibles,"22,000 Kms",1st Owner,2015.0,16.6 kmpl,KA03,Petrol,Dec 2015,2015,Comprehensive,7 Speed,Automatic,4 Seats,bangalore,1798 cc
₹ 6.26 Lakh,Hatchback,"11,268 Kms",2nd Owner,2017.0,18.9 kmpl,KA53,Petrol,Aug 2017,2017,Comprehensive,5 Speed,Manual,5 Seats,bangalore,1197 cc
₹ 6.32 Lakh,Hatchback,"24,357 Kms",1st Owner,2020.0,20.09 kmpl,KA05,Petrol,Oct 2020,2020,Zero Dep,5-Speed`,Manual,5 Seats,bangalore,1199 cc
₹ 17.75 Lakh,MUV,"1,57,000 Kms",2nd Owner,2016.0,13.68 kmpl,KA03,Diesel,Jul 2016,2016,Comprehensive,5 Speed,Manual,8 Seats,bangalore,2393 cc
₹ 10 Lakh,Sedan,"9,982 Kms",1st Owner,2018.0,17 kmpl,KA01,Petrol,May 2018,2018,Comprehensive,5 Speed,Manual,5 Seats,bangalore,1497 cc
₹ 28.75 Lakh,Sedan,"22,000 Kms",1st Owner,2020.0,20.38 kmpl,KA53,Diesel,Jul 2020,2020,Comprehensive,6 Speed,Automatic,5 Seats,bangalore,1968 cc
₹ 10.85 Lakh,SUV,"27,000 Kms",1st Owner,2020.0,18 kmpl,KA05,Petrol,Feb 2020,2020,Comprehensive,6-Speed IMT,Manual,5 Seats,bangalore,998 cc
₹ 22.75 Lakh,Sedan,"68,000 Kms",2nd Owner,2017.0,22.69 kmpl,KA05,Diesel,Jul 2017,2017,Comprehensive,8 Speed,Automatic,5 Seats,bangalore,1995 cc
₹ 13.65 Lakh,SUV,"19,000 Kms",1st Owner,2022.0,18.15 kmpl,KA03,Petrol,Feb 2022,2022,Comprehensive,7-Speed DCT,Automatic,5 Seats,bangalore,998 cc
₹ 15.50 Lakh,SUV,"41,000 Kms",2nd Owner,2012.0,17.05 kmpl,KA51,Diesel,Oct 2012,2012,Third Party insurance,8-Speed ,Automatic,5 Seats,bangalore,1995 cc
₹ 30.25 Lakh,SUV,"49,000 Kms",1st Owner,2018.0,20.68 kmpl,KA02,Diesel,Sept 2018,2018,Comprehensive,8 Speed,Automatic,5 Seats,bangalore,1995 cc
₹ 42.75 Lakh,Sedan,"45,000 Kms",2nd Owner,2018.0,20.37 kmpl,KA03,Diesel,Oct 2018,2018,Comprehensive,8-Speed Steptronic,Automatic,5 Seats,bangalore,1995 cc
₹ 44.50 Lakh,SUV,"75,000 Kms",2nd Owner,2016.0,11.7 kmpl,KA02,Diesel,Sept 2016,2016,Comprehensive,8 Speed,Automatic,5 Seats,bangalore,2993 cc
₹ 4.83 Lakh,Hatchback,"39,613 Kms",1st Owner,2015.0,25.24 kmpl,KA04,Petrol,Mar 2015,2015,Third Party,5-Speed,Manual,5 Seats,bangalore,998 cc
₹ 10.07 Lakh,Sedan,"68,906 Kms",2nd Owner,2018.0,18 kmpl,KA04,Petrol,Nov 2018,2018,Third Party insurance,CVT,Automatic,5 Seats,bangalore,1497 cc
₹ 9.95 Lakh,SUV,"33,000 Kms",1st Owner,2019.0,13.9 kmpl,KA22,Petrol,Oct 2019,2019,Comprehensive,6-Speed,Automatic,5 Seats,bangalore,1498 cc
₹ 5.73 Lakh,Sedan,"71,423 Kms",1st Owner,2016.0,22.41 kmpl,KA53,Petrol,Apr 2016,2016,Comprehensive,5 Speed,Manual,5 Seats,bangalore,1197 cc
₹ 6.58 Lakh,Sedan,"17,811 Kms",1st Owner,2015.0,22.41 kmpl,KA53,Petrol,Jul 2015,2015,Comprehensive,5 Speed,Manual,5 Seats,bangalore,1197 cc
₹ 12.45 Lakh,SUV,"79,000 Kms",1st Owner,2017.0,17.6 kmpl,KA04,Diesel,Sept 2017,2017,Comprehensive,6 Speed,Automatic,5 Seats,bangalore,1582 cc
₹ 9.06 Lakh,Hatchback,"9,724 Kms",1st Owner,2020.0,21.4 kmpl,KA02,Petrol,Oct 2020,2020,Zero Dep,CVT,Automatic,5 Seats,bangalore,1197 cc
₹ 11.95 Lakh,SUV,"75,000 Kms",1st Owner,2019.0,15.8 kmpl,KA53,Petrol,May 2019,2019,Comprehensive,6 Speed,Manual,5 Seats,bangalore,1591 cc
₹ 10.31 Lakh,Sedan,"20,754 Kms",1st Owner,2021.0,17.1 kmpl,KA41,Petrol,Mar 2021,2021,Comprehensive,6 Speed,Manual,5 Seats,bangalore,1496 cc
₹ 4.13 Lakh,Hatchback,"50,510 Kms",3rd Owner,2015.0,18.9 kmpl,KA04,Petrol,Nov 2015,2015,Comprehensive,5 Speed,Manual,5 Seats,bangalore,1197 cc
₹ 6.24 Lakh,Hatchback,"35,000 Kms",1st Owner,2019.0,18.9 kmpl,KA04,Petrol,Dec 2019,2019,Comprehensive,5 Speed,Manual,5 Seats,bangalore,1197 cc
₹ 4.65 Lakh,Sedan,"85,000 Kms",3rd Owner,2011.0,22.32 kmpl,KA04,Diesel,Jan 2011,2011,Comprehensive,6 Speed ,Manual,5 Seats,bangalore,1582 cc
₹ 10.50 Lakh,Sedan,"48,979 Kms",1st Owner,2018.0,18 kmpl,KA03,Petrol,Oct 2018,2018,Third Party insurance,5 Speed CVT,Automatic,5 Seats,bangalore,1497 cc
₹ 7.25 Lakh,SUV,"46,000 Kms",2nd Owner,2017.0,17 kmpl,KA06,Petrol,Jun 2017,2017,Comprehensive,6 Speed,Manual,5 Seats,bangalore,1198 cc
₹ 18 Lakh,SUV,"9,000 Kms",1st Owner,2020.0,,KA01,Diesel,Jun 2021,2020,Comprehensive,6 Speed,Automatic,4 Seats,bangalore,2184 cc
₹ 6.50 Lakh,Sedan,"70,000 Kms",2nd Owner,2018.0,26.1 kmpl,KA03,Diesel,May 2018,2018,Third Party insurance,5 Speed,Manual,5 Seats,bangalore,1498 cc
₹ 13.95 Lakh,Sedan,"78,000 Kms",2nd Owner,2014.0,27.03 kmpl,KA03,Diesel,Jan 2014,2014,Third Party insurance,8 Speed,Automatic,5 Seats,bangalore,1969 cc
₹ 8.65 Lakh,Sedan,"1,500 Kms",1st Owner,2021.0,24.7 kmpl,KA06,Diesel,Oct 2021,2021,Comprehensive,5 Speed,Manual,5 Seats,bangalore,1498 cc
₹ 14.23 Lakh,Sedan,"70,000 Kms",2nd Owner,2011.0,18.48 kmpl,KA51,Diesel,Aug 2011,2011,Comprehensive,6 Speed,Automatic,5 Seats,bangalore,1995 cc
₹ 43.99 Lakh,SUV,"8,187 Kms",1st Owner,2023.0,13.92 kmpl,KA50,Diesel,Feb 2023,2023,Comprehensive,8 Speed,Automatic,6 Seats,bangalore,1996 cc
₹ 4.75 Lakh,Sedan,"81,777 Kms",3rd Owner,2014.0,22.41 kmpl,KA50,Petrol,May 2014,2014,Comprehensive,5 Speed,Manual,5 Seats,bangalore,1197 cc
₹ 7.47 Lakh,Sedan,"48,698 Kms",2nd Owner,2016.0,18 kmpl,KA51,Petrol,Jan 2017,2016,Comprehensive,5 Speed CVT,Automatic,5 Seats,bangalore,1497 cc
₹ 15.90 Lakh,SUV,"21,000 Kms",1st Owner,2020.0,16.5 kmpl,KA03,Petrol,Dec 2020,2020,Comprehensive,7-Speed DCT,Automatic,5 Seats,bangalore,1353 cc
₹ 5.20 Lakh,Hatchback,"67,771 Kms",2nd Owner,2016.0,18.9 kmpl,KA05,Petrol,Oct 2016,2016,Comprehensive,4 Speed,Automatic,5 Seats,bangalore,1197 cc
₹ 5.30 Lakh,Sedan,"60,386 Kms",1st Owner,2015.0,22.41 kmpl,KA53,Petrol,Dec 2015,2015,Third Party,5 Speed,Manual,5 Seats,bangalore,1197 cc
₹ 5.95 Lakh,Hatchback,"48,928 Kms",1st Owner,2018.0,23.84 kmpl,KA03,Petrol,Sept 2018,2018,Comprehensive,5 Speed,Automatic,5 Seats,bangalore,1199 cc
₹ 3.12 Lakh,Hatchback,"1,11,374 Kms",1st Owner,2010.0,18.5 kmpl,KA51,Petrol,Mar 2010,2010,Third Party,5 Speed,Manual,5 Seats,bangalore,1197 cc
₹ 9.20 Lakh,SUV,"33,000 Kms",2nd Owner,2017.0,15.8 kmpl,KA41,Petrol,Nov 2017,2017,Third Party insurance,6 Speed,Manual,5 Seats,bangalore,1591 cc
₹ 4.03 Lakh,Hatchback,"40,561 Kms",1st Owner,2021.0,22.05 kmpl,KA50,Petrol,Jan 2022,2021,Zero Dep,5 Speed,Manual,5 Seats,bangalore,796 cc
₹ 4.15 Lakh,Hatchback,"92,529 Kms",1st Owner,2013.0,22.38 kmpl,KA19,Petrol,Feb 2013,2013,Comprehensive,5-Speed,Manual,5 Seats,bangalore,1197 cc
₹ 8.50 Lakh,Sedan,"42,000 Kms",1st Owner,2019.0,18.1 kmpl,KA01,Petrol,Sept 2019,2019,Comprehensive,CVT,Automatic,5 Seats,bangalore,1199 cc
₹ 27 Lakh,MUV,"55,342 Kms",1st Owner,2020.0,14.11 kmpl,KA03,Diesel,Feb 2020,2020,Comprehensive,8-Speed,Automatic,7 Seats,bangalore,2199 cc
₹ 11.45 Lakh,SUV,"51,000 Kms",1st Owner,2021.0,21.7 kmpl,KA51,Diesel,Sept 2021,2021,Comprehensive,5 Speed,Manual,5 Seats,bangalore,1498 cc
₹ 12.75 Lakh,SUV,"37,000 Kms",2nd Owner,2018.0,15.1 kmpl,KA04,Diesel,Sept 2018,2018,Comprehensive,6 Speed,Manual,7 Seats,bangalore,2179 cc
₹ 6.45 Lakh,Hatchback,"36,468 Kms",1st Owner,2017.0,18.7 kmpl,KA03,Petrol,Jan 2017,2017,Comprehensive,5 Speed,Manual,5 Seats,bangalore,1199 cc
₹ 14.40 Lakh,SUV,"11,250 Kms",1st Owner,2022.0,16.82 kmpl,KA50,Petrol,Aug 2022,2022,Comprehensive,6 Speed,Manual,5 Seats,bangalore,1197 cc
₹ 11.45 Lakh,MUV,"36,000 Kms",1st Owner,2019.0,19.01 kmpl,KA53,Petrol,May 2019,2019,Comprehensive,5 Speed,Manual,7 Seats,bangalore,1462 cc
₹ 12.25 Lakh,SUV,"36,368 Kms",1st Owner,2019.0,18.15 kmpl,KA03,Petrol,Aug 2019,2019,Third Party insurance,7-Speed,Automatic,5 Seats,bangalore,998 cc
₹ 52.75 Lakh,Sedan,"36,000 Kms",2nd Owner,2016.0,13.5 kmpl,KA04,Diesel,Aug 2016,2016,Comprehensive,7 Speed,Automatic,5 Seats,bangalore,2987 cc
₹ 38 Lakh,SUV,"62,000 Kms",3rd Owner,2017.0,18.56 kmpl,KA14,Diesel,Apr 2018,2017,Comprehensive,8 Speed,Automatic,5 Seats,bangalore,1995 cc
₹ 8.88 Lakh,Sedan,"39,466 Kms",1st Owner,2018.0,17.4 kmpl,KA04,Petrol,Oct 2018,2018,Comprehensive,5 Speed,Manual,5 Seats,bangalore,1497 cc
₹ 5.07 Lakh,Hatchback,"49,570 Kms",1st Owner,2014.0,22.38 kmpl,KA02,Petrol,Apr 2014,2014,Comprehensive,5-Speed,Manual,5 Seats,bangalore,1197 cc
₹ 10.20 Lakh,Sedan,"23,382 Kms",2nd Owner,2018.0,18.19 kmpl,KA01,Petrol,Nov 2018,2018,Comprehensive,7 Speed,Automatic,5 Seats,bangalore,1197 cc
₹ 4.72 Lakh,Hatchback,"42,954 Kms",1st Owner,2021.0,21.7 kmpl,KA52,Petrol,Jul 2021,2021,Comprehensive,5-Speed,Manual,5 Seats,bangalore,998 cc
₹ 4.71 Lakh,Hatchback,"68,306 Kms",1st Owner,2014.0,22.38 kmpl,KA03,Petrol,Mar 2014,2014,Comprehensive,5-Speed,Manual,5 Seats,bangalore,1197 cc
₹ 8.21 Lakh,Hatchback,"54,961 Kms",1st Owner,2018.0,22.54 kmpl,KA02,Diesel,Jan 2019,2018,Comprehensive,6 Speed,Manual,5 Seats,bangalore,1396 cc
₹ 5.10 Lakh,Hatchback,"91,087 Kms",1st Owner,2015.0,22.38 kmpl,KA01,Petrol,Jan 2015,2015,Comprehensive,5-Speed,Manual,5 Seats,bangalore,1197 cc
₹ 5.99 Lakh,Hatchback,"16,691 Kms",1st Owner,2022.0,21.74 kmpl,KA05,Petrol,Mar 2022,2022,Third Party,5 Speed,Manual,5 Seats,bangalore,999 cc
₹ 4.02 Lakh,Hatchback,"80,190 Kms",1st Owner,2016.0,20.51 kmpl,KA53,Petrol,Nov 2016,2016,Comprehensive,5 Speed,Manual,5 Seats,bangalore,998 cc
₹ 10.02 Lakh,SUV,"54,639 Kms",1st Owner,2017.0,15.29 kmpl,KA05,Petrol,Jun 2017,2017,Third Party insurance,6 Speed,Manual,5 Seats,bangalore,1591 cc
₹ 9.75 Lakh,SUV,"50,225 Kms",1st Owner,2020.0,18.55 kmpl,KA53,Petrol,Nov 2020,2020,Comprehensive,5 Speed,Manual,5 Seats,bangalore,1462 cc
₹ 7.95 Lakh,Hatchback,"68,017 Kms",1st Owner,2018.0,22.54 kmpl,KA04,Diesel,Sept 2018,2018,Comprehensive,6 Speed,Manual,5 Seats,bangalore,1396 cc
₹ 5.50 Lakh,Hatchback,"87,912 Kms",1st Owner,2016.0,16.2 kmpl,KA09,Petrol,Aug 2016,2016,Comprehensive,5 Speed,Manual,5 Seats,bangalore,1199 cc
₹ 12.98 Lakh,SUV,"2,045 Kms",1st Owner,2021.0,17.57 kmpl,KA50,Petrol,Jul 2021,2021,Third Party insurance,6-Speed,Manual,5 Seats,bangalore,1199 cc
₹ 10.85 Lakh,SUV,"24,305 Kms",1st Owner,2021.0,18.55 kmpl,KA12,Petrol,Sept 2021,2021,Third Party insurance,5 Speed,Manual,5 Seats,bangalore,1462 cc
₹ 3.35 Lakh,Hatchback,"2,500 Kms",1st Owner,2015.0,25.4 kmpl,KA04,Petrol,Jul 2015,2015,Comprehensive,4 Speed,Automatic,4 Seats,bangalore,624 cc
₹ 11.09 Lakh,SUV,"31,489 Kms",1st Owner,2020.0,17.05 kmpl,KA50,Petrol,Mar 2020,2020,Third Party insurance,6 Speed,Automatic,5 Seats,bangalore,1199 cc
₹ 3.50 Lakh,Sedan,"82,268 Kms",2nd Owner,2014.0,14.6 kmpl,KA03,Petrol,Jun 2014,2014,Not Available,Five Speed Manual,Manual,5 Seats,bangalore,1368 cc
₹ 8.95 Lakh,SUV,"73,834 Kms",1st Owner,2019.0,23 kmpl,KA04,Diesel,May 2019,2019,Third Party insurance,5 Speed,Manual,5 Seats,bangalore,1498 cc
₹ 17.75 Lakh,SUV,"73,000 Kms",2nd Owner,2014.0,13 kmpl,KA05,Diesel,Sept 2014,2014,Comprehensive,5 Speed,Manual,7 Seats,bangalore,2982 cc
₹ 4.66 Lakh,Hatchback,"41,436 Kms",1st Owner,2017.0,23.1 kmpl,KA02,Petrol,Sept 2017,2017,Comprehensive,5 Speed,Manual,5 Seats,bangalore,998 cc
₹ 9.24 Lakh,Sedan,"19,024 Kms",2nd Owner,2019.0,17.4 kmpl,KA04,Petrol,Jul 2019,2019,Zero Dep,5 Speed,Manual,5 Seats,bangalore,1497 cc
₹ 7.75 Lakh,MUV,"73,000 Kms",1st Owner,2016.0,14.02 kmpl,KA05,Diesel,Apr 2016,2016,Comprehensive,5 Speed,Manual,8 Seats,bangalore,2179 cc
₹ 3.78 Lakh,Hatchback,"73,140 Kms",2nd Owner,2020.0,22.05 kmpl,KA09,Petrol,Jun 2020,2020,Comprehensive,5 Speed,Manual,5 Seats,bangalore,796 cc
₹ 5.55 Lakh,Hatchback,"29,289 Kms",1st Owner,2015.0,22.38 kmpl,KA03,Petrol,Aug 2015,2015,Comprehensive,5-Speed,Manual,5 Seats,bangalore,1197 cc
₹ 8.99 Lakh,Sedan,"39,116 Kms",1st Owner,2016.0,18 kmpl,KA03,Petrol,Jun 2016,2016,Comprehensive,5 Speed CVT,Automatic,5 Seats,bangalore,1497 cc
₹ 3.70 Lakh,Hatchback,"41,958 Kms",1st Owner,2019.0,24.7 kmpl,KA51,Petrol,Oct 2019,2019,Third Party,5 Speed,Manual,5 Seats,bangalore,796 cc
₹ 8.10 Lakh,SUV,"26,626 Kms",1st Owner,2018.0,17.5 kmpl,KA03,Petrol,Nov 2018,2018,Third Party insurance,5 Speed,Manual,5 Seats,bangalore,1199 cc
₹ 7.74 Lakh,Hatchback,"63,460 Kms",1st Owner,2019.0,18.2 kmpl,KA05,Petrol,Apr 2019,2019,Third Party insurance,5 Speed,Automatic,5 Seats,bangalore,1199 cc
₹ 5.30 Lakh,Hatchback,"35,711 Kms",1st Owner,2019.0,20.3 kmpl,KA04,Petrol,Nov 2019,2019,Comprehensive,5 Speed,Manual,5 Seats,bangalore,1086 cc
₹ 9.45 Lakh,SUV,"20,057 Kms",1st Owner,2020.0,16.5 kmpl,KA06,Petrol,Nov 2020,2020,Comprehensive,5 Speed,Manual,5 Seats,bangalore,1199 cc
₹ 8.80 Lakh,Hatchback,"25,396 Kms",1st Owner,2020.0,19.33 kmpl,KA50,Petrol,Feb 2020,2020,Third Party insurance,5-Speed,Manual,5 Seats,bangalore,1199 cc
₹ 5.25 Lakh,Hatchback,"88,000 Kms",1st Owner,2013.0,21.27 kmpl,KA05,Diesel,Oct 2013,2013,Comprehensive,6 Speed,Manual,5 Seats,bangalore,1396 cc
₹ 16.05 Lakh,SUV,"62,000 Kms",1st Owner,2019.0,14.1 kmpl,KA01,Petrol,Apr 2019,2019,Third Party insurance,7 Speed,Automatic,5 Seats,bangalore,1368 cc
₹ 11.70 Lakh,Sedan,"35,993 Kms",1st Owner,2020.0,18.6 kmpl,KA03,Petrol,Sept 2020,2020,Not Available,6 Speed,Manual,5 Seats,bangalore,1498 cc
₹ 6.50 Lakh,Hatchback,"34,000 Kms",1st Owner,2017.0,18.9 kmpl,KA05,Petrol,May 2017,2017,Comprehensive,4 Speed,Automatic,5 Seats,bangalore,1197 cc
₹ 8.75 Lakh,SUV,"51,338 Kms",1st Owner,2019.0,17.5 kmpl,KA01,Petrol,Jul 2019,2019,Comprehensive,5 Speed,Manual,5 Seats,bangalore,1199 cc
₹ 5 Lakh,Hatchback,"74,280 Kms",1st Owner,2015.0,18.9 kmpl,KA03,Petrol,Feb 2016,2015,Not Available,5 Speed,Manual,5 Seats,bangalore,1197 cc
₹ 95 Lakh,SUV,"82,000 Kms",1st Owner,2019.0,12.65 kmpl,TS07,Diesel,Apr 2020,2019,Comprehensive,8 Speed,Automatic,5 Seats,bangalore,2993 cc
₹ 21.95 Lakh,Sedan,"63,773 Kms",1st Owner,2015.0,17.68 kmpl,KA03,Diesel,Jan 2015,2015,Comprehensive,8 Speed,Automatic,5 Seats,bangalore,1968 cc
₹ 3.95 Lakh,Hatchback,"1,01,356 Kms",2nd Owner,2015.0,18.9 kmpl,KA20,Petrol,Jan 2016,2015,Comprehensive,5 Speed,Manual,5 Seats,bangalore,1197 cc
₹ 4.21 Lakh,Hatchback,"75,591 Kms",1st Owner,2020.0,31.59 km/kg,KA17,CNG,Dec 2020,2020,Third Party insurance,5 Speed,Manual,4 Seats,bangalore,796 cc
₹ 13 Lakh,SUV,"72,208 Kms",1st Owner,2017.0,13 kmpl,KA05,Petrol,Oct 2017,2017,Not Available,6 Speed,Automatic,5 Seats,bangalore,1591 cc
₹ 4.90 Lakh,Hatchback,"51,489 Kms",1st Owner,2014.0,22.38 kmpl,KA03,Petrol,Oct 2014,2014,Comprehensive,5-Speed,Manual,5 Seats,bangalore,1197 cc
₹ 5.20 Lakh,Hatchback,"74,643 Kms",1st Owner,2017.0,20.89 kmpl,KA06,Petrol,Mar 2017,2017,Third Party insurance,5 Speed,Automatic,5 Seats,bangalore,1197 cc
₹ 14.50 Lakh,SUV,"44,000 Kms",2nd Owner,2008.0,15.3 kmpl,KA53,Diesel,Jul 2008,2008,Comprehensive,8 Speed,Automatic,5 Seats,bangalore,2993 cc
₹ 6.16 Lakh,Hatchback,"79,575 Kms",1st Owner,2017.0,19 kmpl,KA01,Petrol,May 2017,2017,Comprehensive,5 Speed,Automatic,5 Seats,bangalore,1199 cc
₹ 8.25 Lakh,SUV,"54,097 Kms",1st Owner,2018.0,17.5 kmpl,KA04,Petrol,Jun 2018,2018,Comprehensive,5 Speed,Manual,5 Seats,bangalore,1199 cc
₹ 8.38 Lakh,Sedan,"35,288 Kms",2nd Owner,2018.0,17.4 kmpl,KA53,Petrol,Apr 2018,2018,Comprehensive,5 Speed,Manual,5 Seats,bangalore,1497 cc
₹ 6.18 Lakh,Hatchback,"70,314 Kms",1st Owner,2019.0,22.56 kmpl,KA05,Petrol,Apr 2019,2019,Zero Dep,5-Speed,Automatic,5 Seats,bangalore,1197 cc
₹ 8.75 Lakh,SUV,"96,939 Kms",2nd Owner,2017.0,19.72 kmpl,KA04,Diesel,Jan 2017,2017,Third Party insurance,6 Speed,Manual,5 Seats,bangalore,1461 cc
₹ 3.90 Lakh,Hatchback,"44,824 Kms",2nd Owner,2010.0,18.06 kmpl,KA03,Petrol,Aug 2010,2010,Comprehensive,5 Speed,Manual,5 Seats,bangalore,1198 cc
₹ 13.49 Lakh,MUV,"1,69,219 Kms",2nd Owner,2014.0,12.99 kmpl,KA07,Diesel,May 2014,2014,Third Party insurance,5 Speed,Manual,7 Seats,bangalore,2494 cc
₹ 5 Lakh,Sedan,"92,673 Kms",2nd Owner,2012.0,16.8 kmpl,KA03,Petrol,Oct 2012,2012,Third Party,5 Speed,Manual,5 Seats,bangalore,1497 cc
₹ 41 Lakh,SUV,"79,000 Kms",2nd Owner,2014.0,11.3 kmpl,KA02,Diesel,Oct 2014,2014,Comprehensive,7 Speed,Automatic,7 Seats,bangalore,2987 cc
₹ 21.90 Lakh,SUV,"20,183 Kms",1st Owner,2020.0,17.1 kmpl,KA03,Diesel,Jun 2020,2020,Zero Dep,9 Speed,Automatic,5 Seats,bangalore,1956 cc
₹ 7.95 Lakh,Sedan,"77,130 Kms",1st Owner,2018.0,17.8 kmpl,KA05,Petrol,Oct 2018,2018,Comprehensive,7 Speed CVT,Automatic,5 Seats,bangalore,1496 cc
₹ 7.75 Lakh,SUV,"45,000 Kms",1st Owner,2017.0,14.7 kmpl,KA01,Petrol,Nov 2017,2017,Comprehensive,6 Speed,Automatic,5 Seats,bangalore,1496 cc
₹ 7.45 Lakh,Hatchback,"27,025 Kms",2nd Owner,2017.0,19.56 kmpl,KA02,Petrol,Oct 2017,2017,Third Party insurance,CVT,Automatic,5 Seats,bangalore,1197 cc
₹ 11.25 Lakh,SUV,"1,05,153 Kms",1st Owner,2019.0,16.1 kmpl,KA04,Petrol,Oct 2019,2019,Third Party insurance,6-Speed,Manual,5 Seats,bangalore,1353 cc
₹ 10.30 Lakh,SUV,"70,509 Kms",1st Owner,2016.0,16 kmpl,KA01,Diesel,Dec 2016,2016,Comprehensive,6 Speed ,Manual,7 Seats,bangalore,2179 cc
₹ 5.82 Lakh,Hatchback,"11,662 Kms",2nd Owner,2020.0,22 kmpl,KA01,Petrol,Mar 2020,2020,Zero Dep,5 Speed,Automatic,5 Seats,bangalore,999 cc
₹ 6.15 Lakh,Hatchback,"36,176 Kms",1st Owner,2018.0,18.9 kmpl,KA19,Petrol,Jan 2019,2018,Third Party insurance,5 Speed,Manual,5 Seats,bangalore,1197 cc
₹ 5.60 Lakh,Hatchback,"74,342 Kms",2nd Owner,2015.0,19 kmpl,KA03,Petrol,Nov 2015,2015,Third Party insurance,5 Speed,Automatic,5 Seats,bangalore,1199 cc
₹ 7.10 Lakh,Hatchback,"89,837 Kms",1st Owner,2016.0,27.39 kmpl,KA04,Diesel,Apr 2016,2016,Third Party,5 Speed,Manual,5 Seats,bangalore,1248 cc
₹ 5.35 Lakh,Hatchback,"11,912 Kms",2nd Owner,2015.0,21.21 kmpl,KA53,Petrol,Mar 2015,2015,Third Party,5,Manual,5 Seats,bangalore,1197 cc
₹ 4.46 Lakh,Hatchback,"55,544 Kms",2nd Owner,2012.0,22.9 kmpl,KA01,Diesel,Jan 2013,2012,Third Party,5 Speed,Manual,5 Seats,bangalore,1248 cc
₹ 10.18 Lakh,SUV,"27,027 Kms",1st Owner,2019.0,14.8 kmpl,KA02,Petrol,Nov 2019,2019,Comprehensive,6 Speed,Automatic,5 Seats,bangalore,1497 cc
₹ 8.40 Lakh,Sedan,"56,363 Kms",1st Owner,2017.0,18 kmpl,KA01,Petrol,Jul 2017,2017,Zero Dep,5 Speed CVT,Automatic,5 Seats,bangalore,1497 cc
₹ 6.54 Lakh,Sedan,"42,094 Kms",2nd Owner,2016.0,17.01 kmpl,KA04,Petrol,Aug 2016,2016,Comprehensive,5 Speed,Manual,5 Seats,bangalore,1591 cc
₹ 11.25 Lakh,SUV,"1,14,912 Kms",1st Owner,2019.0,16.1 kmpl,KA04,Petrol,Oct 2019,2019,Comprehensive,6-Speed,Manual,5 Seats,bangalore,1353 cc
₹ 5.85 Lakh,Hatchback,"33,649 Kms",1st Owner,2016.0,22 kmpl,KA50,Petrol,Aug 2016,2016,Third Party insurance,5,Manual,5 Seats,bangalore,1197 cc
₹ 12.50 Lakh,SUV,"54,000 Kms",1st Owner,2019.0,16.8 kmpl,KA05,Petrol,Oct 2019,2019,Comprehensive,6-Speed,Manual,5 Seats,bangalore,1497 cc
₹ 4.75 Lakh,Sedan,"69,798 Kms",2nd Owner,2014.0,19.1 kmpl,KA01,Petrol,Jun 2014,2014,Comprehensive,5 Speed ,Manual,5 Seats,bangalore,1197 cc
₹ 3.10 Lakh,Hatchback,"69,000 Kms",2nd Owner,2010.0,20.36 kmpl,KA02,Petrol,Jun 2010,2010,Comprehensive,5 Speed,Manual,5 Seats,bangalore,1197 cc
₹ 23.95 Lakh,SUV,"49,001 Kms",1st Owner,2020.0,17.1 kmpl,KA04,Diesel,Jun 2020,2020,Zero Dep,6 Speed,Automatic,5 Seats,bangalore,1956 cc
₹ 10.85 Lakh,Sedan,"57,527 Kms",2nd Owner,2017.0,22 kmpl,KA41,Diesel,Jun 2017,2017,Comprehensive,6 Speed,Automatic,5 Seats,bangalore,1582 cc
₹ 4.75 Lakh,Hatchback,"57,367 Kms",1st Owner,2015.0,20.5 kmpl,KA03,Diesel,Oct 2015,2015,Comprehensive,5 Speed,Manual,5 Seats,bangalore,1248 cc
₹ 4.06 Lakh,Hatchback,"50,936 Kms",2nd Owner,2015.0,20.51 kmpl,KA51,Petrol,May 2015,2015,Third Party insurance,5 Speed,Manual,5 Seats,bangalore,998 cc
₹ 10.84 Lakh,Hatchback,"23,237 Kms",1st Owner,2022.0,25 kmpl,KA02,Diesel,Jun 2022,2022,Comprehensive,6 Speed,Manual,5 Seats,bangalore,1493 cc
₹ 4.45 Lakh,Hatchback,"66,596 Kms",1st Owner,2016.0,23.1 kmpl,KA05,Petrol,Jul 2016,2016,Comprehensive,5 Speed ,Automatic,5 Seats,bangalore,998 cc
₹ 13.82 Lakh,SUV,"36,613 Kms",1st Owner,2016.0,16 kmpl,KA01,Diesel,Mar 2016,2016,Comprehensive,6 Speed ,Manual,7 Seats,bangalore,2179 cc
₹ 6.01 Lakh,Sedan,"74,104 Kms",1st Owner,2015.0,20.85 kmpl,KA05,Petrol,Jul 2015,2015,Third Party insurance,5 Speed,Manual,5 Seats,bangalore,1197 cc
₹ 5.94 Lakh,Hatchback,"6,777 Kms",1st Owner,2022.0,20.3 kmpl,KA03,Petrol,Jul 2022,2022,Zero Dep,5 Speed,Manual,5 Seats,bangalore,1086 cc
₹ 9.60 Lakh,SUV,"14,560 Kms",1st Owner,2020.0,15.9 kmpl,KA02,Petrol,Jun 2020,2020,Comprehensive,5 Speed,Manual,5 Seats,bangalore,1496 cc
₹ 5.75 Lakh,Hatchback,"27,000 Kms",1st Owner,2021.0,21.7 kmpl,KA13,Petrol,Oct 2021,2021,Comprehensive,AGS,Automatic,5 Seats,bangalore,998 cc
₹ 7.29 Lakh,Sedan,"90,333 Kms",2nd Owner,2015.0,18 kmpl,KA03,Petrol,Feb 2016,2015,Comprehensive,5 Speed CVT,Automatic,5 Seats,bangalore,1497 cc
₹ 35.75 Lakh,SUV,"50,114 Kms",1st Owner,2019.0,16.6 kmpl,KA13,Petrol,Nov 2019,2019,Comprehensive,8 Speed,Automatic,5 Seats,bangalore,1998 cc
₹ 9.62 Lakh,SUV,"69,301 Kms",1st Owner,2017.0,24.3 kmpl,KA04,Diesel,Aug 2017,2017,Comprehensive,5 Speed,Manual,5 Seats,bangalore,1248 cc
₹ 4.50 Lakh,Hatchback,"71,306 Kms",1st Owner,2021.0,21.74 kmpl,KA02,Petrol,Sept 2021,2021,Comprehensive,5 Speed,Manual,5 Seats,bangalore,999 cc
₹ 8.49 Lakh,Hatchback,"35,135 Kms",1st Owner,2019.0,19.56 kmpl,KA04,Petrol,Apr 2019,2019,Third Party insurance,CVT,Automatic,5 Seats,bangalore,1197 cc
₹ 5.35 Lakh,Hatchback,"40,561 Kms",1st Owner,2016.0,23.2 kmpl,KA53,Diesel,Jul 2016,2016,Third Party insurance,5 Speed,Manual,5 Seats,bangalore,1248 cc
₹ 4.35 Lakh,Hatchback,"90,000 Kms",1st Owner,2012.0,17 kmpl,KA05,Petrol,Aug 2012,2012,Comprehensive,5 Speed,Manual,5 Seats,bangalore,1197 cc
₹ 6.85 Lakh,Hatchback,"60,000 Kms",2nd Owner,2017.0,19 kmpl,KA51,Petrol,Jun 2017,2017,Comprehensive,5 Speed,Automatic,5 Seats,bangalore,1199 cc
₹ 57.50 Lakh,SUV,"30,000 Kms",1st Owner,2019.0,16.55 kmpl,KA02,Diesel,Aug 2019,2019,Comprehensive,8 Speed,Automatic,5 Seats,bangalore,1995 cc
₹ 7.30 Lakh,SUV,"60,000 Kms",2nd Owner,2016.0,19.87 kmpl,KA04,Diesel,2016,2016,Third Party insurance,5 speed,Manual,5 Seats,bangalore,1461 cc
₹ 11.45 Lakh,SUV,"1,02,000 Kms",1st Owner,2015.0,16 kmpl,KA05,Diesel,Jul 2015,2015,Comprehensive,6 Speed,Manual,7 Seats,bangalore,2179 cc
₹ 4.10 Lakh,Hatchback,"41,659 Kms",2nd Owner,2015.0,18.9 kmpl,KA05,Petrol,Sept 2015,2015,Third Party,5 Speed,Manual,5 Seats,bangalore,998 cc
₹ 10.75 Lakh,Sedan,"85,300 Kms",2nd Owner,2009.0,12.3 kmpl,KA03,Petrol,Sept 2009,2009,Comprehensive,7 Speed,Automatic,5 Seats,bangalore,1781 cc
₹ 8.49 Lakh,Sedan,"32,483 Kms",2nd Owner,2017.0,17.01 kmpl,KA41,Petrol,Sept 2017,2017,Third Party insurance,4 Speed,Automatic,5 Seats,bangalore,1591 cc
₹ 7.49 Lakh,Hatchback,"34,376 Kms",1st Owner,2018.0,18.6 kmpl,KA03,Petrol,Apr 2018,2018,Third Party insurance,5 Speed,Manual,5 Seats,bangalore,1197 cc
₹ 8.72 Lakh,SUV,"36,540 Kms",1st Owner,2017.0,15.29 kmpl,KA12,Petrol,Jun 2017,2017,Third Party insurance,6 Speed,Manual,5 Seats,bangalore,1591 cc
₹ 3.06 Lakh,Hatchback,"1,48,625 Kms",2nd Owner,2011.0,17 kmpl,KA51,Petrol,Feb 2011,2011,Comprehensive,5 Speed,Manual,5 Seats,bangalore,1197 cc
₹ 9.95 Lakh,Sedan,"81,000 Kms",4th Owner,2013.0,14.57 kmpl,HR26,Diesel,May 2014,2013,Third Party insurance,8 Speed,Automatic,5 Seats,bangalore,2967 cc
₹ 3.48 Lakh,Hatchback,"5,609 Kms",2nd Owner,2013.0,19.81 kmpl,KA53,Petrol,Sept 2013,2013,Third Party insurance,5 Speed,Manual,5 Seats,bangalore,1086 cc
₹ 24.25 Lakh,Sedan,"37,000 Kms",1st Owner,2019.0,19.2 kmpl,HR26,Petrol,Sept 2019,2019,Third Party insurance,7 Speed,Automatic,5 Seats,bangalore,1395 cc
₹ 17.25 Lakh,SUV,"6,000 Kms",1st Owner,2021.0,14.5 kmpl,KA51,Petrol,Aug 2021,2021,Comprehensive,6 Speed,Manual,6 Seats,bangalore,1999 cc
₹ 5 Lakh,Sedan,"61,000 Kms",1st Owner,2013.0,21.8 kmpl,KA53,Diesel,Aug 2013,2013,Third Party,6 Speed MT,Manual,5 Seats,bangalore,1461 cc
₹ 4.17 Lakh,Hatchback,"30,285 Kms",2nd Owner,2018.0,24.04 kmpl,KA50,Petrol,Aug 2018,2018,Third Party insurance,5 Speed,Automatic,5 Seats,bangalore,999 cc
₹ 3.99 Lakh,Sedan,"80,153 Kms",2nd Owner,2011.0,20.54 kmpl,KA04,Diesel,Feb 2011,2011,Third Party insurance,5 Speed,Manual,5 Seats,bangalore,1598 cc
₹ 5.41 Lakh,Hatchback,"49,641 Kms",1st Owner,2016.0,18.9 kmpl,KA53,Petrol,Feb 2017,2016,Comprehensive,4 Speed,Automatic,5 Seats,bangalore,1197 cc
₹ 5.68 Lakh,Hatchback,"83,075 Kms",2nd Owner,2016.0,21.4 kmpl,KA06,Petrol,Jun 2016,2016,Comprehensive,CVT,Automatic,5 Seats,bangalore,1197 cc
₹ 7.30 Lakh,Hatchback,"45,677 Kms",1st Owner,2018.0,21.4 kmpl,KA04,Petrol,Nov 2018,2018,Comprehensive,5 Speed,Manual,5 Seats,bangalore,1197 cc
₹ 4.46 Lakh,Hatchback,"81,849 Kms",1st Owner,2017.0,23.1 kmpl,KA05,Petrol,Jun 2017,2017,Comprehensive,5 Speed,Manual,5 Seats,bangalore,998 cc
₹ 6.38 Lakh,Hatchback,"67,791 Kms",2nd Owner,2015.0,25.2 kmpl,KA05,Diesel,Nov 2015,2015,Comprehensive,5 Speed,Manual,5 Seats,bangalore,1248 cc
₹ 37.50 Lakh,SUV,"38,100 Kms",1st Owner,2018.0,18 kmpl,KA05,Diesel,Feb 2019,2018,Comprehensive,8 Speed,Automatic,5 Seats,bangalore,1969 cc
₹ 6.94 Lakh,Hatchback,"65,015 Kms",1st Owner,2018.0,18.6 kmpl,KA40,Petrol,Mar 2019,2018,Third Party insurance,5 Speed,Manual,5 Seats,bangalore,1197 cc
₹ 47 Lakh,SUV,"47,000 Kms",2nd Owner,2018.0,17.9 kmpl,KA04,Diesel,Aug 2018,2018,Comprehensive,9 Speed,Automatic,5 Seats,bangalore,2143 cc
₹ 4.93 Lakh,Hatchback,"62,029 Kms",1st Owner,2014.0,22.38 kmpl,KA03,Petrol,Jun 2014,2014,Third Party,5-Speed,Manual,5 Seats,bangalore,1197 cc
₹ 6.37 Lakh,Hatchback,"94,926 Kms",1st Owner,2017.0,25.2 kmpl,KA05,Diesel,Jun 2017,2017,Comprehensive,5 Speed,Manual,5 Seats,bangalore,1248 cc
₹ 3.65 Lakh,Hatchback,"1,19,487 Kms",1st Owner,2012.0,17 kmpl,KA05,Petrol,Oct 2012,2012,Not Available,5 Speed,Manual,5 Seats,bangalore,1197 cc
₹ 8.25 Lakh,SUV,"1,26,000 Kms",1st Owner,2019.0,15.96 kmpl,KA34,Diesel,Jun 2019,2019,Third Party insurance,5 Speed,Manual,7 Seats,bangalore,2523 cc
₹ 6.45 Lakh,Sedan,"70,332 Kms",1st Owner,2017.0,21.66 kmpl,KA01,Diesel,Aug 2017,2017,Comprehensive,5 Speed,Manual,5 Seats,bangalore,1498 cc
₹ 5.85 Lakh,Hatchback,"37,950 Kms",1st Owner,2017.0,20.89 kmpl,KA05,Petrol,Feb 2017,2017,Third Party insurance,5 Speed,Manual,5 Seats,bangalore,1197 cc
₹ 8.35 Lakh,Hatchback,"38,100 Kms",1st Owner,2019.0,18.6 kmpl,KA06,Petrol,Jan 2019,2019,Comprehensive,5 Speed,Manual,5 Seats,bangalore,1197 cc
₹ 16.49 Lakh,SUV,"1,56,039 Kms",2nd Owner,2012.0,12.55 kmpl,KA01,Diesel,May 2012,2012,Comprehensive,5 Speed,Manual,7 Seats,bangalore,2982 cc
₹ 3.30 Lakh,Sedan,"56,000 Kms",2nd Owner,2008.0,15 kmpl,KA02,Petrol,Jun 2008,2008,Third Party insurance,5 Speed,Manual,5 Seats,bangalore,1586 cc
₹ 4.25 Lakh,Hatchback,"42,000 Kms",2nd Owner,2014.0,19.4 kmpl,KA03,Petrol,Sept 2014,2014,Comprehensive,5 Speed,Manual,5 Seats,bangalore,1198 cc
₹ 7.50 Lakh,Hatchback,"93,003 Kms",1st Owner,2018.0,22.54 kmpl,KA03,Diesel,Dec 2018,2018,Comprehensive,6 Speed,Manual,5 Seats,bangalore,1396 cc
₹ 6.75 Lakh,Hatchback,"36,000 Kms",2nd Owner,2017.0,18.9 kmpl,KA04,Petrol,May 2017,2017,Comprehensive,4 Speed,Automatic,5 Seats,bangalore,1197 cc
