price,bt,Kms Driven,owner,Color,Year of Manufacture,Mileage,RTO,Fuel Type,Registration Year,modelYear,Insurance Validity,Gear Box,Transmission,Seats,City,Engine Displacement
₹ 4 Lakh,Hatchback,1.0,3rd Owner,White,2015,23.1,KA51,Petrol,2015,2015,Third Party insurance,5 Speed ,Manual,5,bangalore,998
₹ 8.11 Lakh,SUV,32.0,2nd Owner,White,2018,17.0,KA05,Petrol,Feb 2018,2018,Comprehensive,5 Speed,Manual,5,bangalore,1497
₹ 5.85 Lakh,Hatchback,11.0,1st Owner,Red,2018,23.84,KA03,Petrol,Sept 2018,2018,Comprehensive,5 Speed,Manual,5,bangalore,1199
₹ 4.62 Lakh,Sedan,17.0,1st Owner,Others,2014,19.1,KA53,Petrol,Dec 2014,2014,Comprehensive,5 Speed ,Manual,5,bangalore,1197
₹ 7.90 Lakh,SUV,60.0,1st Owner,Gray,2015,23.65,KA04,Diesel,2015,2015,Third Party insurance,5 Speed,Manual,5,bangalore,1248
₹ 19 Lakh,SUV,20.0,1st Owner,Others,2020,17.1,KA04,Diesel,2020,2020,Third Party insurance,6 Speed,Manual,5,bangalore,1956
₹ 3.45 Lakh,Hatchback,37.0,1st Owner,Grey,2017,20.63,KA05,Petrol,Aug 2017,2017,Comprehensive,5 Speed,Manual,5,bangalore,1198
₹ 12 Lakh,SUV,30.0,1st Owner,Others,2021,18.15,KA51,Petrol,2021,2021,Third Party insurance,7-Speed,Automatic,5,bangalore,998
₹ 9.60 Lakh,Sedan,37.0,1st Owner,Maroon,2018,20.28,KA03,Petrol,Aug 2018,2018,Comprehensive,4 Speed,Automatic,5,bangalore,1462
₹ 5.85 Lakh,Hatchback,11.0,1st Owner,Red,2017,23.84,KA03,Petrol,Jan 2018,2017,Comprehensive,5 Speed,Manual,5,bangalore,1199
₹ 6.90 Lakh,Hatchback,50.0,1st Owner,Red,2018,21.4,KA03,Petrol,2018,2018,Third Party insurance,5 Speed,Manual,5,bangalore,1197
₹ 6.82 Lakh,Hatchback,24.0,1st Owner,Orange,2019,18.9,KA51,Petrol,May 2019,2019,Third Party insurance,4 Speed,Automatic,5,bangalore,1197
₹ 8.25 Lakh,Hatchback,23.0,1st Owner,Grey,2018,18.2,KA03,Petrol,Oct 2018,2018,Comprehensive,5 Speed,Automatic,5,bangalore,1199
₹ 5.95 Lakh,Hatchback,48.0,1st Owner,Red,2018,23.84,KA03,Petrol,Aug 2018,2018,Comprehensive,5 Speed,Automatic,5,bangalore,1199
₹ 6.90 Lakh,SUV,1.0,3rd Owner,Silver,2014,15.1,KA01,Diesel,Aug 2014,2014,Comprehensive,6 Speed ,Manual,7,bangalore,2179
₹ 13.50 Lakh,SUV,80.0,1st Owner,Others,2018,17.1,OD02,Diesel,2018,2018,Third Party insurance,6 Speed,Manual,5,bangalore,1956
₹ 55.95 Lakh,SUV,16.0,1st Owner,Blue,2022,18.9,KA01,Diesel,Jun 2022,2022,Comprehensive,8G-DCT,Automatic,5,bangalore,1950
₹ 5.21 Lakh,Hatchback,65.0,2nd Owner,Blue,2014,21.27,KA41,Diesel,May 2014,2014,Comprehensive,6 Speed,Manual,5,bangalore,1396
₹ 10.05 Lakh,SUV,10.0,1st Owner,Others,2022,17.33,KA02,Petrol,2022,2022,Third Party insurance,6 Speed,Manual,5,bangalore,1199
₹ 7.75 Lakh,Sedan,67.0,2nd Owner,Brown,2016,17.8,KA53,Petrol,Sept 2016,2016,Comprehensive,5 Speed,Manual,5,bangalore,1497
₹ 22 Lakh,Sedan,1.0,3rd Owner,White,2011,18.48,KA03,Diesel,2011,2011,Third Party insurance,6 Speed,Automatic,5,bangalore,1995
₹ 5.82 Lakh,Hatchback,18.0,1st Owner,Silver,2016,22.38,KA04,Petrol,Mar 2016,2016,Comprehensive,5-Speed,Manual,5,bangalore,1197
₹ 10.90 Lakh,SUV,30.0,1st Owner,Others,2020,16.42,KA01,Petrol,2020,2020,Third Party insurance,5-Speed,Manual,5,bangalore,1498
₹ 4.57 Lakh,Hatchback,57.0,2nd Owner,Silver,2016,23.84,KA05,Petrol,Jun 2016,2016,Comprehensive,5 Speed,Manual,5,bangalore,1199
₹ 49 Lakh,Sedan,50.0,2nd Owner,Others,2016,7.81,KA03,Petrol,2016,2016,Third Party insurance,7 Speed,Automatic,5,bangalore,4663
₹ 5.50 Lakh,Sedan,1.0,1st Owner,Others,2015,17.4,HR26,Petrol,2015,2015,Third Party insurance,5 Speed ,Manual,5,bangalore,1497
₹ 5.70 Lakh,Hatchback,23.0,1st Owner,Yellow,2018,20.3,KA04,Petrol,Nov 2018,2018,Comprehensive,5 Speed,Automatic,5,bangalore,1086
₹ 2.20 Lakh,Hatchback,30.0,2nd Owner,Others,2009,13.45,KA03,LPG,2009,2009,Third Party insurance,5 Speed,Manual,5,bangalore,1086
₹ 41.45 Lakh,Sedan,33.0,1st Owner,White,2017,15.0,KA05,Petrol,Nov 2017,2017,Comprehensive,9 Speed,Automatic,5,bangalore,1991
₹ 8.61 Lakh,SUV,87.0,2nd Owner,Black,2014,15.1,KA04,Diesel,Apr 2014,2014,Third Party,6 Speed ,Manual,7,bangalore,2179
₹ 17.85 Lakh,Sedan,40.0,2nd Owner,Others,2016,17.11,KA51,Diesel,2016,2016,Third Party insurance,8 Speed,Automatic,5,bangalore,1968
₹ 8.03 Lakh,SUV,79.0,2nd Owner,Silver,2014,15.1,KA51,Diesel,Oct 2014,2014,Comprehensive,6 Speed,Manual,7,bangalore,2179
₹ 25.65 Lakh,SUV,31.0,1st Owner,Black,2021,17.1,KA05,Diesel,Oct 2021,2021,Comprehensive,6 Speed,Manual,5,bangalore,1956
₹ 6.74 Lakh,Sedan,50.0,1st Owner,Others,2018,20.14,KA03,Petrol,2018,2018,Third Party insurance,5 Speed,Manual,5,bangalore,1197
₹ 3.49 Lakh,Hatchback,12.0,1st Owner,Brown,2015,20.51,WB38,Petrol,May 2015,2015,Comprehensive,5 Speed,Manual,5,bangalore,998
₹ 10.50 Lakh,MUV,60.0,2nd Owner,Others,2019,19.34,KA53,Petrol,2019,2019,Third Party insurance,5 Speed,Manual,7,bangalore,1462
₹ 44.25 Lakh,Sedan,12.0,1st Owner,White,2019,12.6,KA51,Diesel,Jan 2019,2019,Comprehensive,9 Speed,Automatic,5,bangalore,1950
₹ 4.06 Lakh,Hatchback,40.0,2nd Owner,White,2015,20.51,KA53,Petrol,Mar 2015,2015,Comprehensive,5 Speed,Manual,5,bangalore,998
₹ 49.65 Lakh,Sedan,18.0,1st Owner,Blue,2020,15.56,KA51,Petrol,Oct 2020,2020,Zero Dep,8-Speed Steptronic,Automatic,5,bangalore,1998
₹ 11 Lakh,SUV,1.0,3rd Owner,Others,2011,11.5,KA47,Diesel,2011,2011,Third Party insurance,5 Speed,Manual,7,bangalore,2982
₹ 11 Lakh,SUV,40.0,2nd Owner,Others,2020,19.87,KA51,Diesel,2020,2020,Third Party insurance,6-Speed,Automatic,5,bangalore,1461
₹ 5.94 Lakh,Hatchback,89.0,1st Owner,White,2016,18.6,KA19,Petrol,May 2016,2016,Comprehensive,5 Speed,Manual,5,bangalore,1197
₹ 7.10 Lakh,Hatchback,1.0,1st Owner,Others,2017,22.54,KA05,Diesel,2017,2017,Third Party insurance,6 Speed,Manual,5,bangalore,1396
₹ 6.92 Lakh,Hatchback,56.0,1st Owner,Blue,2017,21.4,KA03,Petrol,Aug 2017,2017,Zero Dep,5 Speed,Manual,5,bangalore,1197
₹ 6.50 Lakh,Sedan,1.0,1st Owner,Others,2013,16.3,KA41,Petrol,2013,2013,Third Party insurance,6 Speed ,Manual,5,bangalore,1797
₹ 20.90 Lakh,Sedan,59.0,1st Owner,White,2015,18.53,HR26,Diesel,Jul 2016,2015,Third Party insurance,7 Speed,Automatic,5,bangalore,1968
₹ 4.11 Lakh,Hatchback,18.0,1st Owner,Silver,2021,22.05,KA50,Petrol,Dec 2021,2021,Zero Dep,5 Speed,Manual,5,bangalore,796
₹ 6.50 Lakh,SUV,1.0,2nd Owner,Gray,2010,12.05,KA19,Diesel,2010,2010,Third Party insurance,5 Speed,Manual,7,bangalore,2179
₹ 36.75 Lakh,Hatchback,40.0,1st Owner,White,2016,17.33,KA51,Petrol,Jul 2016,2016,Comprehensive,7 Speed,Automatic,4,bangalore,1998
₹ 6.10 Lakh,Hatchback,60.0,1st Owner,Red,2019,23.84,KA03,Petrol,Jul 2019,2019,Comprehensive,5 Speed,Manual,5,bangalore,1199
₹ 16.75 Lakh,SUV,33.0,2nd Owner,White,2020,16.5,KA05,Petrol,Aug 2020,2020,Comprehensive,7-Speed DCT,Automatic,5,bangalore,1353
₹ 5.30 Lakh,Hatchback,66.0,2nd Owner,Brown,2018,23.84,KA05,Petrol,Dec 2018,2018,Comprehensive,5 Speed,Manual,5,bangalore,1199
₹ 79.90 Lakh,Sedan,400.0,1st Owner,White,2022,18.9,KA53,Diesel,Jul 2022,2022,Third Party,9-Speed,Automatic,5,bangalore,2925
₹ 2.50 Lakh,Hatchback,60.0,2nd Owner,Others,2008,19.7,KA03,Petrol,2008,2008,Third Party insurance,5 Speed,Manual,5,bangalore,796
₹ 7.15 Lakh,Hatchback,44.0,1st Owner,Grey,2019,18.6,KA09,Petrol,Aug 2019,2019,Third Party insurance,5 Speed,Manual,5,bangalore,1197
₹ 35 Lakh,SUV,1.0,2nd Owner,Others,2014,11.3,PY01,Diesel,2014,2014,Third Party insurance,7 Speed,Automatic,7,bangalore,2987
₹ 22.50 Lakh,SUV,25.0,1st Owner,White,2021,14.08,KA19,Diesel,Jul 2021,2021,Comprehensive,6-Speed,Automatic,6,bangalore,1956
₹ 6.25 Lakh,Hatchback,36.0,1st Owner,Blue,2018,18.9,KA03,Petrol,Jan 2019,2018,Comprehensive,5 Speed,Manual,5,bangalore,1197
₹ 26.95 Lakh,SUV,79.0,1st Owner,White,2015,12.07,KA51,Diesel,Jul 2015,2015,Comprehensive,8 Speed Tiptronic,Automatic,7,bangalore,2967
₹ 6.50 Lakh,SUV,1.0,2nd Owner,Gray,2010,12.05,KA19,Diesel,2010,2010,Third Party insurance,5 Speed,Manual,8,bangalore,2179
₹ 5.50 Lakh,Hatchback,10.0,1st Owner,Others,2022,22.0,KA50,Petrol,2022,2022,Third Party insurance,5 Speed,Automatic,5,bangalore,999
₹ 8.25 Lakh,SUV,53.0,1st Owner,White,2018,21.5,KA05,Diesel,Oct 2018,2018,Comprehensive,6 Speed,Manual,5,bangalore,1497
₹ 2.20 Lakh,Hatchback,1.0,2nd Owner,Others,2006,15.3,KA03,Petrol,2006,2006,Third Party insurance,5 Speed,Manual,5,bangalore,1341
₹ 4.28 Lakh,Hatchback,53.0,1st Owner,Others,2014,26.68,KA03,Petrol,Oct 2014,2014,Comprehensive,5-Speed,Automatic,5,bangalore,998
₹ 6.95 Lakh,Sedan,1.0,1st Owner,Black,2014,21.14,KA03,Diesel,2014,2014,Third Party insurance,5 Speed,Manual,5,bangalore,1498
₹ 9.30 Lakh,SUV,37.0,2nd Owner,White,2019,15.9,KA01,Petrol,Feb 2019,2019,Third Party insurance,5 Speed,Manual,5,bangalore,1496
₹ 4.55 Lakh,Hatchback,17.0,1st Owner,Silver,2021,22.05,KA02,Petrol,Aug 2021,2021,Comprehensive,5 Speed,Manual,5,bangalore,796
₹ 11.95 Lakh,SUV,94.0,1st Owner,Grey,2017,19.67,KA05,Diesel,Jun 2017,2017,Comprehensive,6 Speed,Manual,5,bangalore,1582
₹ 21.75 Lakh,SUV,33.0,1st Owner,Grey,2021,14.6,KA04,Diesel,Apr 2021,2021,Comprehensive,6-Speed,Automatic,5,bangalore,1956
₹ 4.42 Lakh,Hatchback,54.0,3rd Owner,White,2014,22.38,KA53,Petrol,Jul 2014,2014,Comprehensive,5-Speed,Manual,5,bangalore,1197
₹ 6.90 Lakh,Hatchback,1.0,1st Owner,Others,2018,28.4,KA41,Diesel,2018,2018,Third Party insurance,5,Manual,5,bangalore,1248
₹ 5 Lakh,Hatchback,64.0,2nd Owner,Red,2017,23.1,KA04,Petrol,Nov 2017,2017,Third Party,5 Speed ,Manual,5,bangalore,998
₹ 33.95 Lakh,Sedan,40.0,1st Owner,White,2016,21.76,KA66,Diesel,Nov 2016,2016,Comprehensive,8 Speed,Automatic,5,bangalore,1995
₹ 6.50 Lakh,Sedan,1.0,1st Owner,White,2015,26.21,KA03,Diesel,2015,2015,Third Party insurance,5 Speed,Manual,5,bangalore,1248
₹ 5.37 Lakh,Hatchback,44.0,2nd Owner,White,2016,19.0,KA03,Petrol,Nov 2016,2016,Comprehensive,5 Speed,Automatic,5,bangalore,1199
₹ 7.50 Lakh,MUV,70.0,1st Owner,White,2016,19.98,KA03,Diesel,2016,2016,Third Party insurance,6 Speed,Manual,7,bangalore,1461
₹ 17.90 Lakh,Sedan,79.0,1st Owner,White,2018,15.1,KA20,Petrol,Jul 2018,2018,Comprehensive,7 Speed,Automatic,5,bangalore,1798
₹ 4.68 Lakh,Hatchback,68.0,2nd Owner,Orange,2017,23.84,KA53,Petrol,Jan 2018,2017,Third Party insurance,5 Speed,Manual,5,bangalore,1199
₹ 4.20 Lakh,Hatchback,60.0,2nd Owner,Silver,2014,18.5,KA03,Petrol,2014,2014,Third Party insurance,5 Speed,Manual,5,bangalore,1197
₹ 4.20 Lakh,Hatchback,60.0,2nd Owner,Silver,2014,18.5,KA03,Petrol,2014,2014,Third Party insurance,5 Speed,Manual,5,bangalore,1197
₹ 9.20 Lakh,Hatchback,10.0,1st Owner,Others,2021,20.0,KA51,Petrol,2021,2021,Third Party insurance,6 Speed IMT,Manual,5,bangalore,998
₹ 5.33 Lakh,Sedan,49.0,1st Owner,Yellow,2013,16.8,KA05,Petrol,Jan 2013,2013,Third Party,5 Speed,Manual,5,bangalore,1497
₹ 8.50 Lakh,Hatchback,90.0,3rd Owner,Others,2013,17.2,KA03,Petrol,2013,2013,Third Party insurance,7 Speed,Automatic,5,bangalore,1197
₹ 7.51 Lakh,Sedan,48.0,2nd Owner,Silver,2017,21.13,KA52,Diesel,Jun 2017,2017,Third Party insurance,5 Speed,Manual,5,bangalore,1498
₹ 3.88 Lakh,Hatchback,70.0,2nd Owner,Others,2014,24.0,KA04,Diesel,2014,2014,Third Party insurance,5 Speed,Manual,5,bangalore,1120
₹ 4.90 Lakh,Hatchback,68.0,2nd Owner,Silver,2013,18.5,KA51,Petrol,Aug 2013,2013,Comprehensive,5 Speed,Manual,5,bangalore,1197
₹ 4.94 Lakh,SUV,23.0,1st Owner,Orange,2016,25.32,KA04,Diesel,Nov 2016,2016,Third Party,5 Speed,Manual,6,bangalore,1198
₹ 5.25 Lakh,Hatchback,83.0,2nd Owner,Brown,2013,21.27,KA03,Diesel,Feb 2014,2013,Comprehensive,6 Speed,Manual,5,bangalore,1396
₹ 28.90 Lakh,SUV,92.0,2nd Owner,White,2016,16.55,KA51,Diesel,Dec 2016,2016,Comprehensive,8 Speed,Automatic,5,bangalore,1995
₹ 5.50 Lakh,Hatchback,62.0,1st Owner,Red,2018,20.51,KA53,Petrol,Oct 2018,2018,Comprehensive,5 Speed,Manual,5,bangalore,998
₹ 3.65 Lakh,Hatchback,74.0,1st Owner,Grey,2013,19.2,KA04,LPG,Aug 2013,2013,Comprehensive,5 Speed,Manual,5,bangalore,1086
₹ 4.20 Lakh,Hatchback,26.0,2nd Owner,Red,2016,24.04,KA53,Petrol,Nov 2016,2016,Comprehensive,5 Speed,Automatic,5,bangalore,999
₹ 18.95 Lakh,Sedan,81.0,1st Owner,Silver,2017,27.03,KA01,Diesel,Jun 2017,2017,Comprehensive,8 Speed,Automatic,5,bangalore,1969
₹ 59.90 Lakh,Sedan,24.0,2nd Owner,White,2018,17.0,KA03,Diesel,Sept 2018,2018,Comprehensive,9 Speed,Automatic,5,bangalore,2987
₹ 10.50 Lakh,SUV,10.0,1st Owner,White,2022,17.0,KA03,Petrol,2022,2022,Third Party insurance,6-speed AutoSHIFT,Automatic,5,bangalore,1197
₹ 20.75 Lakh,SUV,18.0,1st Owner,Black,2021,16.56,KA51,Petrol,Jul 2021,2021,Comprehensive,6-speed CVT,Automatic,6,bangalore,1451
₹ 3.94 Lakh,Hatchback,38.0,1st Owner,Others,2013,19.4,KA03,Petrol,Jun 2013,2013,Third Party,5 Speed,Manual,5,bangalore,1198
₹ 7.25 Lakh,Hatchback,23.0,2nd Owner,Grey,2017,19.56,KA51,Petrol,Aug 2017,2017,Comprehensive,CVT,Automatic,5,bangalore,1197
₹ 2.40 Lakh,Hatchback,50.0,1st Owner,Red,2013,20.92,KA02,Petrol,2013,2013,Third Party insurance,5 Speed,Manual,5,bangalore,998
₹ 8.35 Lakh,SUV,10.0,1st Owner,Others,2022,19.03,KA53,Petrol,2022,2022,Third Party insurance,5 Speed,Automatic,5,bangalore,999
₹ 6.95 Lakh,Hatchback,19.0,1st Owner,Blue,2019,18.9,KA04,Petrol,Mar 2019,2019,Third Party insurance,5 Speed,Manual,5,bangalore,1197
₹ 17.25 Lakh,SUV,14.0,1st Owner,White,2020,16.5,KA01,Petrol,Aug 2020,2020,Comprehensive,7-Speed DCT,Automatic,5,bangalore,1353
₹ 3.30 Lakh,Hatchback,29.0,1st Owner,White,2014,21.1,KA25,Petrol,May 2014,2014,Comprehensive,5 Speed,Manual,5,bangalore,814
₹ 9.90 Lakh,Sedan,20.0,1st Owner,Others,2019,18.19,KA01,Petrol,2019,2019,Third Party insurance,7 Speed,Automatic,5,bangalore,1197
₹ 7.50 Lakh,Sedan,30.0,1st Owner,Others,2018,17.1,KA03,Petrol,2018,2018,Third Party insurance,6 Speed,Manual,5,bangalore,1496
₹ 7.55 Lakh,Hatchback,64.0,1st Owner,Grey,2018,19.0,KA05,Petrol,May 2018,2018,Third Party insurance,5 Speed,Automatic,5,bangalore,1199
₹ 17.50 Lakh,SUV,30.0,1st Owner,Others,2021,17.41,KA27,Diesel,2021,2021,Third Party insurance,6 Speed,Manual,5,bangalore,1956
₹ 20.83 Lakh,SUV,7.0,1st Owner,White,2022,14.2,KA03,Petrol,Dec 2022,2022,Comprehensive,6-speed,Automatic,6,bangalore,1999
₹ 2.71 Lakh,Hatchback,43.0,1st Owner,Silver,2010,19.81,KA51,Petrol,Mar 2010,2010,Comprehensive,5 Speed,Manual,5,bangalore,1086
₹ 12.80 Lakh,SUV,40.0,1st Owner,Others,2018,14.8,KA51,Petrol,2018,2018,Third Party insurance,6 Speed,Automatic,5,bangalore,1591
₹ 4.36 Lakh,Hatchback,40.0,1st Owner,Red,2012,22.54,KA51,Diesel,Oct 2012,2012,Third Party,6 Speed,Manual,5,bangalore,1396
₹ 16.75 Lakh,SUV,26.0,2nd Owner,White,2021,18.9,KA03,Petrol,Jul 2021,2021,Comprehensive,7-speed DCT,Automatic,5,bangalore,1397
₹ 12.50 Lakh,SUV,20.0,1st Owner,Others,2019,18.15,KA05,Petrol,2019,2019,Third Party insurance,7-Speed,Automatic,5,bangalore,998
₹ 13.50 Lakh,SUV,58.0,1st Owner,Silver,2016,16.0,KA05,Diesel,Jul 2016,2016,Third Party insurance,6 Speed,Automatic,7,bangalore,2179
₹ 12.50 Lakh,SUV,20.0,1st Owner,Others,2019,18.15,KA05,Petrol,2019,2019,Third Party insurance,7-Speed,Automatic,5,bangalore,998
₹ 22.25 Lakh,SUV,42.0,1st Owner,White,2020,18.4,KA03,Petrol,Aug 2020,2020,Comprehensive,7 Speed DSG,Automatic,5,bangalore,1498
₹ 4.75 Lakh,Hatchback,65.0,1st Owner,White,2015,23.1,KA04,Petrol,Jan 2016,2015,2,5 Speed ,Automatic,5,bangalore,998
₹ 6 Lakh,Sedan,80.0,2nd Owner,Others,2008,13.2,TN09,Diesel,2008,2008,Third Party insurance,6 Speed,Automatic,5,bangalore,1995
₹ 24.50 Lakh,SUV,30.0,1st Owner,Others,2021,14.1,KA20,Petrol,2021,2021,Third Party insurance,7 Speed DCT,Automatic,5,bangalore,1368
₹ 16.25 Lakh,SUV,20.0,1st Owner,Others,2020,16.5,KA03,Petrol,2020,2020,Third Party insurance,7-Speed DCT,Automatic,5,bangalore,1353
₹ 16.50 Lakh,Sedan,36.0,1st Owner,White,2014,17.2,KA51,Diesel,Dec 2014,2014,Third Party insurance,6 Speed,Automatic,5,bangalore,1968
₹ 2.49 Lakh,Hatchback,80.0,3rd Owner,Others,2009,20.36,KA03,Petrol,2009,2009,Third Party insurance,5 Speed,Manual,5,bangalore,1197
₹ 6.30 Lakh,SUV,83.0,2nd Owner,Red,2014,13.24,KA01,Petrol,May 2014,2014,Third Party insurance,5 Speed,Manual,5,bangalore,1598
₹ 25.99 Lakh,SUV,30.0,2nd Owner,Others,2016,14.16,KA01,Diesel,2016,2016,Third Party insurance,7 Speed,Automatic,5,bangalore,1968
₹ 2.49 Lakh,Hatchback,80.0,3rd Owner,Others,2009,20.36,KA03,Petrol,2009,2009,Third Party insurance,5 Speed,Manual,5,bangalore,1197
₹ 3.85 Lakh,Hatchback,52.0,1st Owner,Silver,2017,24.39,KA13,Petrol,Aug 2017,2017,Third Party,5 Speed,Manual,5,bangalore,998
₹ 3 Lakh,Hatchback,1.0,3rd Owner,Red,2012,17.0,KA53,Petrol,2012,2012,Third Party insurance,5 Speed,Manual,5,bangalore,1197
₹ 29.75 Lakh,SUV,89.0,1st Owner,Black,2017,10.91,KA19,Diesel,Jul 2017,2017,Third Party insurance,6 Speed,Automatic,7,bangalore,3198
₹ 2.76 Lakh,Hatchback,29.0,2nd Owner,Others,2014,22.05,KA53,Petrol,Jul 2014,2014,Comprehensive,5 Speed,Manual,5,bangalore,796
₹ 5 Lakh,Hatchback,30.0,1st Owner,Gray,2018,18.16,KA03,Petrol,2018,2018,Third Party insurance,5 Speed,Manual,5,bangalore,1196
₹ 7.30 Lakh,Hatchback,13.0,1st Owner,White,2020,20.89,KA01,Petrol,Aug 2020,2020,Comprehensive,5 Speed,Automatic,5,bangalore,1197
₹ 22.45 Lakh,SUV,17.0,1st Owner,Grey,2022,18.1,KA53,Diesel,May 2022,2022,Comprehensive,6-speed,Automatic,7,bangalore,1498
₹ 3.99 Lakh,Hatchback,75.0,1st Owner,Grey,2014,18.9,KA05,Petrol,May 2014,2014,Comprehensive,5 Speed,Manual,5,bangalore,1197
₹ 3.12 Lakh,Hatchback,75.0,2nd Owner,Red,2011,20.36,KA51,Petrol,Nov 2011,2011,Comprehensive,5 Speed,Manual,5,bangalore,1197
₹ 12.75 Lakh,SUV,47.0,1st Owner,Silver,2015,16.0,KA01,Diesel,Sept 2015,2015,Comprehensive,6 Speed,Manual,7,bangalore,2179
₹ 19.90 Lakh,SUV,36.0,1st Owner,White,2022,16.35,KA03,Diesel,Jul 2022,2022,Comprehensive,6-Speed,Manual,5,bangalore,1956
₹ 7.19 Lakh,MUV,28.0,1st Owner,Silver,2020,20.0,KA01,Petrol,Nov 2020,2020,Comprehensive,5 Speed,Manual,7,bangalore,999
₹ 12.60 Lakh,SUV,50.0,1st Owner,White,2016,19.67,KA51,Diesel,2016,2016,Third Party insurance,6 Speed,Manual,5,bangalore,1582
₹ 3 Lakh,Hatchback,90.0,2nd Owner,Others,2010,20.36,KA51,Petrol,2010,2010,Third Party insurance,5 Speed,Manual,5,bangalore,1197
₹ 39.81 Lakh,SUV,70.0,2nd Owner,Others,2016,15.97,MH46,Diesel,2016,2016,Third Party insurance,8 Speed,Automatic,5,bangalore,2993
₹ 6.27 Lakh,Hatchback,52.0,1st Owner,Grey,2016,18.6,KA53,Petrol,Jun 2016,2016,Comprehensive,5 Speed,Manual,5,bangalore,1197
₹ 13 Lakh,Sedan,70.0,2nd Owner,Others,2010,16.07,KA01,Diesel,2010,2010,Third Party insurance,6 Speed,Automatic,5,bangalore,1995
₹ 6.72 Lakh,Sedan,61.0,1st Owner,Silver,2015,17.4,KA04,Petrol,Jan 2015,2015,Comprehensive,5 Speed ,Manual,5,bangalore,1497
₹ 18.25 Lakh,SUV,57.0,1st Owner,White,2017,16.38,KA50,Diesel,Jul 2017,2017,Comprehensive,6 Speed,Automatic,5,bangalore,1995
₹ 35 Lakh,SUV,80.0,2nd Owner,Others,2021,14.24,KA03,Diesel,2021,2021,Third Party insurance,6 Speed,Manual,7,bangalore,2755
₹ 4.40 Lakh,Hatchback,36.0,1st Owner,Blue,2013,18.5,KA01,Petrol,Aug 2013,2013,Comprehensive,5 Speed,Manual,5,bangalore,1197
₹ 14.60 Lakh,SUV,70.0,2nd Owner,Others,2019,17.0,KA53,Diesel,2019,2019,Third Party insurance,6,Manual,5,bangalore,1956
₹ 20.41 Lakh,SUV,7.0,1st Owner,White,2022,18.9,KA01,Petrol,Oct 2022,2022,Comprehensive,8-Speed,Automatic,5,bangalore,1451
₹ 10.33 Lakh,Sedan,30.0,1st Owner,Black,2017,17.0,KA41,Petrol,Sept 2017,2017,Comprehensive,6 Speed,Automatic,5,bangalore,1591
₹ 2.75 Lakh,Hatchback,66.0,1st Owner,Golden,2010,20.36,KA03,Petrol,Jan 2010,2010,Comprehensive,5 Speed,Manual,5,bangalore,1197
₹ 6.76 Lakh,Hatchback,56.0,1st Owner,White,2017,18.6,KA41,Petrol,Oct 2017,2017,Comprehensive,5 Speed,Manual,5,bangalore,1197
₹ 42.90 Lakh,SUV,47.0,1st Owner,White,2017,17.9,KA03,Diesel,Jul 2017,2017,Comprehensive,9 Speed,Automatic,5,bangalore,2143
₹ 6.50 Lakh,SUV,60.0,2nd Owner,Others,2014,19.01,KA03,Diesel,2014,2014,Third Party insurance,6 Speed,Manual,5,bangalore,1461
₹ 4.44 Lakh,Hatchback,83.0,1st Owner,Red,2014,25.2,KA51,Diesel,Feb 2014,2014,Third Party insurance,5 Speed,Manual,5,bangalore,1248
₹ 5.10 Lakh,Hatchback,10.0,1st Owner,Others,2020,22.0,KA50,Petrol,2020,2020,Third Party insurance,5 Speed,Automatic,5,bangalore,999
₹ 9.25 Lakh,SUV,35.0,2nd Owner,Grey,2016,19.6,KA53,Diesel,Jul 2016,2016,Comprehensive,6 Speed,Automatic,5,bangalore,1461
₹ 10.24 Lakh,Sedan,51.0,2nd Owner,White,2019,18.0,KA03,Petrol,Feb 2020,2019,Comprehensive,CVT,Automatic,5,bangalore,1497
₹ 5 Lakh,Sedan,80.0,3rd Owner,Others,2016,21.14,KA09,Diesel,2016,2016,Third Party insurance,5-speed,Manual,5,bangalore,1498
₹ 9.95 Lakh,Hatchback,40.0,2nd Owner,Others,2017,17.21,KA03,Petrol,2017,2017,Third Party insurance,7 Speed,Automatic,5,bangalore,1197
₹ 9.35 Lakh,SUV,85.0,2nd Owner,White,2012,11.1,KA47,Petrol,Jan 2012,2012,Comprehensive,5 Speed,Automatic,5,bangalore,2354
₹ 8.34 Lakh,SUV,36.0,1st Owner,Others,2018,17.0,KA03,Petrol,Jun 2018,2018,Comprehensive,5 Speed,Manual,5,bangalore,1497
₹ 5.60 Lakh,Hatchback,90.0,1st Owner,Others,2015,20.14,KA04,Diesel,2015,2015,Third Party insurance,5 Speed,Manual,5,bangalore,1498
₹ 4.54 Lakh,Hatchback,1.0,1st Owner,Silver,2012,22.38,KA51,Petrol,Jun 2012,2012,Comprehensive,5-Speed,Manual,5,bangalore,1197
₹ 36.90 Lakh,Sedan,11.0,1st Owner,Silver,2021,18.9,KA04,Petrol,Jul 2021,2021,Comprehensive,7-Speed DCT,Automatic,5,bangalore,1332
₹ 11 Lakh,MUV,1.0,2nd Owner,Others,2014,11.4,KA05,Petrol,2014,2014,Third Party insurance,5 Speed,Manual,7,bangalore,1998
₹ 4.62 Lakh,Hatchback,36.0,2nd Owner,Red,2016,19.4,KA05,Petrol,Jun 2016,2016,Comprehensive,5 Speed,Manual,5,bangalore,1198
₹ 9 Lakh,SUV,1.0,2nd Owner,Others,2012,11.72,KA03,Diesel,2012,2012,Third Party insurance,6 speed ,Automatic,7,bangalore,2199
₹ 79 Lakh,Sedan,4.0,1st Owner,Blue,2022,13.32,KA03,Petrol,Dec 2022,2022,Comprehensive,8-Speed Steptronic Sport Automatic Transmission,Automatic,4,bangalore,1998
₹ 8.43 Lakh,Hatchback,32.0,2nd Owner,Silver,2019,21.4,KA03,Petrol,Jul 2019,2019,Third Party,CVT,Automatic,5,bangalore,1197
₹ 7.99 Lakh,Hatchback,32.0,1st Owner,White,2018,21.1,KA01,Petrol,Jan 2019,2018,Comprehensive,5 Speed,Manual,5,bangalore,998
₹ 5.76 Lakh,Hatchback,59.0,1st Owner,White,2015,18.6,KA01,Petrol,Oct 2015,2015,Comprehensive,5 Speed,Manual,5,bangalore,1197
₹ 9.49 Lakh,SUV,46.0,1st Owner,Grey,2018,20.37,KA42,Diesel,Nov 2018,2018,Comprehensive,6 Speed,Manual,5,bangalore,1461
₹ 7.95 Lakh,SUV,90.0,1st Owner,Yellow,2017,24.3,KA03,Diesel,2017,2017,Third Party insurance,5 Speed,Manual,5,bangalore,1248
₹ 10.85 Lakh,SUV,9.0,1st Owner,Blue,2019,18.27,KA04,Petrol,Jul 2019,2019,Third Party,6-Speed,Manual,5,bangalore,998
₹ 25.90 Lakh,SUV,14.0,1st Owner,Green,2022,14.1,KA01,Petrol,Jul 2022,2022,Comprehensive,7 Speed DCT,Automatic,5,bangalore,1368
₹ 5.16 Lakh,SUV,74.0,2nd Owner,Brown,2013,20.45,KA03,Diesel,Oct 2013,2013,Third Party,5 speed,Manual,5,bangalore,1461
₹ 7.77 Lakh,SUV,56.0,2nd Owner,Grey,2017,14.8,KA03,Petrol,Nov 2017,2017,Comprehensive,6 Speed,Automatic,5,bangalore,1497
₹ 7.53 Lakh,Hatchback,9.0,1st Owner,White,2019,18.2,KA04,Petrol,Jul 2019,2019,Comprehensive,5 Speed,Manual,5,bangalore,1199
₹ 12.26 Lakh,SUV,65.0,2nd Owner,Orange,2017,16.0,KA51,Diesel,May 2017,2017,Third Party insurance,6 Speed,Automatic,7,bangalore,1997
₹ 7.25 Lakh,Hatchback,23.0,1st Owner,Red,2017,18.7,KA53,Petrol,Aug 2017,2017,Comprehensive,5 Speed,Manual,5,bangalore,1199
₹ 11.50 Lakh,Sedan,50.0,1st Owner,Red,2020,22.0,KA03,Diesel,2020,2020,Third Party insurance,6 Speed,Manual,5,bangalore,1582
₹ 6.29 Lakh,Hatchback,1.0,2nd Owner,White,2015,25.2,KA53,Diesel,Apr 2015,2015,Comprehensive,5 Speed,Manual,5,bangalore,1248
₹ 4.47 Lakh,Sedan,96.0,2nd Owner,Blue,2013,22.41,KA53,Petrol,Jun 2013,2013,Comprehensive,5 Speed,Manual,5,bangalore,1197
₹ 4 Lakh,Hatchback,1.0,3rd Owner,White,2015,23.1,KA51,Petrol,2015,2015,Third Party insurance,5 Speed ,Manual,5,bangalore,998
₹ 7.86 Lakh,MUV,83.0,2nd Owner,White,2014,20.77,KA51,Diesel,Feb 2015,2014,Comprehensive,5 Speed ,Manual,7,bangalore,1248
₹ 7.45 Lakh,Hatchback,34.0,1st Owner,Maroon,2018,18.7,KA02,Petrol,Jul 2018,2018,Comprehensive,5 Speed,Manual,5,bangalore,1199
₹ 4.90 Lakh,Hatchback,81.0,1st Owner,White,2014,18.9,KA25,Petrol,Mar 2014,2014,Comprehensive,4 Speed,Automatic,5,bangalore,1197
₹ 9.42 Lakh,Sedan,57.0,2nd Owner,Brown,2017,18.0,KA53,Petrol,Apr 2017,2017,Comprehensive,CVT,Automatic,5,bangalore,1497
₹ 6.75 Lakh,SUV,70.0,2nd Owner,Silver,2016,15.63,KA53,Petrol,2016,2016,Third Party insurance,6 Speed,Automatic,5,bangalore,1499
₹ 3.30 Lakh,Hatchback,70.0,2nd Owner,Red,2013,19.4,KA04,Petrol,2013,2013,Third Party insurance,5 Speed,Manual,5,bangalore,1198
₹ 8.75 Lakh,Sedan,46.0,2nd Owner,White,2018,17.8,KA05,Petrol,Jun 2018,2018,Third Party insurance,7 Speed CVT,Automatic,5,bangalore,1496
₹ 8.69 Lakh,Hatchback,17.0,1st Owner,White,2017,21.4,KA05,Petrol,Mar 2018,2017,Comprehensive,5 Speed,Manual,5,bangalore,1197
₹ 4.25 Lakh,Sedan,1.0,2nd Owner,Blue,2012,20.54,KA53,Diesel,2012,2012,Third Party insurance,5 Speed,Manual,5,bangalore,1598
₹ 10.70 Lakh,Sedan,30.0,1st Owner,Others,2019,17.4,KA03,Petrol,2019,2019,Third Party insurance,5 Speed,Manual,5,bangalore,1497
₹ 10.25 Lakh,SUV,49.0,2nd Owner,Blue,2018,15.9,KA20,Petrol,Jun 2018,2018,Third Party insurance,5 Speed,Manual,5,bangalore,1496
₹ 10 Lakh,SUV,1.0,1st Owner,White,2016,16.0,KA12,Diesel,2016,2016,Third Party insurance,6 Speed ,Manual,7,bangalore,2179
₹ 3.75 Lakh,Sedan,50.0,1st Owner,Gray,2009,16.0,KA03,Petrol,2009,2009,Third Party insurance,Five Speed Manual,Manual,5,bangalore,1368
₹ 3.75 Lakh,Sedan,50.0,1st Owner,Gray,2009,16.0,KA03,Petrol,2009,2009,Third Party insurance,Five Speed Manual,Manual,5,bangalore,1368
₹ 8.44 Lakh,SUV,55.0,1st Owner,Silver,2018,14.8,KA03,Petrol,Mar 2018,2018,Comprehensive,6 Speed,Automatic,5,bangalore,1497
₹ 7.64 Lakh,Hatchback,45.0,1st Owner,Brown,2016,21.19,KA04,Diesel,May 2016,2016,Third Party insurance,6 Speed,Manual,5,bangalore,1396
₹ 4.20 Lakh,Hatchback,53.0,2nd Owner,Silver,2014,18.5,KA03,Petrol,2014,2014,Third Party insurance,5 Speed,Manual,5,bangalore,1197
₹ 6.84 Lakh,Hatchback,94.0,1st Owner,Red,2016,27.39,KA05,Diesel,Dec 2016,2016,Third Party insurance,5 Speed,Manual,5,bangalore,1248
₹ 8.03 Lakh,Hatchback,22.0,1st Owner,Silver,2019,21.4,KA05,Petrol,Oct 2019,2019,Zero Dep,5 Speed,Manual,5,bangalore,1197
₹ 3.20 Lakh,Hatchback,70.0,2nd Owner,Others,2010,17.92,KA03,Petrol,2010,2010,Third Party insurance,5 Speed,Manual,5,bangalore,1086
₹ 8.04 Lakh,Sedan,1.0,1st Owner,Silver,2017,26.0,KA01,Diesel,Jul 2018,2017,Comprehensive,6 Speed,Manual,5,bangalore,1498
₹ 14 Lakh,Sedan,70.0,2nd Owner,Others,2013,10.0,KA03,Diesel,2013,2013,Third Party insurance,5 Speed,Automatic,5,bangalore,2148
₹ 5.48 Lakh,Hatchback,42.0,2nd Owner,White,2016,22.38,KA05,Petrol,Apr 2016,2016,Comprehensive,5-Speed,Manual,5,bangalore,1197
₹ 6.19 Lakh,Hatchback,20.0,1st Owner,Others,2019,18.9,KA05,Petrol,Jun 2019,2019,Comprehensive,5 Speed,Manual,5,bangalore,1197
₹ 10 Lakh,SUV,50.0,2nd Owner,Red,2018,24.3,KA04,Diesel,2018,2018,Third Party insurance,5 Speed,Manual,5,bangalore,1248
₹ 8.65 Lakh,SUV,46.0,1st Owner,Brown,2018,17.5,KA03,Petrol,Jan 2018,2018,Comprehensive,5 Speed,Manual,5,bangalore,1199
₹ 10 Lakh,SUV,50.0,2nd Owner,White,2014,11.18,KL07,Diesel,2014,2014,Third Party insurance,5 Speed,Automatic,7,bangalore,2696
₹ 5.35 Lakh,Hatchback,1.0,2nd Owner,Red,2014,25.2,KA51,Diesel,Jul 2014,2014,Comprehensive,5 Speed,Manual,5,bangalore,1248
₹ 9.75 Lakh,SUV,90.0,1st Owner,Brown,2018,23.0,KA51,Diesel,Jul 2018,2018,Comprehensive,5 Speed,Manual,5,bangalore,1498
₹ 6.99 Lakh,Hatchback,50.0,1st Owner,Blue,2017,21.4,KA03,Petrol,Jan 2017,2017,Third Party insurance,5 Speed,Manual,5,bangalore,1197
₹ 11.50 Lakh,SUV,80.0,1st Owner,Gray,2021,17.57,KA03,Petrol,2021,2021,Third Party insurance,6-Speed,Manual,5,bangalore,1199
₹ 6.25 Lakh,Hatchback,90.0,2nd Owner,Maroon,2015,18.6,KA03,Petrol,Apr 2015,2015,Comprehensive,5 Speed,Manual,5,bangalore,1197
₹ 10 Lakh,Sedan,90.0,4th Owner,Others,2011,14.21,KA04,Diesel,2011,2011,Third Party insurance,5 Speed,Automatic,5,bangalore,2143
₹ 6 Lakh,Sedan,1.0,1st Owner,Silver,2011,21.43,KA03,Diesel,2011,2011,Third Party insurance,6 Speed,Manual,5,bangalore,1364
₹ 6.75 Lakh,Sedan,25.0,1st Owner,Blue,2015,22.41,KA41,Petrol,Jul 2015,2015,Third Party,5 Speed,Manual,5,bangalore,1197
₹ 8.93 Lakh,Sedan,25.0,1st Owner,Others,2021,20.65,KA01,Petrol,Apr 2021,2021,Comprehensive,5 Speed,Manual,5,bangalore,1462
₹ 4.20 Lakh,Hatchback,1.0,2nd Owner,Others,2012,22.9,KA04,Diesel,2012,2012,Third Party insurance,5 Speed,Manual,5,bangalore,1248
₹ 9.41 Lakh,Sedan,26.0,1st Owner,Others,2020,20.65,KA51,Petrol,Mar 2020,2020,Zero Dep,5 Speed,Manual,5,bangalore,1462
₹ 6.30 Lakh,Sedan,76.0,2nd Owner,Silver,2015,14.5,KA51,Petrol,May 2015,2015,Zero Dep,6 Speed,Automatic,5,bangalore,1797
₹ 12.75 Lakh,MUV,1.0,2nd Owner,Others,2013,12.99,KA03,Diesel,2013,2013,Third Party insurance,5 Speed,Manual,7,bangalore,2494
₹ 5.25 Lakh,Hatchback,36.0,2nd Owner,Red,2015,18.9,KA03,Petrol,Jul 2015,2015,Comprehensive,4 Speed,Automatic,5,bangalore,1197
₹ 7.50 Lakh,SUV,93.0,1st Owner,Grey,2016,23.65,KA04,Diesel,Dec 2016,2016,Comprehensive,5 Speed,Manual,5,bangalore,1248
₹ 6.32 Lakh,Sedan,1.0,2nd Owner,Silver,2016,19.12,KA03,Petrol,Nov 2016,2016,Comprehensive,4 Speed,Automatic,5,bangalore,1373
₹ 6.45 Lakh,Sedan,43.0,1st Owner,Red,2015,22.41,KA52,Petrol,Mar 2016,2015,Zero Dep,5 Speed,Manual,5,bangalore,1197
₹ 5 Lakh,Sedan,70.0,4th Owner,Others,2005,13.8,KA03,Petrol,2005,2005,Third Party insurance,5 Speed,Manual,5,bangalore,1299
₹ 67.95 Lakh,SUV,77.0,2nd Owner,White,2019,13.38,KA05,Diesel,Jun 2019,2019,Comprehensive,8-Speed Steptronic,Automatic,5,bangalore,2993
₹ 8.50 Lakh,SUV,1.0,1st Owner,Red,2018,24.3,KA51,Diesel,Aug 2018,2018,Comprehensive,5 Speed,Manual,5,bangalore,1248
₹ 2.99 Lakh,Sedan,72.0,1st Owner,Silver,2008,14.7,KA51,Petrol,Oct 2008,2008,Third Party insurance,5 Speed,Manual,5,bangalore,1999
₹ 20.95 Lakh,Sedan,77.0,1st Owner,Blue,2013,16.36,KA51,Diesel,Jun 2013,2013,Comprehensive,8 Speed,Automatic,5,bangalore,2179
₹ 28 Lakh,SUV,87.0,1st Owner,White,2013,12.07,KA51,Diesel,Oct 2013,2013,Comprehensive,8 Speed Tiptronic,Automatic,7,bangalore,2967
₹ 9.99 Lakh,Hatchback,40.0,2nd Owner,Silver,2021,18.24,KA19,Petrol,Jan 2021,2021,Third Party,6 Speed,Manual,5,bangalore,999
₹ 8.25 Lakh,Hatchback,28.0,1st Owner,Silver,2018,18.7,KA55,Petrol,Aug 2018,2018,Comprehensive,5 Speed,Manual,5,bangalore,1199
₹ 2.50 Lakh,Hatchback,40.0,3rd Owner,Silver,2008,18.9,KA02,Petrol,May 2008,2008,Comprehensive,5 Speed,Manual,5,bangalore,1061
₹ 12.95 Lakh,SUV,26.0,1st Owner,White,2020,18.15,KA03,Petrol,Aug 2020,2020,Comprehensive,7-Speed DCT,Automatic,5,bangalore,998
₹ 3.29 Lakh,Hatchback,76.0,1st Owner,Silver,2012,18.9,KA04,Petrol,Dec 2012,2012,Comprehensive,5 Speed,Manual,5,bangalore,998
₹ 6.66 Lakh,Sedan,1.0,1st Owner,Blue,2018,21.56,KA07,Petrol,Apr 2018,2018,Comprehensive,5 Speed,Manual,5,bangalore,1462
₹ 22.90 Lakh,Sedan,24.0,1st Owner,White,2019,20.38,HR26,Diesel,Mar 2020,2019,Third Party insurance,6 Speed,Automatic,5,bangalore,1968
₹ 10.26 Lakh,SUV,65.0,2nd Owner,White,2020,23.7,KA17,Diesel,Jun 2020,2020,Third Party,6-Speed,Manual,5,bangalore,1493
₹ 17 Lakh,SUV,10.0,1st Owner,Red,2022,17.2,KA01,Petrol,2022,2022,Third Party insurance,6-speed,Automatic,5,bangalore,999
₹ 6.81 Lakh,Hatchback,39.0,1st Owner,Orange,2016,21.4,KA01,Petrol,Nov 2016,2016,Zero Dep,5 Speed,Manual,5,bangalore,1197
₹ 16.90 Lakh,SUV,10.0,1st Owner,Others,2022,14.2,KA51,Petrol,2022,2022,Third Party insurance,6-speed,Automatic,7,bangalore,1999
₹ 3.18 Lakh,Hatchback,65.0,3rd Owner,Others,2016,24.39,KA50,Petrol,Feb 2017,2016,Third Party insurance,5 Speed,Manual,5,bangalore,998
₹ 6.88 Lakh,Hatchback,49.0,1st Owner,Red,2017,21.4,KA03,Petrol,Oct 2017,2017,Comprehensive,5 Speed,Manual,5,bangalore,1197
₹ 13 Lakh,SUV,20.0,1st Owner,Red,2022,20.08,KA03,Petrol,2022,2022,Third Party insurance,6-Speed,Manual,5,bangalore,999
₹ 2.65 Lakh,Hatchback,50.0,1st Owner,Others,2009,20.36,KA01,Petrol,2009,2009,Third Party insurance,5 Speed,Manual,5,bangalore,1197
₹ 6.45 Lakh,Sedan,40.0,2nd Owner,Others,2018,22.0,KA01,Petrol,2018,2018,Third Party insurance,5 Speed,Automatic,5,bangalore,1197
₹ 20 Lakh,SUV,30.0,1st Owner,White,2022,14.2,KA16,Petrol,2022,2022,Third Party insurance,6-speed,Automatic,7,bangalore,1999
₹ 9 Lakh,Coupe,50.0,3rd Owner,Others,2007,10.9,KA03,Petrol,2007,2007,Third Party insurance,6 Speed,Automatic,5,bangalore,2497
₹ 6.20 Lakh,Hatchback,80.0,1st Owner,Others,2020,21.21,KA03,Petrol,2020,2020,Third Party insurance,5,Manual,5,bangalore,1197
₹ 14.70 Lakh,SUV,20.0,1st Owner,Others,2022,15.43,KA02,Petrol,2022,2022,Third Party insurance,5 Speed,Manual,5,bangalore,1498
₹ 2.20 Lakh,Sedan,70.0,1st Owner,Others,2010,13.2,TN33,CNG,2010,2010,Third Party insurance,5-Speed,Manual,5,bangalore,1495
₹ 14.75 Lakh,Sedan,90.0,1st Owner,Others,2014,17.11,KA50,Diesel,2014,2014,Third Party insurance,8 Speed,Automatic,5,bangalore,1968
₹ 4.15 Lakh,Hatchback,40.0,1st Owner,Blue,2020,21.74,KA04,Petrol,2020,2020,Third Party insurance,5 Speed,Manual,5,bangalore,999
₹ 6.10 Lakh,Hatchback,63.0,1st Owner,Brown,2016,18.7,KA41,Petrol,May 2016,2016,Comprehensive,5 Speed,Manual,5,bangalore,1199
₹ 5.60 Lakh,Hatchback,60.0,2nd Owner,Red,2018,18.9,KA06,Petrol,Oct 2018,2018,Comprehensive,5 Speed,Manual,5,bangalore,1197
₹ 4.25 Lakh,Hatchback,10.0,2nd Owner,Others,2015,23.95,KA02,Petrol,2015,2015,Third Party insurance,5 Speed,Automatic,5,bangalore,998
₹ 6.86 Lakh,Hatchback,38.0,1st Owner,Silver,2016,21.4,KA03,Petrol,Jul 2016,2016,Comprehensive,5 Speed,Manual,5,bangalore,1197
₹ 5.17 Lakh,Hatchback,76.0,1st Owner,Silver,2015,22.38,KA53,Petrol,Oct 2015,2015,Comprehensive,5-Speed,Manual,5,bangalore,1197
₹ 3.85 Lakh,Hatchback,40.0,2nd Owner,Others,2015,20.51,KA03,Petrol,2015,2015,Third Party insurance,5 Speed,Manual,5,bangalore,998
₹ 6.75 Lakh,Hatchback,40.0,1st Owner,Blue,2016,21.4,KA05,Petrol,Jun 2016,2016,Comprehensive,5 Speed,Manual,5,bangalore,1197
₹ 33 Lakh,Sedan,18.0,2nd Owner,Red,2018,19.27,KA03,Diesel,2018,2018,Third Party insurance,9 Speed,Automatic,5,bangalore,2143
₹ 4.99 Lakh,Hatchback,88.0,1st Owner,Red,2014,22.38,KA02,Petrol,Mar 2014,2014,Third Party insurance,5-Speed,Manual,5,bangalore,1197
₹ 7.74 Lakh,Hatchback,16.0,1st Owner,Others,2022,22.38,KA52,Petrol,Apr 2022,2022,Third Party,5-Speed,Manual,5,bangalore,1197
₹ 14.75 Lakh,SUV,70.0,2nd Owner,Others,2019,16.3,KA03,Diesel,2019,2019,Third Party insurance,6 Speed,Manual,5,bangalore,1956
₹ 2.40 Lakh,Hatchback,80.0,3rd Owner,Others,2008,18.9,KA03,Petrol,2008,2008,Third Party insurance,5 Speed,Manual,5,bangalore,1061
₹ 10.25 Lakh,SUV,50.0,1st Owner,Others,2019,23.7,KA03,Diesel,2019,2019,Third Party insurance,6-Speed,Manual,5,bangalore,1396
₹ 14 Lakh,SUV,10.0,1st Owner,Others,2023,17.33,KA51,Petrol,2023,2023,Third Party insurance,6 Speed,Manual,5,bangalore,1199
₹ 2.85 Lakh,Hatchback,57.0,2nd Owner,Silver,2013,21.1,KA03,Petrol,Mar 2013,2013,Third Party insurance,5 Speed,Manual,5,bangalore,814
₹ 10 Lakh,SUV,1.0,1st Owner,Others,2016,16.0,KA03,Diesel,2016,2016,Third Party insurance,6 Speed ,Manual,7,bangalore,2179
₹ 7.80 Lakh,Hatchback,10.0,1st Owner,Red,2019,21.4,KA05,Petrol,2019,2019,Third Party insurance,5 Speed,Manual,5,bangalore,1197
₹ 4.75 Lakh,Hatchback,50.0,2nd Owner,Others,2012,18.6,KA19,Petrol,2012,2012,Third Party insurance,5 Speed,Manual,5,bangalore,1197
₹ 7.50 Lakh,SUV,1.0,1st Owner,Red,2019,20.0,KA41,Diesel,2019,2019,Third Party insurance,6 Speed,Manual,5,bangalore,1497
₹ 5.55 Lakh,Hatchback,35.0,1st Owner,Grey,2014,18.9,KA01,Petrol,Jan 2015,2014,Comprehensive,5 Speed,Manual,5,bangalore,1197
₹ 6.07 Lakh,Hatchback,40.0,2nd Owner,Others,2017,18.7,KA03,Petrol,Jan 2017,2017,Third Party insurance,5 Speed,Manual,5,bangalore,1199
₹ 5.14 Lakh,Hatchback,65.0,2nd Owner,Red,2017,18.9,KA06,Petrol,Dec 2017,2017,Third Party insurance,5 Speed,Manual,5,bangalore,1197
₹ 2.50 Lakh,Sedan,1.0,2nd Owner,Silver,2005,15.4,KA22,Petrol,2005,2005,Third Party insurance,5 Speed,Manual,5,bangalore,1590
₹ 7.05 Lakh,Hatchback,36.0,2nd Owner,Silver,2016,21.4,KA53,Petrol,Apr 2016,2016,Third Party,5 Speed,Manual,5,bangalore,1197
₹ 6.53 Lakh,Hatchback,69.0,1st Owner,White,2016,21.4,KA05,Petrol,Jun 2016,2016,Comprehensive,5 Speed,Manual,5,bangalore,1197
₹ 8.72 Lakh,Sedan,55.0,1st Owner,White,2015,18.0,KA02,Petrol,Sept 2015,2015,Third Party insurance,5 Speed CVT,Automatic,5,bangalore,1497
₹ 5.64 Lakh,Hatchback,62.0,2nd Owner,Red,2017,18.9,KA05,Petrol,Jul 2017,2017,Third Party insurance,4 Speed,Automatic,5,bangalore,1197
₹ 3.70 Lakh,Hatchback,90.0,2nd Owner,Others,2011,22.07,KA14,Diesel,2011,2011,Third Party insurance,5 Speed,Manual,5,bangalore,1199
₹ 5.50 Lakh,Hatchback,68.0,1st Owner,Silver,2015,22.38,KA53,Petrol,Sept 2015,2015,Third Party insurance,5-Speed,Manual,5,bangalore,1197
₹ 5.17 Lakh,Hatchback,77.0,3rd Owner,Brown,2016,18.7,KA02,Petrol,Apr 2016,2016,Comprehensive,5 Speed,Manual,5,bangalore,1199
₹ 6.20 Lakh,Sedan,40.0,1st Owner,Others,2016,20.85,KA03,Petrol,2016,2016,Third Party insurance,5 Speed,Manual,5,bangalore,1197
₹ 6.20 Lakh,Sedan,40.0,1st Owner,Others,2016,20.85,KA03,Petrol,2016,2016,Third Party insurance,5 Speed,Manual,5,bangalore,1197
₹ 7.50 Lakh,Sedan,48.0,1st Owner,White,2014,18.0,KA05,Petrol,Aug 2014,2014,Third Party insurance,5 Speed CVT,Automatic,5,bangalore,1497
₹ 12.20 Lakh,SUV,30.0,1st Owner,Others,2022,17.57,KA01,Petrol,2022,2022,Third Party insurance,6-Speed,Manual,5,bangalore,1199
₹ 13.50 Lakh,Hatchback,1.0,2nd Owner,White,2013,14.8,KA51,Diesel,Aug 2013,2013,Comprehensive,7 Speed,Automatic,5,bangalore,2143
₹ 5.75 Lakh,Hatchback,69.0,1st Owner,White,2015,22.0,KA03,Petrol,Feb 2015,2015,Comprehensive,5,Manual,5,bangalore,1197
₹ 12.50 Lakh,SUV,1.0,1st Owner,Others,2018,17.1,KA03,Diesel,2018,2018,Third Party insurance,6 Speed,Manual,5,bangalore,1956
₹ 8.68 Lakh,Sedan,50.0,2nd Owner,Others,2016,17.01,KA53,Petrol,2016,2016,Third Party insurance,5 Speed,Manual,5,bangalore,1591
₹ 30 Lakh,MUV,60.0,1st Owner,White,2020,14.11,KA01,Diesel,2020,2020,Third Party insurance,8 Speed,Automatic,8,bangalore,2199
₹ 9.80 Lakh,Hatchback,20.0,1st Owner,Others,2021,20.0,KA03,Petrol,2021,2021,Third Party insurance,6 Speed IMT,Manual,5,bangalore,998
₹ 9 Lakh,Hatchback,14.0,1st Owner,White,2022,22.56,KA05,Petrol,Sept 2022,2022,Third Party,5-Speed,Automatic,5,bangalore,1197
₹ 5.50 Lakh,Hatchback,90.0,2nd Owner,White,2016,18.7,KA05,Petrol,Nov 2016,2016,Comprehensive,5 Speed,Manual,5,bangalore,1199
₹ 4.50 Lakh,Sedan,90.0,1st Owner,Gray,2012,20.5,KA03,Diesel,2012,2012,Third Party insurance,5-speed,Manual,5,bangalore,1598
₹ 6.10 Lakh,Hatchback,64.0,2nd Owner,White,2017,20.4,KA02,Petrol,May 2017,2017,Zero Dep,5 Speed,Manual,5,bangalore,1197
₹ 5.43 Lakh,Hatchback,70.0,1st Owner,Brown,2017,18.7,KA03,Petrol,Aug 2017,2017,Comprehensive,5 Speed,Manual,5,bangalore,1199
₹ 9.80 Lakh,Hatchback,30.0,1st Owner,Others,2021,20.0,KA03,Petrol,2021,2021,Third Party insurance,6 Speed IMT,Manual,5,bangalore,998
₹ 5.35 Lakh,Hatchback,78.0,1st Owner,Brown,2016,18.7,KA51,Petrol,Dec 2016,2016,Zero Dep,5 Speed,Manual,5,bangalore,1199
₹ 8.50 Lakh,SUV,1.0,2nd Owner,O Purple,2014,15.1,KA05,Diesel,Jan 2014,2014,Comprehensive,6 Speed ,Manual,7,bangalore,2179
₹ 6.61 Lakh,Sedan,72.0,2nd Owner,Silver,2016,20.73,KA03,Petrol,Apr 2016,2016,Third Party insurance,5 Speed,Manual,5,bangalore,1373
₹ 5.05 Lakh,Hatchback,52.0,2nd Owner,Others,2015,22.38,KA35,Petrol,Jun 2015,2015,Comprehensive,5-Speed,Manual,5,bangalore,1197
₹ 4.50 Lakh,Sedan,1.0,1st Owner,Black,2007,15.6,KA51,Diesel,2007,2007,Third Party insurance,6 Speed,Automatic,5,bangalore,1896
₹ 8.65 Lakh,SUV,36.0,1st Owner,Silver,2017,17.5,KA02,Petrol,Sept 2017,2017,Third Party insurance,5 Speed,Manual,5,bangalore,1199
₹ 9.99 Lakh,SUV,47.0,1st Owner,Blue,2019,18.27,KA51,Petrol,Sept 2019,2019,Comprehensive,6-Speed,Manual,5,bangalore,998
₹ 5.95 Lakh,SUV,1.0,1st Owner,Silver,2014,20.45,KA51,Diesel,Aug 2014,2014,Comprehensive,5 Speed,Manual,5,bangalore,1461
₹ 23.65 Lakh,Sedan,47.0,2nd Owner,Brown,2018,14.67,KA01,Petrol,Jan 2018,2018,Comprehensive,7 Speed,Automatic,5,bangalore,1798
₹ 4 Lakh,Sedan,50.0,2nd Owner,Gray,2012,14.6,KA03,Petrol,2012,2012,Third Party insurance,Five Speed Manual,Manual,5,bangalore,1368
₹ 5.50 Lakh,Sedan,1.0,1st Owner,White,2012,19.3,KA03,Diesel,2012,2012,Third Party insurance,5 Speed,Manual,5,bangalore,1248
₹ 60.50 Lakh,SUV,55.0,1st Owner,White,2020,14.71,KA03,Diesel,Jul 2020,2020,Comprehensive,8-Speed Steptronic,Automatic,5,bangalore,2993
₹ 16 Lakh,SUV,1.0,2nd Owner,Black,2011,16.55,KA51,Diesel,Dec 2011,2011,Comprehensive,5 Speed,Automatic,5,bangalore,1995
₹ 5.20 Lakh,Hatchback,90.0,3rd Owner,Others,2013,17.21,KA03,Petrol,2013,2013,Third Party insurance,7 Speed,Automatic,5,bangalore,1197
₹ 6.16 Lakh,Hatchback,1.0,1st Owner,Blue,2016,21.4,KA21,Petrol,Mar 2016,2016,Zero Dep,5 Speed,Manual,5,bangalore,1197
₹ 7.95 Lakh,Sedan,54.0,2nd Owner,Silver,2019,21.56,KA51,Petrol,May 2019,2019,Zero Dep,5 Speed,Manual,5,bangalore,1462
₹ 12.75 Lakh,MUV,1.0,2nd Owner,Others,2013,12.99,KA03,Diesel,2013,2013,Third Party insurance,5 Speed,Manual,7,bangalore,2494
₹ 6.24 Lakh,Hatchback,65.0,1st Owner,Red,2016,18.7,KA01,Petrol,Sept 2016,2016,Comprehensive,5 Speed,Manual,5,bangalore,1199
₹ 5.49 Lakh,Hatchback,1.0,1st Owner,Others,2017,18.9,KA50,Petrol,Feb 2017,2017,Zero Dep,5 Speed,Manual,5,bangalore,1197
₹ 7.60 Lakh,MUV,1.0,3rd Owner,Others,2010,11.4,KA03,Diesel,2010,2010,Third Party insurance,5 Speed,Manual,7,bangalore,2494
₹ 5.24 Lakh,Sedan,39.0,1st Owner,Orange,2013,22.41,KA51,Petrol,Feb 2013,2013,Comprehensive,5 Speed,Manual,5,bangalore,1197
₹ 16.50 Lakh,SUV,80.0,1st Owner,White,2019,15.1,KA02,Diesel,Jul 2019,2019,Third Party insurance,6 Speed,Manual,7,bangalore,2179
₹ 5.83 Lakh,Hatchback,56.0,2nd Owner,Others,2015,25.2,KA02,Diesel,Aug 2015,2015,Comprehensive,5 Speed,Manual,5,bangalore,1248
₹ 11.47 Lakh,Sedan,68.0,2nd Owner,White,2020,17.69,KA09,Petrol,Jul 2020,2020,Zero Dep,6 Speed,Manual,5,bangalore,999
₹ 17.50 Lakh,Hatchback,80.0,2nd Owner,Red,2013,13.6,KA03,Petrol,2013,2013,Third Party insurance,6 Speed AT,Automatic,4,bangalore,1598
₹ 8.25 Lakh,Sedan,54.0,1st Owner,Grey,2016,21.72,KA01,Diesel,Aug 2016,2016,Comprehensive,7 Speed,Automatic,5,bangalore,1498
₹ 31.50 Lakh,SUV,98.0,1st Owner,White,2016,12.51,KA04,Diesel,Jun 2016,2016,Third Party insurance,9 Speed,Automatic,7,bangalore,2179
₹ 7.55 Lakh,Hatchback,72.0,1st Owner,Grey,2018,16.2,KA03,Petrol,Jul 2018,2018,Third Party insurance,5 Speed,Manual,5,bangalore,1199
₹ 8.75 Lakh,SUV,70.0,1st Owner,Silver,2015,13.0,KA51,Petrol,Aug 2015,2015,Comprehensive,6 Speed,Manual,5,bangalore,1591
₹ 8.55 Lakh,Hatchback,62.0,1st Owner,White,2021,17.74,KA06,Petrol,May 2021,2021,Third Party,5 Speed,Manual,5,bangalore,999
₹ 18.45 Lakh,SUV,1.0,3rd Owner,White,2014,12.55,KA05,Diesel,Oct 2014,2014,Comprehensive,5 Speed ,Automatic,7,bangalore,2982
₹ 5.25 Lakh,Hatchback,65.0,1st Owner,Orange,2016,18.9,KA01,Petrol,Aug 2016,2016,Comprehensive,5 Speed,Manual,5,bangalore,1197
₹ 6.50 Lakh,Hatchback,36.0,1st Owner,Silver,2017,18.9,KA05,Petrol,Aug 2017,2017,Comprehensive,4 Speed,Automatic,5,bangalore,1197
₹ 9.50 Lakh,MUV,1.0,2nd Owner,White,2011,12.8,KA05,Diesel,Jun 2011,2011,Comprehensive,5 Speed,Manual,7,bangalore,2494
₹ 8.46 Lakh,Sedan,71.0,1st Owner,Brown,2018,18.0,KA01,Petrol,Feb 2018,2018,Zero Dep,CVT,Automatic,5,bangalore,1497
₹ 4.24 Lakh,Hatchback,69.0,2nd Owner,Red,2013,22.38,KA09,Petrol,Nov 2013,2013,Comprehensive,5-Speed,Manual,5,bangalore,1197
₹ 2.10 Lakh,Hatchback,44.0,1st Owner,Maroon,2008,19.7,KA03,Petrol,Aug 2008,2008,Comprehensive,5 Speed,Manual,5,bangalore,796
₹ 9.59 Lakh,Sedan,17.0,2nd Owner,Red,2021,17.1,KA42,Petrol,Feb 2021,2021,Third Party insurance,6 Speed,Manual,5,bangalore,1496
₹ 8.89 Lakh,SUV,95.0,1st Owner,White,2020,16.42,KA32,Petrol,Feb 2021,2020,Comprehensive,6-Speed,Manual,5,bangalore,1330
₹ 8.50 Lakh,SUV,12.0,1st Owner,Silver,2022,19.03,KA03,Petrol,2022,2022,Third Party insurance,5 Speed,Automatic,5,bangalore,999
₹ 8.36 Lakh,SUV,1.0,2nd Owner,Red,2018,23.0,KA09,Diesel,May 2018,2018,Comprehensive,5 Speed,Manual,5,bangalore,1498
₹ 6.60 Lakh,SUV,20.0,1st Owner,Others,2022,19.03,KA02,Petrol,2022,2022,Third Party insurance,5 Speed,Automatic,5,bangalore,999
₹ 3.34 Lakh,Hatchback,64.0,1st Owner,White,2012,19.4,KA05,Petrol,Aug 2012,2012,Comprehensive,5 Speed,Manual,5,bangalore,1198
₹ 5.94 Lakh,SUV,46.0,1st Owner,Red,2018,18.15,KA03,Petrol,Apr 2018,2018,Third Party insurance,5 Speed,Manual,6,bangalore,1198
₹ 9.91 Lakh,SUV,20.0,1st Owner,Others,2021,18.24,KA03,Petrol,2021,2021,Third Party insurance,CVT,Automatic,5,bangalore,999
₹ 14.50 Lakh,SUV,50.0,1st Owner,Others,2018,17.1,KA03,Diesel,2018,2018,Third Party insurance,6 Speed,Manual,5,bangalore,1956
₹ 2.19 Lakh,Sedan,90.0,4th Owner,Others,2011,20.54,KL24,Diesel,2011,2011,Third Party insurance,5 Speed,Manual,5,bangalore,1598
₹ 12.85 Lakh,SUV,20.0,1st Owner,Others,2022,18.9,KA03,Diesel,2022,2022,Third Party insurance,6-Speed,Manual,5,bangalore,1493
₹ 41.95 Lakh,SUV,27.0,1st Owner,White,2021,18.9,KA01,Petrol,Jul 2021,2021,Comprehensive,8 Speed,Automatic,5,bangalore,1969
₹ 4.55 Lakh,MUV,1.0,3rd Owner,Others,2008,12.8,KA01,Diesel,2008,2008,Third Party insurance,5 Speed,Manual,8,bangalore,2494
₹ 8.25 Lakh,Hatchback,10.0,1st Owner,Others,2022,22.35,KA05,Petrol,2022,2022,Third Party insurance,5 Speed,Manual,5,bangalore,1197
₹ 8.25 Lakh,Sedan,40.0,1st Owner,Others,2018,17.4,KA51,Petrol,2018,2018,Third Party insurance,5 Speed,Manual,5,bangalore,1497
₹ 9.20 Lakh,SUV,40.0,1st Owner,Blue,2020,23.0,KA51,Diesel,2020,2020,Third Party insurance,5 Speed,Manual,5,bangalore,1498
₹ 33 Lakh,Sedan,20.0,2nd Owner,Others,2018,19.27,KA03,Diesel,2018,2018,Third Party insurance,9 Speed,Automatic,5,bangalore,2143
₹ 7.29 Lakh,SUV,91.0,2nd Owner,Red,2017,22.77,KA09,Diesel,Oct 2017,2017,Third Party,5 Speed,Manual,5,bangalore,1498
₹ 4.32 Lakh,Hatchback,57.0,1st Owner,Others,2015,25.24,KA42,Petrol,May 2015,2015,Comprehensive,5-Speed,Manual,5,bangalore,998
₹ 7 Lakh,SUV,1.0,1st Owner,Others,2016,19.87,KA04,Diesel,2016,2016,Third Party insurance,5 speed,Manual,5,bangalore,1461
₹ 14.99 Lakh,Sedan,7.0,1st Owner,Others,2021,17.7,KA05,Petrol,Mar 2021,2021,Comprehensive,6 Speed,Manual,5,bangalore,1497
₹ 7.62 Lakh,SUV,38.0,1st Owner,Brown,2017,13.06,KA41,Petrol,Sept 2017,2017,Comprehensive,5 speed,Manual,5,bangalore,1598
₹ 16.25 Lakh,SUV,20.0,1st Owner,Others,2022,15.43,KA02,Petrol,2022,2022,Third Party insurance,5 Speed,Manual,5,bangalore,1498
₹ 6.32 Lakh,SUV,1.0,2nd Owner,Brown,2014,20.45,KA01,Diesel,Jun 2014,2014,Comprehensive,5 speed,Manual,5,bangalore,1461
₹ 12.18 Lakh,SUV,26.0,1st Owner,Red,2020,18.15,KA03,Petrol,Oct 2020,2020,Comprehensive,7-Speed,Automatic,5,bangalore,998
₹ 5.24 Lakh,Hatchback,65.0,1st Owner,White,2017,18.9,KA04,Petrol,Jul 2017,2017,Zero Dep,4 Speed,Automatic,5,bangalore,1197
₹ 14.05 Lakh,SUV,28.0,3rd Owner,Red,2018,15.1,KA03,Diesel,Aug 2018,2018,Comprehensive,6 Speed,Manual,7,bangalore,2179
₹ 13.90 Lakh,SUV,10.0,1st Owner,Others,2022,18.2,KA03,Petrol,2022,2022,Third Party insurance,6-Speed iMT,Manual,5,bangalore,998
₹ 18.90 Lakh,SUV,30.0,1st Owner,White,2021,18.9,KA51,Petrol,Jul 2021,2021,Comprehensive,6-Speed DCT,Automatic,5,bangalore,1451
₹ 12.75 Lakh,SUV,27.0,1st Owner,White,2018,13.0,KA04,Petrol,Mar 2018,2018,Third Party insurance,6 Speed,Automatic,5,bangalore,1591
₹ 2.75 Lakh,Hatchback,90.0,3rd Owner,Others,2010,19.2,KA01,Petrol,2010,2010,Third Party insurance,4 Speed,Automatic,5,bangalore,1197
₹ 11.25 Lakh,Sedan,20.0,1st Owner,Others,2022,17.4,KA50,Petrol,2022,2022,Third Party insurance,5 Speed,Manual,5,bangalore,1497
₹ 6.50 Lakh,Sedan,82.0,1st Owner,Red,2016,18.0,KA01,Petrol,Mar 2016,2016,Comprehensive,5 Speed CVT,Automatic,5,bangalore,1497
₹ 7 Lakh,Sedan,1.0,3rd Owner,White,2010,12.3,KA51,Petrol,2010,2010,Third Party insurance,7 Speed,Automatic,5,bangalore,1781
₹ 11 Lakh,Sedan,14.0,1st Owner,Grey,2019,17.14,KA03,Petrol,2019,2019,Third Party insurance,5 Speed,Manual,5,bangalore,1497
₹ 2.60 Lakh,Sedan,1.0,3rd Owner,White,2016,21.03,KA05,Diesel,2016,2016,Third Party insurance,5-Speed,Manual,5,bangalore,1461
₹ 3.95 Lakh,Hatchback,68.0,2nd Owner,Silver,2010,19.2,KA51,Petrol,Aug 2010,2010,Comprehensive,4 Speed,Automatic,5,bangalore,1197
₹ 6.81 Lakh,Sedan,25.0,1st Owner,White,2019,20.14,KA63,Petrol,Nov 2019,2019,Third Party insurance,5 Speed,Manual,5,bangalore,1197
₹ 4.05 Lakh,Hatchback,74.0,1st Owner,Others,2020,21.7,KA04,Petrol,Jul 2020,2020,Comprehensive,5 Speed,Manual,5,bangalore,998
₹ 7.65 Lakh,Hatchback,40.0,1st Owner,White,2018,19.0,KA03,Petrol,Jun 2018,2018,Comprehensive,5 Speed,Automatic,5,bangalore,1199
₹ 4.87 Lakh,Hatchback,91.0,1st Owner,Red,2014,23.2,KA05,Diesel,Nov 2014,2014,Third Party,5 Speed,Manual,5,bangalore,1248
₹ 14.74 Lakh,SUV,80.0,1st Owner,White,2018,15.1,KA51,Diesel,Feb 2019,2018,Third Party insurance,6 Speed,Manual,7,bangalore,2179
₹ 13.40 Lakh,SUV,70.0,2nd Owner,Others,2017,16.0,KA51,Diesel,2017,2017,Third Party insurance,6 Speed,Automatic,7,bangalore,2179
₹ 7.70 Lakh,MUV,13.0,1st Owner,Blue,2021,18.2,KA53,Petrol,Dec 2021,2021,Comprehensive,5 Speed,Automatic,7,bangalore,999
₹ 8.18 Lakh,Hatchback,34.0,2nd Owner,Grey,2018,21.4,KA03,Petrol,Aug 2018,2018,Third Party insurance,CVT,Automatic,5,bangalore,1197
₹ 7.24 Lakh,SUV,20.0,1st Owner,White,2017,17.0,KA02,Petrol,Jun 2017,2017,Comprehensive,5 Speed,Manual,5,bangalore,1497
₹ 4.68 Lakh,Hatchback,38.0,3rd Owner,Red,2016,26.0,KA51,Petrol,Jun 2016,2016,Comprehensive,5-Speed,Automatic,5,bangalore,998
₹ 5 Lakh,Sedan,1.0,1st Owner,White,2013,14.69,KA03,Petrol,2013,2013,Third Party insurance,6 Speed,Manual,5,bangalore,1390
₹ 6 Lakh,SUV,50.0,2nd Owner,Blue,2016,22.77,KA03,Diesel,2016,2016,Third Party insurance,5 Speed,Manual,5,bangalore,1498
₹ 13.50 Lakh,SUV,70.0,2nd Owner,Others,2017,16.0,KA51,Diesel,2017,2017,Third Party insurance,6 Speed ,Manual,7,bangalore,2179
₹ 5.25 Lakh,Hatchback,44.0,1st Owner,Orange,2016,18.9,KA04,Petrol,Aug 2016,2016,Comprehensive,5 Speed,Manual,5,bangalore,1197
₹ 1.75 Lakh,Hatchback,90.0,2nd Owner,Gray,2006,15.3,KA04,Petrol,2006,2006,Third Party insurance,5 Speed,Manual,5,bangalore,1341
₹ 7.25 Lakh,Sedan,30.0,1st Owner,Others,2016,19.12,KA03,Petrol,2016,2016,Third Party insurance,4 Speed,Automatic,5,bangalore,1373
₹ 5.50 Lakh,Hatchback,50.0,1st Owner,Others,2018,18.9,KA03,Petrol,2018,2018,Third Party insurance,5 Speed,Manual,5,bangalore,1197
₹ 6.50 Lakh,Hatchback,98.0,1st Owner,White,2019,22.0,KA51,Petrol,Jul 2019,2019,Comprehensive,5,Manual,5,bangalore,1197
₹ 7.75 Lakh,Hatchback,47.0,1st Owner,Green,2017,18.2,KA03,Petrol,May 2017,2017,Comprehensive,5 Speed,Automatic,5,bangalore,1199
₹ 9 Lakh,Sedan,70.0,1st Owner,Others,2019,17.0,KA02,Petrol,2019,2019,Third Party insurance,6 Speed,Manual,5,bangalore,1591
₹ 4.08 Lakh,Hatchback,16.0,1st Owner,Silver,2020,22.05,KA26,Petrol,Nov 2020,2020,Comprehensive,5 Speed,Manual,5,bangalore,796
₹ 6.42 Lakh,Hatchback,15.0,1st Owner,Orange,2017,18.9,KA53,Petrol,Aug 2017,2017,Comprehensive,4 Speed,Automatic,5,bangalore,1197
₹ 9 Lakh,Sedan,70.0,1st Owner,Others,2019,17.0,KA02,Petrol,2019,2019,Third Party insurance,6 Speed,Manual,5,bangalore,1591
₹ 5.21 Lakh,Hatchback,4.0,1st Owner,Black,2020,22.5,KA01,Petrol,Jun 2020,2020,Comprehensive,5-Speed,Automatic,5,bangalore,999
₹ 6.95 Lakh,MUV,34.0,1st Owner,White,2020,20.0,KA11,Petrol,Sept 2020,2020,Zero Dep,5 Speed,Manual,7,bangalore,999
₹ 3.90 Lakh,Hatchback,40.0,2nd Owner,Others,2018,23.95,KA05,Petrol,2018,2018,Third Party insurance,5 Speed,Manual,5,bangalore,998
₹ 4.29 Lakh,Hatchback,1.0,1st Owner,Orange,2016,23.84,KA03,Petrol,Jun 2016,2016,Comprehensive,5 Speed,Manual,5,bangalore,1199
₹ 5.20 Lakh,Sedan,1.0,1st Owner,White,2021,18.5,KA14,Petrol,2021,2021,Third Party insurance,5 Speed,Manual,5,bangalore,1194
₹ 6.25 Lakh,Hatchback,9.0,1st Owner,Brown,2019,20.52,KA03,Petrol,Jun 2019,2019,Third Party,5 Speed,Automatic,5,bangalore,1197
₹ 6.01 Lakh,Hatchback,7.0,1st Owner,Blue,2022,21.46,KA50,Petrol,Jul 2022,2022,Zero Dep,5 Speed,Manual,5,bangalore,999
₹ 13 Lakh,SUV,1.0,1st Owner,Others,2017,17.1,KA36,Diesel,2017,2017,Third Party insurance,6 Speed,Manual,5,bangalore,1956
₹ 6.45 Lakh,Hatchback,20.0,1st Owner,Silver,2017,18.9,KA51,Petrol,Jul 2017,2017,Comprehensive,4 Speed,Automatic,5,bangalore,1197
₹ 19.75 Lakh,SUV,1.0,2nd Owner,Others,2013,12.07,KA03,Diesel,2013,2013,Third Party insurance,8 Speed Tiptronic,Automatic,7,bangalore,2967
₹ 6.95 Lakh,Hatchback,45.0,1st Owner,Red,2016,18.6,KA03,Petrol,Jan 2016,2016,Third Party insurance,5 Speed,Manual,5,bangalore,1197
₹ 5 Lakh,Sedan,1.0,1st Owner,White,2013,14.69,KA03,Petrol,2013,2013,Third Party insurance,6 Speed,Manual,5,bangalore,1390
₹ 16.44 Lakh,Sedan,1.0,2nd Owner,Blue,2014,22.69,KA51,Diesel,Aug 2014,2014,Comprehensive,8 Speed,Automatic,5,bangalore,1995
₹ 8.95 Lakh,SUV,42.0,1st Owner,Silver,2019,17.0,KA03,Petrol,Nov 2019,2019,Comprehensive,5 Speed,Manual,5,bangalore,1497
₹ 3.50 Lakh,Hatchback,90.0,2nd Owner,Others,2013,20.36,KA42,Petrol,2013,2013,Third Party insurance,5 Speed,Manual,5,bangalore,1197
₹ 5.50 Lakh,Sedan,70.0,1st Owner,Others,2012,22.32,KA05,Diesel,2012,2012,Third Party insurance,6 Speed ,Manual,5,bangalore,1582
₹ 7.50 Lakh,SUV,1.0,3rd Owner,Others,2010,11.4,KA03,Diesel,2010,2010,Third Party insurance,5 Speed,Automatic,7,bangalore,2953
₹ 5.81 Lakh,Hatchback,16.0,1st Owner,Blue,2017,20.89,KA05,Petrol,Mar 2017,2017,Comprehensive,5 Speed,Manual,5,bangalore,1197
₹ 5.13 Lakh,Hatchback,25.0,3rd Owner,White,2020,20.52,KA40,Petrol,Jun 2020,2020,Comprehensive,5 Speed,Manual,5,bangalore,1197
₹ 6.50 Lakh,Hatchback,54.0,1st Owner,Blue,2017,21.01,KA53,Petrol,Sept 2017,2017,Third Party insurance,5 Speed,Manual,5,bangalore,1197
₹ 8.06 Lakh,Hatchback,35.0,1st Owner,Red,2020,24.4,KA19,Diesel,May 2020,2020,Comprehensive,5-Speed,Manual,5,bangalore,1498
₹ 7.25 Lakh,Hatchback,22.0,1st Owner,Silver,2016,21.4,KA03,Petrol,Jun 2016,2016,Third Party,CVT,Automatic,5,bangalore,1197
₹ 49.50 Lakh,Sedan,50.0,1st Owner,Blue,2018,17.42,KA51,Diesel,Jul 2018,2018,Comprehensive,8-Speed Steptronic,Automatic,5,bangalore,2993
₹ 4.26 Lakh,Hatchback,67.0,1st Owner,Black,2014,18.9,KA51,Petrol,Jun 2014,2014,Third Party,5 Speed,Manual,5,bangalore,1197
₹ 4.85 Lakh,Hatchback,38.0,1st Owner,Maroon,2019,23.95,KA05,Petrol,Jan 2019,2019,Comprehensive,5 Speed,Manual,5,bangalore,998
₹ 3.51 Lakh,Hatchback,49.0,2nd Owner,White,2012,19.4,KA51,Petrol,Jun 2012,2012,Third Party insurance,5 Speed,Manual,5,bangalore,1198
₹ 4.90 Lakh,Hatchback,10.0,1st Owner,Red,2021,21.46,KA09,Petrol,Apr 2021,2021,Third Party insurance,5 Speed,Manual,5,bangalore,999
₹ 14.95 Lakh,SUV,46.0,1st Owner,Grey,2017,16.0,KA04,Diesel,Jan 2017,2017,Third Party insurance,6 Speed,Manual,7,bangalore,2179
₹ 5.10 Lakh,Hatchback,90.0,2nd Owner,Others,2014,25.2,KA03,Diesel,2014,2014,Third Party insurance,5 Speed,Manual,5,bangalore,1248
₹ 27.50 Lakh,SUV,1.0,1st Owner,White,2016,18.56,KA51,Diesel,Jun 2016,2016,Comprehensive,8 Speed,Automatic,5,bangalore,1995
₹ 10.25 Lakh,Hatchback,55.0,1st Owner,White,2017,17.21,KA03,Petrol,Jul 2017,2017,Third Party insurance,7 Speed,Automatic,5,bangalore,1197
₹ 23.45 Lakh,SUV,46.0,2nd Owner,Red,2015,15.73,KA51,Diesel,Apr 2015,2015,Third Party insurance,7-Speed S-Tronic ,Automatic,5,bangalore,1968
₹ 8.25 Lakh,Sedan,54.0,1st Owner,Grey,2016,21.13,KA01,Diesel,Oct 2016,2016,Comprehensive,5 Speed,Manual,5,bangalore,1498
₹ 6.75 Lakh,SUV,68.0,2nd Owner,Silver,2016,21.7,KA01,Diesel,Aug 2016,2016,Comprehensive,5 Speed,Manual,5,bangalore,1498
₹ 1.90 Lakh,Hatchback,1.0,3rd Owner,Grey,2010,20.0,KA14,Diesel,Jun 2010,2010,Comprehensive,5 Speed,Manual,5,bangalore,1399
₹ 8.90 Lakh,Sedan,1.0,1st Owner,White,2014,17.68,HR26,Diesel,Mar 2016,2014,Third Party insurance,8 Speed,Automatic,5,bangalore,1968
₹ 8.23 Lakh,SUV,20.0,1st Owner,Silver,2022,19.03,KA01,Petrol,2022,2022,Third Party insurance,5 Speed,Automatic,5,bangalore,999
₹ 5.54 Lakh,Hatchback,52.0,1st Owner,White,2014,22.38,KA19,Petrol,Mar 2014,2014,Comprehensive,5-Speed,Manual,5,bangalore,1197
₹ 4.99 Lakh,Sedan,59.0,1st Owner,Black,2014,22.41,KA53,Petrol,Jan 2015,2014,Comprehensive,5 Speed,Manual,5,bangalore,1197
₹ 8.15 Lakh,SUV,10.0,1st Owner,Others,2022,19.03,KA53,Petrol,2022,2022,Third Party insurance,5 Speed,Automatic,5,bangalore,999
₹ 7.19 Lakh,Hatchback,36.0,1st Owner,Silver,2020,21.01,KA03,Petrol,Dec 2020,2020,Third Party,5 Speed,Manual,5,bangalore,1197
₹ 3.72 Lakh,Hatchback,83.0,1st Owner,Silver,2015,25.24,KA04,Petrol,Oct 2015,2015,Third Party,5-Speed,Manual,5,bangalore,998
₹ 5.15 Lakh,Hatchback,10.0,1st Owner,Others,2018,23.1,KA04,Petrol,2018,2018,Third Party insurance,5 Speed,Automatic,5,bangalore,998
₹ 5.54 Lakh,Hatchback,59.0,2nd Owner,Silver,2016,18.7,KA04,Petrol,Mar 2016,2016,Third Party insurance,5 Speed,Manual,5,bangalore,1199
₹ 7 Lakh,Sedan,4.0,1st Owner,Grey,2023,20.3,KA41,Petrol,Mar 2023,2023,Comprehensive,5 Speed,Manual,5,bangalore,1199
₹ 4.10 Lakh,Hatchback,70.0,1st Owner,Silver,2011,22.38,KA05,Petrol,Jul 2011,2011,Third Party insurance,5-Speed,Manual,5,bangalore,1197
₹ 6.85 Lakh,Sedan,39.0,1st Owner,Silver,2016,20.73,KA05,Petrol,Jun 2016,2016,Third Party,5 Speed,Manual,5,bangalore,1373
₹ 55 Lakh,Sedan,10.0,1st Owner,Others,2022,16.13,KA03,Petrol,2022,2022,Third Party insurance,8-Speed Steptronic Sport Automatic Transmission,Automatic,5,bangalore,1998
₹ 18 Lakh,SUV,10.0,1st Owner,Others,2022,17.8,KA01,Diesel,2022,2022,Third Party insurance,6-Speed,Automatic,5,bangalore,1493
₹ 1.80 Lakh,Hatchback,60.0,2nd Owner,Others,2006,18.9,KA03,Petrol,2006,2006,Third Party insurance,5 Speed,Manual,5,bangalore,998
₹ 7.65 Lakh,SUV,50.0,2nd Owner,Others,2018,17.0,KA04,Petrol,2018,2018,Third Party insurance,5 Speed,Manual,5,bangalore,1497
₹ 19.50 Lakh,SUV,10.0,1st Owner,Others,2023,13.79,KA14,Petrol,2023,2023,Third Party insurance,6-speed,Manual,5,bangalore,1451
₹ 4.91 Lakh,Sedan,50.0,3rd Owner,Others,2013,16.3,KA01,Petrol,2013,2013,Third Party insurance,6 Speed,Manual,5,bangalore,1797
₹ 11.75 Lakh,SUV,23.0,1st Owner,Silver,2021,21.7,KA02,Diesel,Mar 2021,2021,Third Party insurance,5 Speed,Manual,5,bangalore,1498
₹ 9.99 Lakh,SUV,8.0,1st Owner,Brown,2020,15.9,KA01,Petrol,Sept 2020,2020,Comprehensive,5 Speed,Manual,5,bangalore,1496
₹ 7.15 Lakh,Hatchback,50.0,1st Owner,Others,2018,21.21,KA03,Petrol,2018,2018,Third Party insurance,5,Automatic,5,bangalore,1197
₹ 34 Lakh,Sedan,10.0,1st Owner,Others,2018,18.25,KA03,Diesel,2018,2018,Third Party insurance,7 Speed,Automatic,5,bangalore,1968
₹ 17.79 Lakh,SUV,14.0,1st Owner,Black,2021,18.9,KA53,Petrol,Feb 2021,2021,Comprehensive,7-speed DCT,Automatic,5,bangalore,1353
₹ 4.04 Lakh,Hatchback,54.0,1st Owner,Silver,2012,18.5,KA01,Petrol,Nov 2012,2012,Third Party insurance,5 Speed,Manual,5,bangalore,1197
₹ 3.58 Lakh,Hatchback,50.0,2nd Owner,Others,2016,19.81,KA51,Petrol,2016,2016,Third Party insurance,5 Speed,Manual,5,bangalore,1086
₹ 5.81 Lakh,Hatchback,64.0,1st Owner,Blue,2017,20.89,KA03,Petrol,Mar 2017,2017,Comprehensive,5 Speed,Automatic,5,bangalore,1197
₹ 6.30 Lakh,Hatchback,75.0,1st Owner,Red,2015,18.6,KA51,Petrol,Dec 2015,2015,Third Party insurance,5 Speed,Manual,5,bangalore,1197
₹ 5.60 Lakh,Hatchback,25.0,1st Owner,Grey,2016,18.7,KA03,Petrol,May 2016,2016,Third Party insurance,5 Speed,Manual,5,bangalore,1199
₹ 15.51 Lakh,SUV,44.0,1st Owner,Silver,2019,15.1,KA03,Diesel,Jun 2019,2019,Third Party insurance,6 Speed,Manual,7,bangalore,2179
₹ 5.25 Lakh,Sedan,60.0,2nd Owner,Others,2014,17.01,KA03,Petrol,2014,2014,Third Party insurance,5 Speed,Manual,5,bangalore,1591
₹ 5.01 Lakh,Hatchback,41.0,1st Owner,Others,2018,23.1,KA05,Petrol,Feb 2018,2018,Comprehensive,5 Speed,Manual,5,bangalore,998
₹ 6.17 Lakh,Hatchback,24.0,2nd Owner,White,2020,20.52,KA03,Petrol,Jan 2021,2020,Comprehensive,5 Speed,Automatic,5,bangalore,1197
₹ 3.65 Lakh,Hatchback,56.0,1st Owner,Grey,2017,23.95,KA03,Petrol,Feb 2017,2017,Third Party insurance,5 Speed,Manual,5,bangalore,998
₹ 9.95 Lakh,Sedan,90.0,1st Owner,White,2018,18.3,KA05,Petrol,Oct 2018,2018,Comprehensive,CVT,Automatic,5,bangalore,1498
₹ 7.75 Lakh,Hatchback,31.0,2nd Owner,Orange,2019,18.6,KA04,Petrol,Aug 2019,2019,Comprehensive,5 Speed,Manual,5,bangalore,1197
₹ 47 Lakh,SUV,30.0,2nd Owner,Silver,2018,16.38,KA03,Diesel,2018,2018,Third Party insurance,8 Speed,Automatic,5,bangalore,1999
₹ 7.70 Lakh,Sedan,36.0,1st Owner,Maroon,2017,17.7,KA05,Petrol,Jul 2017,2017,Comprehensive,6 Speed,Manual,5,bangalore,1591
₹ 7.25 Lakh,Hatchback,19.0,1st Owner,Grey,2018,22.0,KA53,Petrol,Feb 2018,2018,Third Party insurance,5,Manual,5,bangalore,1197
₹ 8.40 Lakh,Hatchback,30.0,1st Owner,White,2019,18.2,KA05,Petrol,Feb 2019,2019,Comprehensive,5 Speed,Automatic,5,bangalore,1199
₹ 7.99 Lakh,Hatchback,48.0,2nd Owner,Red,2018,18.6,KA01,Petrol,Apr 2018,2018,Comprehensive,5 Speed,Manual,5,bangalore,1197
₹ 13.80 Lakh,Hatchback,60.0,2nd Owner,Others,2014,15.5,KA05,Petrol,2014,2014,Third Party insurance,7G DCT 7-Speed Dual Clutch Transmission ,Automatic,5,bangalore,1595
₹ 6.96 Lakh,Hatchback,26.0,1st Owner,White,2018,22.0,KA51,Petrol,May 2018,2018,Third Party,5,Manual,5,bangalore,1197
₹ 5.76 Lakh,Hatchback,35.0,1st Owner,Red,2015,22.38,KA51,Petrol,Feb 2015,2015,Comprehensive,5-Speed,Manual,5,bangalore,1197
₹ 7.21 Lakh,Hatchback,63.0,1st Owner,Red,2020,22.35,KA01,Petrol,Mar 2020,2020,Zero Dep,5-Speed,Manual,5,bangalore,1197
₹ 9.95 Lakh,Sedan,31.0,2nd Owner,Brown,2018,17.4,KA03,Petrol,Jan 2018,2018,Third Party insurance,5 Speed,Manual,5,bangalore,1497
₹ 5.94 Lakh,Hatchback,79.0,2nd Owner,Silver,2015,18.6,KA03,Petrol,Aug 2015,2015,Third Party insurance,5 Speed,Manual,5,bangalore,1197
₹ 9.27 Lakh,SUV,88.0,1st Owner,Red,2015,15.1,KA03,Diesel,Apr 2015,2015,Comprehensive,6 Speed ,Manual,7,bangalore,2179
₹ 32.75 Lakh,SUV,37.0,1st Owner,Blue,2018,15.17,KA01,Diesel,Jun 2018,2018,Comprehensive,7-Speed S-Tronic,Automatic,5,bangalore,1968
₹ 4.26 Lakh,Hatchback,52.0,1st Owner,Red,2015,20.51,KA53,Petrol,May 2015,2015,Comprehensive,5 Speed,Manual,5,bangalore,998
₹ 11 Lakh,SUV,70.0,1st Owner,Others,2015,17.01,KA04,Diesel,2015,2015,Third Party insurance,6 Speed,Automatic,5,bangalore,1582
₹ 9.05 Lakh,SUV,40.0,1st Owner,Silver,2022,20.0,KA19,Petrol,Mar 2022,2022,Zero Dep,5 Speed,Manual,5,bangalore,999
₹ 8.48 Lakh,SUV,47.0,1st Owner,Silver,2019,14.99,KA03,Petrol,Jun 2019,2019,Comprehensive,5 speed,Automatic,5,bangalore,1498
₹ 4 Lakh,SUV,10.0,3rd Owner,Others,2017,18.9,KA03,Petrol,2022,1995,Third Party insurance,5 Speed,Manual,6,bangalore,1197
₹ 5.75 Lakh,Sedan,70.0,2nd Owner,Others,2008,11.9,KA01,Diesel,2008,2008,Third Party insurance,5 Speed,Automatic,5,bangalore,2496
₹ 4 Lakh,Sedan,1.0,5th Owner,White,2013,16.8,KA03,Petrol,2013,2013,Third Party insurance,5 Speed,Manual,5,bangalore,1497
₹ 4 Lakh,SUV,10.0,3rd Owner,Others,2017,18.9,KA18,Petrol,2022,1995,Third Party insurance,5 Speed,Manual,8,bangalore,1197
₹ 8.95 Lakh,SUV,45.0,2nd Owner,White,2016,15.29,KA01,Petrol,Jul 2016,2016,Comprehensive,6 Speed,Manual,5,bangalore,1591
₹ 10.99 Lakh,SUV,20.0,1st Owner,Blue,2019,18.27,KA03,Petrol,Aug 2019,2019,Third Party insurance,6-Speed,Manual,5,bangalore,998
₹ 4.25 Lakh,Hatchback,60.0,1st Owner,Others,2011,17.0,KA03,Petrol,2011,2011,Third Party insurance,5 Speed,Manual,5,bangalore,1197
₹ 4.45 Lakh,Sedan,70.0,2nd Owner,Blue,2012,19.1,KA05,Petrol,Aug 2012,2012,Comprehensive,5 Speed,Manual,5,bangalore,1197
₹ 3.20 Lakh,Sedan,1.0,4th Owner,Others,2014,20.5,KA03,Diesel,2014,2014,Third Party insurance,5-speed,Manual,5,bangalore,1598
₹ 7.75 Lakh,Sedan,46.0,2nd Owner,Grey,2017,16.09,KA32,Petrol,Aug 2017,2017,Third Party insurance,5 Speed,Manual,5,bangalore,1598
₹ 3.27 Lakh,Hatchback,54.0,3rd Owner,Silver,2013,18.9,KA51,Petrol,Aug 2013,2013,Comprehensive,5 Speed,Manual,5,bangalore,998
₹ 6.61 Lakh,Hatchback,90.0,1st Owner,Brown,2017,19.0,KA01,Petrol,Dec 2017,2017,Comprehensive,5 Speed,Automatic,5,bangalore,1199
₹ 7.75 Lakh,SUV,1.0,1st Owner,White,2012,15.1,KA51,Diesel,Aug 2012,2012,Comprehensive,6 Speed,Manual,7,bangalore,2179
₹ 6.82 Lakh,Sedan,31.0,1st Owner,Brown,2017,21.21,KA09,Petrol,Sept 2017,2017,Comprehensive,5 Speed,Manual,5,bangalore,1197
₹ 5.77 Lakh,Hatchback,24.0,1st Owner,Orange,2017,18.9,KA01,Petrol,May 2017,2017,Third Party,5 Speed,Manual,5,bangalore,1197
₹ 5 Lakh,Hatchback,90.0,3rd Owner,Others,2015,16.47,KA27,Petrol,2015,2015,Third Party insurance,5 Speed,Manual,5,bangalore,1198
₹ 6.79 Lakh,Hatchback,36.0,1st Owner,Red,2017,18.7,KA05,Petrol,Jan 2017,2017,Comprehensive,5 Speed,Manual,5,bangalore,1199
₹ 14.45 Lakh,Hatchback,68.0,1st Owner,Grey,2014,14.8,KA51,Diesel,Nov 2014,2014,Comprehensive,7 Speed,Automatic,5,bangalore,2143
₹ 7.76 Lakh,Hatchback,5.0,1st Owner,Silver,2021,22.38,KA53,Petrol,Oct 2021,2021,Third Party,5-Speed,Manual,5,bangalore,1197
₹ 6.90 Lakh,Hatchback,8.0,1st Owner,Blue,2021,20.09,KA01,Petrol,Apr 2021,2021,Zero Dep,5-Speed`,Manual,5,bangalore,1199
₹ 3.80 Lakh,Sedan,1.0,2nd Owner,Others,2012,20.5,KA05,Diesel,2012,2012,Third Party insurance,5 Speed,Manual,5,bangalore,1598
₹ 5.60 Lakh,SUV,60.0,3rd Owner,Others,2014,13.24,KA41,Petrol,2014,2014,Third Party insurance,5 speed,Manual,5,bangalore,1598
₹ 11.25 Lakh,SUV,1.0,1st Owner,Others,2017,14.1,KA03,Diesel,2017,2017,Third Party insurance,5 Speed,Manual,7,bangalore,2179
₹ 5.15 Lakh,MUV,1.0,2nd Owner,Blue,2015,19.98,KA04,Diesel,May 2015,2015,Comprehensive,6 Speed,Manual,7,bangalore,1461
₹ 7.99 Lakh,Hatchback,33.0,2nd Owner,White,2018,18.6,KA03,Petrol,Jul 2018,2018,Comprehensive,5 Speed,Manual,5,bangalore,1197
₹ 12 Lakh,SUV,1.0,2nd Owner,White,2009,11.5,KA53,Diesel,2009,2009,Third Party insurance,5 Speed,Manual,7,bangalore,2982
₹ 8.35 Lakh,Hatchback,30.0,1st Owner,White,2019,22.54,KA04,Diesel,Apr 2019,2019,Third Party insurance,6 Speed,Manual,5,bangalore,1396
₹ 7.50 Lakh,Sedan,80.0,1st Owner,Others,2016,26.0,KA03,Diesel,2016,2016,Third Party insurance,6 Speed,Manual,5,bangalore,1498
₹ 12.75 Lakh,SUV,1.0,2nd Owner,Others,2009,11.5,KA53,Diesel,2009,2009,Third Party insurance,5 Speed,Manual,7,bangalore,2982
₹ 30.75 Lakh,Sedan,33.0,2nd Owner,White,2017,14.21,KA03,Diesel,May 2017,2017,Comprehensive,5 Speed,Automatic,5,bangalore,2143
₹ 5.27 Lakh,Sedan,58.0,1st Owner,Others,2014,17.4,KA01,Petrol,Jun 2014,2014,Comprehensive,5 Speed ,Manual,5,bangalore,1497
₹ 4.26 Lakh,Hatchback,51.0,1st Owner,Silver,2019,21.7,KA42,Petrol,Nov 2019,2019,Comprehensive,5 Speed,Manual,5,bangalore,998
₹ 6.25 Lakh,SUV,1.0,2nd Owner,White,2015,14.7,KA03,Petrol,Dec 2015,2015,Comprehensive,6 Speed,Automatic,5,bangalore,1496
₹ 4.47 Lakh,Sedan,65.0,2nd Owner,Black,2013,22.41,KA53,Petrol,Jul 2013,2013,Comprehensive,5 Speed,Manual,5,bangalore,1197
₹ 5.52 Lakh,Hatchback,49.0,2nd Owner,White,2014,22.38,KA51,Petrol,Nov 2014,2014,Comprehensive,5-Speed,Manual,5,bangalore,1197
₹ 7.95 Lakh,Sedan,91.0,2nd Owner,White,2016,26.0,KA01,Diesel,Oct 2016,2016,Comprehensive,6 Speed,Manual,5,bangalore,1498
₹ 4.59 Lakh,Hatchback,61.0,2nd Owner,White,2018,21.63,KA51,Petrol,Oct 2018,2018,Comprehensive,5 Speed,Manual,5,bangalore,998
₹ 7 Lakh,Sedan,1.0,2nd Owner,White,2016,20.73,KA05,Petrol,Nov 2017,2016,1,5 Speed,Manual,5,bangalore,1373
₹ 4.05 Lakh,Hatchback,53.0,1st Owner,White,2019,21.7,KA51,Petrol,Nov 2019,2019,Third Party insurance,5 Speed,Manual,5,bangalore,998
₹ 5.36 Lakh,Hatchback,36.0,1st Owner,Red,2020,22.0,KA01,Petrol,Jul 2020,2020,Comprehensive,5 Speed,Automatic,5,bangalore,999
₹ 24 Lakh,SUV,97.0,1st Owner,Blue,2014,15.26,KA04,Diesel,Jul 2014,2014,Comprehensive,7 Speed,Automatic,5,bangalore,2143
₹ 47.45 Lakh,SUV,89.0,1st Owner,White,2017,11.57,KA05,Diesel,Aug 2017,2017,Comprehensive,9 Speed,Automatic,5,bangalore,2987
₹ 8.95 Lakh,SUV,13.0,2nd Owner,White,2018,14.99,KA05,Petrol,Aug 2018,2018,Comprehensive,5 speed,Manual,5,bangalore,1498
₹ 13.75 Lakh,Sedan,41.0,1st Owner,Black,2018,22.0,KA53,Diesel,Aug 2018,2018,Third Party insurance,6 Speed,Manual,5,bangalore,1582
₹ 8.80 Lakh,Hatchback,94.0,1st Owner,Red,2017,17.21,KA04,Petrol,Apr 2017,2017,Third Party,7 Speed,Automatic,5,bangalore,1197
₹ 10.30 Lakh,MUV,58.0,1st Owner,Maroon,2011,12.8,KA41,Diesel,Aug 2011,2011,Comprehensive,5 Speed,Manual,7,bangalore,2494
₹ 4.75 Lakh,Hatchback,46.0,1st Owner,Brown,2016,20.52,KA05,Petrol,Aug 2016,2016,Comprehensive,5 Speed,Manual,5,bangalore,1197
₹ 11.50 Lakh,SUV,10.0,1st Owner,Black,2022,18.9,KA03,Petrol,2022,2022,Third Party insurance,5 Speed,Manual,5,bangalore,1498
₹ 56.75 Lakh,SUV,36.0,1st Owner,White,2020,18.9,KA03,Diesel,Feb 2020,2020,Comprehensive,9 speed Tronic,Automatic,5,bangalore,1950
₹ 9.60 Lakh,SUV,50.0,1st Owner,White,2021,17.03,KA03,Petrol,2021,2021,Third Party insurance,5 Speed,Manual,5,bangalore,1462
₹ 5.32 Lakh,Hatchback,36.0,2nd Owner,Silver,2020,21.63,KA51,Petrol,Jun 2020,2020,Third Party,5 Speed,Manual,5,bangalore,998
₹ 6.51 Lakh,Sedan,58.0,2nd Owner,White,2016,17.8,KA04,Petrol,Jan 2017,2016,Comprehensive,5 Speed,Manual,5,bangalore,1497
₹ 32 Lakh,Sedan,10.0,1st Owner,Blue,2017,19.27,KA03,Diesel,2017,2017,Third Party insurance,7 Speed,Automatic,5,bangalore,2143
₹ 7.15 Lakh,Hatchback,31.0,1st Owner,Silver,2016,18.6,KA05,Petrol,Sept 2016,2016,Comprehensive,5 Speed,Manual,5,bangalore,1197
₹ 7.40 Lakh,SUV,78.0,1st Owner,Maroon,2016,24.3,DL14,Diesel,Jun 2016,2016,Third Party,5 Speed,Manual,5,bangalore,1248
₹ 17 Lakh,SUV,20.0,1st Owner,Others,2022,20.8,KA03,Diesel,2022,2022,Third Party insurance,6-Speed,Manual,5,bangalore,1493
₹ 4.55 Lakh,Sedan,54.0,2nd Owner,Black,2013,22.41,KA50,Petrol,Jun 2013,2013,Comprehensive,5 Speed,Manual,5,bangalore,1197
₹ 16.99 Lakh,SUV,10.0,1st Owner,Others,2021,16.8,KA50,Petrol,2021,2021,Third Party insurance,6-Speed IVT,Automatic,5,bangalore,1497
₹ 5.24 Lakh,Hatchback,27.0,2nd Owner,Red,2019,18.9,KA04,Petrol,Aug 2019,2019,Comprehensive,5 Speed,Manual,5,bangalore,1197
₹ 17.65 Lakh,SUV,25.0,1st Owner,Grey,2019,16.0,KA03,Petrol,Jan 2019,2019,Comprehensive,7 Speed,Automatic,5,bangalore,1368
₹ 5.25 Lakh,Hatchback,30.0,1st Owner,Others,2017,18.6,UP32,Petrol,2017,2017,Third Party insurance,5 Speed,Manual,5,bangalore,1197
₹ 16 Lakh,SUV,20.0,1st Owner,Gray,2019,16.5,KA03,Petrol,2019,2019,Third Party insurance,7-Speed DCT,Automatic,5,bangalore,1353
₹ 3.60 Lakh,Sedan,1.0,2nd Owner,Blue,2012,20.54,KA53,Diesel,2012,2012,Third Party insurance,5 Speed,Manual,5,bangalore,1598
₹ 16.50 Lakh,SUV,20.0,1st Owner,Others,2021,18.9,KA03,Petrol,2021,2021,Third Party insurance,6 Speed,Automatic,4,bangalore,1997
₹ 4.10 Lakh,Hatchback,50.0,1st Owner,Others,2011,17.0,KA03,Petrol,2011,2011,Third Party insurance,5 Speed,Manual,5,bangalore,1197
₹ 31.50 Lakh,Sedan,36.0,1st Owner,White,2018,17.9,KA01,Diesel,Aug 2018,2018,Comprehensive,7 Speed,Automatic,5,bangalore,2143
₹ 8.50 Lakh,Hatchback,40.0,1st Owner,Others,2019,22.54,KA03,Diesel,2019,2019,Third Party insurance,6 Speed,Manual,5,bangalore,1396
₹ 12.60 Lakh,SUV,19.0,1st Owner,Red,2021,18.15,KA22,Petrol,Nov 2021,2021,Third Party,7-Speed,Automatic,5,bangalore,998
₹ 8.50 Lakh,SUV,50.0,1st Owner,Others,2020,17.0,KA02,Petrol,2020,2020,Third Party insurance,6 Speed,Manual,5,bangalore,1198
₹ 4.93 Lakh,Hatchback,64.0,1st Owner,Red,2018,23.1,KA41,Petrol,Aug 2018,2018,Comprehensive,5 Speed,Automatic,5,bangalore,998
₹ 5.05 Lakh,Hatchback,43.0,1st Owner,White,2018,18.5,KA03,Petrol,Jun 2018,2018,Comprehensive,5 Speed,Manual,5,bangalore,1198
₹ 8.25 Lakh,Hatchback,36.0,1st Owner,White,2020,19.56,KA05,Petrol,Jan 2021,2020,Third Party insurance,CVT,Automatic,5,bangalore,1197
₹ 6.82 Lakh,Hatchback,36.0,2nd Owner,Brown,2017,17.19,KA51,Petrol,Mar 2017,2017,Zero Dep,5 Speed,Manual,5,bangalore,1197
₹ 4.86 Lakh,Hatchback,32.0,2nd Owner,Red,2018,25.24,KA04,Petrol,Mar 2018,2018,Comprehensive,5-Speed,Manual,5,bangalore,998
₹ 18 Lakh,SUV,30.0,1st Owner,Black,2022,18.9,KA03,Petrol,2022,2022,Third Party insurance,6-speed,Manual,5,bangalore,1497
₹ 5.40 Lakh,Hatchback,53.0,1st Owner,Silver,2017,18.9,KA19,Petrol,Jul 2017,2017,Comprehensive,5 Speed,Manual,5,bangalore,1197
₹ 5.30 Lakh,Hatchback,30.0,2nd Owner,Others,2018,18.9,KA05,Petrol,2018,2018,Third Party insurance,5 Speed,Manual,5,bangalore,1197
₹ 4.07 Lakh,Hatchback,26.0,2nd Owner,Red,2020,22.05,KA04,Petrol,Jul 2020,2020,Zero Dep,5 Speed,Manual,5,bangalore,796
₹ 4.53 Lakh,Hatchback,46.0,3rd Owner,Red,2016,18.9,KA01,Petrol,Mar 2017,2016,Third Party insurance,5 Speed,Manual,5,bangalore,1197
₹ 10.10 Lakh,SUV,30.0,1st Owner,Others,2021,18.2,KA04,Petrol,2021,2021,Third Party insurance,6-Speed iMT,Manual,5,bangalore,998
₹ 16.75 Lakh,SUV,53.0,2nd Owner,White,2017,12.0,KA05,Petrol,Jan 2018,2017,Third Party insurance,5 Speed,Automatic,5,bangalore,2354
₹ 16.45 Lakh,SUV,37.0,2nd Owner,Brown,2018,15.1,KA05,Diesel,Apr 2018,2018,Comprehensive,6 Speed,Automatic,7,bangalore,2179
₹ 6.25 Lakh,Hatchback,33.0,1st Owner,Brown,2018,23.84,KA01,Petrol,Aug 2018,2018,Comprehensive,5 Speed,Automatic,5,bangalore,1199
₹ 6.35 Lakh,Hatchback,30.0,1st Owner,White,2022,20.52,KA34,Petrol,Feb 2022,2022,Comprehensive,5 Speed,Manual,5,bangalore,1197
₹ 5.50 Lakh,Sedan,56.0,1st Owner,Silver,2013,23.9,KA04,Diesel,Oct 2013,2013,Comprehensive,6 Speed ,Manual,5,bangalore,1582
₹ 24.50 Lakh,Sedan,58.0,1st Owner,White,2017,17.9,KA03,Diesel,Jul 2017,2017,Comprehensive,7 Speed,Automatic,5,bangalore,2143
₹ 10.25 Lakh,Sedan,15.0,2nd Owner,Grey,2020,20.04,KA01,Petrol,Jul 2020,2020,Third Party insurance,4 Speed,Automatic,5,bangalore,1462
₹ 5.50 Lakh,Hatchback,20.0,1st Owner,Red,2017,110.0,KA03,Electric,2017,2017,Third Party insurance,Direct Drive,Automatic,4,bangalore,1197
₹ 9.50 Lakh,Hatchback,150.0,1st Owner,Grey,2023,18.9,KA03,Electric,2023,2023,Third Party insurance,5 Speed,Automatic,4,bangalore,0
₹ 9.77 Lakh,Hatchback,21.0,1st Owner,Red,2021,20.0,KA01,Petrol,Jun 2021,2021,Comprehensive,6 Speed IMT,Manual,5,bangalore,998
₹ 17.05 Lakh,Sedan,71.0,1st Owner,White,2021,14.59,KA45,Diesel,Jun 2021,2021,Comprehensive,6 Speed,Manual,5,bangalore,1493
₹ 6.67 Lakh,Hatchback,59.0,1st Owner,Silver,2018,22.56,KA02,Petrol,Mar 2018,2018,Third Party,5-Speed,Automatic,5,bangalore,1197
₹ 4.94 Lakh,Hatchback,24.0,2nd Owner,Silver,2014,18.9,KA03,Petrol,Aug 2014,2014,Comprehensive,4 Speed,Automatic,5,bangalore,1197
₹ 6.36 Lakh,Sedan,72.0,1st Owner,Silver,2015,17.4,KA05,Petrol,Sept 2015,2015,Zero Dep,5 Speed ,Manual,5,bangalore,1497
₹ 7.92 Lakh,SUV,90.0,1st Owner,Blue,2017,23.0,KA03,Diesel,Mar 2017,2017,Comprehensive,5 Speed,Manual,5,bangalore,1498
₹ 6.95 Lakh,SUV,10.0,2nd Owner,Others,2021,20.0,KA01,Petrol,2021,2021,Third Party insurance,5 Speed,Manual,5,bangalore,999
₹ 3.60 Lakh,Hatchback,60.0,2nd Owner,Others,2014,15.6,KA03,Petrol,2014,2014,Third Party insurance,5 Speed,Manual,5,bangalore,1196
"₹ 58,000 ",Minivans,80.0,5th Owner,Other,2017,14.0,KA03,Petrol,2022,1998,Third Party insurance,4 Speed,Manual,5,bangalore,796
₹ 8.27 Lakh,SUV,1.0,1st Owner,Red,2016,24.3,KA01,Diesel,Dec 2016,2016,Comprehensive,5 Speed,Manual,5,bangalore,1248
₹ 3.82 Lakh,Hatchback,1.0,1st Owner,Red,2011,22.38,KA03,Petrol,Feb 2011,2011,Comprehensive,5-Speed,Manual,5,bangalore,1197
₹ 6.50 Lakh,Hatchback,20.0,1st Owner,Blue,2021,19.01,KA51,Petrol,2021,2021,Third Party insurance,5-Speed,Manual,5,bangalore,1199
₹ 5.12 Lakh,Hatchback,34.0,1st Owner,Blue,2017,23.1,KA05,Petrol,Apr 2017,2017,Zero Dep,5 Speed,Automatic,5,bangalore,998
₹ 4.63 Lakh,Hatchback,51.0,3rd Owner,Silver,2018,25.24,KA02,Petrol,Jul 2018,2018,Comprehensive,5-Speed,Manual,5,bangalore,998
₹ 15 Lakh,Sedan,10.0,1st Owner,Others,2023,18.45,AP39,Petrol,2023,2023,Third Party insurance,6 Speed IVT,Automatic,5,bangalore,1497
₹ 5.25 Lakh,Hatchback,17.0,2nd Owner,Silver,2018,21.63,KA01,Petrol,Jun 2018,2018,Third Party,5 Speed,Manual,5,bangalore,998
₹ 4.60 Lakh,SUV,30.0,1st Owner,Others,2014,20.45,DL8C,Diesel,2014,2014,Third Party insurance,5 speed,Manual,5,bangalore,1461
₹ 6.27 Lakh,Hatchback,50.0,1st Owner,Silver,2016,21.4,KA05,Petrol,Sept 2016,2016,Third Party insurance,5 Speed,Manual,5,bangalore,1197
₹ 5.11 Lakh,Sedan,46.0,1st Owner,Silver,2012,17.01,KA05,Petrol,Jan 2013,2012,Comprehensive,5 Speed,Manual,5,bangalore,1591
"₹ 55,000 ",Hatchback,1.0,3rd Owner,Gray,2006,15.3,KA03,Petrol,2006,2006,Third Party insurance,5 Speed,Manual,5,bangalore,1341
₹ 6 Lakh,Hatchback,70.0,2nd Owner,Others,2015,22.54,KA53,Diesel,2015,2015,Third Party insurance,6 Speed,Manual,5,bangalore,1396
₹ 12.85 Lakh,Sedan,33.0,1st Owner,Blue,2014,16.96,KA05,Diesel,Jul 2014,2014,Comprehensive,6 Speed ,Automatic,5,bangalore,1968
₹ 31.50 Lakh,SUV,21.0,1st Owner,Black,2022,12.65,KA05,Petrol,2022,2022,Third Party insurance,7 Speed DCT,Automatic,5,bangalore,1984
₹ 7.50 Lakh,Hatchback,10.0,1st Owner,Red,2023,19.33,KA03,Petrol,2023,2023,Third Party insurance,5-Speed,Manual,5,bangalore,1199
₹ 1.30 Lakh,Hatchback,60.0,3rd Owner,Others,2006,18.9,KA03,Petrol,2006,2006,Third Party insurance,5 Speed,Manual,5,bangalore,1086
₹ 18 Lakh,SUV,10.0,1st Owner,Others,2023,18.9,KA02,Electric,2023,2023,Third Party insurance,5 Speed,Automatic,5,bangalore,0
₹ 9.85 Lakh,Hatchback,11.0,1st Owner,White,2021,19.65,KA05,Petrol,Jun 2021,2021,Third Party insurance,IVT,Automatic,5,bangalore,1197
₹ 10.45 Lakh,Sedan,51.0,1st Owner,Blue,2018,22.15,KA03,Diesel,Jan 2019,2018,Third Party insurance,7 Speed,Automatic,5,bangalore,1498
₹ 2 Lakh,Hatchback,70.0,1st Owner,Red,2012,25.0,KA04,Diesel,2012,2012,Third Party insurance,5 Speed,Manual,5,bangalore,1396
₹ 7.10 Lakh,Hatchback,26.0,1st Owner,Blue,2017,21.4,KA03,Petrol,Mar 2017,2017,Comprehensive,5 Speed,Manual,5,bangalore,1197
₹ 5.86 Lakh,Hatchback,30.0,1st Owner,Silver,2016,22.38,KA41,Petrol,Feb 2016,2016,Comprehensive,5-Speed,Manual,5,bangalore,1197
₹ 15 Lakh,SUV,20.0,1st Owner,Others,2022,14.82,KA09,Petrol,2022,2022,Third Party insurance,8 Speed CVT,Automatic,5,bangalore,1498
₹ 5.84 Lakh,Hatchback,65.0,1st Owner,White,2017,20.89,KA50,Petrol,Jul 2017,2017,Zero Dep,5 Speed,Automatic,5,bangalore,1197
₹ 4.09 Lakh,Hatchback,1.0,1st Owner,Blue,2013,18.5,KA53,Petrol,Oct 2013,2013,Comprehensive,5 Speed,Manual,5,bangalore,1197
₹ 21.75 Lakh,MUV,32.0,2nd Owner,Silver,2019,10.75,KA01,Petrol,Oct 2019,2019,Third Party insurance,6 Speed,Automatic,7,bangalore,2694
₹ 7.38 Lakh,Sedan,51.0,1st Owner,Silver,2019,21.21,KA51,Petrol,Oct 2019,2019,Comprehensive,5 Speed,Automatic,5,bangalore,1197
₹ 3.80 Lakh,Sedan,80.0,1st Owner,Others,2015,24.4,MH48,Diesel,2015,2015,Third Party insurance,5 Speed ,Manual,5,bangalore,1120
₹ 6.56 Lakh,Hatchback,62.0,1st Owner,Blue,2017,18.6,KA01,Petrol,Sept 2017,2017,Zero Dep,5 Speed,Manual,5,bangalore,1197
₹ 4.83 Lakh,Hatchback,79.0,1st Owner,Red,2014,22.38,KA04,Petrol,Feb 2014,2014,Comprehensive,5-Speed,Manual,5,bangalore,1197
₹ 5.10 Lakh,Hatchback,50.0,1st Owner,Others,2018,22.0,KA01,Petrol,2018,2018,Third Party insurance,5,Manual,5,bangalore,1197
₹ 7.50 Lakh,Sedan,30.0,2nd Owner,Others,2018,21.73,KA53,Diesel,2018,2018,Third Party insurance,7 Speed,Automatic,5,bangalore,1498
₹ 1.85 Lakh,Hatchback,72.0,2nd Owner,Gold,2008,19.81,KA03,Petrol,2008,2008,Third Party insurance,5 Speed,Manual,5,bangalore,1086
₹ 1.80 Lakh,Hatchback,80.0,2nd Owner,Others,2008,19.81,KA03,Petrol,2008,2008,Third Party insurance,5 Speed,Manual,5,bangalore,1086
₹ 19 Lakh,MUV,10.0,1st Owner,Others,2021,8.0,KA03,Petrol,2021,2021,Third Party insurance,5 Speed,Manual,8,bangalore,2694
₹ 21 Lakh,SUV,20.0,1st Owner,Others,2022,14.6,TN14,Diesel,2022,2022,Third Party insurance,6-Speed,Automatic,5,bangalore,1956
₹ 12.45 Lakh,SUV,36.0,2nd Owner,Orange,2016,16.0,KA53,Diesel,Mar 2016,2016,Comprehensive,6 Speed,Automatic,7,bangalore,2179
₹ 3 Lakh,Hatchback,67.0,1st Owner,Red,2010,16.47,KA03,Petrol,2010,2010,Third Party insurance,5 Speed,Manual,5,bangalore,1198
₹ 13.50 Lakh,SUV,30.0,1st Owner,Others,2020,18.9,KA03,Electric,2020,2020,Third Party insurance,5 Speed,Automatic,5,bangalore,0
₹ 14.50 Lakh,SUV,21.0,1st Owner,White,2022,18.9,KA05,Electric,Nov 2022,2022,Comprehensive,5 Speed,Automatic,5,bangalore,0
₹ 5.46 Lakh,Hatchback,47.0,2nd Owner,Silver,2017,20.89,KA04,Petrol,May 2017,2017,Comprehensive,5 Speed,Automatic,5,bangalore,1197
₹ 5.33 Lakh,Hatchback,56.0,1st Owner,Red,2016,18.7,KA03,Petrol,Mar 2016,2016,Comprehensive,5 Speed,Manual,5,bangalore,1199
₹ 1.60 Lakh,Sedan,90.0,1st Owner,Gray,2004,14.5,KA03,Petrol,2004,2004,Third Party insurance,5 Speed,Automatic,5,bangalore,1493
₹ 3.32 Lakh,Hatchback,63.0,1st Owner,White,2012,20.36,KA53,Petrol,Mar 2012,2012,Comprehensive,5 Speed,Manual,5,bangalore,1197
₹ 8.09 Lakh,Sedan,61.0,2nd Owner,Silver,2018,21.56,KA01,Petrol,Oct 2018,2018,Comprehensive,5 Speed,Manual,5,bangalore,1462
₹ 2 Lakh,Hatchback,70.0,1st Owner,Black,2008,19.7,KA03,Petrol,2008,2008,Third Party insurance,5 Speed,Manual,5,bangalore,796
₹ 3.47 Lakh,Hatchback,1.0,3rd Owner,White,2015,23.1,KA41,Petrol,Mar 2016,2015,Comprehensive,5 Speed ,Automatic,5,bangalore,998
₹ 1.50 Lakh,Hatchback,70.0,2nd Owner,Others,2006,16.1,MH03,Petrol,2006,2006,Third Party insurance,5 Speed,Manual,5,bangalore,1298
₹ 13.59 Lakh,SUV,97.0,1st Owner,Silver,2021,20.08,KA09,Petrol,Jan 2022,2021,Comprehensive,6-Speed,Manual,5,bangalore,999
₹ 5.43 Lakh,Hatchback,36.0,2nd Owner,Others,2018,18.9,KA05,Petrol,Nov 2018,2018,Comprehensive,5 Speed,Manual,5,bangalore,1197
₹ 1.50 Lakh,Hatchback,70.0,3rd Owner,Others,2006,16.1,MH03,Petrol,2006,2006,Third Party insurance,5 Speed,Manual,5,bangalore,1298
₹ 4.75 Lakh,Hatchback,60.0,2nd Owner,Others,2013,21.27,KA03,Diesel,2013,2013,Third Party insurance,6 Speed,Manual,5,bangalore,1396
₹ 1.10 Lakh,Hatchback,80.0,2nd Owner,Others,2003,18.9,KA03,Petrol,2003,2003,Third Party insurance,5 Speed,Manual,5,bangalore,1086
₹ 3.50 Lakh,Hatchback,35.0,2nd Owner,Silver,2016,24.04,KA53,Petrol,2016,2016,Third Party insurance,5 Speed,Automatic,5,bangalore,999
₹ 1.35 Lakh,Hatchback,1.0,3rd Owner,Black,2006,15.3,KA05,Petrol,2006,2006,Third Party insurance,5 Speed,Manual,5,bangalore,1341
₹ 1.70 Lakh,Hatchback,90.0,2nd Owner,Others,2005,18.9,KA05,Petrol,2005,2005,Third Party insurance,5 Speed,Manual,5,bangalore,998
₹ 28.50 Lakh,SUV,85.0,1st Owner,White,2018,20.68,KA01,Diesel,Oct 2018,2018,Comprehensive,8 Speed,Automatic,5,bangalore,1995
₹ 27.50 Lakh,Sedan,50.0,1st Owner,Brown,2016,19.27,KA01,Diesel,Aug 2016,2016,Comprehensive,7 Speed,Automatic,5,bangalore,2143
₹ 14.49 Lakh,MUV,50.0,2nd Owner,Others,2015,12.99,KA05,Diesel,2015,2015,Third Party insurance,5 Speed,Manual,7,bangalore,2494
₹ 3 Lakh,Hatchback,50.0,1st Owner,Others,2015,23.95,KA04,Petrol,2015,2015,Third Party insurance,5 Speed,Manual,5,bangalore,998
₹ 3.77 Lakh,Hatchback,40.0,2nd Owner,Others,2014,20.51,KA50,Petrol,Feb 2014,2014,Third Party,5 Speed,Manual,5,bangalore,998
₹ 6.38 Lakh,Sedan,1.0,2nd Owner,Silver,2017,28.4,KA05,Diesel,Jul 2017,2017,Comprehensive,5 Speed,Automatic,5,bangalore,1248
₹ 15.75 Lakh,SUV,68.0,1st Owner,White,2020,18.9,KA17,Petrol,Aug 2020,2020,Comprehensive,7-speed DCT,Automatic,5,bangalore,1397
₹ 6.74 Lakh,Hatchback,61.0,1st Owner,Silver,2021,20.52,KA53,Petrol,Apr 2021,2021,Comprehensive,5 Speed,Automatic,5,bangalore,1197
₹ 6.13 Lakh,Hatchback,27.0,1st Owner,White,2021,20.52,KA09,Petrol,Jan 2022,2021,Third Party,5 Speed,Manual,5,bangalore,1197
₹ 11.45 Lakh,SUV,26.0,1st Owner,Silver,2019,16.8,KA51,Petrol,Nov 2019,2019,Comprehensive,6-Speed,Manual,5,bangalore,1497
₹ 5.95 Lakh,Hatchback,43.0,2nd Owner,Red,2015,18.6,KA05,Petrol,Mar 2015,2015,Comprehensive,5 Speed,Manual,5,bangalore,1197
₹ 4.50 Lakh,SUV,1.0,2nd Owner,Black,2014,22.7,KA01,Diesel,2014,2014,Third Party insurance,5 Speed,Manual,5,bangalore,1498
₹ 5.99 Lakh,Hatchback,67.0,1st Owner,Red,2017,18.7,KA20,Petrol,Sept 2017,2017,Third Party insurance,5 Speed,Manual,5,bangalore,1199
₹ 6.25 Lakh,Hatchback,76.0,1st Owner,Orange,2016,21.4,KA01,Petrol,Jul 2016,2016,Third Party insurance,5 Speed,Manual,5,bangalore,1197
₹ 7.50 Lakh,MUV,1.0,1st Owner,Others,2011,12.8,KA04,Diesel,2011,2011,Third Party insurance,5 Speed,Manual,8,bangalore,2494
₹ 21.65 Lakh,MUV,59.0,1st Owner,Silver,2018,11.36,KA03,Diesel,Apr 2018,2018,Comprehensive,6 Speed,Automatic,8,bangalore,2755
₹ 4.45 Lakh,Sedan,1.0,2nd Owner,Others,2010,18.3,KA41,Diesel,2010,2010,Third Party insurance,5 Speed,Manual,5,bangalore,1991
₹ 1.20 Lakh,Sedan,1.0,3rd Owner,Black,2004,13.4,KA02,Petrol,2004,2004,Third Party insurance,5 Speed,Manual,5,bangalore,2362
₹ 3.20 Lakh,Hatchback,50.0,2nd Owner,Others,2012,20.36,KA01,Petrol,2012,2012,Third Party insurance,5 Speed,Manual,5,bangalore,1197
₹ 13.50 Lakh,SUV,20.0,1st Owner,Others,2022,18.9,KA03,Diesel,2022,2022,Third Party insurance,6-Speed,Automatic,5,bangalore,1493
₹ 1.65 Lakh,Hatchback,1.0,2nd Owner,Others,2006,19.7,KA03,Petrol,2006,2006,Third Party insurance,5 Speed,Manual,5,bangalore,796
₹ 5.25 Lakh,Hatchback,50.0,2nd Owner,Black,2018,16.3,KA03,Petrol,2018,2018,Third Party insurance,5 Speed,Manual,5,bangalore,1368
₹ 8.88 Lakh,SUV,80.0,1st Owner,White,2015,19.67,KA03,Diesel,2015,2015,Third Party insurance,6 Speed,Manual,5,bangalore,1582
₹ 5.75 Lakh,SUV,80.0,2nd Owner,Silver,2015,18.49,KA05,Diesel,Dec 2015,2015,Comprehensive,5 Speed,Manual,7,bangalore,1493
₹ 7.07 Lakh,Sedan,94.0,1st Owner,Silver,2017,28.4,KA02,Diesel,Jun 2017,2017,Comprehensive,5 Speed,Manual,5,bangalore,1248
₹ 5.93 Lakh,Hatchback,75.0,1st Owner,Red,2016,21.4,KA03,Petrol,Aug 2016,2016,Comprehensive,5 Speed,Manual,5,bangalore,1197
₹ 2.50 Lakh,Hatchback,88.0,1st Owner,Blue,2011,18.6,KA51,Petrol,Dec 2011,2011,Third Party insurance,5 Speed,Manual,5,bangalore,1199
₹ 6.85 Lakh,Hatchback,73.0,1st Owner,Red,2016,18.6,KA53,Petrol,Feb 2016,2016,Comprehensive,5 Speed,Manual,5,bangalore,1197
₹ 6.99 Lakh,Sedan,62.0,1st Owner,Silver,2016,17.01,KA04,Petrol,Mar 2016,2016,Comprehensive,5 Speed,Manual,5,bangalore,1591
₹ 12 Lakh,Sedan,70.0,2nd Owner,Others,2017,14.28,KA41,Petrol,2017,2017,Third Party insurance,7 Speed,Automatic,5,bangalore,1798
₹ 4.25 Lakh,Hatchback,24.0,2nd Owner,Silver,2021,22.05,KA51,Petrol,Mar 2021,2021,Zero Dep,5 Speed,Manual,5,bangalore,796
₹ 3.80 Lakh,Hatchback,1.0,2nd Owner,Silver,2014,22.07,KA20,Diesel,2014,2014,Third Party insurance,5 Speed,Manual,5,bangalore,1199
₹ 5.74 Lakh,Hatchback,58.0,2nd Owner,White,2017,16.2,KA19,Petrol,Jul 2017,2017,Third Party,5 Speed,Manual,5,bangalore,1199
₹ 5.73 Lakh,Hatchback,72.0,1st Owner,Silver,2016,22.38,KA53,Petrol,Jan 2016,2016,Comprehensive,5-Speed,Manual,5,bangalore,1197
"₹ 70,000 ",Hatchback,50.0,1st Owner,Others,2003,17.88,KA05,Diesel,2003,2003,Third Party insurance,5 Speed,Manual,5,bangalore,1396
₹ 6.85 Lakh,SUV,1.0,3rd Owner,Others,2015,16.0,KA19,Diesel,2015,2015,Third Party insurance,6 Speed ,Manual,7,bangalore,2179
₹ 4.25 Lakh,Hatchback,41.0,2nd Owner,Silver,2012,18.4,KA05,Petrol,Aug 2012,2012,Comprehensive,5 Speed,Automatic,5,bangalore,1198
₹ 2.65 Lakh,Hatchback,70.0,2nd Owner,Others,2009,19.2,KA01,Petrol,2009,2009,Third Party insurance,4 Speed,Automatic,5,bangalore,1197
₹ 6 Lakh,Sedan,25.0,1st Owner,Orange,2019,17.5,KA03,Petrol,Jun 2019,2019,Comprehensive,5 Speed,Manual,5,bangalore,1298
₹ 6.50 Lakh,Sedan,40.0,1st Owner,Others,2016,17.8,TN10,Petrol,2016,2016,Third Party insurance,5 Speed,Manual,5,bangalore,1497
₹ 4.30 Lakh,Hatchback,50.0,1st Owner,Others,2015,25.2,KA03,Diesel,2015,2015,Third Party insurance,5 Speed,Manual,5,bangalore,1248
₹ 5.30 Lakh,Minivans,10.0,1st Owner,Others,2021,16.11,KA03,Petrol,2021,2021,Third Party insurance,5 Speed,Manual,7,bangalore,1196
₹ 10.75 Lakh,Hatchback,20.0,1st Owner,Others,2022,18.24,KA04,Petrol,2022,2022,Third Party insurance,6 Speed,Manual,5,bangalore,999
₹ 7.50 Lakh,Sedan,60.0,2nd Owner,Others,2017,17.0,KA05,Petrol,2017,2017,Third Party insurance,6 Speed,Manual,5,bangalore,1591
₹ 6.15 Lakh,Hatchback,64.0,2nd Owner,Red,2017,18.6,KA53,Petrol,Jun 2017,2017,Third Party,5 Speed,Manual,5,bangalore,1197
₹ 7.46 Lakh,Hatchback,83.0,1st Owner,Silver,2018,27.39,KA01,Diesel,May 2018,2018,Zero Dep,5 Speed,Manual,5,bangalore,1248
₹ 3.70 Lakh,Sedan,1.0,2nd Owner,Others,2012,20.5,KA05,Diesel,2012,2012,Third Party insurance,5 Speed,Manual,5,bangalore,1598
₹ 6.67 Lakh,Sedan,93.0,2nd Owner,Silver,2016,17.01,KA03,Petrol,Apr 2016,2016,Comprehensive,5 Speed,Manual,5,bangalore,1591
₹ 6.34 Lakh,Hatchback,45.0,1st Owner,Blue,2017,21.4,KA51,Petrol,May 2017,2017,Zero Dep,5 Speed,Manual,5,bangalore,1197
"₹ 40,000 ",Sedan,50.0,3rd Owner,White,2017,15.0,KA01,Petrol,2022,1998,Third Party insurance,5 Speed,Manual,5,bangalore,970
₹ 5.79 Lakh,Hatchback,45.0,2nd Owner,Brown,2017,18.7,KA03,Petrol,Apr 2017,2017,Comprehensive,5 Speed,Manual,5,bangalore,1199
₹ 5.10 Lakh,Hatchback,40.0,1st Owner,Others,2018,21.4,WB26,Petrol,2018,2018,Third Party insurance,5 Speed,Manual,5,bangalore,1197
₹ 6.34 Lakh,Hatchback,57.0,2nd Owner,Blue,2018,22.38,KA01,Petrol,Jun 2018,2018,Third Party insurance,5-Speed,Manual,5,bangalore,1197
₹ 5.27 Lakh,Hatchback,60.0,1st Owner,Silver,2015,18.9,KA06,Petrol,Aug 2015,2015,Third Party,4 Speed,Automatic,5,bangalore,1197
₹ 9 Lakh,SUV,70.0,1st Owner,Others,2018,13.0,KA03,Petrol,2018,2018,Third Party insurance,6 Speed,Automatic,5,bangalore,1591
₹ 15 Lakh,SUV,80.0,2nd Owner,Others,2018,17.1,KA51,Diesel,2018,2018,Third Party insurance,6 Speed,Manual,5,bangalore,1956
₹ 30 Lakh,SUV,19.0,1st Owner,Black,2021,18.6,KA04,Diesel,Jul 2021,2021,Comprehensive,8-Speed,Automatic,5,bangalore,1997
₹ 27.50 Lakh,SUV,20.0,1st Owner,Black,2022,18.9,KA53,Diesel,2022,2022,Third Party insurance,6-Speed,Automatic,7,bangalore,2198
₹ 6.50 Lakh,Hatchback,10.0,2nd Owner,Others,2021,20.7,WB08,Petrol,2021,2021,Third Party insurance,5-Speed,Manual,5,bangalore,1197
₹ 9.65 Lakh,MUV,1.0,2nd Owner,Others,2012,12.99,KA03,Diesel,2012,2012,Third Party insurance,5 Speed,Manual,7,bangalore,2494
₹ 36 Lakh,SUV,20.0,1st Owner,Black,2022,12.65,KA03,Petrol,2022,2022,Third Party insurance,7 Speed DCT,Automatic,5,bangalore,1984
₹ 4 Lakh,Sedan,1.0,4th Owner,Others,2013,22.32,KA50,Diesel,2013,2013,Third Party insurance,6 Speed ,Manual,5,bangalore,1582
₹ 3 Lakh,Sedan,50.0,1st Owner,Others,2009,16.0,KA04,Petrol,2009,2009,Third Party insurance,Five Speed Manual,Manual,5,bangalore,1368
₹ 34 Lakh,Sedan,30.0,1st Owner,Blue,2018,21.76,KA51,Diesel,2018,2018,Third Party insurance,8 Speed,Automatic,5,bangalore,1995
₹ 9.82 Lakh,Hatchback,14.0,1st Owner,Red,2020,20.0,KA05,Petrol,Nov 2020,2020,Zero Dep,6 Speed IMT,Manual,5,bangalore,998
₹ 6.74 Lakh,Hatchback,77.0,1st Owner,Silver,2017,21.4,KA53,Petrol,Dec 2017,2017,Comprehensive,CVT,Automatic,5,bangalore,1197
₹ 8.10 Lakh,SUV,20.0,1st Owner,Others,2021,17.33,KA03,Petrol,2021,2021,Third Party insurance,6 Speed,Manual,5,bangalore,1199
₹ 7.92 Lakh,Sedan,40.0,1st Owner,Blue,2020,20.65,KA02,Petrol,Nov 2020,2020,Comprehensive,5 Speed,Manual,5,bangalore,1462
₹ 5.13 Lakh,Hatchback,39.0,2nd Owner,Red,2016,18.9,KA01,Petrol,Jun 2016,2016,Comprehensive,4 Speed,Automatic,5,bangalore,1197
₹ 3.60 Lakh,Sedan,40.0,1st Owner,Others,2010,16.2,KA03,Petrol,2010,2010,Third Party insurance,Five Speed Manual Transmission,Manual,5,bangalore,1599
₹ 5.79 Lakh,Hatchback,63.0,1st Owner,White,2016,22.38,KA41,Petrol,Apr 2016,2016,Comprehensive,5-Speed,Manual,5,bangalore,1197
₹ 5.50 Lakh,Hatchback,30.0,1st Owner,Others,2018,22.0,KA03,Petrol,2018,2018,Third Party insurance,5,Manual,5,bangalore,1197
₹ 3.83 Lakh,Hatchback,94.0,2nd Owner,Red,2014,18.9,KA04,Petrol,Jan 2014,2014,Comprehensive,5 Speed,Manual,5,bangalore,1197
₹ 6.05 Lakh,Hatchback,93.0,1st Owner,White,2017,18.6,KA03,Petrol,Oct 2017,2017,Third Party insurance,5 Speed,Manual,5,bangalore,1197
₹ 9.85 Lakh,SUV,30.0,1st Owner,Red,2019,16.82,KA03,Petrol,2019,2019,Third Party insurance,6 Speed,Manual,5,bangalore,1197
₹ 9.35 Lakh,Hatchback,30.0,2nd Owner,Grey,2020,18.24,KA04,Petrol,Jan 2021,2020,Third Party,6 Speed,Manual,5,bangalore,999
₹ 6.75 Lakh,Hatchback,59.0,2nd Owner,White,2016,16.47,KA04,Petrol,Aug 2016,2016,Third Party insurance,5 Speed,Manual,5,bangalore,1198
₹ 1.35 Lakh,Hatchback,1.0,4th Owner,Silver,2004,17.3,KA02,Petrol,2004,2004,Third Party insurance,5 Speed,Manual,5,bangalore,993
₹ 13.45 Lakh,SUV,18.0,1st Owner,White,2022,16.35,KA51,Petrol,Feb 2022,2022,Third Party,6-Speed,Automatic,5,bangalore,1199
₹ 23.65 Lakh,MUV,48.0,1st Owner,White,2021,12.0,KA41,Diesel,Feb 2021,2021,Comprehensive,5 Speed,Manual,7,bangalore,2393
₹ 32 Lakh,Sedan,10.0,1st Owner,Others,2017,19.27,KA01,Diesel,2017,2017,Third Party insurance,7 Speed,Automatic,5,bangalore,2143
₹ 7.34 Lakh,Hatchback,61.0,1st Owner,Red,2016,27.39,KA05,Diesel,Aug 2016,2016,Third Party insurance,5 Speed,Manual,5,bangalore,1248
₹ 7.01 Lakh,SUV,65.0,2nd Owner,White,2017,17.5,KA20,Petrol,Jun 2017,2017,Third Party,5 Speed,Manual,5,bangalore,1199
₹ 5.35 Lakh,SUV,1.0,1st Owner,Others,2014,20.46,KA03,Diesel,2014,2014,Third Party insurance,5 speed,Manual,5,bangalore,1461
₹ 7.89 Lakh,SUV,26.0,1st Owner,Silver,2017,17.5,KA03,Petrol,Jun 2017,2017,Comprehensive,5 Speed,Manual,5,bangalore,1199
₹ 5.48 Lakh,Hatchback,35.0,1st Owner,White,2015,22.38,KA02,Petrol,Jul 2015,2015,Comprehensive,5-Speed,Manual,5,bangalore,1197
₹ 3.50 Lakh,SUV,65.0,1st Owner,Red,2012,17.21,KA51,Diesel,Dec 2012,2012,Comprehensive,5 Speed ,Manual,7,bangalore,1493
₹ 4.77 Lakh,Hatchback,40.0,2nd Owner,Others,2015,25.24,KA53,Petrol,Nov 2015,2015,Comprehensive,5-Speed,Manual,5,bangalore,998
₹ 15.25 Lakh,SUV,80.0,1st Owner,Silver,2013,12.35,KA02,Diesel,Aug 2013,2013,Comprehensive,6 Speed,Automatic,5,bangalore,2179
₹ 5.15 Lakh,Hatchback,56.0,1st Owner,Silver,2014,22.38,KA05,Petrol,Apr 2014,2014,Comprehensive,5-Speed,Manual,5,bangalore,1197
₹ 5.62 Lakh,Hatchback,90.0,2nd Owner,Silver,2016,18.6,KA05,Petrol,Jun 2016,2016,Comprehensive,5 Speed,Manual,5,bangalore,1197
₹ 3.45 Lakh,Sedan,70.0,3rd Owner,Others,2010,15.04,KA01,Petrol,2010,2010,Third Party insurance,5 Speed,Manual,5,bangalore,1598
₹ 4.75 Lakh,Sedan,1.0,4th Owner,Others,2013,22.32,KA50,Diesel,2013,2013,Third Party insurance,6 Speed ,Manual,5,bangalore,1582
₹ 6.70 Lakh,SUV,10.0,2nd Owner,Others,2021,18.75,KA01,Petrol,2021,2021,Third Party insurance,5 Speed,Manual,5,bangalore,999
₹ 9.50 Lakh,Hatchback,20.0,1st Owner,Brown,2021,17.1,KA04,Petrol,Jan 2021,2021,Comprehensive,7 Speed,Automatic,5,bangalore,1199
₹ 7 Lakh,Hatchback,20.0,2nd Owner,Others,2020,18.6,KA04,Petrol,2020,2020,Third Party insurance,5 Speed,Manual,5,bangalore,1197
"₹ 80,000 ",Sedan,70.0,1st Owner,Silver,2004,14.2,MH31,Petrol,2004,2004,Third Party insurance,5 Speed,Manual,5,bangalore,1389
₹ 15 Lakh,SUV,10.0,1st Owner,Red,2021,15.2,KA50,Petrol,2021,2021,Third Party insurance,6 Speed,Automatic,4,bangalore,1997
₹ 3.70 Lakh,Sedan,60.0,3rd Owner,White,2009,18.3,KA03,Diesel,2009,2009,Third Party insurance,5 Speed,Manual,5,bangalore,1991
₹ 32 Lakh,Sedan,10.0,1st Owner,Others,2017,19.27,KA03,Diesel,2017,2017,Third Party insurance,7 Speed,Automatic,5,bangalore,2143
₹ 5.50 Lakh,Hatchback,70.0,1st Owner,Others,2015,22.54,KA51,Diesel,2015,2015,Third Party insurance,6 Speed,Manual,5,bangalore,1396
₹ 5.81 Lakh,Hatchback,47.0,2nd Owner,Silver,2015,18.6,KA51,Petrol,Oct 2015,2015,Comprehensive,5 Speed,Manual,5,bangalore,1197
₹ 5.82 Lakh,Hatchback,47.0,1st Owner,Others,2017,20.4,KA41,Petrol,Jul 2017,2017,Comprehensive,5 Speed,Manual,5,bangalore,1197
₹ 1.85 Lakh,Sedan,1.0,3rd Owner,Others,2007,17.7,KA03,Petrol,2007,2007,Third Party insurance,5 Speed,Manual,5,bangalore,1497
₹ 5.31 Lakh,Hatchback,40.0,1st Owner,Blue,2018,18.9,KA03,Petrol,Sept 2018,2018,Third Party,5 Speed,Manual,5,bangalore,1197
₹ 5.58 Lakh,Hatchback,34.0,1st Owner,Orange,2017,18.9,KA05,Petrol,Oct 2017,2017,Comprehensive,5 Speed,Manual,5,bangalore,1197
₹ 1.55 Lakh,Hatchback,1.0,3rd Owner,Others,2006,17.0,KA02,Petrol,2006,2006,Third Party insurance,5 Speed,Manual,5,bangalore,1086
₹ 5.08 Lakh,Hatchback,88.0,2nd Owner,Blue,2016,18.9,KA05,Petrol,Jul 2016,2016,Comprehensive,4 Speed,Automatic,5,bangalore,1197
₹ 20.60 Lakh,SUV,1.0,1st Owner,Others,2015,12.55,KL60,Diesel,2015,2015,Third Party insurance,5 Speed,Automatic,7,bangalore,2982
₹ 5.42 Lakh,Hatchback,57.0,1st Owner,Orange,2017,18.9,KA03,Petrol,Jun 2017,2017,Third Party,5 Speed,Manual,5,bangalore,1197
₹ 5.01 Lakh,Hatchback,62.0,2nd Owner,Silver,2015,22.38,KA35,Petrol,Dec 2015,2015,Comprehensive,5-Speed,Manual,5,bangalore,1197
₹ 8.75 Lakh,MUV,55.0,1st Owner,Grey,2018,19.34,KA02,Petrol,Sept 2018,2018,Third Party insurance,5 Speed,Manual,7,bangalore,1462
₹ 13.70 Lakh,SUV,52.0,1st Owner,Black,2020,18.9,KA02,Diesel,May 2020,2020,Third Party insurance,6 Speed,Manual,7,bangalore,2179
₹ 4.85 Lakh,Minivans,63.0,1st Owner,Silver,2018,16.11,KA04,Petrol,Apr 2019,2018,Comprehensive,5 Speed,Manual,5,bangalore,1196
₹ 3 Lakh,Hatchback,20.0,3rd Owner,Red,2010,20.36,KA03,Petrol,2010,2010,Third Party insurance,5 Speed,Manual,5,bangalore,1197
₹ 3.50 Lakh,Sedan,60.0,3rd Owner,White,2009,18.3,KA02,Diesel,2009,2009,Third Party insurance,5 Speed,Manual,5,bangalore,1991
₹ 32.50 Lakh,SUV,20.0,1st Owner,Blue,2021,18.6,WB12,Diesel,2021,2021,Third Party insurance,8-Speed,Automatic,5,bangalore,1997
"₹ 55,000 ",Sedan,80.0,2nd Owner,Silver,2004,14.2,KA03,Petrol,2004,2004,Third Party insurance,5 Speed,Manual,5,bangalore,1597
₹ 6.30 Lakh,Hatchback,40.0,1st Owner,Red,2018,18.9,KA03,Petrol,2018,2018,Third Party insurance,4 Speed,Automatic,5,bangalore,1197
₹ 24.75 Lakh,SUV,20.0,1st Owner,Others,2022,14.08,KA03,Diesel,2022,2022,Third Party insurance,6-Speed,Automatic,7,bangalore,1956
₹ 4.17 Lakh,Hatchback,67.0,1st Owner,Others,2012,18.5,KA02,Petrol,Sept 2012,2012,Third Party insurance,5 Speed,Manual,5,bangalore,1197
₹ 6.31 Lakh,Hatchback,63.0,2nd Owner,Red,2016,21.4,KA05,Petrol,Aug 2016,2016,Comprehensive,CVT,Automatic,5,bangalore,1197
₹ 4.65 Lakh,MUV,61.0,2nd Owner,Brown,2012,14.0,KA02,Diesel,Dec 2012,2012,Comprehensive,5 Speed,Manual,7,bangalore,2498
₹ 5.44 Lakh,Hatchback,60.0,1st Owner,Silver,2016,22.38,KA05,Petrol,Dec 2016,2016,Third Party insurance,5-Speed,Manual,5,bangalore,1197
₹ 7.04 Lakh,Hatchback,39.0,2nd Owner,Blue,2016,21.4,KA05,Petrol,Mar 2016,2016,Third Party insurance,5 Speed,Manual,5,bangalore,1197
₹ 19.75 Lakh,Sedan,66.0,1st Owner,Grey,2014,18.12,KA51,Diesel,Jul 2014,2014,Comprehensive,8 Speed,Automatic,5,bangalore,1995
₹ 3.59 Lakh,Hatchback,96.0,1st Owner,White,2015,19.4,KA04,Petrol,Oct 2015,2015,Comprehensive,5 Speed,Manual,5,bangalore,1198
₹ 5.20 Lakh,Sedan,50.0,2nd Owner,Others,2013,16.8,KA05,Petrol,2013,2013,Third Party insurance,5 Speed AT+ Paddle Shifters,Automatic,5,bangalore,1497
₹ 3.35 Lakh,Hatchback,81.0,3rd Owner,Brown,2015,20.51,KA41,Petrol,Sept 2015,2015,Comprehensive,5 Speed,Manual,5,bangalore,998
₹ 7.66 Lakh,Hatchback,48.0,1st Owner,Silver,2021,22.38,KA02,Petrol,Apr 2021,2021,Third Party,5-Speed,Manual,5,bangalore,1197
₹ 3.50 Lakh,Hatchback,1.0,1st Owner,Others,2015,23.1,KA03,Petrol,2015,2015,Third Party insurance,5 Speed ,Manual,5,bangalore,998
₹ 4.80 Lakh,Sedan,90.0,3rd Owner,White,2018,20.65,KA22,Diesel,2018,2018,Third Party insurance,5 Speed,Manual,5,bangalore,1248
₹ 8.22 Lakh,SUV,60.0,2nd Owner,Others,2017,18.06,KA03,Diesel,2017,2017,Third Party insurance,5 Speed,Manual,7,bangalore,2523
₹ 1.90 Lakh,Sedan,1.0,4th Owner,Silver,2009,16.0,KA51,Petrol,2009,2009,Third Party insurance,Five Speed Manual,Manual,5,bangalore,1368
₹ 6 Lakh,Sedan,70.0,3rd Owner,Blue,2008,11.7,KA03,Petrol,2008,2008,Third Party insurance,5 Speed,Automatic,5,bangalore,2354
₹ 9.95 Lakh,SUV,30.0,1st Owner,White,2022,20.1,VK28,Diesel,2022,2022,Third Party insurance,6 Speed,Manual,5,bangalore,1497
₹ 1.20 Lakh,Hatchback,30.0,3rd Owner,Blue,2017,14.0,KA04,Petrol,2022,2001,Third Party insurance,4 Speed,Manual,5,bangalore,796
₹ 5.75 Lakh,SUV,1.0,2nd Owner,Others,2013,19.01,KA53,Diesel,2013,2013,Third Party insurance,6 Speed,Manual,5,bangalore,1461
₹ 37.95 Lakh,SUV,64.0,2nd Owner,Silver,2018,17.9,KA05,Diesel,Mar 2018,2018,Comprehensive,9 Speed,Automatic,5,bangalore,2143
₹ 2.60 Lakh,Hatchback,60.0,2nd Owner,Others,2014,22.74,KA51,Petrol,2014,2014,Third Party insurance,5 Speed,Manual,5,bangalore,796
₹ 5.39 Lakh,Hatchback,67.0,1st Owner,Silver,2015,22.38,KA51,Petrol,May 2015,2015,Comprehensive,5-Speed,Manual,5,bangalore,1197
₹ 10.06 Lakh,Sedan,30.0,2nd Owner,Silver,2018,17.0,KA05,Petrol,Jun 2018,2018,Zero Dep,6 Speed,Automatic,5,bangalore,1591
₹ 39 Lakh,Sedan,20.0,1st Owner,Others,2022,18.9,KA03,Petrol,2022,2022,Third Party insurance,7-Speed DCT,Automatic,5,bangalore,1332
₹ 7.96 Lakh,Sedan,1.0,1st Owner,White,2018,28.09,KA63,Diesel,Jun 2018,2018,Third Party,5 Speed,Manual,5,bangalore,1248
₹ 6.36 Lakh,Hatchback,53.0,1st Owner,Red,2015,18.6,KA51,Petrol,Dec 2015,2015,Zero Dep,5 Speed,Manual,5,bangalore,1197
₹ 14 Lakh,SUV,90.0,1st Owner,Brown,2015,17.67,KA03,Diesel,2015,2015,Third Party insurance,6 Speed,Manual,5,bangalore,1968
₹ 6.15 Lakh,Hatchback,44.0,2nd Owner,Blue,2016,21.4,KA53,Petrol,Jan 2017,2016,Comprehensive,5 Speed,Manual,5,bangalore,1197
₹ 5 Lakh,Minivans,40.0,1st Owner,Others,2021,20.88,KA03,CNG,2021,2021,Third Party insurance,5 Speed,Manual,5,bangalore,1196
₹ 7.18 Lakh,Hatchback,34.0,1st Owner,Red,2021,19.01,KA06,Petrol,Jun 2021,2021,Third Party,5-Speed,Manual,5,bangalore,1199
₹ 4.36 Lakh,Hatchback,42.0,1st Owner,Silver,2012,22.38,KA04,Petrol,Sept 2012,2012,Third Party,5-Speed,Manual,5,bangalore,1197
₹ 2.80 Lakh,Hatchback,50.0,2nd Owner,Others,2015,23.95,KA03,Petrol,2015,2015,Third Party insurance,5 Speed,Manual,5,bangalore,998
₹ 7.80 Lakh,MUV,30.0,1st Owner,Others,2022,18.2,KA53,Petrol,2022,2022,Third Party insurance,5 Speed,Automatic,7,bangalore,999
₹ 9 Lakh,SUV,80.0,2nd Owner,Others,2016,16.0,UP16,Diesel,2016,2016,Third Party insurance,6 Speed,Automatic,7,bangalore,1997
₹ 13 Lakh,MUV,20.0,1st Owner,Others,2022,26.11,KA51,CNG,2022,2022,Third Party insurance,5-Speed,Manual,7,bangalore,1462
₹ 3 Lakh,Sedan,50.0,2nd Owner,Gray,2014,22.1,KA03,CNG,2014,2014,Third Party insurance,5 Speed,Manual,5,bangalore,1586
₹ 36.75 Lakh,Sedan,28.0,1st Owner,Black,2019,13.5,KA51,Petrol,Sept 2019,2019,Comprehensive,8 Speed,Automatic,5,bangalore,1999
₹ 6.70 Lakh,Sedan,40.0,1st Owner,Others,2020,21.21,KA05,Petrol,2020,2020,Third Party insurance,5 Speed,Manual,5,bangalore,1197
₹ 9 Lakh,Hatchback,10.0,1st Owner,Others,2020,21.01,KA53,Petrol,2020,2020,Third Party insurance,5 Speed,Manual,5,bangalore,1197
₹ 6 Lakh,Hatchback,60.0,1st Owner,Others,2016,21.4,KA05,Petrol,2016,2016,Third Party insurance,5 Speed,Manual,5,bangalore,1197
₹ 1.10 Lakh,Hatchback,1.0,4th Owner,Silver,2008,18.0,KA01,Petrol,2008,2008,Third Party insurance,5 Speed,Manual,5,bangalore,995
₹ 6.05 Lakh,Hatchback,57.0,1st Owner,Red,2016,18.6,KA53,Petrol,Jan 2017,2016,Third Party insurance,5 Speed,Manual,5,bangalore,1197
₹ 5.59 Lakh,Hatchback,70.0,1st Owner,Red,2017,18.9,KA50,Petrol,Jan 2018,2017,Zero Dep,5 Speed,Manual,5,bangalore,1197
₹ 2.68 Lakh,Hatchback,90.0,3rd Owner,Black,2012,22.07,KA51,Diesel,2012,2012,Third Party insurance,5 Speed,Manual,5,bangalore,1199
₹ 7.80 Lakh,Sedan,80.0,1st Owner,White,2020,20.65,KA27,Petrol,Jun 2020,2020,Comprehensive,5 Speed,Manual,5,bangalore,1462
₹ 8.64 Lakh,SUV,81.0,2nd Owner,White,2016,13.0,KA01,Petrol,Aug 2016,2016,Comprehensive,6 Speed,Manual,5,bangalore,1591
₹ 2.40 Lakh,Hatchback,40.0,1st Owner,Others,2009,17.92,KA53,Petrol,2009,2009,Third Party insurance,5 Speed,Manual,5,bangalore,1086
₹ 3.41 Lakh,Hatchback,90.0,1st Owner,Red,2012,19.4,KA25,Petrol,May 2012,2012,Comprehensive,5 Speed,Manual,5,bangalore,1198
₹ 2.40 Lakh,Hatchback,40.0,1st Owner,Others,2009,17.92,KA53,Petrol,2009,2009,Third Party insurance,5 Speed,Manual,5,bangalore,1086
₹ 5.13 Lakh,Hatchback,16.0,1st Owner,White,2021,20.3,KA14,Petrol,Sept 2021,2021,Zero Dep,5 Speed,Manual,5,bangalore,1086
₹ 6.61 Lakh,Hatchback,31.0,1st Owner,Silver,2021,20.89,KA63,Petrol,Aug 2021,2021,Third Party,5 Speed,Manual,5,bangalore,1197
₹ 8 Lakh,MUV,1.0,2nd Owner,Others,2017,24.52,KA03,Diesel,2017,2017,Third Party insurance,5 Speed,Manual,7,bangalore,1248
₹ 5.20 Lakh,Hatchback,80.0,2nd Owner,Others,2015,25.2,KA04,Diesel,2015,2015,Third Party insurance,5 Speed,Manual,5,bangalore,1248
₹ 6 Lakh,Sedan,71.0,1st Owner,TITANIUM GREY,2014,18.0,KA03,Petrol,Oct 2014,2014,Comprehensive,5 Speed CVT,Automatic,5,bangalore,1497
₹ 3 Lakh,Hatchback,1.0,2nd Owner,Others,2011,21.1,KA03,Diesel,2011,2011,Third Party insurance,5-Speed,Manual,5,bangalore,1248
₹ 37.50 Lakh,SUV,50.0,1st Owner,Golden,2020,10.91,KA51,Diesel,Jul 2020,2020,Comprehensive,6 Speed,Automatic,7,bangalore,3198
₹ 12.95 Lakh,Hatchback,18.0,1st Owner,White,2021,20.25,KA51,Petrol,Jul 2021,2021,Comprehensive,7 Speed,Automatic,5,bangalore,998
₹ 6.30 Lakh,Sedan,60.0,2nd Owner,Others,2014,17.4,KA03,Petrol,2014,2014,Third Party insurance,5 Speed ,Manual,5,bangalore,1497
₹ 4.75 Lakh,MUV,1.0,3rd Owner,White,2016,13.58,KA32,Diesel,2016,2016,Third Party insurance,5 Speed,Manual,10,bangalore,2499
₹ 2.75 Lakh,Hatchback,70.0,2nd Owner,Others,2011,20.36,KA02,Petrol,2011,2011,Third Party insurance,5 Speed,Manual,5,bangalore,1197
₹ 5.75 Lakh,Hatchback,25.0,4th Owner,Silver,2016,19.0,KA51,Petrol,Jul 2016,2016,Comprehensive,5 Speed,Automatic,5,bangalore,1199
₹ 3.38 Lakh,Hatchback,69.0,1st Owner,Silver,2012,19.4,KA01,Petrol,Jun 2012,2012,Third Party,5 Speed,Manual,5,bangalore,1198
₹ 6.04 Lakh,Hatchback,71.0,2nd Owner,Red,2018,18.7,KA04,Petrol,Aug 2018,2018,Comprehensive,5 Speed,Manual,5,bangalore,1199
₹ 1.30 Crore,SUV,10.0,1st Owner,Others,2022,10.54,KA03,Petrol,2022,2022,Third Party insurance,8-Speed Steptronic,Automatic,7,bangalore,2998
₹ 3.27 Lakh,Sedan,86.0,3rd Owner,Black,2010,19.3,KA51,Diesel,Oct 2010,2010,Third Party insurance,5 Speed,Manual,5,bangalore,1248
₹ 6.21 Lakh,Hatchback,67.0,1st Owner,Others,2016,21.4,KA03,Petrol,Feb 2016,2016,Third Party,CVT,Automatic,5,bangalore,1197
₹ 2.40 Lakh,Hatchback,1.0,3rd Owner,Silver,2017,25.0,KA03,Diesel,2017,2017,Third Party insurance,5 Speed,Manual,5,bangalore,1396
₹ 6.21 Lakh,Hatchback,16.0,1st Owner,Silver,2018,18.9,KA03,Petrol,Nov 2018,2018,Zero Dep,5 Speed,Manual,5,bangalore,1197
₹ 1.40 Lakh,Sedan,80.0,2nd Owner,Black,2007,15.7,KA01,Petrol,2007,2007,Third Party insurance,5 Speed,Manual,5,bangalore,1390
₹ 7.08 Lakh,Hatchback,39.0,2nd Owner,White,2017,21.4,KA03,Petrol,Sept 2017,2017,Zero Dep,CVT,Automatic,5,bangalore,1197
₹ 4.43 Lakh,Hatchback,61.0,2nd Owner,Blue,2018,25.24,KA50,Petrol,Sept 2018,2018,Third Party,5-Speed,Manual,5,bangalore,998
₹ 1.80 Lakh,Sedan,80.0,4th Owner,Black,2006,17.7,KA03,Petrol,2006,2006,Third Party insurance,5 Speed,Manual,5,bangalore,1497
₹ 7 Lakh,SUV,1.0,1st Owner,Brown,2016,19.01,KA05,Diesel,May 2016,2016,Comprehensive,6 Speed,Manual,5,bangalore,1461
₹ 18 Lakh,SUV,20.0,1st Owner,Others,2020,17.41,KA02,Diesel,2020,2020,Third Party insurance,6 Speed,Manual,5,bangalore,1956
₹ 14.50 Lakh,Sedan,20.0,1st Owner,White,2021,18.3,KA03,Petrol,2021,2021,Third Party insurance,CVT,Automatic,5,bangalore,1498
₹ 5.20 Lakh,Sedan,60.0,2nd Owner,Others,2016,17.0,KA03,Petrol,2016,2016,Third Party insurance,5 Speed,Manual,5,bangalore,1198
₹ 4.70 Lakh,Hatchback,40.0,2nd Owner,Others,2018,23.84,KA04,Petrol,2018,2018,Third Party insurance,5 Speed,Manual,5,bangalore,1199
₹ 6 Lakh,SUV,50.0,1st Owner,Black,2016,19.64,KA01,Diesel,2016,2016,Third Party insurance,6 Speed,Manual,5,bangalore,1461
₹ 18.50 Lakh,SUV,1.0,2nd Owner,Others,2016,15.17,KA03,Diesel,2016,2016,Third Party insurance,7-Speed S-Tronic,Automatic,5,bangalore,1968
₹ 4.60 Lakh,Hatchback,20.0,2nd Owner,Blue,2017,140.0,KA05,Electric,2017,2017,Third Party insurance,Direct Drive,Automatic,4,bangalore,72
"₹ 75,000 ",Sedan,1.0,2nd Owner,Silver,2003,13.8,KA03,Petrol,2003,2003,Third Party insurance,5 Speed,Manual,5,bangalore,1589
₹ 6.49 Lakh,Hatchback,63.0,2nd Owner,Blue,2017,21.4,KA01,Petrol,Aug 2017,2017,Third Party,5 Speed,Manual,5,bangalore,1197
₹ 6.57 Lakh,Hatchback,1.0,2nd Owner,Red,2017,22.54,KA03,Diesel,Sept 2017,2017,Zero Dep,6 Speed,Manual,5,bangalore,1396
₹ 4.20 Lakh,Hatchback,1.0,2nd Owner,Others,2012,22.07,KA01,Diesel,2012,2012,Third Party insurance,5 Speed,Manual,5,bangalore,1199
₹ 6.29 Lakh,Hatchback,71.0,2nd Owner,Silver,2015,25.2,KA03,Diesel,Aug 2015,2015,Third Party insurance,5 Speed,Manual,5,bangalore,1248
₹ 3.22 Lakh,Hatchback,79.0,2nd Owner,Brown,2012,19.4,KA51,Petrol,Jun 2012,2012,Third Party insurance,5 Speed,Manual,5,bangalore,1198
₹ 6.20 Lakh,Hatchback,80.0,2nd Owner,Others,2016,21.4,KA04,Petrol,2016,2016,Third Party insurance,5 Speed,Manual,5,bangalore,1197
₹ 4.35 Lakh,Hatchback,69.0,1st Owner,Silver,2013,22.38,KA25,Petrol,Jan 2014,2013,Third Party,5-Speed,Manual,5,bangalore,1197
₹ 9.60 Lakh,MUV,1.0,4th Owner,Others,2012,12.99,KA03,Diesel,2012,2012,Third Party insurance,5 Speed,Manual,8,bangalore,2494
₹ 3.17 Lakh,Hatchback,73.0,1st Owner,Blue,2010,18.5,KA05,Petrol,Dec 2010,2010,Comprehensive,5 Speed,Manual,5,bangalore,1197
₹ 5.74 Lakh,Hatchback,44.0,2nd Owner,Silver,2017,18.9,KA04,Petrol,Jan 2018,2017,Comprehensive,5 Speed,Manual,5,bangalore,1197
₹ 7.80 Lakh,Hatchback,10.0,1st Owner,Gray,2022,19.3,KA51,Petrol,2022,2022,Third Party insurance,5 Speed,Manual,5,bangalore,1198
₹ 8 Lakh,Hatchback,60.0,1st Owner,Others,2018,18.7,KA01,Petrol,2018,2018,Third Party insurance,5 Speed,Manual,5,bangalore,1199
₹ 9.25 Lakh,Sedan,30.0,1st Owner,Others,2020,18.6,KL58,Petrol,2020,2020,Third Party insurance,6 Speed,Manual,5,bangalore,1498
₹ 7.75 Lakh,Sedan,50.0,1st Owner,Others,2017,20.73,KA02,Petrol,2017,2017,Third Party insurance,5 Speed,Manual,5,bangalore,1373
"₹ 70,000 ",Hatchback,80.0,2nd Owner,Other,2011,26.0,KA03,Petrol,2011,2011,Third Party insurance,4 Speed,Manual,4,bangalore,624
₹ 5 Lakh,SUV,70.0,2nd Owner,Others,2014,19.01,MP20,Diesel,2014,2014,Third Party insurance,6 Speed,Manual,5,bangalore,1461
₹ 3.50 Lakh,Sedan,1.0,2nd Owner,Others,2009,19.3,KA03,Diesel,2009,2009,Third Party insurance,5 Speed,Manual,5,bangalore,1248
₹ 11.25 Lakh,MUV,1.0,2nd Owner,Others,2012,12.99,KA03,Diesel,2012,2012,Third Party insurance,5 Speed,Manual,7,bangalore,2494
₹ 8.30 Lakh,Sedan,20.0,2nd Owner,Others,2020,18.3,KA03,Petrol,2020,2020,Third Party insurance,CVT,Automatic,5,bangalore,1199
₹ 14.75 Lakh,SUV,37.0,1st Owner,Orange,2020,17.8,KA01,Diesel,Jun 2020,2020,Third Party,6-Speed,Automatic,5,bangalore,1493
₹ 8.34 Lakh,SUV,80.0,2nd Owner,Others,2014,15.1,KA51,Diesel,Nov 2014,2014,Comprehensive,6 Speed ,Manual,7,bangalore,2179
₹ 6.74 Lakh,Sedan,89.0,1st Owner,Silver,2016,20.73,KA05,Petrol,Sept 2016,2016,Comprehensive,5 Speed,Manual,5,bangalore,1373
"₹ 65,000 ",Sedan,1.0,4th Owner,Black,2004,14.2,KA03,Petrol,2004,2004,Third Party insurance,5 Speed,Manual,5,bangalore,1389
₹ 5.47 Lakh,Hatchback,69.0,2nd Owner,Red,2019,18.9,KA53,Petrol,Aug 2019,2019,Zero Dep,5 Speed,Manual,5,bangalore,1197
₹ 4.13 Lakh,Hatchback,78.0,3rd Owner,Red,2012,22.38,KA53,Petrol,Nov 2012,2012,Third Party insurance,5-Speed,Manual,5,bangalore,1197
₹ 23.25 Lakh,MUV,26.0,1st Owner,Golden,2018,13.68,KA51,Diesel,Sept 2018,2018,Comprehensive,5 Speed,Manual,8,bangalore,2393
₹ 7.09 Lakh,Hatchback,29.0,1st Owner,Others,2021,22.38,KA59,Petrol,Aug 2021,2021,Zero Dep,5-Speed,Manual,5,bangalore,1197
₹ 22.95 Lakh,MUV,37.0,2nd Owner,White,2018,11.36,KA03,Diesel,Aug 2018,2018,Comprehensive,6 Speed,Automatic,7,bangalore,2755
₹ 5.28 Lakh,Hatchback,60.0,2nd Owner,Brown,2017,18.7,KA05,Petrol,Mar 2017,2017,Comprehensive,5 Speed,Manual,5,bangalore,1199
₹ 6.91 Lakh,SUV,66.0,1st Owner,Black,2014,20.45,KA53,Diesel,May 2014,2014,Comprehensive,5 speed,Manual,5,bangalore,1461
₹ 11.45 Lakh,Sedan,40.0,1st Owner,Silver,2020,16.24,KA04,Petrol,Dec 2020,2020,Comprehensive,6 Speed,Automatic,5,bangalore,999
₹ 8.55 Lakh,Hatchback,62.0,1st Owner,White,2021,18.9,KA06,Petrol,Feb 2021,2021,Third Party,6 Speed,Manual,5,bangalore,999
₹ 8 Lakh,Hatchback,30.0,1st Owner,Others,2021,21.21,KL60,Petrol,2021,2021,Third Party insurance,5,Automatic,5,bangalore,1197
₹ 5.50 Lakh,Sedan,44.0,1st Owner,Grey,2017,18.16,KA04,Petrol,Aug 2017,2017,Comprehensive,5 Speed,Manual,5,bangalore,1196
₹ 4 Lakh,Hatchback,70.0,2nd Owner,Others,2012,18.5,KA05,Petrol,2012,2012,Third Party insurance,5 Speed,Manual,5,bangalore,1197
₹ 1.30 Lakh,Hatchback,1.0,1st Owner,Silver,2012,25.0,KA03,Diesel,2012,2012,Third Party insurance,5 Speed,Manual,5,bangalore,1396
₹ 3.75 Lakh,Sedan,1.0,4th Owner,Black,2012,22.32,KA19,Diesel,2012,2012,Third Party insurance,6 Speed ,Manual,5,bangalore,1582
₹ 6.50 Lakh,Sedan,40.0,1st Owner,Others,2020,21.21,KA51,Petrol,2020,2020,Third Party insurance,5 Speed,Manual,5,bangalore,1197
₹ 25.50 Lakh,SUV,10.0,1st Owner,Others,2021,14.1,KA51,Petrol,2021,2021,Third Party insurance,7 Speed DCT,Automatic,5,bangalore,1368
₹ 13 Lakh,SUV,80.0,1st Owner,Others,2021,18.9,AP39,Diesel,2021,2021,Third Party insurance,6-Speed,Manual,5,bangalore,1493
₹ 6.09 Lakh,Hatchback,79.0,1st Owner,Blue,2016,21.4,KA53,Petrol,Jan 2016,2016,Zero Dep,5 Speed,Manual,5,bangalore,1197
₹ 6.78 Lakh,Sedan,88.0,1st Owner,Red,2017,26.59,KA02,Diesel,Apr 2017,2017,Zero Dep,5 Speed,Automatic,5,bangalore,1248
₹ 3.75 Lakh,Sedan,1.0,4th Owner,Others,2011,20.54,KA03,Diesel,2011,2011,Third Party insurance,5 Speed,Manual,5,bangalore,1598
₹ 4.49 Lakh,Hatchback,1.0,1st Owner,Others,2012,22.9,KA01,Diesel,Jun 2012,2012,Third Party,5 Speed,Manual,5,bangalore,1248
₹ 5.52 Lakh,Hatchback,88.0,2nd Owner,Red,2015,25.2,KA25,Diesel,Dec 2015,2015,Comprehensive,5 Speed,Manual,5,bangalore,1248
₹ 9.25 Lakh,SUV,1.0,1st Owner,Silver,2015,15.1,KA03,Diesel,2015,2015,Third Party insurance,6 Speed,Manual,7,bangalore,1997
"₹ 56,000 ",Sedan,80.0,2nd Owner,Silver,2004,14.2,KA03,Petrol,2004,2004,Third Party insurance,5 Speed,Manual,5,bangalore,1597
₹ 4.26 Lakh,Hatchback,44.0,1st Owner,Others,2013,22.38,KA01,Petrol,Apr 2013,2013,Comprehensive,5-Speed,Manual,5,bangalore,1197
₹ 6.07 Lakh,Hatchback,83.0,2nd Owner,Others,2015,22.54,KA51,Diesel,Mar 2015,2015,Third Party insurance,6 Speed,Manual,5,bangalore,1396
"₹ 56,000 ",Sedan,80.0,2nd Owner,Silver,2004,14.2,KA03,Petrol,2004,2004,Third Party insurance,5 Speed,Manual,5,bangalore,1597
₹ 8.45 Lakh,SUV,77.0,1st Owner,White,2018,16.5,KA05,Diesel,May 2018,2018,Comprehensive,5 Speed,Manual,7,bangalore,1493
₹ 16.50 Lakh,SUV,23.0,2nd Owner,Black,2020,18.9,KA05,Petrol,Apr 2020,2020,Comprehensive,6-Speed DCT,Automatic,5,bangalore,1451
₹ 2.40 Lakh,Hatchback,1.0,3rd Owner,Others,2012,20.0,KA18,Diesel,2012,2012,Third Party insurance,5 Speed,Manual,5,bangalore,1399
₹ 6.80 Lakh,Hatchback,30.0,1st Owner,Others,2022,20.52,KA02,Petrol,2022,2022,Third Party insurance,5 Speed,Automatic,5,bangalore,1197
₹ 5 Lakh,MUV,1.0,2nd Owner,Others,2006,12.8,KA03,Diesel,2006,2006,Third Party insurance,5 Speed,Manual,7,bangalore,2494
₹ 2.50 Lakh,Sedan,60.0,2nd Owner,Others,2011,13.7,KA03,Petrol,2011,2011,Third Party insurance,5 Speed,Manual,5,bangalore,1368
₹ 7.20 Lakh,Hatchback,80.0,1st Owner,Others,2018,21.4,KA04,Petrol,2018,2018,Third Party insurance,5 Speed,Manual,5,bangalore,1197
"₹ 60,000 ",Hatchback,1.0,4th Owner,Others,2011,26.0,KA03,Petrol,2011,2011,Third Party insurance,4 Speed,Manual,4,bangalore,624
₹ 3.57 Lakh,Sedan,70.0,5th Owner,Others,2010,12.6,KA19,Petrol,2010,2010,Third Party insurance,7 Speed,Automatic,5,bangalore,1798
₹ 7.98 Lakh,Sedan,45.0,1st Owner,Silver,2018,21.56,KA03,Petrol,Mar 2019,2018,Third Party insurance,5 Speed,Manual,5,bangalore,1462
₹ 8.58 Lakh,SUV,38.0,2nd Owner,Brown,2018,20.37,KA53,Diesel,Mar 2019,2018,Zero Dep,6 Speed,Manual,5,bangalore,1461
"₹ 80,000 ",Sedan,90.0,3rd Owner,Silver,2004,15.9,KA01,Petrol,2004,2004,Third Party insurance,5 Speed,Manual,5,bangalore,1298
₹ 6.08 Lakh,Hatchback,91.0,1st Owner,White,2016,18.6,KA01,Petrol,Aug 2016,2016,Zero Dep,5 Speed,Manual,5,bangalore,1197
₹ 6.98 Lakh,Sedan,51.0,2nd Owner,White,2015,17.4,KA05,Petrol,Mar 2015,2015,Comprehensive,5 Speed ,Manual,5,bangalore,1497
₹ 12.50 Lakh,MUV,80.0,2nd Owner,Others,2018,17.6,KA41,Diesel,2018,2018,Third Party insurance,6 Speed,Manual,7,bangalore,2179
₹ 7.51 Lakh,SUV,76.0,2nd Owner,Silver,2016,23.65,KA05,Diesel,Mar 2016,2016,Third Party insurance,5 Speed,Manual,5,bangalore,1248
₹ 5.35 Lakh,Hatchback,27.0,2nd Owner,White,2015,16.5,KA04,Petrol,Aug 2015,2015,Comprehensive,5 Speed,Automatic,5,bangalore,1198
₹ 10.35 Lakh,Sedan,33.0,1st Owner,Red,2017,17.0,KA03,Petrol,Oct 2017,2017,Zero Dep,6 Speed,Automatic,5,bangalore,1591
₹ 3.28 Lakh,Hatchback,47.0,1st Owner,Red,2013,19.81,KA04,Petrol,May 2013,2013,Comprehensive,5 Speed,Manual,5,bangalore,1086
₹ 7.25 Lakh,Hatchback,20.0,1st Owner,Others,2021,20.7,KA68,Petrol,2021,2021,Third Party insurance,5-Speed,Automatic,5,bangalore,1197
₹ 7.40 Lakh,Sedan,46.0,1st Owner,Maroon,2017,17.01,KA03,Petrol,Jun 2017,2017,Comprehensive,5 Speed,Manual,5,bangalore,1591
₹ 8.75 Lakh,MUV,68.0,1st Owner,Silver,2012,12.99,KA05,Diesel,Dec 2012,2012,Third Party insurance,5 Speed,Manual,7,bangalore,2494
₹ 4.80 Lakh,Hatchback,40.0,2nd Owner,Green,2015,19.69,KA03,Petrol,2015,2015,Third Party insurance,5 Speed,Manual,5,bangalore,1198
"₹ 76,000 ",Sedan,90.0,2nd Owner,Silver,2017,14.8,KA01,Diesel,2022,2001,Third Party insurance,5 Speed,Manual,5,bangalore,1998
₹ 1.90 Lakh,Sedan,80.0,1st Owner,Black,2010,15.3,KA51,Petrol,2010,2010,Third Party insurance,5 Speed,Manual,5,bangalore,1596
₹ 2.10 Lakh,Hatchback,90.0,4th Owner,Others,2010,19.81,KA03,Petrol,2010,2010,Third Party insurance,5 Speed,Manual,5,bangalore,1086
₹ 4.80 Lakh,Hatchback,80.0,1st Owner,Others,2014,25.2,KA03,Diesel,2014,2014,Third Party insurance,5 Speed,Manual,5,bangalore,1248
₹ 3.80 Lakh,Sedan,1.0,2nd Owner,Others,2012,22.32,KA03,Diesel,2012,2012,Third Party insurance,4 Speed,Manual,5,bangalore,1582
₹ 12.80 Lakh,SUV,20.0,1st Owner,Others,2022,17.57,KA31,Petrol,2022,2022,Third Party insurance,6-Speed,Manual,5,bangalore,1199
₹ 7.70 Lakh,SUV,43.0,1st Owner,Black,2016,15.63,KA03,Petrol,Sept 2016,2016,Comprehensive,6 Speed,Automatic,5,bangalore,1499
₹ 5.99 Lakh,Hatchback,87.0,1st Owner,Red,2018,22.56,KA01,Petrol,Sept 2018,2018,Third Party insurance,5-Speed,Automatic,5,bangalore,1197
₹ 8 Lakh,SUV,90.0,5th Owner,Others,2016,16.0,KA03,Diesel,2016,2016,Third Party insurance,6 Speed ,Automatic,7,bangalore,2179
₹ 2.32 Lakh,Hatchback,71.0,3rd Owner,Others,2011,17.92,KA19,Petrol,Oct 2011,2011,Comprehensive,5 Speed,Manual,5,bangalore,1086
₹ 5.25 Lakh,Sedan,1.0,2nd Owner,Silver,2013,17.01,KA01,Petrol,Sept 2013,2013,Comprehensive,5 Speed,Manual,5,bangalore,1591
₹ 9.50 Lakh,Sedan,30.0,1st Owner,Others,2020,17.4,KL58,Petrol,2020,2020,Third Party insurance,5 Speed,Manual,5,bangalore,1497
₹ 6.35 Lakh,Sedan,1.0,2nd Owner,White,2017,15.41,KA01,Petrol,Oct 2018,2017,Third Party insurance,5 Speed,Manual,5,bangalore,1598
₹ 4 Lakh,Hatchback,70.0,2nd Owner,Others,2012,22.07,KA17,Diesel,2012,2012,Third Party insurance,5 Speed,Manual,5,bangalore,1199
₹ 9.66 Lakh,SUV,88.0,1st Owner,Silver,2017,13.0,KA40,Petrol,Dec 2017,2017,Comprehensive,6 Speed,Manual,5,bangalore,1591
₹ 7.81 Lakh,SUV,48.0,1st Owner,Orange,2017,22.77,KA03,Diesel,Jul 2017,2017,Comprehensive,5 Speed,Manual,5,bangalore,1498
₹ 28 Lakh,SUV,1.0,2nd Owner,Others,2016,18.56,KA51,Diesel,2016,2016,Third Party insurance,8 Speed,Automatic,5,bangalore,1995
₹ 3.85 Lakh,Sedan,1.0,2nd Owner,Others,2012,13.7,UP14,Petrol,2012,2012,Third Party insurance,7 Speed,Manual,5,bangalore,1798
₹ 6 Lakh,SUV,1.0,4th Owner,Others,2012,15.1,KA50,Diesel,2012,2012,Third Party insurance,6 Speed,Manual,7,bangalore,2179
₹ 6 Lakh,SUV,70.0,2nd Owner,Others,2016,18.49,KA03,Diesel,2016,2016,Third Party insurance,5 Speed,Manual,7,bangalore,1493
₹ 3.65 Lakh,Sedan,90.0,2nd Owner,Others,2012,13.7,UP14,Petrol,2012,2012,Third Party insurance,7 Speed,Manual,5,bangalore,1798
₹ 7.49 Lakh,Pickup Trucks,70.0,1st Owner,Others,2019,18.9,KA03,Diesel,2019,2019,Third Party insurance,5-Speed,Manual,5,bangalore,2523
₹ 3.50 Lakh,Hatchback,1.0,1st Owner,Others,2014,20.3,KA03,Diesel,2014,2014,Third Party insurance,5-Speed,Manual,5,bangalore,1248
₹ 23.50 Lakh,SUV,20.0,1st Owner,Gray,2022,14.2,KA53,Petrol,2022,2022,Third Party insurance,6-speed,Automatic,6,bangalore,1999
₹ 7 Lakh,Hatchback,20.0,1st Owner,Others,2020,18.6,KA01,Petrol,2020,2020,Third Party insurance,5 Speed,Manual,5,bangalore,1197
₹ 2.30 Lakh,Hatchback,50.0,2nd Owner,Others,2012,21.1,KA19,Petrol,2012,2012,Third Party insurance,5 Speed,Manual,5,bangalore,814
₹ 8.75 Lakh,SUV,51.0,1st Owner,Red,2018,17.5,KA01,Petrol,Jan 2019,2018,Comprehensive,5 Speed,Manual,5,bangalore,1199
₹ 9.25 Lakh,SUV,97.0,1st Owner,Silver,2017,15.29,KA53,Petrol,Nov 2017,2017,Comprehensive,6 Speed,Manual,5,bangalore,1591
₹ 7 Lakh,Hatchback,20.0,1st Owner,Others,2020,18.6,KA01,Petrol,2020,2020,Third Party insurance,5 Speed,Manual,5,bangalore,1197
₹ 9.30 Lakh,SUV,53.0,2nd Owner,Red,2016,13.0,KA05,Petrol,Sept 2016,2016,Comprehensive,6 Speed,Manual,5,bangalore,1591
₹ 8.98 Lakh,SUV,51.0,2nd Owner,Red,2016,13.0,KA53,Petrol,Aug 2016,2016,Comprehensive,6 Speed,Manual,5,bangalore,1591
₹ 23.95 Lakh,Sedan,57.0,2nd Owner,Red,2017,17.9,KA05,Diesel,Dec 2017,2017,Comprehensive,7 Speed,Automatic,5,bangalore,2143
₹ 4.49 Lakh,Hatchback,23.0,1st Owner,Red,2020,21.7,KA52,Petrol,Sept 2020,2020,Third Party insurance,5 Speed,Manual,5,bangalore,998
₹ 14.85 Lakh,SUV,65.0,1st Owner,White,2018,17.01,KA51,Diesel,Jul 2018,2018,Comprehensive,6 Speed,Automatic,5,bangalore,1582
₹ 3.35 Lakh,Hatchback,66.0,2nd Owner,Others,2012,19.4,KA05,Petrol,Oct 2012,2012,Comprehensive,5 Speed,Manual,5,bangalore,1198
₹ 8.25 Lakh,SUV,54.0,1st Owner,White,2017,17.5,KA04,Petrol,Jan 2018,2017,Comprehensive,5 Speed,Manual,5,bangalore,1199
₹ 9.35 Lakh,Hatchback,27.0,1st Owner,White,2021,19.56,KA03,Petrol,Jan 2021,2021,Third Party,5-Speed,Automatic,5,bangalore,1197
₹ 38.25 Lakh,Sedan,14.0,1st Owner,Blue,2018,21.76,KA51,Diesel,Feb 2018,2018,Third Party insurance,8 Speed,Automatic,5,bangalore,1995
₹ 23.50 Lakh,SUV,10.0,1st Owner,Gray,2022,14.2,KA53,Petrol,2022,2022,Third Party insurance,6-speed,Automatic,7,bangalore,1999
₹ 25 Lakh,SUV,50.0,1st Owner,Black,2020,18.4,KA02,Petrol,2020,2020,Third Party insurance,7 Speed DSG,Automatic,5,bangalore,1498
₹ 15.40 Lakh,SUV,10.0,1st Owner,Others,2022,16.8,KA51,Petrol,2022,2022,Third Party insurance,6-Speed iMT,Manual,5,bangalore,1497
₹ 12.90 Lakh,SUV,70.0,2nd Owner,Others,2019,17.6,KA04,Diesel,2019,2019,Third Party insurance,6 Speed,Automatic,5,bangalore,1582
"₹ 50,000 ",Sedan,1.0,3rd Owner,Gray,2007,14.9,KA04,Diesel,2007,2007,Third Party insurance,5 Speed,Manual,5,bangalore,1991
₹ 10.25 Lakh,SUV,10.0,2nd Owner,White,2021,18.2,KA19,Petrol,2021,2021,Third Party insurance,6-Speed iMT,Manual,5,bangalore,998
₹ 6 Lakh,Sedan,1.0,3rd Owner,Others,2016,26.0,KA03,Diesel,2016,2016,Third Party insurance,6 Speed,Manual,5,bangalore,1498
₹ 4.35 Lakh,Minivans,30.0,1st Owner,Others,2020,16.11,KA41,Petrol,2020,2020,Third Party insurance,5 Speed,Manual,7,bangalore,1196
₹ 8.08 Lakh,SUV,14.0,2nd Owner,Brown,2017,17.5,KA53,Petrol,Jan 2018,2017,Third Party insurance,5 Speed,Manual,5,bangalore,1199
₹ 4.35 Lakh,Minivans,30.0,1st Owner,Others,2020,16.11,KA41,Petrol,2020,2020,Third Party insurance,5 Speed,Manual,7,bangalore,1196
₹ 2.78 Lakh,Hatchback,73.0,2nd Owner,Blue,2011,18.9,KA01,Petrol,Mar 2011,2011,Comprehensive,5 Speed,Manual,5,bangalore,998
₹ 12.61 Lakh,SUV,39.0,1st Owner,White,2021,16.5,KA04,Petrol,Jul 2021,2021,Comprehensive,6 Speed,Automatic,5,bangalore,1197
₹ 8.50 Lakh,SUV,20.0,1st Owner,Gray,2020,17.52,KA42,Petrol,2020,2020,Third Party insurance,5-Speed,Manual,5,bangalore,1197
₹ 2.70 Lakh,Hatchback,89.0,2nd Owner,White,2014,21.1,KA02,Petrol,Oct 2014,2014,Third Party,5 Speed,Manual,5,bangalore,814
₹ 10 Lakh,SUV,70.0,3rd Owner,Others,2011,17.05,KA51,Diesel,2011,2011,Third Party insurance,8-Speed ,Automatic,5,bangalore,1995
₹ 8.45 Lakh,MUV,16.0,2nd Owner,Silver,2017,20.51,KA53,Petrol,Aug 2017,2017,Comprehensive,5-Speed,Manual,7,bangalore,1462
₹ 5.08 Lakh,Hatchback,25.0,2nd Owner,White,2017,20.89,KA03,Petrol,Aug 2017,2017,Third Party insurance,5 Speed,Manual,5,bangalore,1197
₹ 3.40 Lakh,Hatchback,80.0,1st Owner,Others,2018,24.7,KA53,Petrol,2018,2018,Third Party insurance,5 Speed,Manual,5,bangalore,796
₹ 39 Lakh,SUV,25.0,1st Owner,Red,2020,18.9,KA05,Petrol,May 2020,2020,Comprehensive,8 Speed,Automatic,5,bangalore,1969
₹ 12.25 Lakh,MUV,90.0,1st Owner,Others,2014,12.99,KA03,Diesel,2014,2014,Third Party insurance,5 Speed,Manual,8,bangalore,2494
₹ 12.75 Lakh,MUV,90.0,1st Owner,Others,2014,12.99,KA03,Diesel,2014,2014,Third Party insurance,5 Speed,Manual,8,bangalore,2494
₹ 29 Lakh,SUV,10.0,1st Owner,Others,2022,14.1,KA03,Petrol,2022,2022,Third Party insurance,7 Speed DCT,Automatic,5,bangalore,1368
₹ 8 Lakh,SUV,70.0,2nd Owner,Others,2019,17.0,KA04,Petrol,2019,2019,Third Party insurance,6 Speed,Manual,5,bangalore,1197
₹ 28 Lakh,Sedan,1.0,1st Owner,Others,2016,13.0,KA03,Diesel,2016,2016,Third Party insurance,7 Speed,Automatic,5,bangalore,2143
₹ 1.50 Lakh,Hatchback,20.0,2nd Owner,Others,2006,18.9,KA04,Petrol,2006,2006,Third Party insurance,5 Speed,Manual,5,bangalore,1086
₹ 6.38 Lakh,SUV,10.0,1st Owner,Brown,2021,18.75,KA01,Petrol,2021,2021,Third Party insurance,5 Speed,Manual,5,bangalore,999
₹ 3.15 Lakh,Hatchback,20.0,2nd Owner,Others,2019,22.7,KA03,Petrol,2019,2019,Third Party insurance,5-Speed,Manual,5,bangalore,799
₹ 13.28 Lakh,SUV,34.0,1st Owner,Black,2020,18.9,KA51,Diesel,Nov 2020,2020,Comprehensive,6-Speed,Manual,5,bangalore,1493
₹ 4.90 Lakh,Hatchback,33.0,1st Owner,White,2016,23.1,KA53,Petrol,Oct 2016,2016,Comprehensive,5 Speed ,Automatic,5,bangalore,998
₹ 10.50 Lakh,Sedan,80.0,2nd Owner,Others,2020,22.0,KA03,Diesel,2020,2020,Third Party insurance,6 Speed,Manual,5,bangalore,1582
₹ 4.30 Lakh,Hatchback,28.0,2nd Owner,Blue,2015,26.68,KA02,Petrol,Mar 2015,2015,Comprehensive,5-Speed,Automatic,5,bangalore,998
₹ 17.24 Lakh,MUV,22.0,1st Owner,Black,2022,16.5,KA35,Petrol,Jun 2022,2022,Comprehensive,7-Speed DCT,Automatic,6,bangalore,1353
₹ 2.70 Lakh,Hatchback,1.0,2nd Owner,Others,2007,17.8,KA53,Diesel,2007,2007,Third Party insurance,5 Speed,Manual,5,bangalore,1248
₹ 5.17 Lakh,Hatchback,21.0,1st Owner,Blue,2017,18.9,KA01,Petrol,Jun 2017,2017,Comprehensive,5 Speed,Manual,5,bangalore,1197
₹ 4 Lakh,Sedan,1.0,2nd Owner,Red,2010,12.0,HR26,Petrol,2010,2010,Third Party insurance,6 Speed,Automatic,5,bangalore,3597
₹ 6.27 Lakh,Hatchback,7.0,1st Owner,White,2021,20.7,KA16,Petrol,Jun 2021,2021,Third Party,5-Speed,Manual,5,bangalore,1197
₹ 5.10 Lakh,Hatchback,13.0,1st Owner,Orange,2016,23.84,KA02,Petrol,Jun 2016,2016,Third Party,5 Speed,Manual,5,bangalore,1199
₹ 2.50 Lakh,Sedan,1.0,3rd Owner,Others,2012,17.3,GJ06,Diesel,2012,2012,Third Party insurance,6 Speed,Manual,5,bangalore,1998
₹ 16 Lakh,SUV,1.0,4th Owner,Others,2012,16.09,KA19,Diesel,2012,2012,Third Party insurance,8 Speed,Automatic,5,bangalore,1995
₹ 5.75 Lakh,Hatchback,1.0,2nd Owner,Others,2016,21.4,KA01,Petrol,2016,2016,Third Party insurance,5 Speed,Manual,5,bangalore,1197
₹ 4.10 Lakh,MUV,90.0,1st Owner,Others,2014,18.2,KA03,Diesel,2014,2014,Third Party insurance,5 Speed,Manual,7,bangalore,1248
₹ 9.25 Lakh,SUV,40.0,2nd Owner,Others,2018,17.0,KA03,Petrol,2018,2018,Third Party insurance,6 Speed,Automatic,5,bangalore,1198
₹ 4.75 Lakh,Hatchback,50.0,2nd Owner,Others,2013,21.9,KA01,Diesel,2013,2013,Third Party insurance,6 Speed,Manual,5,bangalore,1396
₹ 1.85 Lakh,Hatchback,50.0,3rd Owner,Violet,2015,25.4,KA03,Petrol,2015,2015,Third Party insurance,4 Speed,Manual,4,bangalore,624
₹ 2.25 Lakh,Hatchback,50.0,3rd Owner,Red,2008,17.92,KA03,Petrol,2008,2008,Third Party insurance,5 Speed,Manual,5,bangalore,1086
₹ 32.75 Lakh,SUV,21.0,1st Owner,Blue,2021,17.01,KA05,Petrol,Jun 2021,2021,Comprehensive,7 Speed DSG,Automatic,7,bangalore,1984
₹ 37.50 Lakh,SUV,38.0,1st Owner,Red,2019,18.0,KA05,Diesel,Apr 2019,2019,Comprehensive,8 Speed,Automatic,5,bangalore,1969
₹ 5.14 Lakh,MUV,61.0,1st Owner,Orange,2019,20.0,KA53,Petrol,Jun 2019,2019,Third Party,5-Speed,Manual,7,bangalore,999
₹ 3.47 Lakh,Hatchback,38.0,1st Owner,White,2018,23.0,KA05,Petrol,Apr 2018,2018,Comprehensive,5-Speed,Automatic,5,bangalore,999
₹ 1 Lakh,Sedan,30.0,3rd Owner,Silver,2004,12.8,KA01,Petrol,2004,2004,Third Party insurance,5 Speed,Manual,5,bangalore,1493
₹ 13.29 Lakh,SUV,7.0,1st Owner,White,2022,18.2,KA03,Petrol,Jun 2022,2022,Comprehensive,6-Speed iMT,Manual,5,bangalore,998
₹ 3 Lakh,Hatchback,30.0,1st Owner,Others,2017,21.1,KA34,Petrol,2017,2017,Third Party insurance,5 Speed,Manual,5,bangalore,814
₹ 13.58 Lakh,Sedan,6.0,1st Owner,Black,2022,19.47,KA05,Petrol,Jun 2022,2022,Third Party,6-Speed,Manual,5,bangalore,999
₹ 15 Lakh,SUV,20.0,1st Owner,Gray,2019,16.0,KA53,Petrol,2019,2019,Third Party insurance,6 Speed,Manual,5,bangalore,1368
₹ 6.42 Lakh,Hatchback,55.0,1st Owner,Silver,2018,21.21,KA50,Petrol,Jun 2018,2018,Third Party,5,Automatic,5,bangalore,1197
₹ 9.11 Lakh,SUV,48.0,2nd Owner,Silver,2021,18.24,KA03,Petrol,Jun 2021,2021,Third Party insurance,CVT,Automatic,5,bangalore,999
₹ 5.50 Lakh,Hatchback,80.0,2nd Owner,Others,2017,28.4,KA41,Diesel,2017,2017,Third Party insurance,5,Manual,5,bangalore,1248
₹ 4.20 Lakh,SUV,80.0,1st Owner,Others,2013,19.01,KA03,Diesel,2013,2013,Third Party insurance,6 Speed,Manual,5,bangalore,1461
₹ 4.50 Lakh,Hatchback,10.0,1st Owner,Others,2010,15.6,UP70,Petrol,2010,2010,Third Party insurance,5 Speed,Manual,5,bangalore,1196
₹ 15.65 Lakh,SUV,10.0,1st Owner,Others,2022,16.8,KA51,Petrol,2022,2022,Third Party insurance,6-Speed iMT,Manual,5,bangalore,1497
₹ 4.50 Lakh,Hatchback,60.0,2nd Owner,Others,2016,23.84,KA05,Petrol,2016,2016,Third Party insurance,5 Speed,Manual,5,bangalore,1199
₹ 4.60 Lakh,Sedan,71.0,1st Owner,White,2015,17.01,KA02,Petrol,Mar 2016,2015,Comprehensive,6 Speed,Automatic,5,bangalore,1499
₹ 2 Lakh,Hatchback,60.0,1st Owner,Silver,2007,18.9,KA03,Petrol,2007,2007,Third Party insurance,5 Speed,Manual,5,bangalore,1086
₹ 6.79 Lakh,SUV,80.0,2nd Owner,Others,2016,18.49,KA03,Diesel,2016,2016,Third Party insurance,5 Speed,Automatic,7,bangalore,1493
₹ 2.30 Lakh,Minivans,1.0,5th Owner,White,2015,10.9,KA03,CNG,2015,2015,Third Party insurance,4 Speed,Manual,8,bangalore,796
₹ 12 Lakh,SUV,60.0,1st Owner,Others,2020,16.8,KA03,Petrol,2020,2020,Third Party insurance,6-Speed,Manual,5,bangalore,1497
₹ 5.43 Lakh,Hatchback,56.0,1st Owner,Blue,2016,18.9,KA51,Petrol,Mar 2016,2016,Comprehensive,4 Speed,Automatic,5,bangalore,1197
₹ 10.35 Lakh,SUV,56.0,2nd Owner,White,2018,13.0,KA03,Petrol,May 2018,2018,Comprehensive,6 Speed,Automatic,5,bangalore,1591
₹ 11.50 Lakh,SUV,10.0,1st Owner,Others,2021,18.0,KA51,Petrol,2021,2021,Third Party insurance,iMT,Manual,5,bangalore,998
₹ 4.79 Lakh,Hatchback,40.0,1st Owner,Silver,2013,18.5,KA03,Petrol,May 2013,2013,Comprehensive,5 Speed,Manual,5,bangalore,1197
₹ 7.36 Lakh,SUV,36.0,3rd Owner,Black,2018,23.0,KA03,Diesel,Jun 2018,2018,Comprehensive,5 Speed,Manual,5,bangalore,1498
₹ 5.30 Lakh,Hatchback,10.0,1st Owner,Others,2022,22.0,KA50,Petrol,2022,2022,Third Party insurance,5 Speed,Automatic,5,bangalore,999
₹ 8.80 Lakh,SUV,45.0,2nd Owner,White,2017,15.29,KA51,Petrol,Jan 2018,2017,Comprehensive,6 Speed,Manual,5,bangalore,1591
₹ 26 Lakh,MUV,10.0,1st Owner,Others,2021,8.0,KA05,Petrol,2021,2021,Third Party insurance,6 Speed,Automatic,7,bangalore,2694
₹ 7.89 Lakh,Sedan,74.0,1st Owner,Brown,2016,18.0,KA05,Petrol,Mar 2016,2016,Comprehensive,5 Speed CVT,Automatic,5,bangalore,1497
₹ 10.30 Lakh,SUV,21.0,1st Owner,Silver,2020,17.0,KA03,Petrol,Jun 2020,2020,Comprehensive,6 Speed,Automatic,5,bangalore,1198
₹ 6 Lakh,Sedan,1.0,1st Owner,Silver,2015,21.66,KA53,Diesel,2015,2015,Third Party insurance,7 Speed,Automatic,5,bangalore,1498
₹ 2.50 Lakh,Sedan,70.0,2nd Owner,Others,2010,17.0,DL03,Petrol,2010,2010,Third Party insurance,5 Speed,Manual,5,bangalore,1497
₹ 3.90 Lakh,Sedan,80.0,3rd Owner,Others,2014,25.8,KA50,Diesel,2014,2014,Third Party insurance,5 Speed,Manual,5,bangalore,1498
₹ 2.80 Lakh,Hatchback,90.0,2nd Owner,Others,2009,16.1,KA05,Petrol,2009,2009,Third Party insurance,5 Speed,Manual,5,bangalore,1298
₹ 9.20 Lakh,SUV,20.0,1st Owner,Others,2021,18.75,KA34,Petrol,2021,2021,Third Party insurance,5 Speed,Manual,5,bangalore,999
₹ 16 Lakh,SUV,50.0,1st Owner,Others,2021,18.9,KA41,Diesel,2021,2021,Third Party insurance,6 Speed,Automatic,4,bangalore,2184
₹ 6.50 Lakh,SUV,10.0,1st Owner,Brown,2021,18.75,KA01,Petrol,2021,2021,Third Party insurance,5 Speed,Manual,5,bangalore,999
₹ 2.40 Lakh,Hatchback,80.0,4th Owner,Silver,2010,20.36,KA03,Petrol,2010,2010,Third Party insurance,5 Speed,Manual,5,bangalore,1197
₹ 44.45 Lakh,SUV,61.0,1st Owner,White,2018,12.51,KA01,Diesel,Nov 2018,2018,Comprehensive,9 Speed,Automatic,7,bangalore,2179
₹ 13.50 Lakh,MUV,50.0,1st Owner,Others,2019,17.3,KA41,Diesel,2019,2019,Third Party insurance,6 Speed,Manual,7,bangalore,1497
₹ 3.12 Lakh,Hatchback,50.0,1st Owner,Blue,2015,22.05,KA53,Petrol,Jul 2015,2015,Comprehensive,5 Speed,Manual,5,bangalore,796
₹ 5.82 Lakh,Hatchback,26.0,1st Owner,Blue,2017,18.9,KA01,Petrol,Dec 2017,2017,Comprehensive,5 Speed,Manual,5,bangalore,1197
₹ 1.50 Lakh,Hatchback,80.0,2nd Owner,Others,2015,25.0,KA03,Diesel,2015,2015,Third Party insurance,5 Speed,Manual,5,bangalore,1396
₹ 6.18 Lakh,SUV,12.0,1st Owner,Others,2018,18.15,KA01,Petrol,Jun 2018,2018,Comprehensive,5 Speed,Manual,6,bangalore,1198
₹ 9.16 Lakh,Hatchback,23.0,1st Owner,Silver,2021,17.1,KA04,Petrol,Feb 2021,2021,Comprehensive,7 Speed,Automatic,5,bangalore,1199
₹ 3 Lakh,Hatchback,80.0,1st Owner,Others,2012,20.0,KA04,Diesel,2012,2012,Third Party insurance,5 Speed,Manual,5,bangalore,1399
₹ 5.55 Lakh,Hatchback,8.0,1st Owner,Silver,2022,21.7,KA19,Petrol,Sept 2022,2022,Comprehensive,5 Speed,Manual,5,bangalore,998
₹ 5 Lakh,Sedan,80.0,3rd Owner,Black,2011,11.9,KA04,Diesel,2011,2011,Third Party insurance,5 Speed,Automatic,5,bangalore,2496
₹ 9.50 Lakh,Hatchback,9.0,1st Owner,Blue,2021,21.4,KA51,Petrol,Jul 2021,2021,Comprehensive,CVT,Automatic,5,bangalore,1197
₹ 6.08 Lakh,Sedan,62.0,1st Owner,White,2016,22.41,KA01,Petrol,Oct 2016,2016,Comprehensive,5 Speed,Manual,5,bangalore,1197
₹ 1.25 Lakh,Sedan,1.0,2nd Owner,Red,2011,17.0,KA06,Diesel,2011,2011,Third Party insurance,5 Speed,Manual,5,bangalore,1405
₹ 17 Lakh,Sedan,90.0,2nd Owner,Black,2011,10.5,KA03,Petrol,2011,2011,Third Party insurance,6 Speed,Automatic,4,bangalore,5000
₹ 17 Lakh,Sedan,90.0,2nd Owner,Black,2011,10.5,KA03,Petrol,2011,2011,Third Party insurance,6 Speed,Automatic,4,bangalore,5000
₹ 2.25 Lakh,Hatchback,50.0,1st Owner,Others,2013,20.0,KA03,Diesel,2013,2013,Third Party insurance,5 Speed,Manual,5,bangalore,1399
₹ 2.49 Lakh,Hatchback,1.0,2nd Owner,Others,2010,19.4,KA03,Diesel,2010,2010,Third Party insurance,5 Speed,Manual,5,bangalore,1422
₹ 1.50 Lakh,SUV,1.0,1st Owner,White,2008,14.4,KA03,Diesel,2008,2008,Third Party insurance,5 Speed,Manual,8,bangalore,2179
₹ 1.30 Lakh,Sedan,1.0,5th Owner,White,2002,14.8,KA03,Diesel,2002,2002,Third Party insurance,5 Speed,Manual,5,bangalore,1998
"₹ 50,000 ",Sedan,80.0,2nd Owner,Gold,2017,9.0,KA03,Petrol,2022,2000,Third Party insurance,5 Speed,Automatic,5,bangalore,1999
₹ 3.75 Lakh,Sedan,50.0,2nd Owner,Black,2015,18.0,KA01,Petrol,2015,2015,Third Party insurance,5 Speed,Manual,5,bangalore,1198
₹ 5.50 Lakh,Hatchback,10.0,1st Owner,Silver,2022,21.74,KA03,Petrol,2022,2022,Third Party insurance,5 Speed,Manual,5,bangalore,999
₹ 5.90 Lakh,Hatchback,38.0,1st Owner,Silver,2019,18.9,KA03,Petrol,Sept 2019,2019,Comprehensive,5 Speed,Manual,5,bangalore,1197
₹ 5.11 Lakh,Hatchback,42.0,1st Owner,Orange,2018,21.63,KA51,Petrol,Dec 2018,2018,Comprehensive,AGS,Automatic,5,bangalore,998
₹ 2.60 Lakh,Sedan,1.0,1st Owner,White,2017,19.09,KA51,Diesel,2017,2017,Third Party insurance,5 Speed,Manual,5,bangalore,1396
₹ 3.81 Lakh,Hatchback,43.0,1st Owner,Silver,2017,23.01,KA06,Petrol,May 2017,2017,Comprehensive,5 Speed,Manual,5,bangalore,999
₹ 8.19 Lakh,SUV,65.0,2nd Owner,Black,2014,15.1,KA01,Diesel,Jun 2014,2014,Third Party,6 Speed ,Manual,7,bangalore,2179
₹ 5.75 Lakh,Hatchback,20.0,1st Owner,Others,2016,21.4,KA53,Petrol,2016,2016,Third Party insurance,5 Speed,Manual,5,bangalore,1197
₹ 4.28 Lakh,Hatchback,10.0,2nd Owner,Silver,2019,22.25,KA04,Petrol,Apr 2019,2019,Third Party,5 Speed,Manual,5,bangalore,799
₹ 1.95 Lakh,Hatchback,1.0,2nd Owner,Blue,2006,18.9,KA50,Petrol,Mar 2022,2006,Comprehensive,5 Speed,Manual,5,bangalore,1086
₹ 6.96 Lakh,Hatchback,50.0,1st Owner,Blue,2020,21.21,KA07,Petrol,Jun 2020,2020,Third Party,5,Manual,5,bangalore,1197
₹ 7.40 Lakh,Hatchback,34.0,1st Owner,White,2020,20.7,KA09,Petrol,Jun 2020,2020,Comprehensive,5-Speed,Manual,5,bangalore,998
₹ 8.25 Lakh,SUV,90.0,2nd Owner,Others,2013,15.1,KA01,Diesel,2013,2013,Third Party insurance,6 Speed ,Manual,7,bangalore,2179
₹ 3 Lakh,Hatchback,30.0,1st Owner,Others,2011,19.81,KA51,Petrol,2011,2011,Third Party insurance,5 Speed,Manual,5,bangalore,1086
₹ 5 Lakh,Hatchback,60.0,1st Owner,Red,2016,27.28,KA03,Diesel,2016,2016,Third Party insurance,5 Speed,Manual,5,bangalore,1047
₹ 2.30 Lakh,Sedan,1.0,2nd Owner,Others,2013,21.64,AP28,Diesel,2013,2013,Third Party insurance,5 Speed,Manual,5,bangalore,1461
"₹ 75,000 ",Sedan,80.0,2nd Owner,Others,2004,14.2,KA03,Petrol,2004,2004,Third Party insurance,5 Speed,Manual,5,bangalore,1597
₹ 2.60 Lakh,Sedan,60.0,1st Owner,Others,2009,13.2,KA04,Petrol,2009,2009,Third Party insurance,5 Speed,Manual,5,bangalore,1495
₹ 2.40 Lakh,Hatchback,57.0,1st Owner,Golden,2008,18.9,KA03,Petrol,Mar 2008,2008,Comprehensive,5 Speed,Manual,5,bangalore,998
₹ 15 Lakh,SUV,20.0,1st Owner,Red,2022,15.2,KA03,Petrol,2022,2022,Third Party insurance,6 Speed,Manual,4,bangalore,1997
₹ 2.75 Lakh,Hatchback,90.0,1st Owner,Gray,2010,20.36,KA05,Petrol,2010,2010,Third Party insurance,5 Speed,Manual,5,bangalore,1197
₹ 20 Lakh,Sedan,60.0,2nd Owner,Black,2014,16.36,KA03,Diesel,2014,2014,Third Party insurance,8 Speed,Automatic,5,bangalore,2179
₹ 10.13 Lakh,SUV,26.0,2nd Owner,Silver,2016,16.0,KA19,Diesel,Mar 2017,2016,Comprehensive,6 Speed ,Manual,7,bangalore,2179
₹ 6.77 Lakh,Sedan,32.0,2nd Owner,White,2016,17.8,KA04,Petrol,Nov 2016,2016,Comprehensive,5 Speed,Manual,5,bangalore,1497
₹ 9 Lakh,MUV,1.0,1st Owner,Others,2016,24.52,KA03,Diesel,2016,2016,Third Party insurance,5 Speed,Manual,7,bangalore,1248
₹ 5.91 Lakh,Hatchback,56.0,3rd Owner,Silver,2017,18.6,KA03,Petrol,Apr 2017,2017,Third Party insurance,5 Speed,Manual,5,bangalore,1197
₹ 4.28 Lakh,Hatchback,21.0,1st Owner,White,2020,21.7,KA63,Petrol,Mar 2021,2020,Comprehensive,5 Speed,Manual,5,bangalore,998
₹ 11.45 Lakh,SUV,1.0,2nd Owner,White,2010,11.5,KA05,Diesel,Jun 2010,2010,Comprehensive,5 Speed,Manual,7,bangalore,2982
₹ 6.97 Lakh,Hatchback,10.0,1st Owner,Blue,2022,20.7,KA53,Petrol,Mar 2022,2022,Third Party insurance,5-Speed,Manual,5,bangalore,1197
₹ 6.30 Lakh,Sedan,30.0,3rd Owner,Others,2020,22.61,KA03,Petrol,2020,2020,Third Party insurance,5 Speed,Automatic,5,bangalore,1197
₹ 4.29 Lakh,Hatchback,16.0,1st Owner,Silver,2021,22.05,KA05,Petrol,Oct 2021,2021,Third Party insurance,5 Speed,Manual,5,bangalore,796
₹ 4.64 Lakh,Hatchback,15.0,2nd Owner,White,2016,25.24,KA05,Petrol,Mar 2016,2016,Comprehensive,5-Speed,Manual,5,bangalore,998
₹ 7.50 Lakh,MUV,40.0,1st Owner,Others,2019,20.0,KA03,Petrol,2019,2019,Third Party insurance,5-Speed,Manual,7,bangalore,999
₹ 11 Lakh,SUV,30.0,2nd Owner,Others,2019,18.15,KA03,Petrol,2019,2019,Third Party insurance,7-Speed,Automatic,5,bangalore,998
₹ 7 Lakh,Sedan,90.0,1st Owner,Others,2014,22.7,HR51,Diesel,2014,2014,Third Party insurance,6 Speed ,Manual,5,bangalore,1582
₹ 11 Lakh,Sedan,1.0,2nd Owner,Others,2013,15.8,KA01,Diesel,2013,2013,Third Party insurance,6 Speed,Automatic,5,bangalore,2200
₹ 16.95 Lakh,SUV,20.0,1st Owner,White,2022,18.09,KA03,Petrol,Feb 2022,2022,Comprehensive,6-speed,Manual,5,bangalore,999
₹ 20 Lakh,SUV,1.0,1st Owner,White,2011,12.07,KA01,Diesel,2011,2011,Third Party insurance,8 Speed Tiptronic,Automatic,7,bangalore,2967
₹ 5 Lakh,Minivans,10.0,1st Owner,Others,2021,16.11,KA04,Petrol,2021,2021,Third Party insurance,5 Speed,Manual,7,bangalore,1196
₹ 2 Lakh,SUV,1.0,3rd Owner,Silver,2005,11.1,KA01,Petrol,2005,2005,Third Party insurance,6Speed,Manual,5,bangalore,2354
₹ 27 Lakh,Sedan,1.0,1st Owner,Red,2017,19.33,KA03,Diesel,2017,2017,Third Party insurance,8 Speed,Automatic,5,bangalore,1999
₹ 3.60 Lakh,Hatchback,50.0,1st Owner,Others,2020,21.7,KA01,Petrol,2020,2020,Third Party insurance,5-Speed,Manual,5,bangalore,999
₹ 7.33 Lakh,Hatchback,15.0,1st Owner,White,2017,18.7,KA03,Petrol,May 2017,2017,Comprehensive,5 Speed,Manual,5,bangalore,1199
₹ 3.75 Lakh,Hatchback,75.0,1st Owner,Red,2013,18.9,KA04,Petrol,Jun 2013,2013,Comprehensive,5 Speed,Manual,5,bangalore,998
₹ 18.85 Lakh,SUV,54.0,2nd Owner,Black,2021,16.35,KA09,Diesel,Mar 2021,2021,Third Party insurance,6-Speed,Manual,5,bangalore,1956
₹ 6.57 Lakh,Hatchback,14.0,1st Owner,White,2016,18.6,KA51,Petrol,Feb 2016,2016,Comprehensive,5 Speed,Manual,5,bangalore,1197
₹ 7.29 Lakh,Hatchback,53.0,1st Owner,Blue,2019,21.4,KA53,Petrol,Sept 2019,2019,Comprehensive,CVT,Automatic,5,bangalore,1197
₹ 8 Lakh,Sedan,20.0,1st Owner,Blue,2021,19.28,KA03,Petrol,2021,2021,Third Party insurance,5-Speed,Manual,5,bangalore,1199
₹ 5.01 Lakh,Hatchback,5.0,2nd Owner,Blue,2019,23.01,KA50,Petrol,Jan 2020,2019,Third Party,5 Speed,Automatic,5,bangalore,999
₹ 6.50 Lakh,SUV,1.0,2nd Owner,Others,2016,18.49,KA05,Diesel,2016,2016,Third Party insurance,5 Speed,Manual,7,bangalore,1493
₹ 10.05 Lakh,Sedan,50.0,1st Owner,Silver,2017,18.0,KA53,Petrol,Jun 2017,2017,Third Party,CVT,Automatic,5,bangalore,1497
₹ 11.93 Lakh,SUV,16.0,1st Owner,Black,2022,17.57,KA53,Petrol,Jun 2022,2022,Third Party,6-Speed,Manual,5,bangalore,1199
₹ 9 Lakh,Hatchback,10.0,1st Owner,Others,2019,18.78,KA05,Petrol,2019,2019,Third Party insurance,5 Speed,Manual,5,bangalore,999
₹ 21.50 Lakh,SUV,10.0,1st Owner,Others,2022,18.9,KA03,Diesel,2022,2022,Third Party insurance,6-Speed,Manual,7,bangalore,2198
₹ 9.25 Lakh,Hatchback,70.0,1st Owner,Red,2017,17.21,KA51,Petrol,Feb 2017,2017,Comprehensive,7 Speed,Automatic,5,bangalore,1197
₹ 8.65 Lakh,Hatchback,60.0,2nd Owner,Grey,2017,17.21,KA03,Petrol,Feb 2017,2017,Third Party insurance,7 Speed,Automatic,5,bangalore,1197
₹ 15.85 Lakh,SUV,7.0,1st Owner,Silver,2021,20.08,KA02,Petrol,Jan 2022,2021,Comprehensive,6-Speed,Manual,5,bangalore,999
₹ 1.20 Lakh,Sedan,1.0,5th Owner,White,2009,17.8,KA03,Diesel,2009,2009,Third Party insurance,5 Speed,Manual,5,bangalore,1399
₹ 18 Lakh,SUV,80.0,3rd Owner,Others,2012,11.74,KA03,Diesel,2012,2012,Third Party insurance,7 Speed,Automatic,5,bangalore,2987
₹ 70 Lakh,SUV,30.0,1st Owner,Red,2018,8.9,KA03,Petrol,2018,2018,Third Party insurance,9 Speed,Automatic,5,bangalore,2996
₹ 1.95 Lakh,Hatchback,1.0,3rd Owner,Others,2015,17.88,KA03,Diesel,2015,2015,Third Party insurance,5 Speed,Manual,5,bangalore,1405
₹ 7.99 Lakh,Hatchback,21.0,1st Owner,Silver,2018,18.6,KA53,Petrol,Jul 2018,2018,Comprehensive,5 Speed,Manual,5,bangalore,1197
₹ 6.89 Lakh,SUV,82.0,1st Owner,Silver,2017,15.63,KA03,Petrol,Oct 2017,2017,Zero Dep,6 Speed,Automatic,5,bangalore,1499
₹ 10.68 Lakh,SUV,18.0,1st Owner,Red,2023,17.33,KA41,Petrol,Jun 2023,2023,Third Party,6 Speed,Manual,5,bangalore,1199
₹ 17.99 Lakh,SUV,56.0,1st Owner,Red,2018,16.3,KA01,Diesel,Jan 2019,2018,Third Party insurance,6 Speed,Manual,5,bangalore,1956
₹ 3.83 Lakh,Hatchback,57.0,2nd Owner,Orange,2020,21.7,KA20,Petrol,Jan 2021,2020,Third Party,5 Speed,Manual,5,bangalore,998
₹ 3.27 Lakh,Hatchback,51.0,2nd Owner,Silver,2018,24.7,KA51,Petrol,Jul 2018,2018,Comprehensive,5 Speed,Manual,5,bangalore,796
₹ 1.95 Lakh,SUV,1.0,1st Owner,Silver,2012,17.21,RJ05,Diesel,2012,2012,Third Party insurance,5 Speed ,Manual,7,bangalore,1493
₹ 6.39 Lakh,Hatchback,27.0,1st Owner,Silver,2019,20.7,KA41,Petrol,Feb 2020,2019,Third Party insurance,5-Speed,Manual,5,bangalore,1197
₹ 5.75 Lakh,SUV,64.0,2nd Owner,White,2013,20.45,KA51,Diesel,Jun 2013,2013,Comprehensive,5 speed,Manual,5,bangalore,1461
₹ 6.60 Lakh,SUV,40.0,2nd Owner,White,2017,15.85,HR13,Petrol,Feb 2017,2017,Comprehensive,5 Speed,Manual,5,bangalore,1499
₹ 3.25 Lakh,Hatchback,47.0,2nd Owner,Silver,2017,22.05,KA03,Petrol,Mar 2017,2017,Comprehensive,5 Speed,Manual,5,bangalore,796
₹ 2.25 Lakh,Hatchback,90.0,5th Owner,Silver,2009,17.0,KA03,Petrol,2009,2009,Third Party insurance,5 Speed,Manual,5,bangalore,1197
₹ 10.75 Lakh,SUV,20.0,1st Owner,Gray,2022,18.76,KA05,Petrol,2022,2022,Third Party insurance,4 Speed,Automatic,5,bangalore,1462
₹ 9.75 Lakh,SUV,20.0,1st Owner,Gray,2022,17.03,KA05,Petrol,2022,2022,Third Party insurance,5 Speed,Manual,5,bangalore,1462
₹ 3 Lakh,Hatchback,70.0,3rd Owner,Others,2010,20.36,KA05,Petrol,2010,2010,Third Party insurance,5 Speed,Manual,5,bangalore,1197
₹ 2.90 Lakh,Sedan,1.0,3rd Owner,Others,2011,21.5,KA19,Diesel,2011,2011,Third Party insurance,5 Speed,Manual,5,bangalore,1248
₹ 2.60 Lakh,Hatchback,40.0,3rd Owner,Others,2012,19.4,KA03,Petrol,2012,2012,Third Party insurance,5 Speed,Manual,5,bangalore,1198
₹ 3.60 Lakh,Sedan,1.0,3rd Owner,Others,2012,21.64,KA01,Diesel,2012,2012,Third Party insurance,5 Speed,Manual,5,bangalore,1461
₹ 15 Lakh,SUV,10.0,4th Owner,Others,2013,16.55,KA03,Diesel,2013,2013,Third Party insurance,5 Speed,Automatic,5,bangalore,1995
₹ 2.50 Lakh,Hatchback,60.0,4th Owner,Others,2017,21.1,KA03,Petrol,2017,2017,Third Party insurance,5 Speed,Manual,5,bangalore,814
₹ 17.74 Lakh,SUV,24.0,1st Owner,Black,2021,18.9,KA04,Petrol,Jun 2021,2021,Comprehensive,6 Speed,Automatic,4,bangalore,1997
₹ 10.73 Lakh,SUV,30.0,2nd Owner,White,2020,18.0,KA53,Petrol,Jun 2020,2020,Third Party,iMT,Manual,5,bangalore,998
₹ 3.49 Lakh,Hatchback,20.0,2nd Owner,Others,2017,23.95,KA04,Petrol,Mar 2017,2017,Third Party,5 Speed,Manual,5,bangalore,998
₹ 4.85 Lakh,Hatchback,35.0,1st Owner,White,2018,21.63,KA42,Petrol,Jul 2018,2018,Third Party insurance,5 Speed,Manual,5,bangalore,998
₹ 5.91 Lakh,Hatchback,11.0,1st Owner,Grey,2021,20.52,KA03,Petrol,Jun 2021,2021,Comprehensive,5 Speed,Manual,5,bangalore,1197
₹ 6.57 Lakh,Hatchback,35.0,1st Owner,Blue,2016,18.6,KA05,Petrol,Jul 2016,2016,Comprehensive,5 Speed,Manual,5,bangalore,1197
₹ 2.10 Lakh,Hatchback,50.0,1st Owner,Others,2009,19.7,KA03,Petrol,2009,2009,Third Party insurance,5 Speed,Manual,5,bangalore,796
₹ 5.91 Lakh,Hatchback,49.0,1st Owner,Blue,2018,18.9,KA03,Petrol,Jul 2018,2018,Third Party insurance,4 Speed,Automatic,5,bangalore,1197
₹ 5.10 Lakh,Hatchback,77.0,2nd Owner,Grey,2014,22.07,KA35,Diesel,Oct 2014,2014,Comprehensive,5 Speed,Manual,5,bangalore,1199
₹ 6.58 Lakh,Hatchback,48.0,1st Owner,Silver,2017,18.6,KA51,Petrol,Mar 2017,2017,Comprehensive,5 Speed,Manual,5,bangalore,1197
₹ 5.14 Lakh,Hatchback,19.0,1st Owner,White,2021,21.74,KA51,Petrol,Sept 2021,2021,Comprehensive,5 Speed,Manual,5,bangalore,999
₹ 3.30 Lakh,Hatchback,70.0,2nd Owner,Others,2011,16.95,KA03,Petrol,2011,2011,Third Party insurance,4-Speed,Automatic,5,bangalore,1197
₹ 22.50 Lakh,Sedan,1.0,2nd Owner,Others,2015,13.0,KA03,Diesel,2015,2015,Third Party insurance,7 Speed,Automatic,5,bangalore,2143
₹ 9.50 Lakh,Hatchback,10.0,1st Owner,White,2022,19.3,KA03,Petrol,2022,2022,Third Party insurance,6 Speed,Manual,5,bangalore,1199
₹ 4.95 Lakh,Hatchback,80.0,3rd Owner,Blue,2014,16.47,KA04,Petrol,2014,2014,Third Party insurance,5 Speed,Manual,5,bangalore,1198
₹ 1.10 Lakh,Hatchback,80.0,2nd Owner,Silver,2007,15.5,KA02,Petrol,2007,2007,Third Party insurance,5 Speed,Manual,5,bangalore,1108
₹ 3.30 Lakh,Sedan,87.0,1st Owner,Red,2011,17.6,KA02,Petrol,Jul 2011,2011,Comprehensive,5 Speed,Manual,5,bangalore,1496
₹ 7.75 Lakh,Sedan,80.0,1st Owner,Others,2016,22.15,KA05,Diesel,2016,2016,Third Party insurance,7 Speed,Automatic,5,bangalore,1498
₹ 2.60 Lakh,Hatchback,1.0,2nd Owner,Others,2010,18.9,KA05,Petrol,2010,2010,Third Party insurance,5 Speed,Manual,5,bangalore,998
₹ 3 Lakh,Sedan,90.0,3rd Owner,Others,2009,16.8,KA05,Petrol,2009,2009,Third Party insurance,5 Speed,Automatic,5,bangalore,1497
₹ 6.50 Lakh,Hatchback,30.0,1st Owner,Others,2019,21.21,KA03,Petrol,2019,2019,Third Party insurance,5,Automatic,5,bangalore,1197
₹ 3.75 Lakh,Hatchback,56.0,1st Owner,Red,2016,23.95,KA51,Petrol,Nov 2016,2016,Comprehensive,5 Speed,Manual,5,bangalore,998
₹ 6.47 Lakh,Hatchback,27.0,1st Owner,White,2016,18.6,KA53,Petrol,Sept 2016,2016,Comprehensive,5 Speed,Manual,5,bangalore,1197
₹ 2.45 Lakh,Hatchback,80.0,2nd Owner,Others,2011,20.0,KA03,Diesel,2011,2011,Third Party insurance,5 Speed,Manual,5,bangalore,1399
₹ 5.91 Lakh,Hatchback,46.0,1st Owner,Blue,2017,20.89,KA03,Petrol,May 2017,2017,Zero Dep,5 Speed,Automatic,5,bangalore,1197
₹ 5.75 Lakh,Hatchback,30.0,1st Owner,Others,2018,18.9,KA04,Petrol,2018,2018,Third Party insurance,5 Speed,Manual,5,bangalore,1197
₹ 6.59 Lakh,Sedan,39.0,1st Owner,Red,2017,21.21,KA03,Petrol,Jan 2018,2017,Zero Dep,5 Speed,Manual,5,bangalore,1197
₹ 7.20 Lakh,Sedan,1.0,1st Owner,Others,2019,23.59,KA03,Diesel,2019,2019,Third Party insurance,5 Speed,Manual,5,bangalore,1364
₹ 7.33 Lakh,Hatchback,22.0,1st Owner,Others,2020,21.01,KA04,Petrol,Jul 2020,2020,Third Party insurance,5 Speed,Manual,5,bangalore,1197
₹ 8.67 Lakh,Hatchback,21.0,2nd Owner,Red,2020,21.4,KA51,Petrol,Dec 2020,2020,Zero Dep,CVT,Automatic,5,bangalore,1197
₹ 8.50 Lakh,Hatchback,28.0,1st Owner,MODERN STEEL METALLIC,2019,18.2,KA05,Petrol,Jun 2019,2019,Comprehensive,5 Speed,Automatic,5,bangalore,1199
₹ 9.20 Lakh,SUV,20.0,1st Owner,Others,2021,20.5,KA19,Petrol,2021,2021,Third Party insurance,5 Speed,Manual,5,bangalore,999
₹ 7.20 Lakh,Hatchback,30.0,1st Owner,Others,2019,22.54,KA04,Diesel,2019,2019,Third Party insurance,6 Speed,Manual,5,bangalore,1396
₹ 1.20 Lakh,Hatchback,70.0,3rd Owner,Silver,2009,18.0,KA53,Petrol,2009,2009,Third Party insurance,5 Speed,Manual,5,bangalore,995
₹ 6.50 Lakh,Sedan,1.0,2nd Owner,Others,2010,14.84,CH01,Diesel,2010,2010,Third Party insurance,7 Speed,Automatic,5,bangalore,2143
₹ 3.50 Lakh,Hatchback,80.0,2nd Owner,Gray,2012,18.5,KA03,Petrol,2012,2012,Third Party insurance,5 Speed,Manual,5,bangalore,1197
₹ 3.60 Lakh,Hatchback,1.0,2nd Owner,Others,2010,22.07,KA03,Diesel,2010,2010,Third Party insurance,5 Speed,Manual,5,bangalore,1199
₹ 16 Lakh,Sedan,80.0,1st Owner,Others,2013,17.68,KA03,Diesel,2013,2013,Third Party insurance,8 Speed,Automatic,5,bangalore,1968
₹ 2 Lakh,Hatchback,40.0,3rd Owner,Others,2009,19.5,KA03,Petrol,2009,2009,Third Party insurance,5 Speed,Manual,5,bangalore,1061
₹ 16 Lakh,Sedan,70.0,1st Owner,Others,2018,21.0,KA02,Diesel,2018,2018,Third Party insurance,6 Speed,Manual,5,bangalore,1968
₹ 3.81 Lakh,Hatchback,90.0,2nd Owner,Silver,2013,21.9,KA01,Diesel,Dec 2013,2013,Third Party insurance,6 Speed,Manual,5,bangalore,1396
₹ 4 Lakh,Sedan,50.0,1st Owner,White,2009,13.7,MH04,Petrol,2009,2009,Third Party insurance,7 Speed,Manual,5,bangalore,1798
₹ 3.89 Lakh,Hatchback,1.0,1st Owner,Red,2016,26.68,KA50,Petrol,Mar 2016,2016,Zero Dep,5-Speed,Automatic,5,bangalore,998
₹ 4.45 Lakh,Hatchback,55.0,1st Owner,White,2019,23.01,KA13,Petrol,Jan 2020,2019,Third Party insurance,5 Speed,Manual,5,bangalore,999
₹ 1.86 Lakh,Hatchback,1.0,3rd Owner,White,2015,17.88,KA03,Diesel,2015,2015,Third Party insurance,5 Speed,Manual,5,bangalore,1405
₹ 6.42 Lakh,Hatchback,56.0,1st Owner,Silver,2018,22.56,KA50,Petrol,Oct 2018,2018,Comprehensive,5-Speed,Automatic,5,bangalore,1197
₹ 7.25 Lakh,Hatchback,30.0,1st Owner,Silver,2022,22.35,KA03,Petrol,2022,2022,Third Party insurance,5 Speed,Manual,5,bangalore,1197
₹ 6.16 Lakh,Hatchback,77.0,1st Owner,White,2017,18.6,KA20,Petrol,Aug 2017,2017,Comprehensive,5 Speed,Manual,5,bangalore,1197
₹ 6.94 Lakh,SUV,49.0,1st Owner,Silver,2018,17.5,KA19,Petrol,Oct 2018,2018,Third Party,5 Speed,Manual,5,bangalore,1199
₹ 4 Lakh,Sedan,87.0,4th Owner,Gray,2012,17.3,KA03,Diesel,2012,2012,Third Party insurance,6 Speed,Manual,5,bangalore,1998
₹ 6.50 Lakh,SUV,80.0,1st Owner,Others,2016,15.96,KA03,Diesel,2016,2016,Third Party insurance,5 Speed,Manual,9,bangalore,2523
₹ 3 Lakh,Hatchback,50.0,2nd Owner,Others,2018,22.5,KA19,Petrol,2018,2018,Third Party insurance,5-Speed,Manual,5,bangalore,999
₹ 4 Lakh,Hatchback,1.0,1st Owner,Others,2012,22.9,KA05,Diesel,2012,2012,Third Party insurance,5 Speed,Manual,5,bangalore,1248
₹ 6.49 Lakh,Hatchback,30.0,1st Owner,Others,2018,22.0,KA51,Petrol,2018,2018,Third Party insurance,5,Manual,5,bangalore,1197
₹ 3.60 Lakh,Hatchback,1.0,2nd Owner,Others,2010,22.07,KA03,Diesel,2010,2010,Third Party insurance,5 Speed,Manual,5,bangalore,1199
₹ 3.60 Lakh,Hatchback,1.0,2nd Owner,Others,2010,22.07,KA03,Diesel,2010,2010,Third Party insurance,5 Speed,Manual,5,bangalore,1199
₹ 2.40 Lakh,Hatchback,1.0,3rd Owner,Others,2010,17.92,KA51,Petrol,2010,2010,Third Party insurance,5 Speed,Manual,5,bangalore,1086
₹ 8 Lakh,Hatchback,30.0,1st Owner,Others,2021,20.7,KA03,Petrol,2021,2021,Third Party insurance,5-Speed,Automatic,5,bangalore,1197
₹ 3.50 Lakh,Hatchback,1.0,1st Owner,Others,2009,17.8,KA03,Diesel,2009,2009,Third Party insurance,5 Speed,Manual,5,bangalore,1248
₹ 4.15 Lakh,Hatchback,41.0,2nd Owner,Silver,2016,25.24,KA05,Petrol,Mar 2016,2016,Third Party insurance,5-Speed,Manual,5,bangalore,998
₹ 3.84 Lakh,Hatchback,60.0,1st Owner,Red,2011,22.38,KA05,Petrol,Feb 2011,2011,Comprehensive,5-Speed,Manual,5,bangalore,1197
₹ 9 Lakh,SUV,1.0,1st Owner,Others,2015,16.0,KA01,Diesel,2015,2015,Third Party insurance,6 Speed,Manual,7,bangalore,2179
₹ 7.82 Lakh,Hatchback,32.0,1st Owner,Red,2016,22.54,KA03,Diesel,Aug 2016,2016,Third Party insurance,6 Speed,Manual,5,bangalore,1396
₹ 4.63 Lakh,Hatchback,69.0,1st Owner,Silver,2016,26.0,KA04,Petrol,Oct 2016,2016,Comprehensive,5-Speed,Automatic,5,bangalore,998
₹ 6.60 Lakh,Hatchback,60.0,1st Owner,White,2017,27.3,KA03,Diesel,2017,2017,Third Party insurance,6 Speed,Manual,5,bangalore,1498
₹ 6.63 Lakh,Hatchback,26.0,1st Owner,White,2018,22.56,KA68,Petrol,Nov 2018,2018,Comprehensive,5-Speed,Automatic,5,bangalore,1197
₹ 9 Lakh,SUV,30.0,2nd Owner,Brown,2018,18.88,KA01,Petrol,2018,2018,Third Party insurance,5 Speed,Manual,5,bangalore,999
₹ 3.16 Lakh,Hatchback,1.0,2nd Owner,Blue,2010,22.38,KA51,Petrol,Mar 2010,2010,Comprehensive,5-Speed,Manual,5,bangalore,1197
₹ 4.36 Lakh,Hatchback,44.0,1st Owner,White,2015,25.24,KA01,Petrol,Oct 2015,2015,Comprehensive,5-Speed,Manual,5,bangalore,998
₹ 2.80 Lakh,SUV,1.0,2nd Owner,White,2009,13.93,KA05,Diesel,2009,2009,Third Party insurance,5 Speed,Manual,7,bangalore,2179
₹ 13.50 Lakh,SUV,30.0,1st Owner,Others,2018,19.67,JH01,Diesel,2018,2018,Third Party insurance,6 Speed,Manual,5,bangalore,1582
₹ 9.75 Lakh,Sedan,87.0,3rd Owner,Black,2011,13.2,KA51,Diesel,Jun 2011,2011,Third Party insurance,6 Speed,Automatic,5,bangalore,1995
₹ 5.20 Lakh,Sedan,1.0,1st Owner,TITANIUM GREY,2014,18.0,KA02,Petrol,Nov 2014,2014,Comprehensive,5 Speed CVT,Automatic,5,bangalore,1497
₹ 17.65 Lakh,SUV,13.0,1st Owner,White,2022,17.2,KA03,Petrol,Aug 2022,2022,Comprehensive,6-speed,Automatic,5,bangalore,999
₹ 1.75 Lakh,Hatchback,90.0,4th Owner,Others,2011,20.0,KA03,Diesel,2011,2011,Third Party insurance,5 Speed,Manual,5,bangalore,1399
₹ 4 Lakh,Hatchback,40.0,2nd Owner,Others,2011,17.0,KA05,Petrol,2011,2011,Third Party insurance,5 Speed,Manual,5,bangalore,1197
₹ 9.50 Lakh,Sedan,65.0,2nd Owner,White,2011,14.74,KA01,Petrol,Aug 2011,2011,Third Party insurance,9 Speed,Automatic,5,bangalore,1991
₹ 15.95 Lakh,SUV,42.0,1st Owner,White,2020,16.1,KA02,Petrol,Oct 2020,2020,Comprehensive,6-Speed,Manual,5,bangalore,1353
₹ 5.93 Lakh,Hatchback,13.0,2nd Owner,Silver,2017,18.9,KA03,Petrol,Jan 2018,2017,Comprehensive,4 Speed,Automatic,5,bangalore,1197
₹ 10.57 Lakh,SUV,56.0,1st Owner,Silver,2019,20.0,KA02,Diesel,Apr 2019,2019,Third Party insurance,6 Speed,Manual,5,bangalore,1497
₹ 5.60 Lakh,Hatchback,8.0,1st Owner,Red,2020,22.0,KA01,Petrol,Jun 2020,2020,Third Party,5 Speed,Automatic,5,bangalore,999
₹ 12.64 Lakh,Sedan,57.0,1st Owner,White,2020,18.3,KA03,Petrol,Jul 2020,2020,Comprehensive,CVT,Automatic,5,bangalore,1498
₹ 16.66 Lakh,Sedan,19.0,1st Owner,PLATINUM WHITE,2022,16.4,KA05,Petrol,Nov 2022,2022,Comprehensive,5 Speed,Automatic,5,bangalore,1497
₹ 7.89 Lakh,Sedan,49.0,1st Owner,Brown,2018,17.4,KA02,Petrol,Mar 2018,2018,Third Party insurance,5 Speed,Manual,5,bangalore,1497
₹ 4.59 Lakh,Hatchback,78.0,2nd Owner,White,2012,22.38,KA05,Petrol,Aug 2012,2012,Comprehensive,5-Speed,Manual,5,bangalore,1197
₹ 12.75 Lakh,SUV,18.0,1st Owner,Blue,2022,18.9,KA05,Diesel,Jan 2022,2022,Third Party insurance,6-Speed,Manual,5,bangalore,1493
₹ 3.75 Lakh,Sedan,68.0,1st Owner,White,2010,17.0,KA03,Petrol,Dec 2010,2010,Comprehensive,5 Speed,Manual,5,bangalore,1497
₹ 38.75 Lakh,SUV,6.0,1st Owner,Maroon,2022,18.9,KA05,Diesel,Mar 2022,2022,Comprehensive,9-Speed,Automatic,7,bangalore,1956
₹ 9.85 Lakh,SUV,59.0,1st Owner,Golden,2018,16.55,KA50,Diesel,Aug 2018,2018,Third Party insurance,5 Speed,Manual,6,bangalore,2498
₹ 37.75 Lakh,Sedan,11.0,2nd Owner,White,2019,13.5,KA04,Diesel,Nov 2019,2019,Comprehensive,8 Speed,Automatic,5,bangalore,1999
₹ 8.25 Lakh,Hatchback,38.0,1st Owner,Red,2019,18.6,KA05,Petrol,Jun 2019,2019,Comprehensive,5 Speed,Manual,5,bangalore,1197
₹ 16.25 Lakh,SUV,1.0,2nd Owner,Silver,2013,12.55,KA51,Diesel,May 2013,2013,Comprehensive,5 Speed ,Automatic,7,bangalore,2982
₹ 21.98 Lakh,Sedan,39.0,2nd Owner,White,2016,22.69,KA05,Diesel,Feb 2017,2016,Third Party insurance,8 Speed,Automatic,5,bangalore,1995
₹ 8.25 Lakh,MUV,1.0,1st Owner,Golden,2008,12.8,KA01,Diesel,May 2008,2008,Comprehensive,5 Speed,Manual,7,bangalore,2494
₹ 11.75 Lakh,Hatchback,89.0,2nd Owner,Blue,2013,16.28,KA51,Petrol,Jul 2013,2013,Third Party,8 Speed,Automatic,5,bangalore,1598
₹ 6.56 Lakh,Hatchback,58.0,1st Owner,White,2017,21.4,KA25,Petrol,Oct 2017,2017,Comprehensive,CVT,Automatic,5,bangalore,1197
₹ 6.12 Lakh,Sedan,54.0,1st Owner,Silver,2018,21.21,KA05,Petrol,Jun 2018,2018,Third Party insurance,5 Speed,Automatic,5,bangalore,1197
₹ 11.95 Lakh,SUV,1.0,2nd Owner,Silver,2011,11.5,KA51,Diesel,Jun 2011,2011,Comprehensive,5 Speed,Manual,7,bangalore,2982
₹ 4.36 Lakh,Hatchback,21.0,1st Owner,Red,2019,23.01,KA03,Petrol,Oct 2019,2019,Comprehensive,5 Speed,Manual,5,bangalore,999
₹ 7.21 Lakh,Sedan,40.0,2nd Owner,Blue,2020,21.21,KA04,Petrol,Dec 2020,2020,Comprehensive,5 Speed,Automatic,5,bangalore,1197
₹ 17.50 Lakh,SUV,49.0,2nd Owner,Green,2015,17.05,KA51,Diesel,May 2015,2015,Comprehensive,8-Speed ,Automatic,5,bangalore,1995
₹ 6.20 Lakh,SUV,80.0,1st Owner,White,2017,15.85,KA36,Petrol,Feb 2018,2017,Comprehensive,5 Speed,Manual,5,bangalore,1499
₹ 32.99 Lakh,Sedan,52.0,1st Owner,White,2018,12.6,KA04,Diesel,Jan 2018,2018,Comprehensive,9 Speed,Automatic,5,bangalore,1950
₹ 6.43 Lakh,Hatchback,55.0,1st Owner,Red,2017,21.4,KA03,Petrol,Apr 2017,2017,Comprehensive,CVT,Automatic,5,bangalore,1197
₹ 8.22 Lakh,SUV,35.0,2nd Owner,Blue,2018,23.0,KA05,Diesel,Jan 2018,2018,Comprehensive,5 Speed,Manual,5,bangalore,1498
₹ 8.38 Lakh,Sedan,16.0,1st Owner,Red,2019,19.0,KA03,Petrol,Jan 2019,2019,Third Party insurance,CVT,Automatic,5,bangalore,1199
₹ 6.25 Lakh,SUV,86.0,2nd Owner,White,2013,19.6,KA01,Diesel,Jun 2013,2013,Comprehensive,6 Speed,Manual,5,bangalore,1461
₹ 11.25 Lakh,Sedan,88.0,1st Owner,Maroon,2016,15.1,KA01,Petrol,May 2016,2016,Comprehensive,7 Speed,Automatic,5,bangalore,1798
₹ 25.45 Lakh,SUV,34.0,1st Owner,White,2020,17.1,KA01,Diesel,May 2020,2020,Comprehensive,6 Speed,Automatic,5,bangalore,1956
₹ 3.45 Lakh,Hatchback,1.0,1st Owner,Grey,2013,20.86,KA01,Diesel,Aug 2013,2013,Comprehensive,5 Speed,Manual,5,bangalore,1199
₹ 9.99 Lakh,SUV,55.0,1st Owner,Orange,2020,19.87,KA03,Diesel,Jan 2020,2020,Third Party insurance,5-Speed,Manual,5,bangalore,1461
₹ 6.75 Lakh,SUV,54.0,2nd Owner,Orange,2015,14.7,KA02,Petrol,Nov 2015,2015,Comprehensive,6 Speed,Automatic,5,bangalore,1496
₹ 8.75 Lakh,Hatchback,25.0,1st Owner,Brown,2019,18.78,KA09,Petrol,Aug 2019,2019,Comprehensive,5 Speed,Manual,5,bangalore,999
₹ 4.85 Lakh,Hatchback,36.0,1st Owner,Silver,2016,23.1,KA01,Petrol,Jul 2016,2016,Comprehensive,5 Speed ,Manual,5,bangalore,998
₹ 7.75 Lakh,Hatchback,34.0,1st Owner,White,2018,22.54,KA01,Diesel,Apr 2018,2018,Comprehensive,6 Speed,Manual,5,bangalore,1396
₹ 6.55 Lakh,Hatchback,42.0,2nd Owner,Silver,2018,22.56,KA03,Petrol,Oct 2018,2018,Third Party insurance,5-Speed,Automatic,5,bangalore,1197
₹ 5.25 Lakh,Hatchback,48.0,2nd Owner,Red,2016,23.1,KA50,Petrol,Jan 2016,2016,Comprehensive,5 Speed ,Automatic,5,bangalore,998
₹ 4.42 Lakh,Hatchback,43.0,3rd Owner,Blue,2020,23.01,KA16,Petrol,Jul 2020,2020,Third Party insurance,5 Speed,Manual,5,bangalore,999
₹ 4.76 Lakh,Hatchback,44.0,1st Owner,Silver,2012,18.5,KA04,Petrol,Sept 2012,2012,Comprehensive,5 Speed,Manual,5,bangalore,1197
₹ 8.65 Lakh,Hatchback,62.0,2nd Owner,White,2017,17.21,KA03,Petrol,Jul 2017,2017,Comprehensive,7 Speed,Automatic,5,bangalore,1197
₹ 3.38 Lakh,Hatchback,99.0,2nd Owner,Silver,2010,22.38,KA51,Petrol,Jun 2010,2010,Comprehensive,5-Speed,Manual,5,bangalore,1197
₹ 12.99 Lakh,SUV,42.0,2nd Owner,White,2018,13.0,KA53,Petrol,May 2018,2018,Comprehensive,6 Speed,Automatic,5,bangalore,1591
₹ 4.92 Lakh,Hatchback,57.0,1st Owner,Red,2013,22.38,KA05,Petrol,Jan 2014,2013,Comprehensive,5-Speed,Manual,5,bangalore,1197
₹ 5.44 Lakh,Hatchback,42.0,3rd Owner,Red,2017,18.9,KA03,Petrol,Jun 2017,2017,Third Party,4 Speed,Automatic,5,bangalore,1197
₹ 13.65 Lakh,SUV,66.0,1st Owner,Grey,2016,16.0,KA05,Diesel,Jan 2016,2016,Third Party insurance,6 Speed,Automatic,7,bangalore,2179
₹ 10.85 Lakh,SUV,29.0,1st Owner,White,2021,18.0,KA19,Petrol,Oct 2021,2021,Third Party,6-Speed IMT,Manual,5,bangalore,998
₹ 14.88 Lakh,Sedan,10.0,1st Owner,Silver,2022,18.07,KA05,Petrol,Apr 2022,2022,Third Party,6-Speed,Automatic,5,bangalore,999
₹ 9.39 Lakh,Sedan,39.0,2nd Owner,White,2019,14.84,KA05,Petrol,Jul 2019,2019,Comprehensive,6 Speed,Automatic,5,bangalore,1598
₹ 8.88 Lakh,Sedan,36.0,2nd Owner,White,2017,14.84,KA63,Petrol,Jan 2018,2017,Third Party insurance,6 Speed,Automatic,5,bangalore,1598
₹ 4.25 Lakh,Hatchback,69.0,1st Owner,Maroon,2014,23.1,KA22,Petrol,Jul 2014,2014,Third Party,5 Speed ,Automatic,5,bangalore,998
₹ 8.18 Lakh,Sedan,12.0,2nd Owner,White,2019,19.0,KA01,Petrol,Mar 2019,2019,Third Party insurance,CVT,Automatic,5,bangalore,1199
₹ 19.44 Lakh,Sedan,74.0,1st Owner,Grey,2013,14.21,KA51,Diesel,Apr 2013,2013,Comprehensive,5 Speed,Automatic,5,bangalore,2143
₹ 6.95 Lakh,Hatchback,18.0,1st Owner,Blue,2018,22.0,KA51,Petrol,Jun 2018,2018,Comprehensive,5,Automatic,5,bangalore,1197
₹ 4.75 Lakh,Sedan,59.0,1st Owner,Silver,2010,14.4,KA51,Petrol,Apr 2010,2010,Comprehensive,6 Speed,Automatic,5,bangalore,1598
₹ 5.51 Lakh,Hatchback,17.0,1st Owner,Blue,2018,18.9,KA03,Petrol,Jan 2019,2018,Comprehensive,5 Speed,Manual,5,bangalore,1197
₹ 3.52 Lakh,Hatchback,58.0,1st Owner,Brown,2013,18.9,KA02,Petrol,Jul 2013,2013,Comprehensive,5 Speed,Manual,5,bangalore,998
₹ 6 Lakh,Sedan,40.0,1st Owner,Red,2015,17.8,KA03,Petrol,Nov 2015,2015,Comprehensive,5 Speed,Manual,5,bangalore,1497
₹ 4.79 Lakh,Hatchback,58.0,2nd Owner,Silver,2016,26.0,KA51,Petrol,May 2016,2016,Third Party,5-Speed,Automatic,5,bangalore,998
₹ 5.59 Lakh,Hatchback,42.0,1st Owner,Silver,2019,18.9,KA04,Petrol,Sept 2019,2019,Third Party insurance,5 Speed,Manual,5,bangalore,1197
₹ 15.19 Lakh,SUV,1.0,1st Owner,White,2017,18.9,KA05,Diesel,Feb 2017,2017,Comprehensive,5 Speed,Automatic,7,bangalore,1995
₹ 4.09 Lakh,Sedan,44.0,1st Owner,Black,2012,22.41,KA01,Petrol,Aug 2012,2012,Third Party,5 Speed,Manual,5,bangalore,1197
₹ 5.39 Lakh,Hatchback,21.0,1st Owner,White,2017,21.79,KA05,Petrol,Apr 2017,2017,Comprehensive,5 Speed,Automatic,5,bangalore,998
₹ 7.37 Lakh,Hatchback,14.0,1st Owner,Red,2021,22.38,KA02,Petrol,Mar 2021,2021,Third Party,5-Speed,Manual,5,bangalore,1197
₹ 5.26 Lakh,Sedan,94.0,2nd Owner,Red,2014,26.0,KA19,Diesel,Mar 2014,2014,Comprehensive,6 Speed ,Manual,5,bangalore,1498
₹ 13.50 Lakh,SUV,71.0,1st Owner,Silver,2016,16.0,KA53,Diesel,Aug 2016,2016,Comprehensive,6 Speed,Automatic,7,bangalore,2179
₹ 31.94 Lakh,SUV,1.0,1st Owner,White,2018,14.24,KA04,Diesel,Oct 2018,2018,Comprehensive,6 Speed,Manual,7,bangalore,2755
₹ 5.85 Lakh,Hatchback,58.0,2nd Owner,White,2016,18.9,KA03,Petrol,Apr 2016,2016,Comprehensive,4 Speed,Automatic,5,bangalore,1197
₹ 14.95 Lakh,SUV,1.0,2nd Owner,Brown,2014,15.73,KA51,Diesel,Aug 2014,2014,Third Party insurance,7-Speed S-Tronic ,Automatic,5,bangalore,1968
₹ 10.90 Lakh,SUV,1.0,2nd Owner,White,2010,11.1,KA25,Diesel,Apr 2010,2010,Comprehensive,6 Speed,Automatic,7,bangalore,2400
₹ 21 Lakh,Sedan,30.0,2nd Owner,White,2016,18.25,KA03,Diesel,Sept 2016,2016,Comprehensive,7 Speed,Automatic,5,bangalore,1968
₹ 5.90 Lakh,Sedan,59.0,1st Owner,Silver,2014,19.1,KA51,Petrol,Oct 2014,2014,Comprehensive,5 Speed,Manual,5,bangalore,1197
₹ 18.99 Lakh,SUV,25.0,1st Owner,White,2021,15.1,KA02,Diesel,Apr 2021,2021,Comprehensive,6 Speed,Manual,7,bangalore,2179
₹ 15.45 Lakh,SUV,32.0,1st Owner,White,2021,20.08,KA03,Petrol,Nov 2021,2021,Comprehensive,6-Speed,Manual,5,bangalore,999
₹ 18.95 Lakh,Sedan,35.0,1st Owner,White,2017,14.7,KA51,Petrol,Jan 2017,2017,Comprehensive,7 Speed,Automatic,5,bangalore,1798
₹ 5.40 Lakh,Hatchback,38.0,3rd Owner,Yellow,2018,19.0,KA01,Petrol,Jul 2018,2018,Comprehensive,5-Speed,Manual,5,bangalore,1194
₹ 4.91 Lakh,Hatchback,61.0,1st Owner,Red,2013,22.38,KA03,Petrol,Sept 2013,2013,Comprehensive,5-Speed,Manual,5,bangalore,1197
₹ 6.25 Lakh,SUV,1.0,2nd Owner,Silver,2012,17.67,KA05,Diesel,Feb 2012,2012,Comprehensive,6 Speed ,Manual,5,bangalore,1968
₹ 4.36 Lakh,Hatchback,52.0,1st Owner,Others,2021,21.7,KA33,Petrol,Sept 2021,2021,Third Party insurance,5 Speed,Manual,5,bangalore,998
₹ 6.16 Lakh,Hatchback,69.0,1st Owner,Brown,2017,19.0,KA05,Petrol,Nov 2017,2017,Comprehensive,5 Speed,Automatic,5,bangalore,1199
₹ 6.75 Lakh,SUV,67.0,1st Owner,Silver,2015,13.24,KA03,Petrol,Apr 2015,2015,Comprehensive,5 speed,Manual,5,bangalore,1598
₹ 5.33 Lakh,Sedan,51.0,2nd Owner,Black,2015,26.59,KA05,Diesel,Jan 2016,2015,Comprehensive,5 Speed,Manual,5,bangalore,1248
₹ 34.95 Lakh,Convertibles,22.0,1st Owner,Red,2015,16.6,KA03,Petrol,Dec 2015,2015,Comprehensive,7 Speed,Automatic,4,bangalore,1798
₹ 6.26 Lakh,Hatchback,11.0,2nd Owner,Silver,2017,18.9,KA53,Petrol,Aug 2017,2017,Comprehensive,5 Speed,Manual,5,bangalore,1197
₹ 6.32 Lakh,Hatchback,24.0,1st Owner,Red,2020,20.09,KA05,Petrol,Oct 2020,2020,Zero Dep,5-Speed`,Manual,5,bangalore,1199
₹ 17.75 Lakh,MUV,1.0,2nd Owner,White,2016,13.68,KA03,Diesel,Jul 2016,2016,Comprehensive,5 Speed,Manual,8,bangalore,2393
₹ 10 Lakh,Sedan,9.0,1st Owner,Golden Brown,2018,17.0,KA01,Petrol,May 2018,2018,Comprehensive,5 Speed,Manual,5,bangalore,1497
₹ 28.75 Lakh,Sedan,22.0,1st Owner,Red,2020,20.38,KA53,Diesel,Jul 2020,2020,Comprehensive,6 Speed,Automatic,5,bangalore,1968
₹ 10.85 Lakh,SUV,27.0,1st Owner,Blue,2020,18.0,KA05,Petrol,Feb 2020,2020,Comprehensive,6-Speed IMT,Manual,5,bangalore,998
₹ 22.75 Lakh,Sedan,68.0,2nd Owner,White,2017,22.69,KA05,Diesel,Jul 2017,2017,Comprehensive,8 Speed,Automatic,5,bangalore,1995
₹ 13.65 Lakh,SUV,19.0,1st Owner,White,2022,18.15,KA03,Petrol,Feb 2022,2022,Comprehensive,7-Speed DCT,Automatic,5,bangalore,998
₹ 15.50 Lakh,SUV,41.0,2nd Owner,Brown,2012,17.05,KA51,Diesel,Oct 2012,2012,Third Party insurance,8-Speed ,Automatic,5,bangalore,1995
₹ 30.25 Lakh,SUV,49.0,1st Owner,Blue,2018,20.68,KA02,Diesel,Sept 2018,2018,Comprehensive,8 Speed,Automatic,5,bangalore,1995
₹ 42.75 Lakh,Sedan,45.0,2nd Owner,Black,2018,20.37,KA03,Diesel,Oct 2018,2018,Comprehensive,8-Speed Steptronic,Automatic,5,bangalore,1995
₹ 44.50 Lakh,SUV,75.0,2nd Owner,White,2016,11.7,KA02,Diesel,Sept 2016,2016,Comprehensive,8 Speed,Automatic,5,bangalore,2993
₹ 4.83 Lakh,Hatchback,39.0,1st Owner,Red,2015,25.24,KA04,Petrol,Mar 2015,2015,Third Party,5-Speed,Manual,5,bangalore,998
₹ 10.07 Lakh,Sedan,68.0,2nd Owner,White,2018,18.0,KA04,Petrol,Nov 2018,2018,Third Party insurance,CVT,Automatic,5,bangalore,1497
₹ 9.95 Lakh,SUV,33.0,1st Owner,White,2019,13.9,KA22,Petrol,Oct 2019,2019,Comprehensive,6-Speed,Automatic,5,bangalore,1498
₹ 5.73 Lakh,Sedan,71.0,1st Owner,Red,2016,22.41,KA53,Petrol,Apr 2016,2016,Comprehensive,5 Speed,Manual,5,bangalore,1197
₹ 6.58 Lakh,Sedan,17.0,1st Owner,Silver,2015,22.41,KA53,Petrol,Jul 2015,2015,Comprehensive,5 Speed,Manual,5,bangalore,1197
₹ 12.45 Lakh,SUV,79.0,1st Owner,White,2017,17.6,KA04,Diesel,Sept 2017,2017,Comprehensive,6 Speed,Automatic,5,bangalore,1582
₹ 9.06 Lakh,Hatchback,9.0,1st Owner,Silver,2020,21.4,KA02,Petrol,Oct 2020,2020,Zero Dep,CVT,Automatic,5,bangalore,1197
₹ 11.95 Lakh,SUV,75.0,1st Owner,White,2019,15.8,KA53,Petrol,May 2019,2019,Comprehensive,6 Speed,Manual,5,bangalore,1591
₹ 10.31 Lakh,Sedan,20.0,1st Owner,White,2021,17.1,KA41,Petrol,Mar 2021,2021,Comprehensive,6 Speed,Manual,5,bangalore,1496
₹ 4.13 Lakh,Hatchback,50.0,3rd Owner,Red,2015,18.9,KA04,Petrol,Nov 2015,2015,Comprehensive,5 Speed,Manual,5,bangalore,1197
₹ 6.24 Lakh,Hatchback,35.0,1st Owner,White,2019,18.9,KA04,Petrol,Dec 2019,2019,Comprehensive,5 Speed,Manual,5,bangalore,1197
₹ 4.65 Lakh,Sedan,85.0,3rd Owner,Silver,2011,22.32,KA04,Diesel,Jan 2011,2011,Comprehensive,6 Speed ,Manual,5,bangalore,1582
₹ 10.50 Lakh,Sedan,48.0,1st Owner,White,2018,18.0,KA03,Petrol,Oct 2018,2018,Third Party insurance,5 Speed CVT,Automatic,5,bangalore,1497
₹ 7.25 Lakh,SUV,46.0,2nd Owner,Red,2017,17.0,KA06,Petrol,Jun 2017,2017,Comprehensive,6 Speed,Manual,5,bangalore,1198
₹ 18 Lakh,SUV,9.0,1st Owner,Red,2020,18.9,KA01,Diesel,Jun 2021,2020,Comprehensive,6 Speed,Automatic,4,bangalore,2184
₹ 6.50 Lakh,Sedan,70.0,2nd Owner,Maroon,2018,26.1,KA03,Diesel,May 2018,2018,Third Party insurance,5 Speed,Manual,5,bangalore,1498
₹ 13.95 Lakh,Sedan,78.0,2nd Owner,Red,2014,27.03,KA03,Diesel,Jan 2014,2014,Third Party insurance,8 Speed,Automatic,5,bangalore,1969
₹ 8.65 Lakh,Sedan,1.0,1st Owner,Golden Brown,2021,24.7,KA06,Diesel,Oct 2021,2021,Comprehensive,5 Speed,Manual,5,bangalore,1498
₹ 14.23 Lakh,Sedan,70.0,2nd Owner,Golden,2011,18.48,KA51,Diesel,Aug 2011,2011,Comprehensive,6 Speed,Automatic,5,bangalore,1995
₹ 43.99 Lakh,SUV,8.0,1st Owner,Black,2023,13.92,KA50,Diesel,Feb 2023,2023,Comprehensive,8 Speed,Automatic,6,bangalore,1996
₹ 4.75 Lakh,Sedan,81.0,3rd Owner,Silver,2014,22.41,KA50,Petrol,May 2014,2014,Comprehensive,5 Speed,Manual,5,bangalore,1197
₹ 7.47 Lakh,Sedan,48.0,2nd Owner,Others,2016,18.0,KA51,Petrol,Jan 2017,2016,Comprehensive,5 Speed CVT,Automatic,5,bangalore,1497
₹ 15.90 Lakh,SUV,21.0,1st Owner,Grey,2020,16.5,KA03,Petrol,Dec 2020,2020,Comprehensive,7-Speed DCT,Automatic,5,bangalore,1353
₹ 5.20 Lakh,Hatchback,67.0,2nd Owner,Silver,2016,18.9,KA05,Petrol,Oct 2016,2016,Comprehensive,4 Speed,Automatic,5,bangalore,1197
₹ 5.30 Lakh,Sedan,60.0,1st Owner,White,2015,22.41,KA53,Petrol,Dec 2015,2015,Third Party,5 Speed,Manual,5,bangalore,1197
₹ 5.95 Lakh,Hatchback,48.0,1st Owner,Red,2018,23.84,KA03,Petrol,Sept 2018,2018,Comprehensive,5 Speed,Automatic,5,bangalore,1199
₹ 3.12 Lakh,Hatchback,1.0,1st Owner,Silver,2010,18.5,KA51,Petrol,Mar 2010,2010,Third Party,5 Speed,Manual,5,bangalore,1197
₹ 9.20 Lakh,SUV,33.0,2nd Owner,Grey,2017,15.8,KA41,Petrol,Nov 2017,2017,Third Party insurance,6 Speed,Manual,5,bangalore,1591
₹ 4.03 Lakh,Hatchback,40.0,1st Owner,Silver,2021,22.05,KA50,Petrol,Jan 2022,2021,Zero Dep,5 Speed,Manual,5,bangalore,796
₹ 4.15 Lakh,Hatchback,92.0,1st Owner,White,2013,22.38,KA19,Petrol,Feb 2013,2013,Comprehensive,5-Speed,Manual,5,bangalore,1197
₹ 8.50 Lakh,Sedan,42.0,1st Owner,Maroon,2019,18.1,KA01,Petrol,Sept 2019,2019,Comprehensive,CVT,Automatic,5,bangalore,1199
₹ 27 Lakh,MUV,55.0,1st Owner,Aurora Black Pearl,2020,14.11,KA03,Diesel,Feb 2020,2020,Comprehensive,8-Speed,Automatic,7,bangalore,2199
₹ 11.45 Lakh,SUV,51.0,1st Owner,Brown,2021,21.7,KA51,Diesel,Sept 2021,2021,Comprehensive,5 Speed,Manual,5,bangalore,1498
₹ 12.75 Lakh,SUV,37.0,2nd Owner,Silver,2018,15.1,KA04,Diesel,Sept 2018,2018,Comprehensive,6 Speed,Manual,7,bangalore,2179
₹ 6.45 Lakh,Hatchback,36.0,1st Owner,Silver,2017,18.7,KA03,Petrol,Jan 2017,2017,Comprehensive,5 Speed,Manual,5,bangalore,1199
₹ 14.40 Lakh,SUV,11.0,1st Owner,Black,2022,16.82,KA50,Petrol,Aug 2022,2022,Comprehensive,6 Speed,Manual,5,bangalore,1197
₹ 11.45 Lakh,MUV,36.0,1st Owner,Golden,2019,19.01,KA53,Petrol,May 2019,2019,Comprehensive,5 Speed,Manual,7,bangalore,1462
₹ 12.25 Lakh,SUV,36.0,1st Owner,Blue,2019,18.15,KA03,Petrol,Aug 2019,2019,Third Party insurance,7-Speed,Automatic,5,bangalore,998
₹ 52.75 Lakh,Sedan,36.0,2nd Owner,White,2016,13.5,KA04,Diesel,Aug 2016,2016,Comprehensive,7 Speed,Automatic,5,bangalore,2987
₹ 38 Lakh,SUV,62.0,3rd Owner,White,2017,18.56,KA14,Diesel,Apr 2018,2017,Comprehensive,8 Speed,Automatic,5,bangalore,1995
₹ 8.88 Lakh,Sedan,39.0,1st Owner,Brown,2018,17.4,KA04,Petrol,Oct 2018,2018,Comprehensive,5 Speed,Manual,5,bangalore,1497
₹ 5.07 Lakh,Hatchback,49.0,1st Owner,White,2014,22.38,KA02,Petrol,Apr 2014,2014,Comprehensive,5-Speed,Manual,5,bangalore,1197
₹ 10.20 Lakh,Sedan,23.0,2nd Owner,Beige,2018,18.19,KA01,Petrol,Nov 2018,2018,Comprehensive,7 Speed,Automatic,5,bangalore,1197
₹ 4.72 Lakh,Hatchback,42.0,1st Owner,White,2021,21.7,KA52,Petrol,Jul 2021,2021,Comprehensive,5-Speed,Manual,5,bangalore,998
₹ 4.71 Lakh,Hatchback,68.0,1st Owner,Silver,2014,22.38,KA03,Petrol,Mar 2014,2014,Comprehensive,5-Speed,Manual,5,bangalore,1197
₹ 8.21 Lakh,Hatchback,54.0,1st Owner,Star Dust,2018,22.54,KA02,Diesel,Jan 2019,2018,Comprehensive,6 Speed,Manual,5,bangalore,1396
₹ 5.10 Lakh,Hatchback,91.0,1st Owner,Red,2015,22.38,KA01,Petrol,Jan 2015,2015,Comprehensive,5-Speed,Manual,5,bangalore,1197
₹ 5.99 Lakh,Hatchback,16.0,1st Owner,White,2022,21.74,KA05,Petrol,Mar 2022,2022,Third Party,5 Speed,Manual,5,bangalore,999
₹ 4.02 Lakh,Hatchback,80.0,1st Owner,Brown,2016,20.51,KA53,Petrol,Nov 2016,2016,Comprehensive,5 Speed,Manual,5,bangalore,998
₹ 10.02 Lakh,SUV,54.0,1st Owner,Red,2017,15.29,KA05,Petrol,Jun 2017,2017,Third Party insurance,6 Speed,Manual,5,bangalore,1591
₹ 9.75 Lakh,SUV,50.0,1st Owner,Grey,2020,18.55,KA53,Petrol,Nov 2020,2020,Comprehensive,5 Speed,Manual,5,bangalore,1462
₹ 7.95 Lakh,Hatchback,68.0,1st Owner,Blue,2018,22.54,KA04,Diesel,Sept 2018,2018,Comprehensive,6 Speed,Manual,5,bangalore,1396
₹ 5.50 Lakh,Hatchback,87.0,1st Owner,Flash Red,2016,16.2,KA09,Petrol,Aug 2016,2016,Comprehensive,5 Speed,Manual,5,bangalore,1199
₹ 12.98 Lakh,SUV,2.0,1st Owner,Black,2021,17.57,KA50,Petrol,Jul 2021,2021,Third Party insurance,6-Speed,Manual,5,bangalore,1199
₹ 10.85 Lakh,SUV,24.0,1st Owner,Blue,2021,18.55,KA12,Petrol,Sept 2021,2021,Third Party insurance,5 Speed,Manual,5,bangalore,1462
₹ 3.35 Lakh,Hatchback,2.0,1st Owner,Purple,2015,25.4,KA04,Petrol,Jul 2015,2015,Comprehensive,4 Speed,Automatic,4,bangalore,624
₹ 11.09 Lakh,SUV,31.0,1st Owner,Blue,2020,17.05,KA50,Petrol,Mar 2020,2020,Third Party insurance,6 Speed,Automatic,5,bangalore,1199
₹ 3.50 Lakh,Sedan,82.0,2nd Owner,Golden,2014,14.6,KA03,Petrol,Jun 2014,2014,Not Available,Five Speed Manual,Manual,5,bangalore,1368
₹ 8.95 Lakh,SUV,73.0,1st Owner,Black,2019,23.0,KA04,Diesel,May 2019,2019,Third Party insurance,5 Speed,Manual,5,bangalore,1498
₹ 17.75 Lakh,SUV,73.0,2nd Owner,Grey,2014,13.0,KA05,Diesel,Sept 2014,2014,Comprehensive,5 Speed,Manual,7,bangalore,2982
₹ 4.66 Lakh,Hatchback,41.0,1st Owner,Silver,2017,23.1,KA02,Petrol,Sept 2017,2017,Comprehensive,5 Speed,Manual,5,bangalore,998
₹ 9.24 Lakh,Sedan,19.0,2nd Owner,Brown,2019,17.4,KA04,Petrol,Jul 2019,2019,Zero Dep,5 Speed,Manual,5,bangalore,1497
₹ 7.75 Lakh,MUV,73.0,1st Owner,Red,2016,14.02,KA05,Diesel,Apr 2016,2016,Comprehensive,5 Speed,Manual,8,bangalore,2179
₹ 3.78 Lakh,Hatchback,73.0,2nd Owner,Red,2020,22.05,KA09,Petrol,Jun 2020,2020,Comprehensive,5 Speed,Manual,5,bangalore,796
₹ 5.55 Lakh,Hatchback,29.0,1st Owner,Silver,2015,22.38,KA03,Petrol,Aug 2015,2015,Comprehensive,5-Speed,Manual,5,bangalore,1197
₹ 8.99 Lakh,Sedan,39.0,1st Owner,Silver,2016,18.0,KA03,Petrol,Jun 2016,2016,Comprehensive,5 Speed CVT,Automatic,5,bangalore,1497
₹ 3.70 Lakh,Hatchback,41.0,1st Owner,Silver,2019,24.7,KA51,Petrol,Oct 2019,2019,Third Party,5 Speed,Manual,5,bangalore,796
₹ 8.10 Lakh,SUV,26.0,1st Owner,Brown,2018,17.5,KA03,Petrol,Nov 2018,2018,Third Party insurance,5 Speed,Manual,5,bangalore,1199
₹ 7.74 Lakh,Hatchback,63.0,1st Owner,White,2019,18.2,KA05,Petrol,Apr 2019,2019,Third Party insurance,5 Speed,Automatic,5,bangalore,1199
₹ 5.30 Lakh,Hatchback,35.0,1st Owner,Red,2019,20.3,KA04,Petrol,Nov 2019,2019,Comprehensive,5 Speed,Manual,5,bangalore,1086
₹ 9.45 Lakh,SUV,20.0,1st Owner,Brown,2020,16.5,KA06,Petrol,Nov 2020,2020,Comprehensive,5 Speed,Manual,5,bangalore,1199
₹ 8.80 Lakh,Hatchback,25.0,1st Owner,Golden,2020,19.33,KA50,Petrol,Feb 2020,2020,Third Party insurance,5-Speed,Manual,5,bangalore,1199
₹ 5.25 Lakh,Hatchback,88.0,1st Owner,Brown,2013,21.27,KA05,Diesel,Oct 2013,2013,Comprehensive,6 Speed,Manual,5,bangalore,1396
₹ 16.05 Lakh,SUV,62.0,1st Owner,Grey,2019,14.1,KA01,Petrol,Apr 2019,2019,Third Party insurance,7 Speed,Automatic,5,bangalore,1368
₹ 11.70 Lakh,Sedan,35.0,1st Owner,PLATINUM WHITE PEARL,2020,18.6,KA03,Petrol,Sept 2020,2020,Not Available,6 Speed,Manual,5,bangalore,1498
₹ 6.50 Lakh,Hatchback,34.0,1st Owner,Silver,2017,18.9,KA05,Petrol,May 2017,2017,Comprehensive,4 Speed,Automatic,5,bangalore,1197
₹ 8.75 Lakh,SUV,51.0,1st Owner,Red,2019,17.5,KA01,Petrol,Jul 2019,2019,Comprehensive,5 Speed,Manual,5,bangalore,1199
₹ 5 Lakh,Hatchback,74.0,1st Owner,Wine Red,2015,18.9,KA03,Petrol,Feb 2016,2015,Not Available,5 Speed,Manual,5,bangalore,1197
₹ 95 Lakh,SUV,82.0,1st Owner,Grey,2019,12.65,TS07,Diesel,Apr 2020,2019,Comprehensive,8 Speed,Automatic,5,bangalore,2993
₹ 21.95 Lakh,Sedan,63.0,1st Owner,Blue,2015,17.68,KA03,Diesel,Jan 2015,2015,Comprehensive,8 Speed,Automatic,5,bangalore,1968
₹ 3.95 Lakh,Hatchback,1.0,2nd Owner,Red,2015,18.9,KA20,Petrol,Jan 2016,2015,Comprehensive,5 Speed,Manual,5,bangalore,1197
₹ 4.21 Lakh,Hatchback,75.0,1st Owner,Others,2020,31.59,KA17,CNG,Dec 2020,2020,Third Party insurance,5 Speed,Manual,4,bangalore,796
₹ 13 Lakh,SUV,72.0,1st Owner,Blue,2017,13.0,KA05,Petrol,Oct 2017,2017,Not Available,6 Speed,Automatic,5,bangalore,1591
₹ 4.90 Lakh,Hatchback,51.0,1st Owner,Blue,2014,22.38,KA03,Petrol,Oct 2014,2014,Comprehensive,5-Speed,Manual,5,bangalore,1197
₹ 5.20 Lakh,Hatchback,74.0,1st Owner,Others,2017,20.89,KA06,Petrol,Mar 2017,2017,Third Party insurance,5 Speed,Automatic,5,bangalore,1197
₹ 14.50 Lakh,SUV,44.0,2nd Owner,Golden,2008,15.3,KA53,Diesel,Jul 2008,2008,Comprehensive,8 Speed,Automatic,5,bangalore,2993
₹ 6.16 Lakh,Hatchback,79.0,1st Owner,Silver,2017,19.0,KA01,Petrol,May 2017,2017,Comprehensive,5 Speed,Automatic,5,bangalore,1199
₹ 8.25 Lakh,SUV,54.0,1st Owner,White,2018,17.5,KA04,Petrol,Jun 2018,2018,Comprehensive,5 Speed,Manual,5,bangalore,1199
₹ 8.38 Lakh,Sedan,35.0,2nd Owner,Others,2018,17.4,KA53,Petrol,Apr 2018,2018,Comprehensive,5 Speed,Manual,5,bangalore,1497
₹ 6.18 Lakh,Hatchback,70.0,1st Owner,Silver,2019,22.56,KA05,Petrol,Apr 2019,2019,Zero Dep,5-Speed,Automatic,5,bangalore,1197
₹ 8.75 Lakh,SUV,96.0,2nd Owner,Black,2017,19.72,KA04,Diesel,Jan 2017,2017,Third Party insurance,6 Speed,Manual,5,bangalore,1461
₹ 3.90 Lakh,Hatchback,44.0,2nd Owner,Red,2010,18.06,KA03,Petrol,Aug 2010,2010,Comprehensive,5 Speed,Manual,5,bangalore,1198
₹ 13.49 Lakh,MUV,1.0,2nd Owner,Golden,2014,12.99,KA07,Diesel,May 2014,2014,Third Party insurance,5 Speed,Manual,7,bangalore,2494
₹ 5 Lakh,Sedan,92.0,2nd Owner,Taffeta White,2012,16.8,KA03,Petrol,Oct 2012,2012,Third Party,5 Speed,Manual,5,bangalore,1497
₹ 41 Lakh,SUV,79.0,2nd Owner,White,2014,11.3,KA02,Diesel,Oct 2014,2014,Comprehensive,7 Speed,Automatic,7,bangalore,2987
₹ 21.90 Lakh,SUV,20.0,1st Owner,Minimal Grey,2020,17.1,KA03,Diesel,Jun 2020,2020,Zero Dep,9 Speed,Automatic,5,bangalore,1956
₹ 7.95 Lakh,Sedan,77.0,1st Owner,White,2018,17.8,KA05,Petrol,Oct 2018,2018,Comprehensive,7 Speed CVT,Automatic,5,bangalore,1496
₹ 7.75 Lakh,SUV,45.0,1st Owner,Brown,2017,14.7,KA01,Petrol,Nov 2017,2017,Comprehensive,6 Speed,Automatic,5,bangalore,1496
₹ 7.45 Lakh,Hatchback,27.0,2nd Owner,Grey,2017,19.56,KA02,Petrol,Oct 2017,2017,Third Party insurance,CVT,Automatic,5,bangalore,1197
₹ 11.25 Lakh,SUV,1.0,1st Owner,White,2019,16.1,KA04,Petrol,Oct 2019,2019,Third Party insurance,6-Speed,Manual,5,bangalore,1353
₹ 10.30 Lakh,SUV,70.0,1st Owner,Brown,2016,16.0,KA01,Diesel,Dec 2016,2016,Comprehensive,6 Speed ,Manual,7,bangalore,2179
₹ 5.82 Lakh,Hatchback,11.0,2nd Owner,Silver,2020,22.0,KA01,Petrol,Mar 2020,2020,Zero Dep,5 Speed,Automatic,5,bangalore,999
₹ 6.15 Lakh,Hatchback,36.0,1st Owner,White,2018,18.9,KA19,Petrol,Jan 2019,2018,Third Party insurance,5 Speed,Manual,5,bangalore,1197
₹ 5.60 Lakh,Hatchback,74.0,2nd Owner,Red,2015,19.0,KA03,Petrol,Nov 2015,2015,Third Party insurance,5 Speed,Automatic,5,bangalore,1199
₹ 7.10 Lakh,Hatchback,89.0,1st Owner,Silver,2016,27.39,KA04,Diesel,Apr 2016,2016,Third Party,5 Speed,Manual,5,bangalore,1248
₹ 5.35 Lakh,Hatchback,11.0,2nd Owner,White,2015,21.21,KA53,Petrol,Mar 2015,2015,Third Party,5,Manual,5,bangalore,1197
₹ 4.46 Lakh,Hatchback,55.0,2nd Owner,Red,2012,22.9,KA01,Diesel,Jan 2013,2012,Third Party,5 Speed,Manual,5,bangalore,1248
₹ 10.18 Lakh,SUV,27.0,1st Owner,White,2019,14.8,KA02,Petrol,Nov 2019,2019,Comprehensive,6 Speed,Automatic,5,bangalore,1497
₹ 8.40 Lakh,Sedan,56.0,1st Owner,Silver,2017,18.0,KA01,Petrol,Jul 2017,2017,Zero Dep,5 Speed CVT,Automatic,5,bangalore,1497
₹ 6.54 Lakh,Sedan,42.0,2nd Owner,Others,2016,17.01,KA04,Petrol,Aug 2016,2016,Comprehensive,5 Speed,Manual,5,bangalore,1591
₹ 11.25 Lakh,SUV,1.0,1st Owner,White,2019,16.1,KA04,Petrol,Oct 2019,2019,Comprehensive,6-Speed,Manual,5,bangalore,1353
₹ 5.85 Lakh,Hatchback,33.0,1st Owner,Red,2016,22.0,KA50,Petrol,Aug 2016,2016,Third Party insurance,5,Manual,5,bangalore,1197
₹ 12.50 Lakh,SUV,54.0,1st Owner,Orange,2019,16.8,KA05,Petrol,Oct 2019,2019,Comprehensive,6-Speed,Manual,5,bangalore,1497
₹ 4.75 Lakh,Sedan,69.0,2nd Owner,Silver,2014,19.1,KA01,Petrol,Jun 2014,2014,Comprehensive,5 Speed ,Manual,5,bangalore,1197
₹ 3.10 Lakh,Hatchback,69.0,2nd Owner,Red,2010,20.36,KA02,Petrol,Jun 2010,2010,Comprehensive,5 Speed,Manual,5,bangalore,1197
₹ 23.95 Lakh,SUV,49.0,1st Owner,White,2020,17.1,KA04,Diesel,Jun 2020,2020,Zero Dep,6 Speed,Automatic,5,bangalore,1956
₹ 10.85 Lakh,Sedan,57.0,2nd Owner,Fiery Red,2017,22.0,KA41,Diesel,Jun 2017,2017,Comprehensive,6 Speed,Automatic,5,bangalore,1582
₹ 4.75 Lakh,Hatchback,57.0,1st Owner,T Wine,2015,20.5,KA03,Diesel,Oct 2015,2015,Comprehensive,5 Speed,Manual,5,bangalore,1248
₹ 4.06 Lakh,Hatchback,50.0,2nd Owner,White,2015,20.51,KA51,Petrol,May 2015,2015,Third Party insurance,5 Speed,Manual,5,bangalore,998
₹ 10.84 Lakh,Hatchback,23.0,1st Owner,White,2022,25.0,KA02,Diesel,Jun 2022,2022,Comprehensive,6 Speed,Manual,5,bangalore,1493
₹ 4.45 Lakh,Hatchback,66.0,1st Owner,Others,2016,23.1,KA05,Petrol,Jul 2016,2016,Comprehensive,5 Speed ,Automatic,5,bangalore,998
₹ 13.82 Lakh,SUV,36.0,1st Owner,Silver,2016,16.0,KA01,Diesel,Mar 2016,2016,Comprehensive,6 Speed ,Manual,7,bangalore,2179
₹ 6.01 Lakh,Sedan,74.0,1st Owner,White,2015,20.85,KA05,Petrol,Jul 2015,2015,Third Party insurance,5 Speed,Manual,5,bangalore,1197
₹ 5.94 Lakh,Hatchback,6.0,1st Owner,White,2022,20.3,KA03,Petrol,Jul 2022,2022,Zero Dep,5 Speed,Manual,5,bangalore,1086
₹ 9.60 Lakh,SUV,14.0,1st Owner,White,2020,15.9,KA02,Petrol,Jun 2020,2020,Comprehensive,5 Speed,Manual,5,bangalore,1496
₹ 5.75 Lakh,Hatchback,27.0,1st Owner,White,2021,21.7,KA13,Petrol,Oct 2021,2021,Comprehensive,AGS,Automatic,5,bangalore,998
₹ 7.29 Lakh,Sedan,90.0,2nd Owner,Silver,2015,18.0,KA03,Petrol,Feb 2016,2015,Comprehensive,5 Speed CVT,Automatic,5,bangalore,1497
₹ 35.75 Lakh,SUV,50.0,1st Owner,Blue,2019,16.6,KA13,Petrol,Nov 2019,2019,Comprehensive,8 Speed,Automatic,5,bangalore,1998
₹ 9.62 Lakh,SUV,69.0,1st Owner,Silver,2017,24.3,KA04,Diesel,Aug 2017,2017,Comprehensive,5 Speed,Manual,5,bangalore,1248
₹ 4.50 Lakh,Hatchback,71.0,1st Owner,Blue,2021,21.74,KA02,Petrol,Sept 2021,2021,Comprehensive,5 Speed,Manual,5,bangalore,999
₹ 8.49 Lakh,Hatchback,35.0,1st Owner,Prime Star Gaze,2019,19.56,KA04,Petrol,Apr 2019,2019,Third Party insurance,CVT,Automatic,5,bangalore,1197
₹ 5.35 Lakh,Hatchback,40.0,1st Owner,White,2016,23.2,KA53,Diesel,Jul 2016,2016,Third Party insurance,5 Speed,Manual,5,bangalore,1248
₹ 4.35 Lakh,Hatchback,90.0,1st Owner,Brown,2012,17.0,KA05,Petrol,Aug 2012,2012,Comprehensive,5 Speed,Manual,5,bangalore,1197
₹ 6.85 Lakh,Hatchback,60.0,2nd Owner,Grey,2017,19.0,KA51,Petrol,Jun 2017,2017,Comprehensive,5 Speed,Automatic,5,bangalore,1199
₹ 57.50 Lakh,SUV,30.0,1st Owner,White,2019,16.55,KA02,Diesel,Aug 2019,2019,Comprehensive,8 Speed,Automatic,5,bangalore,1995
₹ 7.30 Lakh,SUV,60.0,2nd Owner,Brown,2016,19.87,KA04,Diesel,2016,2016,Third Party insurance,5 speed,Manual,5,bangalore,1461
₹ 11.45 Lakh,SUV,1.0,1st Owner,White,2015,16.0,KA05,Diesel,Jul 2015,2015,Comprehensive,6 Speed,Manual,7,bangalore,2179
₹ 4.10 Lakh,Hatchback,41.0,2nd Owner,Red,2015,18.9,KA05,Petrol,Sept 2015,2015,Third Party,5 Speed,Manual,5,bangalore,998
₹ 10.75 Lakh,Sedan,85.0,2nd Owner,White,2009,12.3,KA03,Petrol,Sept 2009,2009,Comprehensive,7 Speed,Automatic,5,bangalore,1781
₹ 8.49 Lakh,Sedan,32.0,2nd Owner,Red,2017,17.01,KA41,Petrol,Sept 2017,2017,Third Party insurance,4 Speed,Automatic,5,bangalore,1591
₹ 7.49 Lakh,Hatchback,34.0,1st Owner,Blue,2018,18.6,KA03,Petrol,Apr 2018,2018,Third Party insurance,5 Speed,Manual,5,bangalore,1197
₹ 8.72 Lakh,SUV,36.0,1st Owner,Silver,2017,15.29,KA12,Petrol,Jun 2017,2017,Third Party insurance,6 Speed,Manual,5,bangalore,1591
₹ 3.06 Lakh,Hatchback,1.0,2nd Owner,Silver,2011,17.0,KA51,Petrol,Feb 2011,2011,Comprehensive,5 Speed,Manual,5,bangalore,1197
₹ 9.95 Lakh,Sedan,81.0,4th Owner,Grey,2013,14.57,HR26,Diesel,May 2014,2013,Third Party insurance,8 Speed,Automatic,5,bangalore,2967
₹ 3.48 Lakh,Hatchback,5.0,2nd Owner,White,2013,19.81,KA53,Petrol,Sept 2013,2013,Third Party insurance,5 Speed,Manual,5,bangalore,1086
₹ 24.25 Lakh,Sedan,37.0,1st Owner,Blue,2019,19.2,HR26,Petrol,Sept 2019,2019,Third Party insurance,7 Speed,Automatic,5,bangalore,1395
₹ 17.25 Lakh,SUV,6.0,1st Owner,Silver,2021,14.5,KA51,Petrol,Aug 2021,2021,Comprehensive,6 Speed,Manual,6,bangalore,1999
₹ 5 Lakh,Sedan,61.0,1st Owner,Silver,2013,21.8,KA53,Diesel,Aug 2013,2013,Third Party,6 Speed MT,Manual,5,bangalore,1461
₹ 4.17 Lakh,Hatchback,30.0,2nd Owner,Silver,2018,24.04,KA50,Petrol,Aug 2018,2018,Third Party insurance,5 Speed,Automatic,5,bangalore,999
₹ 3.99 Lakh,Sedan,80.0,2nd Owner,White,2011,20.54,KA04,Diesel,Feb 2011,2011,Third Party insurance,5 Speed,Manual,5,bangalore,1598
₹ 5.41 Lakh,Hatchback,49.0,1st Owner,Others,2016,18.9,KA53,Petrol,Feb 2017,2016,Comprehensive,4 Speed,Automatic,5,bangalore,1197
₹ 5.68 Lakh,Hatchback,83.0,2nd Owner,Silver,2016,21.4,KA06,Petrol,Jun 2016,2016,Comprehensive,CVT,Automatic,5,bangalore,1197
₹ 7.30 Lakh,Hatchback,45.0,1st Owner,Red,2018,21.4,KA04,Petrol,Nov 2018,2018,Comprehensive,5 Speed,Manual,5,bangalore,1197
₹ 4.46 Lakh,Hatchback,81.0,1st Owner,White,2017,23.1,KA05,Petrol,Jun 2017,2017,Comprehensive,5 Speed,Manual,5,bangalore,998
₹ 6.38 Lakh,Hatchback,67.0,2nd Owner,Silver,2015,25.2,KA05,Diesel,Nov 2015,2015,Comprehensive,5 Speed,Manual,5,bangalore,1248
₹ 37.50 Lakh,SUV,38.0,1st Owner,Red,2018,18.0,KA05,Diesel,Feb 2019,2018,Comprehensive,8 Speed,Automatic,5,bangalore,1969
₹ 6.94 Lakh,Hatchback,65.0,1st Owner,Others,2018,18.6,KA40,Petrol,Mar 2019,2018,Third Party insurance,5 Speed,Manual,5,bangalore,1197
₹ 47 Lakh,SUV,47.0,2nd Owner,Blue,2018,17.9,KA04,Diesel,Aug 2018,2018,Comprehensive,9 Speed,Automatic,5,bangalore,2143
₹ 4.93 Lakh,Hatchback,62.0,1st Owner,White,2014,22.38,KA03,Petrol,Jun 2014,2014,Third Party,5-Speed,Manual,5,bangalore,1197
₹ 6.37 Lakh,Hatchback,94.0,1st Owner,Silver,2017,25.2,KA05,Diesel,Jun 2017,2017,Comprehensive,5 Speed,Manual,5,bangalore,1248
₹ 3.65 Lakh,Hatchback,1.0,1st Owner,Grey,2012,17.0,KA05,Petrol,Oct 2012,2012,Not Available,5 Speed,Manual,5,bangalore,1197
₹ 8.25 Lakh,SUV,1.0,1st Owner,White,2019,15.96,KA34,Diesel,Jun 2019,2019,Third Party insurance,5 Speed,Manual,7,bangalore,2523
₹ 6.45 Lakh,Sedan,70.0,1st Owner,Grey,2017,21.66,KA01,Diesel,Aug 2017,2017,Comprehensive,5 Speed,Manual,5,bangalore,1498
₹ 5.85 Lakh,Hatchback,37.0,1st Owner,Grey,2017,20.89,KA05,Petrol,Feb 2017,2017,Third Party insurance,5 Speed,Manual,5,bangalore,1197
₹ 8.35 Lakh,Hatchback,38.0,1st Owner,Silver,2019,18.6,KA06,Petrol,Jan 2019,2019,Comprehensive,5 Speed,Manual,5,bangalore,1197
₹ 16.49 Lakh,SUV,1.0,2nd Owner,Blue,2012,12.55,KA01,Diesel,May 2012,2012,Comprehensive,5 Speed,Manual,7,bangalore,2982
₹ 3.30 Lakh,Sedan,56.0,2nd Owner,Red,2008,15.0,KA02,Petrol,Jun 2008,2008,Third Party insurance,5 Speed,Manual,5,bangalore,1586
₹ 4.25 Lakh,Hatchback,42.0,2nd Owner,White,2014,19.4,KA03,Petrol,Sept 2014,2014,Comprehensive,5 Speed,Manual,5,bangalore,1198
₹ 7.50 Lakh,Hatchback,93.0,1st Owner,Red,2018,22.54,KA03,Diesel,Dec 2018,2018,Comprehensive,6 Speed,Manual,5,bangalore,1396
₹ 6.75 Lakh,Hatchback,36.0,2nd Owner,White,2017,18.9,KA04,Petrol,May 2017,2017,Comprehensive,4 Speed,Automatic,5,bangalore,1197
