PRICE,BODY_TYPE,KILOMETERS_DRIVEN,NUMBER_OF_OWNERS,YEAR_OF_MANUFACTURE,MILEAGE,FUEL_TYPE,MODEL_YEAR,INSURANCE_VALIDITY,NUMBER_OF_GEARS,TRANSMISSION,SEATS,CITY_NAME
400000.0,Hatchback,120000,3,2015,23.1,Petrol,2015,Third Party insurance,5,Manual,5,BANGALORE
811000.0,SUV,32706,2,2018,17.0,Petrol,2018,Comprehensive,5,Manual,5,BANGALORE
585000.0,Hatchback,11949,1,2018,23.84,Petrol,2018,Comprehensive,5,Manual,5,BANGALORE
462000.0,Sedan,17794,1,2014,19.1,Petrol,2014,Comprehensive,5,Manual,5,BANGALORE
790000.0,SUV,60000,1,2015,23.65,Diesel,2015,Third Party insurance,5,Manual,5,BANGALORE
1900000.0,SUV,20000,1,2020,17.1,Diesel,2020,Third Party insurance,6,Manual,5,BANGALORE
345000.0,Hatchback,37772,1,2017,20.63,Petrol,2017,Comprehensive,5,Manual,5,BANGALORE
1200000.0,SUV,30000,1,2021,18.15,Petrol,2021,Third Party insurance,7,Automatic,5,BANGALORE
960000.0,Sedan,37000,1,2018,20.28,Petrol,2018,Comprehensive,4,Automatic,5,BANGALORE
585000.0,Hatchback,11949,1,2017,23.84,Petrol,2017,Comprehensive,5,Manual,5,BANGALORE
690000.0,Hatchback,50000,1,2018,21.4,Petrol,2018,Third Party insurance,5,Manual,5,BANGALORE
682000.0,Hatchback,24887,1,2019,18.9,Petrol,2019,Third Party insurance,4,Automatic,5,BANGALORE
825000.0,Hatchback,23000,1,2018,18.2,Petrol,2018,Comprehensive,5,Automatic,5,BANGALORE
595000.0,Hatchback,48928,1,2018,23.84,Petrol,2018,Comprehensive,5,Automatic,5,BANGALORE
690000.0,SUV,108862,3,2014,15.1,Diesel,2014,Comprehensive,6,Manual,7,BANGALORE
1350000.0,SUV,80000,1,2018,17.1,Diesel,2018,Third Party insurance,6,Manual,5,BANGALORE
5595000.0,SUV,16000,1,2022,18.9,Diesel,2022,Comprehensive,8,Automatic,5,BANGALORE
521000.0,Hatchback,65376,2,2014,21.27,Diesel,2014,Comprehensive,6,Manual,5,BANGALORE
1005000.0,SUV,10000,1,2022,17.33,Petrol,2022,Third Party insurance,6,Manual,5,BANGALORE
775000.0,Sedan,67000,2,2016,17.8,Petrol,2016,Comprehensive,5,Manual,5,BANGALORE
2200000.0,Sedan,100000,3,2011,18.48,Diesel,2011,Third Party insurance,6,Automatic,5,BANGALORE
582000.0,Hatchback,18083,1,2016,22.38,Petrol,2016,Comprehensive,5,Manual,5,BANGALORE
1090000.0,SUV,30000,1,2020,16.42,Petrol,2020,Third Party insurance,5,Manual,5,BANGALORE
457000.0,Hatchback,57634,2,2016,23.84,Petrol,2016,Comprehensive,5,Manual,5,BANGALORE
4900000.0,Sedan,50000,2,2016,7.81,Petrol,2016,Third Party insurance,7,Automatic,5,BANGALORE
550000.0,Sedan,110000,1,2015,17.4,Petrol,2015,Third Party insurance,5,Manual,5,BANGALORE
570000.0,Hatchback,23447,1,2018,20.3,Petrol,2018,Comprehensive,5,Automatic,5,BANGALORE
220000.0,Hatchback,30000,2,2009,13.45,LPG,2009,Third Party insurance,5,Manual,5,BANGALORE
4145000.0,Sedan,33000,1,2017,15.0,Petrol,2017,Comprehensive,9,Automatic,5,BANGALORE
861000.0,SUV,87667,2,2014,15.1,Diesel,2014,Third Party,6,Manual,7,BANGALORE
1785000.0,Sedan,40000,2,2016,17.11,Diesel,2016,Third Party insurance,8,Automatic,5,BANGALORE
803000.0,SUV,79012,2,2014,15.1,Diesel,2014,Comprehensive,6,Manual,7,BANGALORE
2565000.0,SUV,31344,1,2021,17.1,Diesel,2021,Comprehensive,6,Manual,5,BANGALORE
674000.0,Sedan,50000,1,2018,20.14,Petrol,2018,Third Party insurance,5,Manual,5,BANGALORE
349000.0,Hatchback,12434,1,2015,20.51,Petrol,2015,Comprehensive,5,Manual,5,BANGALORE
1050000.0,MUV,60000,2,2019,19.34,Petrol,2019,Third Party insurance,5,Manual,7,BANGALORE
4425000.0,Sedan,12000,1,2019,12.6,Diesel,2019,Comprehensive,9,Automatic,5,BANGALORE
406000.0,Hatchback,40987,2,2015,20.51,Petrol,2015,Comprehensive,5,Manual,5,BANGALORE
4965000.0,Sedan,18157,1,2020,15.56,Petrol,2020,Zero Dep,8,Automatic,5,BANGALORE
1100000.0,SUV,120000,3,2011,11.5,Diesel,2011,Third Party insurance,5,Manual,7,BANGALORE
1100000.0,SUV,40000,2,2020,19.87,Diesel,2020,Third Party insurance,6,Automatic,5,BANGALORE
594000.0,Hatchback,89667,1,2016,18.6,Petrol,2016,Comprehensive,5,Manual,5,BANGALORE
710000.0,Hatchback,120000,1,2017,22.54,Diesel,2017,Third Party insurance,6,Manual,5,BANGALORE
692000.0,Hatchback,56997,1,2017,21.4,Petrol,2017,Zero Dep,5,Manual,5,BANGALORE
650000.0,Sedan,120000,1,2013,16.3,Petrol,2013,Third Party insurance,6,Manual,5,BANGALORE
2090000.0,Sedan,59000,1,2015,18.53,Diesel,2015,Third Party insurance,7,Automatic,5,BANGALORE
411000.0,Hatchback,18835,1,2021,22.05,Petrol,2021,Zero Dep,5,Manual,5,BANGALORE
650000.0,SUV,120000,2,2010,12.05,Diesel,2010,Third Party insurance,5,Manual,7,BANGALORE
3675000.0,Hatchback,40000,1,2016,17.33,Petrol,2016,Comprehensive,7,Automatic,4,BANGALORE
610000.0,Hatchback,60932,1,2019,23.84,Petrol,2019,Comprehensive,5,Manual,5,BANGALORE
1675000.0,SUV,33539,2,2020,16.5,Petrol,2020,Comprehensive,7,Automatic,5,BANGALORE
530000.0,Hatchback,66837,2,2018,23.84,Petrol,2018,Comprehensive,5,Manual,5,BANGALORE
7990000.0,Sedan,400,1,2022,18.9,Diesel,2022,Third Party,9,Automatic,5,BANGALORE
250000.0,Hatchback,60000,2,2008,19.7,Petrol,2008,Third Party insurance,5,Manual,5,BANGALORE
715000.0,Hatchback,44285,1,2019,18.6,Petrol,2019,Third Party insurance,5,Manual,5,BANGALORE
3500000.0,SUV,100000,2,2014,11.3,Diesel,2014,Third Party insurance,7,Automatic,7,BANGALORE
2250000.0,SUV,25000,1,2021,14.08,Diesel,2021,Comprehensive,6,Automatic,6,BANGALORE
625000.0,Hatchback,36735,1,2018,18.9,Petrol,2018,Comprehensive,5,Manual,5,BANGALORE
2695000.0,SUV,79000,1,2015,12.07,Diesel,2015,Comprehensive,8,Automatic,7,BANGALORE
650000.0,SUV,120000,2,2010,12.05,Diesel,2010,Third Party insurance,5,Manual,8,BANGALORE
550000.0,Hatchback,10000,1,2022,22.0,Petrol,2022,Third Party insurance,5,Automatic,5,BANGALORE
825000.0,SUV,53645,1,2018,21.5,Diesel,2018,Comprehensive,6,Manual,5,BANGALORE
220000.0,Hatchback,100000,2,2006,15.3,Petrol,2006,Third Party insurance,5,Manual,5,BANGALORE
428000.0,Hatchback,53982,1,2014,26.68,Petrol,2014,Comprehensive,5,Automatic,5,BANGALORE
695000.0,Sedan,110000,1,2014,21.14,Diesel,2014,Third Party insurance,5,Manual,5,BANGALORE
930000.0,SUV,37741,2,2019,15.9,Petrol,2019,Third Party insurance,5,Manual,5,BANGALORE
455000.0,Hatchback,17367,1,2021,22.05,Petrol,2021,Comprehensive,5,Manual,5,BANGALORE
1195000.0,SUV,94000,1,2017,19.67,Diesel,2017,Comprehensive,6,Manual,5,BANGALORE
2175000.0,SUV,33700,1,2021,14.6,Diesel,2021,Comprehensive,6,Automatic,5,BANGALORE
442000.0,Hatchback,54601,3,2014,22.38,Petrol,2014,Comprehensive,5,Manual,5,BANGALORE
690000.0,Hatchback,110000,1,2018,28.4,Diesel,2018,Third Party insurance,5,Manual,5,BANGALORE
500000.0,Hatchback,64000,2,2017,23.1,Petrol,2017,Third Party,5,Manual,5,BANGALORE
3395000.0,Sedan,40525,1,2016,21.76,Diesel,2016,Comprehensive,8,Automatic,5,BANGALORE
650000.0,Sedan,100000,1,2015,26.21,Diesel,2015,Third Party insurance,5,Manual,5,BANGALORE
537000.0,Hatchback,44154,2,2016,19.0,Petrol,2016,Comprehensive,5,Automatic,5,BANGALORE
750000.0,MUV,70000,1,2016,19.98,Diesel,2016,Third Party insurance,6,Manual,7,BANGALORE
1790000.0,Sedan,79000,1,2018,15.1,Petrol,2018,Comprehensive,7,Automatic,5,BANGALORE
468000.0,Hatchback,68039,2,2017,23.84,Petrol,2017,Third Party insurance,5,Manual,5,BANGALORE
420000.0,Hatchback,60000,2,2014,18.5,Petrol,2014,Third Party insurance,5,Manual,5,BANGALORE
420000.0,Hatchback,60000,2,2014,18.5,Petrol,2014,Third Party insurance,5,Manual,5,BANGALORE
920000.0,Hatchback,10000,1,2021,20.0,Petrol,2021,Third Party insurance,6,Manual,5,BANGALORE
533000.0,Sedan,49873,1,2013,16.8,Petrol,2013,Third Party,5,Manual,5,BANGALORE
850000.0,Hatchback,90000,3,2013,17.2,Petrol,2013,Third Party insurance,7,Automatic,5,BANGALORE
751000.0,Sedan,48960,2,2017,21.13,Diesel,2017,Third Party insurance,5,Manual,5,BANGALORE
388000.0,Hatchback,70000,2,2014,24.0,Diesel,2014,Third Party insurance,5,Manual,5,BANGALORE
490000.0,Hatchback,68000,2,2013,18.5,Petrol,2013,Comprehensive,5,Manual,5,BANGALORE
494000.0,SUV,23017,1,2016,25.32,Diesel,2016,Third Party,5,Manual,6,BANGALORE
525000.0,Hatchback,83000,2,2013,21.27,Diesel,2013,Comprehensive,6,Manual,5,BANGALORE
2890000.0,SUV,92000,2,2016,16.55,Diesel,2016,Comprehensive,8,Automatic,5,BANGALORE
550000.0,Hatchback,62139,1,2018,20.51,Petrol,2018,Comprehensive,5,Manual,5,BANGALORE
365000.0,Hatchback,74000,1,2013,19.2,LPG,2013,Comprehensive,5,Manual,5,BANGALORE
420000.0,Hatchback,26500,2,2016,24.04,Petrol,2016,Comprehensive,5,Automatic,5,BANGALORE
1895000.0,Sedan,81716,1,2017,27.03,Diesel,2017,Comprehensive,8,Automatic,5,BANGALORE
5990000.0,Sedan,24000,2,2018,17.0,Diesel,2018,Comprehensive,9,Automatic,5,BANGALORE
1050000.0,SUV,10000,1,2022,17.0,Petrol,2022,Third Party insurance,6,Automatic,5,BANGALORE
2075000.0,SUV,18000,1,2021,16.56,Petrol,2021,Comprehensive,0,Automatic,6,BANGALORE
394000.0,Hatchback,38197,1,2013,19.4,Petrol,2013,Third Party,5,Manual,5,BANGALORE
725000.0,Hatchback,23000,2,2017,19.56,Petrol,2017,Comprehensive,0,Automatic,5,BANGALORE
240000.0,Hatchback,50000,1,2013,20.92,Petrol,2013,Third Party insurance,5,Manual,5,BANGALORE
835000.0,SUV,10000,1,2022,19.03,Petrol,2022,Third Party insurance,5,Automatic,5,BANGALORE
695000.0,Hatchback,19000,1,2019,18.9,Petrol,2019,Third Party insurance,5,Manual,5,BANGALORE
1725000.0,SUV,14000,1,2020,16.5,Petrol,2020,Comprehensive,7,Automatic,5,BANGALORE
330000.0,Hatchback,29268,1,2014,21.1,Petrol,2014,Comprehensive,5,Manual,5,BANGALORE
990000.0,Sedan,20000,1,2019,18.19,Petrol,2019,Third Party insurance,7,Automatic,5,BANGALORE
750000.0,Sedan,30000,1,2018,17.1,Petrol,2018,Third Party insurance,6,Manual,5,BANGALORE
755000.0,Hatchback,64374,1,2018,19.0,Petrol,2018,Third Party insurance,5,Automatic,5,BANGALORE
1750000.0,SUV,30000,1,2021,17.41,Diesel,2021,Third Party insurance,6,Manual,5,BANGALORE
2083000.0,SUV,7100,1,2022,14.2,Petrol,2022,Comprehensive,6,Automatic,6,BANGALORE
271000.0,Hatchback,43679,1,2010,19.81,Petrol,2010,Comprehensive,5,Manual,5,BANGALORE
1280000.0,SUV,40000,1,2018,14.8,Petrol,2018,Third Party insurance,6,Automatic,5,BANGALORE
436000.0,Hatchback,40562,1,2012,22.54,Diesel,2012,Third Party,6,Manual,5,BANGALORE
1675000.0,SUV,26500,2,2021,18.9,Petrol,2021,Comprehensive,7,Automatic,5,BANGALORE
1250000.0,SUV,20000,1,2019,18.15,Petrol,2019,Third Party insurance,7,Automatic,5,BANGALORE
1350000.0,SUV,58600,1,2016,16.0,Diesel,2016,Third Party insurance,6,Automatic,7,BANGALORE
1250000.0,SUV,20000,1,2019,18.15,Petrol,2019,Third Party insurance,7,Automatic,5,BANGALORE
2225000.0,SUV,42050,1,2020,18.4,Petrol,2020,Comprehensive,7,Automatic,5,BANGALORE
475000.0,Hatchback,65017,1,2015,23.1,Petrol,2015,2,5,Automatic,5,BANGALORE
600000.0,Sedan,80000,2,2008,13.2,Diesel,2008,Third Party insurance,6,Automatic,5,BANGALORE
2450000.0,SUV,30000,1,2021,14.1,Petrol,2021,Third Party insurance,7,Automatic,5,BANGALORE
1625000.0,SUV,20000,1,2020,16.5,Petrol,2020,Third Party insurance,7,Automatic,5,BANGALORE
1650000.0,Sedan,36349,1,2014,17.2,Diesel,2014,Third Party insurance,6,Automatic,5,BANGALORE
249000.0,Hatchback,80000,3,2009,20.36,Petrol,2009,Third Party insurance,5,Manual,5,BANGALORE
630000.0,SUV,83394,2,2014,13.24,Petrol,2014,Third Party insurance,5,Manual,5,BANGALORE
2599000.0,SUV,30000,2,2016,14.16,Diesel,2016,Third Party insurance,7,Automatic,5,BANGALORE
249000.0,Hatchback,80000,3,2009,20.36,Petrol,2009,Third Party insurance,5,Manual,5,BANGALORE
385000.0,Hatchback,52204,1,2017,24.39,Petrol,2017,Third Party,5,Manual,5,BANGALORE
300000.0,Hatchback,110000,3,2012,17.0,Petrol,2012,Third Party insurance,5,Manual,5,BANGALORE
2975000.0,SUV,89000,1,2017,10.91,Diesel,2017,Third Party insurance,6,Automatic,7,BANGALORE
276000.0,Hatchback,29813,2,2014,22.05,Petrol,2014,Comprehensive,5,Manual,5,BANGALORE
500000.0,Hatchback,30000,1,2018,18.16,Petrol,2018,Third Party insurance,5,Manual,5,BANGALORE
730000.0,Hatchback,13345,1,2020,20.89,Petrol,2020,Comprehensive,5,Automatic,5,BANGALORE
2245000.0,SUV,17100,1,2022,18.1,Diesel,2022,Comprehensive,6,Automatic,7,BANGALORE
399000.0,Hatchback,75000,1,2014,18.9,Petrol,2014,Comprehensive,5,Manual,5,BANGALORE
312000.0,Hatchback,75523,2,2011,20.36,Petrol,2011,Comprehensive,5,Manual,5,BANGALORE
1275000.0,SUV,47000,1,2015,16.0,Diesel,2015,Comprehensive,6,Manual,7,BANGALORE
1990000.0,SUV,36500,1,2022,16.35,Diesel,2022,Comprehensive,6,Manual,5,BANGALORE
719000.0,MUV,28253,1,2020,20.0,Petrol,2020,Comprehensive,5,Manual,7,BANGALORE
1260000.0,SUV,50000,1,2016,19.67,Diesel,2016,Third Party insurance,6,Manual,5,BANGALORE
300000.0,Hatchback,90000,2,2010,20.36,Petrol,2010,Third Party insurance,5,Manual,5,BANGALORE
3981000.0,SUV,70000,2,2016,15.97,Diesel,2016,Third Party insurance,8,Automatic,5,BANGALORE
627000.0,Hatchback,52571,1,2016,18.6,Petrol,2016,Comprehensive,5,Manual,5,BANGALORE
1300000.0,Sedan,70000,2,2010,16.07,Diesel,2010,Third Party insurance,6,Automatic,5,BANGALORE
672000.0,Sedan,61993,1,2015,17.4,Petrol,2015,Comprehensive,5,Manual,5,BANGALORE
1825000.0,SUV,57000,1,2017,16.38,Diesel,2017,Comprehensive,6,Automatic,5,BANGALORE
3500000.0,SUV,80000,2,2021,14.24,Diesel,2021,Third Party insurance,6,Manual,7,BANGALORE
440000.0,Hatchback,36359,1,2013,18.5,Petrol,2013,Comprehensive,5,Manual,5,BANGALORE
1460000.0,SUV,70000,2,2019,17.0,Diesel,2019,Third Party insurance,6,Manual,5,BANGALORE
2041000.0,SUV,7500,1,2022,18.9,Petrol,2022,Comprehensive,8,Automatic,5,BANGALORE
1033000.0,Sedan,30301,1,2017,17.0,Petrol,2017,Comprehensive,6,Automatic,5,BANGALORE
275000.0,Hatchback,66000,1,2010,20.36,Petrol,2010,Comprehensive,5,Manual,5,BANGALORE
676000.0,Hatchback,56010,1,2017,18.6,Petrol,2017,Comprehensive,5,Manual,5,BANGALORE
4290000.0,SUV,47000,1,2017,17.9,Diesel,2017,Comprehensive,9,Automatic,5,BANGALORE
650000.0,SUV,60000,2,2014,19.01,Diesel,2014,Third Party insurance,6,Manual,5,BANGALORE
444000.0,Hatchback,83829,1,2014,25.2,Diesel,2014,Third Party insurance,5,Manual,5,BANGALORE
510000.0,Hatchback,10000,1,2020,22.0,Petrol,2020,Third Party insurance,5,Automatic,5,BANGALORE
925000.0,SUV,35000,2,2016,19.6,Diesel,2016,Comprehensive,6,Automatic,5,BANGALORE
1024000.0,Sedan,51116,2,2019,18.0,Petrol,2019,Comprehensive,0,Automatic,5,BANGALORE
500000.0,Sedan,80000,3,2016,21.14,Diesel,2016,Third Party insurance,5,Manual,5,BANGALORE
995000.0,Hatchback,40000,2,2017,17.21,Petrol,2017,Third Party insurance,7,Automatic,5,BANGALORE
935000.0,SUV,85565,2,2012,11.1,Petrol,2012,Comprehensive,5,Automatic,5,BANGALORE
834000.0,SUV,36916,1,2018,17.0,Petrol,2018,Comprehensive,5,Manual,5,BANGALORE
560000.0,Hatchback,90000,1,2015,20.14,Diesel,2015,Third Party insurance,5,Manual,5,BANGALORE
454000.0,Hatchback,112795,1,2012,22.38,Petrol,2012,Comprehensive,5,Manual,5,BANGALORE
3690000.0,Sedan,11000,1,2021,18.9,Petrol,2021,Comprehensive,7,Automatic,5,BANGALORE
1100000.0,MUV,120000,2,2014,11.4,Petrol,2014,Third Party insurance,5,Manual,7,BANGALORE
462000.0,Hatchback,36685,2,2016,19.4,Petrol,2016,Comprehensive,5,Manual,5,BANGALORE
900000.0,SUV,120000,2,2012,11.72,Diesel,2012,Third Party insurance,6,Automatic,7,BANGALORE
7900000.0,Sedan,4000,1,2022,13.32,Petrol,2022,Comprehensive,8,Automatic,4,BANGALORE
843000.0,Hatchback,32184,2,2019,21.4,Petrol,2019,Third Party,0,Automatic,5,BANGALORE
799000.0,Hatchback,32279,1,2018,21.1,Petrol,2018,Comprehensive,5,Manual,5,BANGALORE
576000.0,Hatchback,59698,1,2015,18.6,Petrol,2015,Comprehensive,5,Manual,5,BANGALORE
949000.0,SUV,46071,1,2018,20.37,Diesel,2018,Comprehensive,6,Manual,5,BANGALORE
795000.0,SUV,90000,1,2017,24.3,Diesel,2017,Third Party insurance,5,Manual,5,BANGALORE
1085000.0,SUV,9554,1,2019,18.27,Petrol,2019,Third Party,6,Manual,5,BANGALORE
2590000.0,SUV,14000,1,2022,14.1,Petrol,2022,Comprehensive,7,Automatic,5,BANGALORE
516000.0,SUV,74499,2,2013,20.45,Diesel,2013,Third Party,5,Manual,5,BANGALORE
777000.0,SUV,56211,2,2017,14.8,Petrol,2017,Comprehensive,6,Automatic,5,BANGALORE
753000.0,Hatchback,9001,1,2019,18.2,Petrol,2019,Comprehensive,5,Manual,5,BANGALORE
1226000.0,SUV,65457,2,2017,16.0,Diesel,2017,Third Party insurance,6,Automatic,7,BANGALORE
725000.0,Hatchback,23682,1,2017,18.7,Petrol,2017,Comprehensive,5,Manual,5,BANGALORE
1150000.0,Sedan,50000,1,2020,22.0,Diesel,2020,Third Party insurance,6,Manual,5,BANGALORE
629000.0,Hatchback,134557,2,2015,25.2,Diesel,2015,Comprehensive,5,Manual,5,BANGALORE
447000.0,Sedan,96567,2,2013,22.41,Petrol,2013,Comprehensive,5,Manual,5,BANGALORE
400000.0,Hatchback,120000,3,2015,23.1,Petrol,2015,Third Party insurance,5,Manual,5,BANGALORE
786000.0,MUV,83007,2,2014,20.77,Diesel,2014,Comprehensive,5,Manual,7,BANGALORE
745000.0,Hatchback,34000,1,2018,18.7,Petrol,2018,Comprehensive,5,Manual,5,BANGALORE
490000.0,Hatchback,81634,1,2014,18.9,Petrol,2014,Comprehensive,4,Automatic,5,BANGALORE
942000.0,Sedan,57284,2,2017,18.0,Petrol,2017,Comprehensive,0,Automatic,5,BANGALORE
675000.0,SUV,70000,2,2016,15.63,Petrol,2016,Third Party insurance,6,Automatic,5,BANGALORE
330000.0,Hatchback,70000,2,2013,19.4,Petrol,2013,Third Party insurance,5,Manual,5,BANGALORE
875000.0,Sedan,46429,2,2018,17.8,Petrol,2018,Third Party insurance,0,Automatic,5,BANGALORE
869000.0,Hatchback,17624,1,2017,21.4,Petrol,2017,Comprehensive,5,Manual,5,BANGALORE
425000.0,Sedan,100000,2,2012,20.54,Diesel,2012,Third Party insurance,5,Manual,5,BANGALORE
1070000.0,Sedan,30000,1,2019,17.4,Petrol,2019,Third Party insurance,5,Manual,5,BANGALORE
1025000.0,SUV,49690,2,2018,15.9,Petrol,2018,Third Party insurance,5,Manual,5,BANGALORE
1000000.0,SUV,110000,1,2016,16.0,Diesel,2016,Third Party insurance,6,Manual,7,BANGALORE
375000.0,Sedan,50000,1,2009,16.0,Petrol,2009,Third Party insurance,1,Manual,5,BANGALORE
375000.0,Sedan,50000,1,2009,16.0,Petrol,2009,Third Party insurance,1,Manual,5,BANGALORE
844000.0,SUV,55702,1,2018,14.8,Petrol,2018,Comprehensive,6,Automatic,5,BANGALORE
764000.0,Hatchback,45046,1,2016,21.19,Diesel,2016,Third Party insurance,6,Manual,5,BANGALORE
420000.0,Hatchback,53000,2,2014,18.5,Petrol,2014,Third Party insurance,5,Manual,5,BANGALORE
684000.0,Hatchback,94695,1,2016,27.39,Diesel,2016,Third Party insurance,5,Manual,5,BANGALORE
803000.0,Hatchback,22162,1,2019,21.4,Petrol,2019,Zero Dep,5,Manual,5,BANGALORE
320000.0,Hatchback,70000,2,2010,17.92,Petrol,2010,Third Party insurance,5,Manual,5,BANGALORE
804000.0,Sedan,115331,1,2017,26.0,Diesel,2017,Comprehensive,6,Manual,5,BANGALORE
1400000.0,Sedan,70000,2,2013,10.0,Diesel,2013,Third Party insurance,5,Automatic,5,BANGALORE
548000.0,Hatchback,42233,2,2016,22.38,Petrol,2016,Comprehensive,5,Manual,5,BANGALORE
619000.0,Hatchback,20941,1,2019,18.9,Petrol,2019,Comprehensive,5,Manual,5,BANGALORE
1000000.0,SUV,50000,2,2018,24.3,Diesel,2018,Third Party insurance,5,Manual,5,BANGALORE
865000.0,SUV,46602,1,2018,17.5,Petrol,2018,Comprehensive,5,Manual,5,BANGALORE
1000000.0,SUV,50000,2,2014,11.18,Diesel,2014,Third Party insurance,5,Automatic,7,BANGALORE
535000.0,Hatchback,104000,2,2014,25.2,Diesel,2014,Comprehensive,5,Manual,5,BANGALORE
975000.0,SUV,90000,1,2018,23.0,Diesel,2018,Comprehensive,5,Manual,5,BANGALORE
699000.0,Hatchback,50035,1,2017,21.4,Petrol,2017,Third Party insurance,5,Manual,5,BANGALORE
1150000.0,SUV,80000,1,2021,17.57,Petrol,2021,Third Party insurance,6,Manual,5,BANGALORE
625000.0,Hatchback,90000,2,2015,18.6,Petrol,2015,Comprehensive,5,Manual,5,BANGALORE
1000000.0,Sedan,90000,4,2011,14.21,Diesel,2011,Third Party insurance,5,Automatic,5,BANGALORE
600000.0,Sedan,120000,1,2011,21.43,Diesel,2011,Third Party insurance,6,Manual,5,BANGALORE
675000.0,Sedan,25170,1,2015,22.41,Petrol,2015,Third Party,5,Manual,5,BANGALORE
893000.0,Sedan,25022,1,2021,20.65,Petrol,2021,Comprehensive,5,Manual,5,BANGALORE
420000.0,Hatchback,100000,2,2012,22.9,Diesel,2012,Third Party insurance,5,Manual,5,BANGALORE
941000.0,Sedan,26367,1,2020,20.65,Petrol,2020,Zero Dep,5,Manual,5,BANGALORE
630000.0,Sedan,76567,2,2015,14.5,Petrol,2015,Zero Dep,6,Automatic,5,BANGALORE
1275000.0,MUV,120000,2,2013,12.99,Diesel,2013,Third Party insurance,5,Manual,7,BANGALORE
525000.0,Hatchback,36459,2,2015,18.9,Petrol,2015,Comprehensive,4,Automatic,5,BANGALORE
750000.0,SUV,93725,1,2016,23.65,Diesel,2016,Comprehensive,5,Manual,5,BANGALORE
632000.0,Sedan,115599,2,2016,19.12,Petrol,2016,Comprehensive,4,Automatic,5,BANGALORE
645000.0,Sedan,43469,1,2015,22.41,Petrol,2015,Zero Dep,5,Manual,5,BANGALORE
500000.0,Sedan,70000,4,2005,13.8,Petrol,2005,Third Party insurance,5,Manual,5,BANGALORE
6795000.0,SUV,77000,2,2019,13.38,Diesel,2019,Comprehensive,8,Automatic,5,BANGALORE
850000.0,SUV,100000,1,2018,24.3,Diesel,2018,Comprehensive,5,Manual,5,BANGALORE
299000.0,Sedan,72000,1,2008,14.7,Petrol,2008,Third Party insurance,5,Manual,5,BANGALORE
2095000.0,Sedan,77000,1,2013,16.36,Diesel,2013,Comprehensive,8,Automatic,5,BANGALORE
2800000.0,SUV,87101,1,2013,12.07,Diesel,2013,Comprehensive,8,Automatic,7,BANGALORE
999000.0,Hatchback,40771,2,2021,18.24,Petrol,2021,Third Party,6,Manual,5,BANGALORE
825000.0,Hatchback,28000,1,2018,18.7,Petrol,2018,Comprehensive,5,Manual,5,BANGALORE
250000.0,Hatchback,40000,3,2008,18.9,Petrol,2008,Comprehensive,5,Manual,5,BANGALORE
1295000.0,SUV,26000,1,2020,18.15,Petrol,2020,Comprehensive,7,Automatic,5,BANGALORE
329000.0,Hatchback,76032,1,2012,18.9,Petrol,2012,Comprehensive,5,Manual,5,BANGALORE
666000.0,Sedan,113780,1,2018,21.56,Petrol,2018,Comprehensive,5,Manual,5,BANGALORE
2290000.0,Sedan,24000,1,2019,20.38,Diesel,2019,Third Party insurance,6,Automatic,5,BANGALORE
1026000.0,SUV,65812,2,2020,23.7,Diesel,2020,Third Party,6,Manual,5,BANGALORE
1700000.0,SUV,10000,1,2022,17.2,Petrol,2022,Third Party insurance,6,Automatic,5,BANGALORE
681000.0,Hatchback,39959,1,2016,21.4,Petrol,2016,Zero Dep,5,Manual,5,BANGALORE
1690000.0,SUV,10000,1,2022,14.2,Petrol,2022,Third Party insurance,6,Automatic,7,BANGALORE
318000.0,Hatchback,65484,3,2016,24.39,Petrol,2016,Third Party insurance,5,Manual,5,BANGALORE
688000.0,Hatchback,49174,1,2017,21.4,Petrol,2017,Comprehensive,5,Manual,5,BANGALORE
1300000.0,SUV,20000,1,2022,20.08,Petrol,2022,Third Party insurance,6,Manual,5,BANGALORE
265000.0,Hatchback,50000,1,2009,20.36,Petrol,2009,Third Party insurance,5,Manual,5,BANGALORE
645000.0,Sedan,40000,2,2018,22.0,Petrol,2018,Third Party insurance,5,Automatic,5,BANGALORE
2000000.0,SUV,30000,1,2022,14.2,Petrol,2022,Third Party insurance,6,Automatic,7,BANGALORE
900000.0,Coupe,50000,3,2007,10.9,Petrol,2007,Third Party insurance,6,Automatic,5,BANGALORE
620000.0,Hatchback,80000,1,2020,21.21,Petrol,2020,Third Party insurance,5,Manual,5,BANGALORE
1470000.0,SUV,20000,1,2022,15.43,Petrol,2022,Third Party insurance,5,Manual,5,BANGALORE
220000.0,Sedan,70000,1,2010,13.2,CNG,2010,Third Party insurance,5,Manual,5,BANGALORE
1475000.0,Sedan,90000,1,2014,17.11,Diesel,2014,Third Party insurance,8,Automatic,5,BANGALORE
415000.0,Hatchback,40000,1,2020,21.74,Petrol,2020,Third Party insurance,5,Manual,5,BANGALORE
610000.0,Hatchback,63797,1,2016,18.7,Petrol,2016,Comprehensive,5,Manual,5,BANGALORE
560000.0,Hatchback,60216,2,2018,18.9,Petrol,2018,Comprehensive,5,Manual,5,BANGALORE
425000.0,Hatchback,10000,2,2015,23.95,Petrol,2015,Third Party insurance,5,Automatic,5,BANGALORE
686000.0,Hatchback,38153,1,2016,21.4,Petrol,2016,Comprehensive,5,Manual,5,BANGALORE
517000.0,Hatchback,76485,1,2015,22.38,Petrol,2015,Comprehensive,5,Manual,5,BANGALORE
385000.0,Hatchback,40000,2,2015,20.51,Petrol,2015,Third Party insurance,5,Manual,5,BANGALORE
675000.0,Hatchback,40623,1,2016,21.4,Petrol,2016,Comprehensive,5,Manual,5,BANGALORE
3300000.0,Sedan,18000,2,2018,19.27,Diesel,2018,Third Party insurance,9,Automatic,5,BANGALORE
499000.0,Hatchback,88051,1,2014,22.38,Petrol,2014,Third Party insurance,5,Manual,5,BANGALORE
774000.0,Hatchback,16522,1,2022,22.38,Petrol,2022,Third Party,5,Manual,5,BANGALORE
1475000.0,SUV,70000,2,2019,16.3,Diesel,2019,Third Party insurance,6,Manual,5,BANGALORE
240000.0,Hatchback,80000,3,2008,18.9,Petrol,2008,Third Party insurance,5,Manual,5,BANGALORE
1025000.0,SUV,50000,1,2019,23.7,Diesel,2019,Third Party insurance,6,Manual,5,BANGALORE
1400000.0,SUV,10000,1,2023,17.33,Petrol,2023,Third Party insurance,6,Manual,5,BANGALORE
285000.0,Hatchback,57000,2,2013,21.1,Petrol,2013,Third Party insurance,5,Manual,5,BANGALORE
1000000.0,SUV,110000,1,2016,16.0,Diesel,2016,Third Party insurance,6,Manual,7,BANGALORE
780000.0,Hatchback,10000,1,2019,21.4,Petrol,2019,Third Party insurance,5,Manual,5,BANGALORE
475000.0,Hatchback,50000,2,2012,18.6,Petrol,2012,Third Party insurance,5,Manual,5,BANGALORE
750000.0,SUV,120000,1,2019,20.0,Diesel,2019,Third Party insurance,6,Manual,5,BANGALORE
555000.0,Hatchback,35469,1,2014,18.9,Petrol,2014,Comprehensive,5,Manual,5,BANGALORE
607000.0,Hatchback,40073,2,2017,18.7,Petrol,2017,Third Party insurance,5,Manual,5,BANGALORE
514000.0,Hatchback,65730,2,2017,18.9,Petrol,2017,Third Party insurance,5,Manual,5,BANGALORE
250000.0,Sedan,120000,2,2005,15.4,Petrol,2005,Third Party insurance,5,Manual,5,BANGALORE
705000.0,Hatchback,36184,2,2016,21.4,Petrol,2016,Third Party,5,Manual,5,BANGALORE
653000.0,Hatchback,69310,1,2016,21.4,Petrol,2016,Comprehensive,5,Manual,5,BANGALORE
872000.0,Sedan,55643,1,2015,18.0,Petrol,2015,Third Party insurance,0,Automatic,5,BANGALORE
564000.0,Hatchback,62803,2,2017,18.9,Petrol,2017,Third Party insurance,4,Automatic,5,BANGALORE
370000.0,Hatchback,90000,2,2011,22.07,Diesel,2011,Third Party insurance,5,Manual,5,BANGALORE
550000.0,Hatchback,68656,1,2015,22.38,Petrol,2015,Third Party insurance,5,Manual,5,BANGALORE
517000.0,Hatchback,77501,3,2016,18.7,Petrol,2016,Comprehensive,5,Manual,5,BANGALORE
620000.0,Sedan,40000,1,2016,20.85,Petrol,2016,Third Party insurance,5,Manual,5,BANGALORE
620000.0,Sedan,40000,1,2016,20.85,Petrol,2016,Third Party insurance,5,Manual,5,BANGALORE
750000.0,Sedan,48325,1,2014,18.0,Petrol,2014,Third Party insurance,0,Automatic,5,BANGALORE
1220000.0,SUV,30000,1,2022,17.57,Petrol,2022,Third Party insurance,6,Manual,5,BANGALORE
1350000.0,Hatchback,100000,2,2013,14.8,Diesel,2013,Comprehensive,7,Automatic,5,BANGALORE
575000.0,Hatchback,69000,1,2015,22.0,Petrol,2015,Comprehensive,5,Manual,5,BANGALORE
1250000.0,SUV,110000,1,2018,17.1,Diesel,2018,Third Party insurance,6,Manual,5,BANGALORE
868000.0,Sedan,50000,2,2016,17.01,Petrol,2016,Third Party insurance,5,Manual,5,BANGALORE
3000000.0,MUV,60000,1,2020,14.11,Diesel,2020,Third Party insurance,8,Automatic,8,BANGALORE
980000.0,Hatchback,20000,1,2021,20.0,Petrol,2021,Third Party insurance,6,Manual,5,BANGALORE
900000.0,Hatchback,14999,1,2022,22.56,Petrol,2022,Third Party,5,Automatic,5,BANGALORE
550000.0,Hatchback,90773,2,2016,18.7,Petrol,2016,Comprehensive,5,Manual,5,BANGALORE
450000.0,Sedan,90000,1,2012,20.5,Diesel,2012,Third Party insurance,5,Manual,5,BANGALORE
610000.0,Hatchback,64917,2,2017,20.4,Petrol,2017,Zero Dep,5,Manual,5,BANGALORE
543000.0,Hatchback,70235,1,2017,18.7,Petrol,2017,Comprehensive,5,Manual,5,BANGALORE
980000.0,Hatchback,30000,1,2021,20.0,Petrol,2021,Third Party insurance,6,Manual,5,BANGALORE
535000.0,Hatchback,78782,1,2016,18.7,Petrol,2016,Zero Dep,5,Manual,5,BANGALORE
850000.0,SUV,164000,2,2014,15.1,Diesel,2014,Comprehensive,6,Manual,7,BANGALORE
661000.0,Sedan,72136,2,2016,20.73,Petrol,2016,Third Party insurance,5,Manual,5,BANGALORE
505000.0,Hatchback,52486,2,2015,22.38,Petrol,2015,Comprehensive,5,Manual,5,BANGALORE
450000.0,Sedan,150000,1,2007,15.6,Diesel,2007,Third Party insurance,6,Automatic,5,BANGALORE
865000.0,SUV,36887,1,2017,17.5,Petrol,2017,Third Party insurance,5,Manual,5,BANGALORE
999000.0,SUV,47962,1,2019,18.27,Petrol,2019,Comprehensive,6,Manual,5,BANGALORE
595000.0,SUV,135000,1,2014,20.45,Diesel,2014,Comprehensive,5,Manual,5,BANGALORE
2365000.0,Sedan,47398,2,2018,14.67,Petrol,2018,Comprehensive,7,Automatic,5,BANGALORE
400000.0,Sedan,50000,2,2012,14.6,Petrol,2012,Third Party insurance,1,Manual,5,BANGALORE
550000.0,Sedan,100000,1,2012,19.3,Diesel,2012,Third Party insurance,5,Manual,5,BANGALORE
6050000.0,SUV,55000,1,2020,14.71,Diesel,2020,Comprehensive,8,Automatic,5,BANGALORE
1600000.0,SUV,110000,2,2011,16.55,Diesel,2011,Comprehensive,5,Automatic,5,BANGALORE
520000.0,Hatchback,90000,3,2013,17.21,Petrol,2013,Third Party insurance,7,Automatic,5,BANGALORE
616000.0,Hatchback,116624,1,2016,21.4,Petrol,2016,Zero Dep,5,Manual,5,BANGALORE
795000.0,Sedan,54561,2,2019,21.56,Petrol,2019,Zero Dep,5,Manual,5,BANGALORE
1275000.0,MUV,120000,2,2013,12.99,Diesel,2013,Third Party insurance,5,Manual,7,BANGALORE
624000.0,Hatchback,65072,1,2016,18.7,Petrol,2016,Comprehensive,5,Manual,5,BANGALORE
549000.0,Hatchback,133532,1,2017,18.9,Petrol,2017,Zero Dep,5,Manual,5,BANGALORE
760000.0,MUV,120000,3,2010,11.4,Diesel,2010,Third Party insurance,5,Manual,7,BANGALORE
524000.0,Sedan,39886,1,2013,22.41,Petrol,2013,Comprehensive,5,Manual,5,BANGALORE
1650000.0,SUV,80000,1,2019,15.1,Diesel,2019,Third Party insurance,6,Manual,7,BANGALORE
583000.0,Hatchback,56976,2,2015,25.2,Diesel,2015,Comprehensive,5,Manual,5,BANGALORE
1147000.0,Sedan,68303,2,2020,17.69,Petrol,2020,Zero Dep,6,Manual,5,BANGALORE
1750000.0,Hatchback,80000,2,2013,13.6,Petrol,2013,Third Party insurance,6,Automatic,4,BANGALORE
825000.0,Sedan,54000,1,2016,21.72,Diesel,2016,Comprehensive,7,Automatic,5,BANGALORE
3150000.0,SUV,98500,1,2016,12.51,Diesel,2016,Third Party insurance,9,Automatic,7,BANGALORE
755000.0,Hatchback,72348,1,2018,16.2,Petrol,2018,Third Party insurance,5,Manual,5,BANGALORE
875000.0,SUV,70000,1,2015,13.0,Petrol,2015,Comprehensive,6,Manual,5,BANGALORE
855000.0,Hatchback,62696,1,2021,17.74,Petrol,2021,Third Party,5,Manual,5,BANGALORE
1845000.0,SUV,174000,3,2014,12.55,Diesel,2014,Comprehensive,5,Automatic,7,BANGALORE
525000.0,Hatchback,65000,1,2016,18.9,Petrol,2016,Comprehensive,5,Manual,5,BANGALORE
650000.0,Hatchback,36000,1,2017,18.9,Petrol,2017,Comprehensive,4,Automatic,5,BANGALORE
950000.0,MUV,199000,2,2011,12.8,Diesel,2011,Comprehensive,5,Manual,7,BANGALORE
846000.0,Sedan,71905,1,2018,18.0,Petrol,2018,Zero Dep,0,Automatic,5,BANGALORE
424000.0,Hatchback,69748,2,2013,22.38,Petrol,2013,Comprehensive,5,Manual,5,BANGALORE
210000.0,Hatchback,44000,1,2008,19.7,Petrol,2008,Comprehensive,5,Manual,5,BANGALORE
959000.0,Sedan,17875,2,2021,17.1,Petrol,2021,Third Party insurance,6,Manual,5,BANGALORE
889000.0,SUV,95678,1,2020,16.42,Petrol,2020,Comprehensive,6,Manual,5,BANGALORE
850000.0,SUV,12003,1,2022,19.03,Petrol,2022,Third Party insurance,5,Automatic,5,BANGALORE
836000.0,SUV,114427,2,2018,23.0,Diesel,2018,Comprehensive,5,Manual,5,BANGALORE
660000.0,SUV,20000,1,2022,19.03,Petrol,2022,Third Party insurance,5,Automatic,5,BANGALORE
334000.0,Hatchback,64655,1,2012,19.4,Petrol,2012,Comprehensive,5,Manual,5,BANGALORE
594000.0,SUV,46456,1,2018,18.15,Petrol,2018,Third Party insurance,5,Manual,6,BANGALORE
991000.0,SUV,20000,1,2021,18.24,Petrol,2021,Third Party insurance,0,Automatic,5,BANGALORE
1450000.0,SUV,50000,1,2018,17.1,Diesel,2018,Third Party insurance,6,Manual,5,BANGALORE
219000.0,Sedan,90000,4,2011,20.54,Diesel,2011,Third Party insurance,5,Manual,5,BANGALORE
1285000.0,SUV,20000,1,2022,18.9,Diesel,2022,Third Party insurance,6,Manual,5,BANGALORE
4195000.0,SUV,27000,1,2021,18.9,Petrol,2021,Comprehensive,8,Automatic,5,BANGALORE
455000.0,MUV,150000,3,2008,12.8,Diesel,2008,Third Party insurance,5,Manual,8,BANGALORE
825000.0,Hatchback,10000,1,2022,22.35,Petrol,2022,Third Party insurance,5,Manual,5,BANGALORE
825000.0,Sedan,40000,1,2018,17.4,Petrol,2018,Third Party insurance,5,Manual,5,BANGALORE
920000.0,SUV,40000,1,2020,23.0,Diesel,2020,Third Party insurance,5,Manual,5,BANGALORE
3300000.0,Sedan,20000,2,2018,19.27,Diesel,2018,Third Party insurance,9,Automatic,5,BANGALORE
729000.0,SUV,91598,2,2017,22.77,Diesel,2017,Third Party,5,Manual,5,BANGALORE
432000.0,Hatchback,57521,1,2015,25.24,Petrol,2015,Comprehensive,5,Manual,5,BANGALORE
700000.0,SUV,100000,1,2016,19.87,Diesel,2016,Third Party insurance,5,Manual,5,BANGALORE
1499000.0,Sedan,7598,1,2021,17.7,Petrol,2021,Comprehensive,6,Manual,5,BANGALORE
762000.0,SUV,38520,1,2017,13.06,Petrol,2017,Comprehensive,5,Manual,5,BANGALORE
1625000.0,SUV,20000,1,2022,15.43,Petrol,2022,Third Party insurance,5,Manual,5,BANGALORE
632000.0,SUV,110455,2,2014,20.45,Diesel,2014,Comprehensive,5,Manual,5,BANGALORE
1218000.0,SUV,26901,1,2020,18.15,Petrol,2020,Comprehensive,7,Automatic,5,BANGALORE
524000.0,Hatchback,65376,1,2017,18.9,Petrol,2017,Zero Dep,4,Automatic,5,BANGALORE
1405000.0,SUV,28177,3,2018,15.1,Diesel,2018,Comprehensive,6,Manual,7,BANGALORE
1390000.0,SUV,10000,1,2022,18.2,Petrol,2022,Third Party insurance,6,Manual,5,BANGALORE
1890000.0,SUV,30000,1,2021,18.9,Petrol,2021,Comprehensive,6,Automatic,5,BANGALORE
1275000.0,SUV,27000,1,2018,13.0,Petrol,2018,Third Party insurance,6,Automatic,5,BANGALORE
275000.0,Hatchback,90000,3,2010,19.2,Petrol,2010,Third Party insurance,4,Automatic,5,BANGALORE
1125000.0,Sedan,20000,1,2022,17.4,Petrol,2022,Third Party insurance,5,Manual,5,BANGALORE
650000.0,Sedan,82998,1,2016,18.0,Petrol,2016,Comprehensive,0,Automatic,5,BANGALORE
700000.0,Sedan,110000,3,2010,12.3,Petrol,2010,Third Party insurance,7,Automatic,5,BANGALORE
1100000.0,Sedan,14500,1,2019,17.14,Petrol,2019,Third Party insurance,5,Manual,5,BANGALORE
260000.0,Sedan,120000,3,2016,21.03,Diesel,2016,Third Party insurance,5,Manual,5,BANGALORE
395000.0,Hatchback,68000,2,2010,19.2,Petrol,2010,Comprehensive,4,Automatic,5,BANGALORE
681000.0,Sedan,25887,1,2019,20.14,Petrol,2019,Third Party insurance,5,Manual,5,BANGALORE
405000.0,Hatchback,74094,1,2020,21.7,Petrol,2020,Comprehensive,5,Manual,5,BANGALORE
765000.0,Hatchback,40000,1,2018,19.0,Petrol,2018,Comprehensive,5,Automatic,5,BANGALORE
487000.0,Hatchback,91045,1,2014,23.2,Diesel,2014,Third Party,5,Manual,5,BANGALORE
1474000.0,SUV,80033,1,2018,15.1,Diesel,2018,Third Party insurance,6,Manual,7,BANGALORE
1340000.0,SUV,70000,2,2017,16.0,Diesel,2017,Third Party insurance,6,Automatic,7,BANGALORE
770000.0,MUV,13957,1,2021,18.2,Petrol,2021,Comprehensive,5,Automatic,7,BANGALORE
818000.0,Hatchback,34140,2,2018,21.4,Petrol,2018,Third Party insurance,0,Automatic,5,BANGALORE
724000.0,SUV,20056,1,2017,17.0,Petrol,2017,Comprehensive,5,Manual,5,BANGALORE
468000.0,Hatchback,38233,3,2016,26.0,Petrol,2016,Comprehensive,5,Automatic,5,BANGALORE
500000.0,Sedan,100000,1,2013,14.69,Petrol,2013,Third Party insurance,6,Manual,5,BANGALORE
600000.0,SUV,50000,2,2016,22.77,Diesel,2016,Third Party insurance,5,Manual,5,BANGALORE
1350000.0,SUV,70000,2,2017,16.0,Diesel,2017,Third Party insurance,6,Manual,7,BANGALORE
525000.0,Hatchback,44000,1,2016,18.9,Petrol,2016,Comprehensive,5,Manual,5,BANGALORE
175000.0,Hatchback,90000,2,2006,15.3,Petrol,2006,Third Party insurance,5,Manual,5,BANGALORE
725000.0,Sedan,30000,1,2016,19.12,Petrol,2016,Third Party insurance,4,Automatic,5,BANGALORE
550000.0,Hatchback,50000,1,2018,18.9,Petrol,2018,Third Party insurance,5,Manual,5,BANGALORE
650000.0,Hatchback,98000,1,2019,22.0,Petrol,2019,Comprehensive,5,Manual,5,BANGALORE
775000.0,Hatchback,47000,1,2017,18.2,Petrol,2017,Comprehensive,5,Automatic,5,BANGALORE
900000.0,Sedan,70000,1,2019,17.0,Petrol,2019,Third Party insurance,6,Manual,5,BANGALORE
408000.0,Hatchback,16998,1,2020,22.05,Petrol,2020,Comprehensive,5,Manual,5,BANGALORE
642000.0,Hatchback,15256,1,2017,18.9,Petrol,2017,Comprehensive,4,Automatic,5,BANGALORE
900000.0,Sedan,70000,1,2019,17.0,Petrol,2019,Third Party insurance,6,Manual,5,BANGALORE
521000.0,Hatchback,4495,1,2020,22.5,Petrol,2020,Comprehensive,5,Automatic,5,BANGALORE
695000.0,MUV,34561,1,2020,20.0,Petrol,2020,Zero Dep,5,Manual,7,BANGALORE
390000.0,Hatchback,40000,2,2018,23.95,Petrol,2018,Third Party insurance,5,Manual,5,BANGALORE
429000.0,Hatchback,142135,1,2016,23.84,Petrol,2016,Comprehensive,5,Manual,5,BANGALORE
520000.0,Sedan,120000,1,2021,18.5,Petrol,2021,Third Party insurance,5,Manual,5,BANGALORE
625000.0,Hatchback,9553,1,2019,20.52,Petrol,2019,Third Party,5,Automatic,5,BANGALORE
601000.0,Hatchback,7600,1,2022,21.46,Petrol,2022,Zero Dep,5,Manual,5,BANGALORE
1300000.0,SUV,120000,1,2017,17.1,Diesel,2017,Third Party insurance,6,Manual,5,BANGALORE
645000.0,Hatchback,20000,1,2017,18.9,Petrol,2017,Comprehensive,4,Automatic,5,BANGALORE
1975000.0,SUV,120000,2,2013,12.07,Diesel,2013,Third Party insurance,8,Automatic,7,BANGALORE
695000.0,Hatchback,45578,1,2016,18.6,Petrol,2016,Third Party insurance,5,Manual,5,BANGALORE
500000.0,Sedan,100000,1,2013,14.69,Petrol,2013,Third Party insurance,6,Manual,5,BANGALORE
1644000.0,Sedan,100000,2,2014,22.69,Diesel,2014,Comprehensive,8,Automatic,5,BANGALORE
895000.0,SUV,42000,1,2019,17.0,Petrol,2019,Comprehensive,5,Manual,5,BANGALORE
350000.0,Hatchback,90000,2,2013,20.36,Petrol,2013,Third Party insurance,5,Manual,5,BANGALORE
550000.0,Sedan,70000,1,2012,22.32,Diesel,2012,Third Party insurance,6,Manual,5,BANGALORE
750000.0,SUV,100000,3,2010,11.4,Diesel,2010,Third Party insurance,5,Automatic,7,BANGALORE
581000.0,Hatchback,16306,1,2017,20.89,Petrol,2017,Comprehensive,5,Manual,5,BANGALORE
513000.0,Hatchback,25086,3,2020,20.52,Petrol,2020,Comprehensive,5,Manual,5,BANGALORE
650000.0,Hatchback,54845,1,2017,21.01,Petrol,2017,Third Party insurance,5,Manual,5,BANGALORE
806000.0,Hatchback,35642,1,2020,24.4,Diesel,2020,Comprehensive,5,Manual,5,BANGALORE
725000.0,Hatchback,22173,1,2016,21.4,Petrol,2016,Third Party,0,Automatic,5,BANGALORE
4950000.0,Sedan,50000,1,2018,17.42,Diesel,2018,Comprehensive,8,Automatic,5,BANGALORE
426000.0,Hatchback,67790,1,2014,18.9,Petrol,2014,Third Party,5,Manual,5,BANGALORE
485000.0,Hatchback,38000,1,2019,23.95,Petrol,2019,Comprehensive,5,Manual,5,BANGALORE
351000.0,Hatchback,49713,2,2012,19.4,Petrol,2012,Third Party insurance,5,Manual,5,BANGALORE
490000.0,Hatchback,10002,1,2021,21.46,Petrol,2021,Third Party insurance,5,Manual,5,BANGALORE
1495000.0,SUV,46706,1,2017,16.0,Diesel,2017,Third Party insurance,6,Manual,7,BANGALORE
510000.0,Hatchback,90000,2,2014,25.2,Diesel,2014,Third Party insurance,5,Manual,5,BANGALORE
2750000.0,SUV,106000,1,2016,18.56,Diesel,2016,Comprehensive,8,Automatic,5,BANGALORE
1025000.0,Hatchback,55833,1,2017,17.21,Petrol,2017,Third Party insurance,7,Automatic,5,BANGALORE
2345000.0,SUV,46716,2,2015,15.73,Diesel,2015,Third Party insurance,7,Automatic,5,BANGALORE
825000.0,Sedan,54000,1,2016,21.13,Diesel,2016,Comprehensive,5,Manual,5,BANGALORE
675000.0,SUV,68000,2,2016,21.7,Diesel,2016,Comprehensive,5,Manual,5,BANGALORE
190000.0,Hatchback,113348,3,2010,20.0,Diesel,2010,Comprehensive,5,Manual,5,BANGALORE
890000.0,Sedan,134000,1,2014,17.68,Diesel,2014,Third Party insurance,8,Automatic,5,BANGALORE
823000.0,SUV,20000,1,2022,19.03,Petrol,2022,Third Party insurance,5,Automatic,5,BANGALORE
554000.0,Hatchback,52311,1,2014,22.38,Petrol,2014,Comprehensive,5,Manual,5,BANGALORE
499000.0,Sedan,59514,1,2014,22.41,Petrol,2014,Comprehensive,5,Manual,5,BANGALORE
815000.0,SUV,10000,1,2022,19.03,Petrol,2022,Third Party insurance,5,Automatic,5,BANGALORE
719000.0,Hatchback,36743,1,2020,21.01,Petrol,2020,Third Party,5,Manual,5,BANGALORE
372000.0,Hatchback,83046,1,2015,25.24,Petrol,2015,Third Party,5,Manual,5,BANGALORE
515000.0,Hatchback,10000,1,2018,23.1,Petrol,2018,Third Party insurance,5,Automatic,5,BANGALORE
554000.0,Hatchback,59420,2,2016,18.7,Petrol,2016,Third Party insurance,5,Manual,5,BANGALORE
700000.0,Sedan,4545,1,2023,20.3,Petrol,2023,Comprehensive,5,Manual,5,BANGALORE
410000.0,Hatchback,70404,1,2011,22.38,Petrol,2011,Third Party insurance,5,Manual,5,BANGALORE
685000.0,Sedan,39725,1,2016,20.73,Petrol,2016,Third Party,5,Manual,5,BANGALORE
5500000.0,Sedan,10000,1,2022,16.13,Petrol,2022,Third Party insurance,8,Automatic,5,BANGALORE
1800000.0,SUV,10000,1,2022,17.8,Diesel,2022,Third Party insurance,6,Automatic,5,BANGALORE
180000.0,Hatchback,60000,2,2006,18.9,Petrol,2006,Third Party insurance,5,Manual,5,BANGALORE
765000.0,SUV,50000,2,2018,17.0,Petrol,2018,Third Party insurance,5,Manual,5,BANGALORE
1950000.0,SUV,10000,1,2023,13.79,Petrol,2023,Third Party insurance,6,Manual,5,BANGALORE
491000.0,Sedan,50000,3,2013,16.3,Petrol,2013,Third Party insurance,6,Manual,5,BANGALORE
1175000.0,SUV,23272,1,2021,21.7,Diesel,2021,Third Party insurance,5,Manual,5,BANGALORE
999000.0,SUV,8407,1,2020,15.9,Petrol,2020,Comprehensive,5,Manual,5,BANGALORE
715000.0,Hatchback,50000,1,2018,21.21,Petrol,2018,Third Party insurance,5,Automatic,5,BANGALORE
3400000.0,Sedan,10000,1,2018,18.25,Diesel,2018,Third Party insurance,7,Automatic,5,BANGALORE
1779000.0,SUV,14881,1,2021,18.9,Petrol,2021,Comprehensive,7,Automatic,5,BANGALORE
404000.0,Hatchback,54305,1,2012,18.5,Petrol,2012,Third Party insurance,5,Manual,5,BANGALORE
358000.0,Hatchback,50000,2,2016,19.81,Petrol,2016,Third Party insurance,5,Manual,5,BANGALORE
581000.0,Hatchback,64998,1,2017,20.89,Petrol,2017,Comprehensive,5,Automatic,5,BANGALORE
630000.0,Hatchback,75940,1,2015,18.6,Petrol,2015,Third Party insurance,5,Manual,5,BANGALORE
560000.0,Hatchback,25639,1,2016,18.7,Petrol,2016,Third Party insurance,5,Manual,5,BANGALORE
1551000.0,SUV,44107,1,2019,15.1,Diesel,2019,Third Party insurance,6,Manual,7,BANGALORE
525000.0,Sedan,60000,2,2014,17.01,Petrol,2014,Third Party insurance,5,Manual,5,BANGALORE
501000.0,Hatchback,41594,1,2018,23.1,Petrol,2018,Comprehensive,5,Manual,5,BANGALORE
617000.0,Hatchback,24786,2,2020,20.52,Petrol,2020,Comprehensive,5,Automatic,5,BANGALORE
365000.0,Hatchback,56000,1,2017,23.95,Petrol,2017,Third Party insurance,5,Manual,5,BANGALORE
995000.0,Sedan,90000,1,2018,18.3,Petrol,2018,Comprehensive,0,Automatic,5,BANGALORE
775000.0,Hatchback,31000,2,2019,18.6,Petrol,2019,Comprehensive,5,Manual,5,BANGALORE
4700000.0,SUV,30000,2,2018,16.38,Diesel,2018,Third Party insurance,8,Automatic,5,BANGALORE
770000.0,Sedan,36000,1,2017,17.7,Petrol,2017,Comprehensive,6,Manual,5,BANGALORE
725000.0,Hatchback,19065,1,2018,22.0,Petrol,2018,Third Party insurance,5,Manual,5,BANGALORE
840000.0,Hatchback,30538,1,2019,18.2,Petrol,2019,Comprehensive,5,Automatic,5,BANGALORE
799000.0,Hatchback,48891,2,2018,18.6,Petrol,2018,Comprehensive,5,Manual,5,BANGALORE
1380000.0,Hatchback,60000,2,2014,15.5,Petrol,2014,Third Party insurance,7,Automatic,5,BANGALORE
696000.0,Hatchback,26676,1,2018,22.0,Petrol,2018,Third Party,5,Manual,5,BANGALORE
576000.0,Hatchback,35647,1,2015,22.38,Petrol,2015,Comprehensive,5,Manual,5,BANGALORE
721000.0,Hatchback,63825,1,2020,22.35,Petrol,2020,Zero Dep,5,Manual,5,BANGALORE
995000.0,Sedan,31346,2,2018,17.4,Petrol,2018,Third Party insurance,5,Manual,5,BANGALORE
594000.0,Hatchback,79349,2,2015,18.6,Petrol,2015,Third Party insurance,5,Manual,5,BANGALORE
927000.0,SUV,88203,1,2015,15.1,Diesel,2015,Comprehensive,6,Manual,7,BANGALORE
3275000.0,SUV,37370,1,2018,15.17,Diesel,2018,Comprehensive,7,Automatic,5,BANGALORE
426000.0,Hatchback,52228,1,2015,20.51,Petrol,2015,Comprehensive,5,Manual,5,BANGALORE
1100000.0,SUV,70000,1,2015,17.01,Diesel,2015,Third Party insurance,6,Automatic,5,BANGALORE
905000.0,SUV,40542,1,2022,20.0,Petrol,2022,Zero Dep,5,Manual,5,BANGALORE
848000.0,SUV,47936,1,2019,14.99,Petrol,2019,Comprehensive,5,Automatic,5,BANGALORE
400000.0,SUV,10000,3,2017,18.9,Petrol,1995,Third Party insurance,5,Manual,6,BANGALORE
575000.0,Sedan,70000,2,2008,11.9,Diesel,2008,Third Party insurance,5,Automatic,5,BANGALORE
400000.0,Sedan,110000,5,2013,16.8,Petrol,2013,Third Party insurance,5,Manual,5,BANGALORE
400000.0,SUV,10000,3,2017,18.9,Petrol,1995,Third Party insurance,5,Manual,8,BANGALORE
895000.0,SUV,45000,2,2016,15.29,Petrol,2016,Comprehensive,6,Manual,5,BANGALORE
1099000.0,SUV,20469,1,2019,18.27,Petrol,2019,Third Party insurance,6,Manual,5,BANGALORE
425000.0,Hatchback,60000,1,2011,17.0,Petrol,2011,Third Party insurance,5,Manual,5,BANGALORE
445000.0,Sedan,70000,2,2012,19.1,Petrol,2012,Comprehensive,5,Manual,5,BANGALORE
320000.0,Sedan,150000,4,2014,20.5,Diesel,2014,Third Party insurance,5,Manual,5,BANGALORE
775000.0,Sedan,46258,2,2017,16.09,Petrol,2017,Third Party insurance,5,Manual,5,BANGALORE
327000.0,Hatchback,54242,3,2013,18.9,Petrol,2013,Comprehensive,5,Manual,5,BANGALORE
661000.0,Hatchback,90727,1,2017,19.0,Petrol,2017,Comprehensive,5,Automatic,5,BANGALORE
775000.0,SUV,100000,1,2012,15.1,Diesel,2012,Comprehensive,6,Manual,7,BANGALORE
682000.0,Sedan,31003,1,2017,21.21,Petrol,2017,Comprehensive,5,Manual,5,BANGALORE
577000.0,Hatchback,24233,1,2017,18.9,Petrol,2017,Third Party,5,Manual,5,BANGALORE
500000.0,Hatchback,90000,3,2015,16.47,Petrol,2015,Third Party insurance,5,Manual,5,BANGALORE
679000.0,Hatchback,36983,1,2017,18.7,Petrol,2017,Comprehensive,5,Manual,5,BANGALORE
1445000.0,Hatchback,68915,1,2014,14.8,Diesel,2014,Comprehensive,7,Automatic,5,BANGALORE
776000.0,Hatchback,5440,1,2021,22.38,Petrol,2021,Third Party,5,Manual,5,BANGALORE
690000.0,Hatchback,8096,1,2021,20.09,Petrol,2021,Zero Dep,5,Manual,5,BANGALORE
380000.0,Sedan,120000,2,2012,20.5,Diesel,2012,Third Party insurance,5,Manual,5,BANGALORE
560000.0,SUV,60000,3,2014,13.24,Petrol,2014,Third Party insurance,5,Manual,5,BANGALORE
1125000.0,SUV,120000,1,2017,14.1,Diesel,2017,Third Party insurance,5,Manual,7,BANGALORE
515000.0,MUV,125903,2,2015,19.98,Diesel,2015,Comprehensive,6,Manual,7,BANGALORE
799000.0,Hatchback,33040,2,2018,18.6,Petrol,2018,Comprehensive,5,Manual,5,BANGALORE
1200000.0,SUV,110000,2,2009,11.5,Diesel,2009,Third Party insurance,5,Manual,7,BANGALORE
835000.0,Hatchback,30722,1,2019,22.54,Diesel,2019,Third Party insurance,6,Manual,5,BANGALORE
750000.0,Sedan,80000,1,2016,26.0,Diesel,2016,Third Party insurance,6,Manual,5,BANGALORE
1275000.0,SUV,120000,2,2009,11.5,Diesel,2009,Third Party insurance,5,Manual,7,BANGALORE
3075000.0,Sedan,33000,2,2017,14.21,Diesel,2017,Comprehensive,5,Automatic,5,BANGALORE
527000.0,Sedan,58778,1,2014,17.4,Petrol,2014,Comprehensive,5,Manual,5,BANGALORE
426000.0,Hatchback,51395,1,2019,21.7,Petrol,2019,Comprehensive,5,Manual,5,BANGALORE
625000.0,SUV,100000,2,2015,14.7,Petrol,2015,Comprehensive,6,Automatic,5,BANGALORE
447000.0,Sedan,65881,2,2013,22.41,Petrol,2013,Comprehensive,5,Manual,5,BANGALORE
552000.0,Hatchback,49934,2,2014,22.38,Petrol,2014,Comprehensive,5,Manual,5,BANGALORE
795000.0,Sedan,91000,2,2016,26.0,Diesel,2016,Comprehensive,6,Manual,5,BANGALORE
459000.0,Hatchback,61576,2,2018,21.63,Petrol,2018,Comprehensive,5,Manual,5,BANGALORE
700000.0,Sedan,114321,2,2016,20.73,Petrol,2016,1,5,Manual,5,BANGALORE
405000.0,Hatchback,53125,1,2019,21.7,Petrol,2019,Third Party insurance,5,Manual,5,BANGALORE
536000.0,Hatchback,36462,1,2020,22.0,Petrol,2020,Comprehensive,5,Automatic,5,BANGALORE
2400000.0,SUV,97542,1,2014,15.26,Diesel,2014,Comprehensive,7,Automatic,5,BANGALORE
4745000.0,SUV,89000,1,2017,11.57,Diesel,2017,Comprehensive,9,Automatic,5,BANGALORE
895000.0,SUV,13000,2,2018,14.99,Petrol,2018,Comprehensive,5,Manual,5,BANGALORE
1375000.0,Sedan,41000,1,2018,22.0,Diesel,2018,Third Party insurance,6,Manual,5,BANGALORE
880000.0,Hatchback,94471,1,2017,17.21,Petrol,2017,Third Party,7,Automatic,5,BANGALORE
1030000.0,MUV,58000,1,2011,12.8,Diesel,2011,Comprehensive,5,Manual,7,BANGALORE
475000.0,Hatchback,46000,1,2016,20.52,Petrol,2016,Comprehensive,5,Manual,5,BANGALORE
1150000.0,SUV,10000,1,2022,18.9,Petrol,2022,Third Party insurance,5,Manual,5,BANGALORE
5675000.0,SUV,36531,1,2020,18.9,Diesel,2020,Comprehensive,9,Automatic,5,BANGALORE
960000.0,SUV,50000,1,2021,17.03,Petrol,2021,Third Party insurance,5,Manual,5,BANGALORE
532000.0,Hatchback,36004,2,2020,21.63,Petrol,2020,Third Party,5,Manual,5,BANGALORE
651000.0,Sedan,58808,2,2016,17.8,Petrol,2016,Comprehensive,5,Manual,5,BANGALORE
3200000.0,Sedan,10000,1,2017,19.27,Diesel,2017,Third Party insurance,7,Automatic,5,BANGALORE
715000.0,Hatchback,31983,1,2016,18.6,Petrol,2016,Comprehensive,5,Manual,5,BANGALORE
740000.0,SUV,78536,1,2016,24.3,Diesel,2016,Third Party,5,Manual,5,BANGALORE
1700000.0,SUV,20000,1,2022,20.8,Diesel,2022,Third Party insurance,6,Manual,5,BANGALORE
455000.0,Sedan,54134,2,2013,22.41,Petrol,2013,Comprehensive,5,Manual,5,BANGALORE
1699000.0,SUV,10000,1,2021,16.8,Petrol,2021,Third Party insurance,0,Automatic,5,BANGALORE
524000.0,Hatchback,27227,2,2019,18.9,Petrol,2019,Comprehensive,5,Manual,5,BANGALORE
1765000.0,SUV,25508,1,2019,16.0,Petrol,2019,Comprehensive,7,Automatic,5,BANGALORE
525000.0,Hatchback,30000,1,2017,18.6,Petrol,2017,Third Party insurance,5,Manual,5,BANGALORE
1600000.0,SUV,20000,1,2019,16.5,Petrol,2019,Third Party insurance,7,Automatic,5,BANGALORE
360000.0,Sedan,100000,2,2012,20.54,Diesel,2012,Third Party insurance,5,Manual,5,BANGALORE
1650000.0,SUV,20000,1,2021,18.9,Petrol,2021,Third Party insurance,6,Automatic,4,BANGALORE
410000.0,Hatchback,50000,1,2011,17.0,Petrol,2011,Third Party insurance,5,Manual,5,BANGALORE
3150000.0,Sedan,36000,1,2018,17.9,Diesel,2018,Comprehensive,7,Automatic,5,BANGALORE
850000.0,Hatchback,40000,1,2019,22.54,Diesel,2019,Third Party insurance,6,Manual,5,BANGALORE
1260000.0,SUV,19047,1,2021,18.15,Petrol,2021,Third Party,7,Automatic,5,BANGALORE
850000.0,SUV,50000,1,2020,17.0,Petrol,2020,Third Party insurance,6,Manual,5,BANGALORE
493000.0,Hatchback,64453,1,2018,23.1,Petrol,2018,Comprehensive,5,Automatic,5,BANGALORE
505000.0,Hatchback,43387,1,2018,18.5,Petrol,2018,Comprehensive,5,Manual,5,BANGALORE
825000.0,Hatchback,36538,1,2020,19.56,Petrol,2020,Third Party insurance,0,Automatic,5,BANGALORE
682000.0,Hatchback,36787,2,2017,17.19,Petrol,2017,Zero Dep,5,Manual,5,BANGALORE
486000.0,Hatchback,32112,2,2018,25.24,Petrol,2018,Comprehensive,5,Manual,5,BANGALORE
1800000.0,SUV,30000,1,2022,18.9,Petrol,2022,Third Party insurance,6,Manual,5,BANGALORE
540000.0,Hatchback,53701,1,2017,18.9,Petrol,2017,Comprehensive,5,Manual,5,BANGALORE
530000.0,Hatchback,30000,2,2018,18.9,Petrol,2018,Third Party insurance,5,Manual,5,BANGALORE
407000.0,Hatchback,26085,2,2020,22.05,Petrol,2020,Zero Dep,5,Manual,5,BANGALORE
453000.0,Hatchback,46894,3,2016,18.9,Petrol,2016,Third Party insurance,5,Manual,5,BANGALORE
1010000.0,SUV,30000,1,2021,18.2,Petrol,2021,Third Party insurance,6,Manual,5,BANGALORE
1675000.0,SUV,53692,2,2017,12.0,Petrol,2017,Third Party insurance,5,Automatic,5,BANGALORE
1645000.0,SUV,37809,2,2018,15.1,Diesel,2018,Comprehensive,6,Automatic,7,BANGALORE
625000.0,Hatchback,33000,1,2018,23.84,Petrol,2018,Comprehensive,5,Automatic,5,BANGALORE
635000.0,Hatchback,30813,1,2022,20.52,Petrol,2022,Comprehensive,5,Manual,5,BANGALORE
550000.0,Sedan,56254,1,2013,23.9,Diesel,2013,Comprehensive,6,Manual,5,BANGALORE
2450000.0,Sedan,58000,1,2017,17.9,Diesel,2017,Comprehensive,7,Automatic,5,BANGALORE
1025000.0,Sedan,15727,2,2020,20.04,Petrol,2020,Third Party insurance,4,Automatic,5,BANGALORE
550000.0,Hatchback,20000,1,2017,110.0,Electric,2017,Third Party insurance,1,Automatic,4,BANGALORE
950000.0,Hatchback,150,1,2023,18.9,Electric,2023,Third Party insurance,5,Automatic,4,BANGALORE
977000.0,Hatchback,21113,1,2021,20.0,Petrol,2021,Comprehensive,6,Manual,5,BANGALORE
1705000.0,Sedan,71775,1,2021,14.59,Diesel,2021,Comprehensive,6,Manual,5,BANGALORE
667000.0,Hatchback,59882,1,2018,22.56,Petrol,2018,Third Party,5,Automatic,5,BANGALORE
494000.0,Hatchback,24463,2,2014,18.9,Petrol,2014,Comprehensive,4,Automatic,5,BANGALORE
636000.0,Sedan,72352,1,2015,17.4,Petrol,2015,Zero Dep,5,Manual,5,BANGALORE
792000.0,SUV,90928,1,2017,23.0,Diesel,2017,Comprehensive,5,Manual,5,BANGALORE
695000.0,SUV,10000,2,2021,20.0,Petrol,2021,Third Party insurance,5,Manual,5,BANGALORE
360000.0,Hatchback,60000,2,2014,15.6,Petrol,2014,Third Party insurance,5,Manual,5,BANGALORE
58000.0,Minivans,80000,5,2017,14.0,Petrol,1998,Third Party insurance,4,Manual,5,BANGALORE
827000.0,SUV,117530,1,2016,24.3,Diesel,2016,Comprehensive,5,Manual,5,BANGALORE
382000.0,Hatchback,102814,1,2011,22.38,Petrol,2011,Comprehensive,5,Manual,5,BANGALORE
650000.0,Hatchback,20000,1,2021,19.01,Petrol,2021,Third Party insurance,5,Manual,5,BANGALORE
512000.0,Hatchback,34801,1,2017,23.1,Petrol,2017,Zero Dep,5,Automatic,5,BANGALORE
463000.0,Hatchback,51877,3,2018,25.24,Petrol,2018,Comprehensive,5,Manual,5,BANGALORE
1500000.0,Sedan,10000,1,2023,18.45,Petrol,2023,Third Party insurance,0,Automatic,5,BANGALORE
525000.0,Hatchback,17125,2,2018,21.63,Petrol,2018,Third Party,5,Manual,5,BANGALORE
460000.0,SUV,30000,1,2014,20.45,Diesel,2014,Third Party insurance,5,Manual,5,BANGALORE
627000.0,Hatchback,50318,1,2016,21.4,Petrol,2016,Third Party insurance,5,Manual,5,BANGALORE
511000.0,Sedan,46123,1,2012,17.01,Petrol,2012,Comprehensive,5,Manual,5,BANGALORE
55000.0,Hatchback,120000,3,2006,15.3,Petrol,2006,Third Party insurance,5,Manual,5,BANGALORE
600000.0,Hatchback,70000,2,2015,22.54,Diesel,2015,Third Party insurance,6,Manual,5,BANGALORE
1285000.0,Sedan,33360,1,2014,16.96,Diesel,2014,Comprehensive,6,Automatic,5,BANGALORE
3150000.0,SUV,21800,1,2022,12.65,Petrol,2022,Third Party insurance,7,Automatic,5,BANGALORE
750000.0,Hatchback,10000,1,2023,19.33,Petrol,2023,Third Party insurance,5,Manual,5,BANGALORE
130000.0,Hatchback,60000,3,2006,18.9,Petrol,2006,Third Party insurance,5,Manual,5,BANGALORE
1800000.0,SUV,10000,1,2023,18.9,Electric,2023,Third Party insurance,5,Automatic,5,BANGALORE
985000.0,Hatchback,11045,1,2021,19.65,Petrol,2021,Third Party insurance,0,Automatic,5,BANGALORE
1045000.0,Sedan,51406,1,2018,22.15,Diesel,2018,Third Party insurance,7,Automatic,5,BANGALORE
200000.0,Hatchback,70000,1,2012,25.0,Diesel,2012,Third Party insurance,5,Manual,5,BANGALORE
710000.0,Hatchback,26031,1,2017,21.4,Petrol,2017,Comprehensive,5,Manual,5,BANGALORE
586000.0,Hatchback,30740,1,2016,22.38,Petrol,2016,Comprehensive,5,Manual,5,BANGALORE
1500000.0,SUV,20000,1,2022,14.82,Petrol,2022,Third Party insurance,0,Automatic,5,BANGALORE
584000.0,Hatchback,65909,1,2017,20.89,Petrol,2017,Zero Dep,5,Automatic,5,BANGALORE
409000.0,Hatchback,140590,1,2013,18.5,Petrol,2013,Comprehensive,5,Manual,5,BANGALORE
2175000.0,MUV,32953,2,2019,10.75,Petrol,2019,Third Party insurance,6,Automatic,7,BANGALORE
738000.0,Sedan,51801,1,2019,21.21,Petrol,2019,Comprehensive,5,Automatic,5,BANGALORE
380000.0,Sedan,80000,1,2015,24.4,Diesel,2015,Third Party insurance,5,Manual,5,BANGALORE
656000.0,Hatchback,62621,1,2017,18.6,Petrol,2017,Zero Dep,5,Manual,5,BANGALORE
483000.0,Hatchback,79068,1,2014,22.38,Petrol,2014,Comprehensive,5,Manual,5,BANGALORE
510000.0,Hatchback,50000,1,2018,22.0,Petrol,2018,Third Party insurance,5,Manual,5,BANGALORE
750000.0,Sedan,30000,2,2018,21.73,Diesel,2018,Third Party insurance,7,Automatic,5,BANGALORE
185000.0,Hatchback,72000,2,2008,19.81,Petrol,2008,Third Party insurance,5,Manual,5,BANGALORE
180000.0,Hatchback,80000,2,2008,19.81,Petrol,2008,Third Party insurance,5,Manual,5,BANGALORE
1900000.0,MUV,10000,1,2021,8.0,Petrol,2021,Third Party insurance,5,Manual,8,BANGALORE
2100000.0,SUV,20000,1,2022,14.6,Diesel,2022,Third Party insurance,6,Automatic,5,BANGALORE
1245000.0,SUV,36314,2,2016,16.0,Diesel,2016,Comprehensive,6,Automatic,7,BANGALORE
300000.0,Hatchback,67000,1,2010,16.47,Petrol,2010,Third Party insurance,5,Manual,5,BANGALORE
1350000.0,SUV,30000,1,2020,18.9,Electric,2020,Third Party insurance,5,Automatic,5,BANGALORE
1450000.0,SUV,21236,1,2022,18.9,Electric,2022,Comprehensive,5,Automatic,5,BANGALORE
546000.0,Hatchback,47488,2,2017,20.89,Petrol,2017,Comprehensive,5,Automatic,5,BANGALORE
533000.0,Hatchback,56814,1,2016,18.7,Petrol,2016,Comprehensive,5,Manual,5,BANGALORE
160000.0,Sedan,90000,1,2004,14.5,Petrol,2004,Third Party insurance,5,Automatic,5,BANGALORE
332000.0,Hatchback,63206,1,2012,20.36,Petrol,2012,Comprehensive,5,Manual,5,BANGALORE
809000.0,Sedan,61103,2,2018,21.56,Petrol,2018,Comprehensive,5,Manual,5,BANGALORE
200000.0,Hatchback,70000,1,2008,19.7,Petrol,2008,Third Party insurance,5,Manual,5,BANGALORE
347000.0,Hatchback,112268,3,2015,23.1,Petrol,2015,Comprehensive,5,Automatic,5,BANGALORE
150000.0,Hatchback,70000,2,2006,16.1,Petrol,2006,Third Party insurance,5,Manual,5,BANGALORE
1359000.0,SUV,97346,1,2021,20.08,Petrol,2021,Comprehensive,6,Manual,5,BANGALORE
543000.0,Hatchback,36977,2,2018,18.9,Petrol,2018,Comprehensive,5,Manual,5,BANGALORE
150000.0,Hatchback,70000,3,2006,16.1,Petrol,2006,Third Party insurance,5,Manual,5,BANGALORE
475000.0,Hatchback,60000,2,2013,21.27,Diesel,2013,Third Party insurance,6,Manual,5,BANGALORE
110000.0,Hatchback,80000,2,2003,18.9,Petrol,2003,Third Party insurance,5,Manual,5,BANGALORE
350000.0,Hatchback,35000,2,2016,24.04,Petrol,2016,Third Party insurance,5,Automatic,5,BANGALORE
135000.0,Hatchback,100000,3,2006,15.3,Petrol,2006,Third Party insurance,5,Manual,5,BANGALORE
170000.0,Hatchback,90000,2,2005,18.9,Petrol,2005,Third Party insurance,5,Manual,5,BANGALORE
2850000.0,SUV,85700,1,2018,20.68,Diesel,2018,Comprehensive,8,Automatic,5,BANGALORE
2750000.0,Sedan,50000,1,2016,19.27,Diesel,2016,Comprehensive,7,Automatic,5,BANGALORE
1449000.0,MUV,50000,2,2015,12.99,Diesel,2015,Third Party insurance,5,Manual,7,BANGALORE
300000.0,Hatchback,50000,1,2015,23.95,Petrol,2015,Third Party insurance,5,Manual,5,BANGALORE
377000.0,Hatchback,40082,2,2014,20.51,Petrol,2014,Third Party,5,Manual,5,BANGALORE
638000.0,Sedan,112566,2,2017,28.4,Diesel,2017,Comprehensive,5,Automatic,5,BANGALORE
1575000.0,SUV,68000,1,2020,18.9,Petrol,2020,Comprehensive,7,Automatic,5,BANGALORE
674000.0,Hatchback,61978,1,2021,20.52,Petrol,2021,Comprehensive,5,Automatic,5,BANGALORE
613000.0,Hatchback,27658,1,2021,20.52,Petrol,2021,Third Party,5,Manual,5,BANGALORE
1145000.0,SUV,26000,1,2019,16.8,Petrol,2019,Comprehensive,6,Manual,5,BANGALORE
595000.0,Hatchback,43371,2,2015,18.6,Petrol,2015,Comprehensive,5,Manual,5,BANGALORE
450000.0,SUV,120000,2,2014,22.7,Diesel,2014,Third Party insurance,5,Manual,5,BANGALORE
599000.0,Hatchback,67633,1,2017,18.7,Petrol,2017,Third Party insurance,5,Manual,5,BANGALORE
625000.0,Hatchback,76794,1,2016,21.4,Petrol,2016,Third Party insurance,5,Manual,5,BANGALORE
750000.0,MUV,120000,1,2011,12.8,Diesel,2011,Third Party insurance,5,Manual,8,BANGALORE
2165000.0,MUV,59577,1,2018,11.36,Diesel,2018,Comprehensive,6,Automatic,8,BANGALORE
445000.0,Sedan,100000,2,2010,18.3,Diesel,2010,Third Party insurance,5,Manual,5,BANGALORE
120000.0,Sedan,100000,3,2004,13.4,Petrol,2004,Third Party insurance,5,Manual,5,BANGALORE
320000.0,Hatchback,50000,2,2012,20.36,Petrol,2012,Third Party insurance,5,Manual,5,BANGALORE
1350000.0,SUV,20000,1,2022,18.9,Diesel,2022,Third Party insurance,6,Automatic,5,BANGALORE
165000.0,Hatchback,120000,2,2006,19.7,Petrol,2006,Third Party insurance,5,Manual,5,BANGALORE
525000.0,Hatchback,50000,2,2018,16.3,Petrol,2018,Third Party insurance,5,Manual,5,BANGALORE
888000.0,SUV,80000,1,2015,19.67,Diesel,2015,Third Party insurance,6,Manual,5,BANGALORE
575000.0,SUV,80000,2,2015,18.49,Diesel,2015,Comprehensive,5,Manual,7,BANGALORE
707000.0,Sedan,94932,1,2017,28.4,Diesel,2017,Comprehensive,5,Manual,5,BANGALORE
593000.0,Hatchback,75140,1,2016,21.4,Petrol,2016,Comprehensive,5,Manual,5,BANGALORE
250000.0,Hatchback,88000,1,2011,18.6,Petrol,2011,Third Party insurance,5,Manual,5,BANGALORE
685000.0,Hatchback,73969,1,2016,18.6,Petrol,2016,Comprehensive,5,Manual,5,BANGALORE
699000.0,Sedan,62598,1,2016,17.01,Petrol,2016,Comprehensive,5,Manual,5,BANGALORE
1200000.0,Sedan,70000,2,2017,14.28,Petrol,2017,Third Party insurance,7,Automatic,5,BANGALORE
425000.0,Hatchback,24343,2,2021,22.05,Petrol,2021,Zero Dep,5,Manual,5,BANGALORE
380000.0,Hatchback,110000,2,2014,22.07,Diesel,2014,Third Party insurance,5,Manual,5,BANGALORE
574000.0,Hatchback,58917,2,2017,16.2,Petrol,2017,Third Party,5,Manual,5,BANGALORE
573000.0,Hatchback,72338,1,2016,22.38,Petrol,2016,Comprehensive,5,Manual,5,BANGALORE
70000.0,Hatchback,50000,1,2003,17.88,Diesel,2003,Third Party insurance,5,Manual,5,BANGALORE
685000.0,SUV,110000,3,2015,16.0,Diesel,2015,Third Party insurance,6,Manual,7,BANGALORE
425000.0,Hatchback,41000,2,2012,18.4,Petrol,2012,Comprehensive,5,Automatic,5,BANGALORE
265000.0,Hatchback,70000,2,2009,19.2,Petrol,2009,Third Party insurance,4,Automatic,5,BANGALORE
600000.0,Sedan,25887,1,2019,17.5,Petrol,2019,Comprehensive,5,Manual,5,BANGALORE
650000.0,Sedan,40000,1,2016,17.8,Petrol,2016,Third Party insurance,5,Manual,5,BANGALORE
430000.0,Hatchback,50000,1,2015,25.2,Diesel,2015,Third Party insurance,5,Manual,5,BANGALORE
530000.0,Minivans,10000,1,2021,16.11,Petrol,2021,Third Party insurance,5,Manual,7,BANGALORE
1075000.0,Hatchback,20000,1,2022,18.24,Petrol,2022,Third Party insurance,6,Manual,5,BANGALORE
750000.0,Sedan,60000,2,2017,17.0,Petrol,2017,Third Party insurance,6,Manual,5,BANGALORE
615000.0,Hatchback,64235,2,2017,18.6,Petrol,2017,Third Party,5,Manual,5,BANGALORE
746000.0,Hatchback,83873,1,2018,27.39,Diesel,2018,Zero Dep,5,Manual,5,BANGALORE
370000.0,Sedan,120000,2,2012,20.5,Diesel,2012,Third Party insurance,5,Manual,5,BANGALORE
667000.0,Sedan,93059,2,2016,17.01,Petrol,2016,Comprehensive,5,Manual,5,BANGALORE
634000.0,Hatchback,45681,1,2017,21.4,Petrol,2017,Zero Dep,5,Manual,5,BANGALORE
40000.0,Sedan,50000,3,2017,15.0,Petrol,1998,Third Party insurance,5,Manual,5,BANGALORE
579000.0,Hatchback,45938,2,2017,18.7,Petrol,2017,Comprehensive,5,Manual,5,BANGALORE
510000.0,Hatchback,40000,1,2018,21.4,Petrol,2018,Third Party insurance,5,Manual,5,BANGALORE
634000.0,Hatchback,57423,2,2018,22.38,Petrol,2018,Third Party insurance,5,Manual,5,BANGALORE
527000.0,Hatchback,60942,1,2015,18.9,Petrol,2015,Third Party,4,Automatic,5,BANGALORE
900000.0,SUV,70000,1,2018,13.0,Petrol,2018,Third Party insurance,6,Automatic,5,BANGALORE
1500000.0,SUV,80000,2,2018,17.1,Diesel,2018,Third Party insurance,6,Manual,5,BANGALORE
3000000.0,SUV,19875,1,2021,18.6,Diesel,2021,Comprehensive,8,Automatic,5,BANGALORE
2750000.0,SUV,20000,1,2022,18.9,Diesel,2022,Third Party insurance,6,Automatic,7,BANGALORE
650000.0,Hatchback,10000,2,2021,20.7,Petrol,2021,Third Party insurance,5,Manual,5,BANGALORE
965000.0,MUV,120000,2,2012,12.99,Diesel,2012,Third Party insurance,5,Manual,7,BANGALORE
3600000.0,SUV,20000,1,2022,12.65,Petrol,2022,Third Party insurance,7,Automatic,5,BANGALORE
400000.0,Sedan,120000,4,2013,22.32,Diesel,2013,Third Party insurance,6,Manual,5,BANGALORE
300000.0,Sedan,50000,1,2009,16.0,Petrol,2009,Third Party insurance,1,Manual,5,BANGALORE
3400000.0,Sedan,30000,1,2018,21.76,Diesel,2018,Third Party insurance,8,Automatic,5,BANGALORE
982000.0,Hatchback,14949,1,2020,20.0,Petrol,2020,Zero Dep,6,Manual,5,BANGALORE
674000.0,Hatchback,77995,1,2017,21.4,Petrol,2017,Comprehensive,0,Automatic,5,BANGALORE
810000.0,SUV,20000,1,2021,17.33,Petrol,2021,Third Party insurance,6,Manual,5,BANGALORE
792000.0,Sedan,40908,1,2020,20.65,Petrol,2020,Comprehensive,5,Manual,5,BANGALORE
513000.0,Hatchback,39693,2,2016,18.9,Petrol,2016,Comprehensive,4,Automatic,5,BANGALORE
360000.0,Sedan,40000,1,2010,16.2,Petrol,2010,Third Party insurance,1,Manual,5,BANGALORE
579000.0,Hatchback,63411,1,2016,22.38,Petrol,2016,Comprehensive,5,Manual,5,BANGALORE
550000.0,Hatchback,30000,1,2018,22.0,Petrol,2018,Third Party insurance,5,Manual,5,BANGALORE
383000.0,Hatchback,94221,2,2014,18.9,Petrol,2014,Comprehensive,5,Manual,5,BANGALORE
605000.0,Hatchback,93975,1,2017,18.6,Petrol,2017,Third Party insurance,5,Manual,5,BANGALORE
985000.0,SUV,30000,1,2019,16.82,Petrol,2019,Third Party insurance,6,Manual,5,BANGALORE
935000.0,Hatchback,30155,2,2020,18.24,Petrol,2020,Third Party,6,Manual,5,BANGALORE
675000.0,Hatchback,59006,2,2016,16.47,Petrol,2016,Third Party insurance,5,Manual,5,BANGALORE
135000.0,Hatchback,100000,4,2004,17.3,Petrol,2004,Third Party insurance,5,Manual,5,BANGALORE
1345000.0,SUV,18570,1,2022,16.35,Petrol,2022,Third Party,6,Automatic,5,BANGALORE
2365000.0,MUV,48246,1,2021,12.0,Diesel,2021,Comprehensive,5,Manual,7,BANGALORE
3200000.0,Sedan,10000,1,2017,19.27,Diesel,2017,Third Party insurance,7,Automatic,5,BANGALORE
734000.0,Hatchback,61263,1,2016,27.39,Diesel,2016,Third Party insurance,5,Manual,5,BANGALORE
701000.0,SUV,65507,2,2017,17.5,Petrol,2017,Third Party,5,Manual,5,BANGALORE
535000.0,SUV,100000,1,2014,20.46,Diesel,2014,Third Party insurance,5,Manual,5,BANGALORE
789000.0,SUV,26158,1,2017,17.5,Petrol,2017,Comprehensive,5,Manual,5,BANGALORE
548000.0,Hatchback,35250,1,2015,22.38,Petrol,2015,Comprehensive,5,Manual,5,BANGALORE
350000.0,SUV,65965,1,2012,17.21,Diesel,2012,Comprehensive,5,Manual,7,BANGALORE
477000.0,Hatchback,40304,2,2015,25.24,Petrol,2015,Comprehensive,5,Manual,5,BANGALORE
1525000.0,SUV,80000,1,2013,12.35,Diesel,2013,Comprehensive,6,Automatic,5,BANGALORE
515000.0,Hatchback,56661,1,2014,22.38,Petrol,2014,Comprehensive,5,Manual,5,BANGALORE
562000.0,Hatchback,90213,2,2016,18.6,Petrol,2016,Comprehensive,5,Manual,5,BANGALORE
345000.0,Sedan,70000,3,2010,15.04,Petrol,2010,Third Party insurance,5,Manual,5,BANGALORE
475000.0,Sedan,120000,4,2013,22.32,Diesel,2013,Third Party insurance,6,Manual,5,BANGALORE
670000.0,SUV,10000,2,2021,18.75,Petrol,2021,Third Party insurance,5,Manual,5,BANGALORE
950000.0,Hatchback,20739,1,2021,17.1,Petrol,2021,Comprehensive,7,Automatic,5,BANGALORE
700000.0,Hatchback,20000,2,2020,18.6,Petrol,2020,Third Party insurance,5,Manual,5,BANGALORE
80000.0,Sedan,70000,1,2004,14.2,Petrol,2004,Third Party insurance,5,Manual,5,BANGALORE
1500000.0,SUV,10000,1,2021,15.2,Petrol,2021,Third Party insurance,6,Automatic,4,BANGALORE
370000.0,Sedan,60000,3,2009,18.3,Diesel,2009,Third Party insurance,5,Manual,5,BANGALORE
3200000.0,Sedan,10000,1,2017,19.27,Diesel,2017,Third Party insurance,7,Automatic,5,BANGALORE
550000.0,Hatchback,70000,1,2015,22.54,Diesel,2015,Third Party insurance,6,Manual,5,BANGALORE
581000.0,Hatchback,47127,2,2015,18.6,Petrol,2015,Comprehensive,5,Manual,5,BANGALORE
582000.0,Hatchback,47038,1,2017,20.4,Petrol,2017,Comprehensive,5,Manual,5,BANGALORE
185000.0,Sedan,120000,3,2007,17.7,Petrol,2007,Third Party insurance,5,Manual,5,BANGALORE
531000.0,Hatchback,40769,1,2018,18.9,Petrol,2018,Third Party,5,Manual,5,BANGALORE
558000.0,Hatchback,34757,1,2017,18.9,Petrol,2017,Comprehensive,5,Manual,5,BANGALORE
155000.0,Hatchback,100000,3,2006,17.0,Petrol,2006,Third Party insurance,5,Manual,5,BANGALORE
508000.0,Hatchback,88119,2,2016,18.9,Petrol,2016,Comprehensive,4,Automatic,5,BANGALORE
2060000.0,SUV,120000,1,2015,12.55,Diesel,2015,Third Party insurance,5,Automatic,7,BANGALORE
542000.0,Hatchback,57176,1,2017,18.9,Petrol,2017,Third Party,5,Manual,5,BANGALORE
501000.0,Hatchback,62223,2,2015,22.38,Petrol,2015,Comprehensive,5,Manual,5,BANGALORE
875000.0,MUV,55000,1,2018,19.34,Petrol,2018,Third Party insurance,5,Manual,7,BANGALORE
1370000.0,SUV,52000,1,2020,18.9,Diesel,2020,Third Party insurance,6,Manual,7,BANGALORE
485000.0,Minivans,63251,1,2018,16.11,Petrol,2018,Comprehensive,5,Manual,5,BANGALORE
300000.0,Hatchback,20000,3,2010,20.36,Petrol,2010,Third Party insurance,5,Manual,5,BANGALORE
350000.0,Sedan,60000,3,2009,18.3,Diesel,2009,Third Party insurance,5,Manual,5,BANGALORE
3250000.0,SUV,20000,1,2021,18.6,Diesel,2021,Third Party insurance,8,Automatic,5,BANGALORE
55000.0,Sedan,80000,2,2004,14.2,Petrol,2004,Third Party insurance,5,Manual,5,BANGALORE
630000.0,Hatchback,40000,1,2018,18.9,Petrol,2018,Third Party insurance,4,Automatic,5,BANGALORE
2475000.0,SUV,20000,1,2022,14.08,Diesel,2022,Third Party insurance,6,Automatic,7,BANGALORE
417000.0,Hatchback,67444,1,2012,18.5,Petrol,2012,Third Party insurance,5,Manual,5,BANGALORE
631000.0,Hatchback,63837,2,2016,21.4,Petrol,2016,Comprehensive,0,Automatic,5,BANGALORE
465000.0,MUV,61000,2,2012,14.0,Diesel,2012,Comprehensive,5,Manual,7,BANGALORE
544000.0,Hatchback,60777,1,2016,22.38,Petrol,2016,Third Party insurance,5,Manual,5,BANGALORE
704000.0,Hatchback,39248,2,2016,21.4,Petrol,2016,Third Party insurance,5,Manual,5,BANGALORE
1975000.0,Sedan,66000,1,2014,18.12,Diesel,2014,Comprehensive,8,Automatic,5,BANGALORE
359000.0,Hatchback,96198,1,2015,19.4,Petrol,2015,Comprehensive,5,Manual,5,BANGALORE
520000.0,Sedan,50000,2,2013,16.8,Petrol,2013,Third Party insurance,5,Automatic,5,BANGALORE
335000.0,Hatchback,81207,3,2015,20.51,Petrol,2015,Comprehensive,5,Manual,5,BANGALORE
766000.0,Hatchback,48148,1,2021,22.38,Petrol,2021,Third Party,5,Manual,5,BANGALORE
350000.0,Hatchback,120000,1,2015,23.1,Petrol,2015,Third Party insurance,5,Manual,5,BANGALORE
480000.0,Sedan,90000,3,2018,20.65,Diesel,2018,Third Party insurance,5,Manual,5,BANGALORE
822000.0,SUV,60000,2,2017,18.06,Diesel,2017,Third Party insurance,5,Manual,7,BANGALORE
190000.0,Sedan,120000,4,2009,16.0,Petrol,2009,Third Party insurance,1,Manual,5,BANGALORE
600000.0,Sedan,70000,3,2008,11.7,Petrol,2008,Third Party insurance,5,Automatic,5,BANGALORE
995000.0,SUV,30000,1,2022,20.1,Diesel,2022,Third Party insurance,6,Manual,5,BANGALORE
120000.0,Hatchback,30000,3,2017,14.0,Petrol,2001,Third Party insurance,4,Manual,5,BANGALORE
575000.0,SUV,120000,2,2013,19.01,Diesel,2013,Third Party insurance,6,Manual,5,BANGALORE
3795000.0,SUV,64389,2,2018,17.9,Diesel,2018,Comprehensive,9,Automatic,5,BANGALORE
260000.0,Hatchback,60000,2,2014,22.74,Petrol,2014,Third Party insurance,5,Manual,5,BANGALORE
539000.0,Hatchback,67245,1,2015,22.38,Petrol,2015,Comprehensive,5,Manual,5,BANGALORE
1006000.0,Sedan,30518,2,2018,17.0,Petrol,2018,Zero Dep,6,Automatic,5,BANGALORE
3900000.0,Sedan,20000,1,2022,18.9,Petrol,2022,Third Party insurance,7,Automatic,5,BANGALORE
796000.0,Sedan,102407,1,2018,28.09,Diesel,2018,Third Party,5,Manual,5,BANGALORE
636000.0,Hatchback,53606,1,2015,18.6,Petrol,2015,Zero Dep,5,Manual,5,BANGALORE
1400000.0,SUV,90000,1,2015,17.67,Diesel,2015,Third Party insurance,6,Manual,5,BANGALORE
615000.0,Hatchback,44253,2,2016,21.4,Petrol,2016,Comprehensive,5,Manual,5,BANGALORE
500000.0,Minivans,40000,1,2021,20.88,CNG,2021,Third Party insurance,5,Manual,5,BANGALORE
718000.0,Hatchback,34702,1,2021,19.01,Petrol,2021,Third Party,5,Manual,5,BANGALORE
436000.0,Hatchback,42762,1,2012,22.38,Petrol,2012,Third Party,5,Manual,5,BANGALORE
280000.0,Hatchback,50000,2,2015,23.95,Petrol,2015,Third Party insurance,5,Manual,5,BANGALORE
780000.0,MUV,30000,1,2022,18.2,Petrol,2022,Third Party insurance,5,Automatic,7,BANGALORE
900000.0,SUV,80000,2,2016,16.0,Diesel,2016,Third Party insurance,6,Automatic,7,BANGALORE
1300000.0,MUV,20000,1,2022,26.11,CNG,2022,Third Party insurance,5,Manual,7,BANGALORE
300000.0,Sedan,50000,2,2014,22.1,CNG,2014,Third Party insurance,5,Manual,5,BANGALORE
3675000.0,Sedan,28000,1,2019,13.5,Petrol,2019,Comprehensive,8,Automatic,5,BANGALORE
670000.0,Sedan,40000,1,2020,21.21,Petrol,2020,Third Party insurance,5,Manual,5,BANGALORE
900000.0,Hatchback,10000,1,2020,21.01,Petrol,2020,Third Party insurance,5,Manual,5,BANGALORE
600000.0,Hatchback,60000,1,2016,21.4,Petrol,2016,Third Party insurance,5,Manual,5,BANGALORE
110000.0,Hatchback,110000,4,2008,18.0,Petrol,2008,Third Party insurance,5,Manual,5,BANGALORE
605000.0,Hatchback,57459,1,2016,18.6,Petrol,2016,Third Party insurance,5,Manual,5,BANGALORE
559000.0,Hatchback,70381,1,2017,18.9,Petrol,2017,Zero Dep,5,Manual,5,BANGALORE
268000.0,Hatchback,90000,3,2012,22.07,Diesel,2012,Third Party insurance,5,Manual,5,BANGALORE
780000.0,Sedan,80648,1,2020,20.65,Petrol,2020,Comprehensive,5,Manual,5,BANGALORE
864000.0,SUV,81853,2,2016,13.0,Petrol,2016,Comprehensive,6,Manual,5,BANGALORE
240000.0,Hatchback,40000,1,2009,17.92,Petrol,2009,Third Party insurance,5,Manual,5,BANGALORE
341000.0,Hatchback,90802,1,2012,19.4,Petrol,2012,Comprehensive,5,Manual,5,BANGALORE
240000.0,Hatchback,40000,1,2009,17.92,Petrol,2009,Third Party insurance,5,Manual,5,BANGALORE
513000.0,Hatchback,16502,1,2021,20.3,Petrol,2021,Zero Dep,5,Manual,5,BANGALORE
661000.0,Hatchback,31530,1,2021,20.89,Petrol,2021,Third Party,5,Manual,5,BANGALORE
800000.0,MUV,120000,2,2017,24.52,Diesel,2017,Third Party insurance,5,Manual,7,BANGALORE
520000.0,Hatchback,80000,2,2015,25.2,Diesel,2015,Third Party insurance,5,Manual,5,BANGALORE
600000.0,Sedan,71086,1,2014,18.0,Petrol,2014,Comprehensive,0,Automatic,5,BANGALORE
300000.0,Hatchback,110000,2,2011,21.1,Diesel,2011,Third Party insurance,5,Manual,5,BANGALORE
3750000.0,SUV,50000,1,2020,10.91,Diesel,2020,Comprehensive,6,Automatic,7,BANGALORE
1295000.0,Hatchback,18000,1,2021,20.25,Petrol,2021,Comprehensive,7,Automatic,5,BANGALORE
630000.0,Sedan,60000,2,2014,17.4,Petrol,2014,Third Party insurance,5,Manual,5,BANGALORE
475000.0,MUV,120000,3,2016,13.58,Diesel,2016,Third Party insurance,5,Manual,10,BANGALORE
275000.0,Hatchback,70000,2,2011,20.36,Petrol,2011,Third Party insurance,5,Manual,5,BANGALORE
575000.0,Hatchback,25000,4,2016,19.0,Petrol,2016,Comprehensive,5,Automatic,5,BANGALORE
338000.0,Hatchback,69210,1,2012,19.4,Petrol,2012,Third Party,5,Manual,5,BANGALORE
604000.0,Hatchback,71165,2,2018,18.7,Petrol,2018,Comprehensive,5,Manual,5,BANGALORE
13000000.0,SUV,10000,1,2022,10.54,Petrol,2022,Third Party insurance,8,Automatic,7,BANGALORE
327000.0,Sedan,86543,3,2010,19.3,Diesel,2010,Third Party insurance,5,Manual,5,BANGALORE
621000.0,Hatchback,67225,1,2016,21.4,Petrol,2016,Third Party,0,Automatic,5,BANGALORE
240000.0,Hatchback,100000,3,2017,25.0,Diesel,2017,Third Party insurance,5,Manual,5,BANGALORE
621000.0,Hatchback,16247,1,2018,18.9,Petrol,2018,Zero Dep,5,Manual,5,BANGALORE
140000.0,Sedan,80000,2,2007,15.7,Petrol,2007,Third Party insurance,5,Manual,5,BANGALORE
708000.0,Hatchback,39481,2,2017,21.4,Petrol,2017,Zero Dep,0,Automatic,5,BANGALORE
443000.0,Hatchback,61227,2,2018,25.24,Petrol,2018,Third Party,5,Manual,5,BANGALORE
180000.0,Sedan,80000,4,2006,17.7,Petrol,2006,Third Party insurance,5,Manual,5,BANGALORE
700000.0,SUV,112521,1,2016,19.01,Diesel,2016,Comprehensive,6,Manual,5,BANGALORE
1800000.0,SUV,20000,1,2020,17.41,Diesel,2020,Third Party insurance,6,Manual,5,BANGALORE
1450000.0,Sedan,20000,1,2021,18.3,Petrol,2021,Third Party insurance,0,Automatic,5,BANGALORE
520000.0,Sedan,60000,2,2016,17.0,Petrol,2016,Third Party insurance,5,Manual,5,BANGALORE
470000.0,Hatchback,40000,2,2018,23.84,Petrol,2018,Third Party insurance,5,Manual,5,BANGALORE
600000.0,SUV,50000,1,2016,19.64,Diesel,2016,Third Party insurance,6,Manual,5,BANGALORE
1850000.0,SUV,100000,2,2016,15.17,Diesel,2016,Third Party insurance,7,Automatic,5,BANGALORE
460000.0,Hatchback,20000,2,2017,140.0,Electric,2017,Third Party insurance,1,Automatic,4,BANGALORE
75000.0,Sedan,110000,2,2003,13.8,Petrol,2003,Third Party insurance,5,Manual,5,BANGALORE
649000.0,Hatchback,63359,2,2017,21.4,Petrol,2017,Third Party,5,Manual,5,BANGALORE
657000.0,Hatchback,125227,2,2017,22.54,Diesel,2017,Zero Dep,6,Manual,5,BANGALORE
420000.0,Hatchback,100000,2,2012,22.07,Diesel,2012,Third Party insurance,5,Manual,5,BANGALORE
629000.0,Hatchback,71884,2,2015,25.2,Diesel,2015,Third Party insurance,5,Manual,5,BANGALORE
322000.0,Hatchback,79059,2,2012,19.4,Petrol,2012,Third Party insurance,5,Manual,5,BANGALORE
620000.0,Hatchback,80000,2,2016,21.4,Petrol,2016,Third Party insurance,5,Manual,5,BANGALORE
435000.0,Hatchback,69124,1,2013,22.38,Petrol,2013,Third Party,5,Manual,5,BANGALORE
960000.0,MUV,120000,4,2012,12.99,Diesel,2012,Third Party insurance,5,Manual,8,BANGALORE
317000.0,Hatchback,73340,1,2010,18.5,Petrol,2010,Comprehensive,5,Manual,5,BANGALORE
574000.0,Hatchback,44268,2,2017,18.9,Petrol,2017,Comprehensive,5,Manual,5,BANGALORE
780000.0,Hatchback,10000,1,2022,19.3,Petrol,2022,Third Party insurance,5,Manual,5,BANGALORE
800000.0,Hatchback,60000,1,2018,18.7,Petrol,2018,Third Party insurance,5,Manual,5,BANGALORE
925000.0,Sedan,30000,1,2020,18.6,Petrol,2020,Third Party insurance,6,Manual,5,BANGALORE
775000.0,Sedan,50000,1,2017,20.73,Petrol,2017,Third Party insurance,5,Manual,5,BANGALORE
70000.0,Hatchback,80000,2,2011,26.0,Petrol,2011,Third Party insurance,4,Manual,4,BANGALORE
500000.0,SUV,70000,2,2014,19.01,Diesel,2014,Third Party insurance,6,Manual,5,BANGALORE
350000.0,Sedan,120000,2,2009,19.3,Diesel,2009,Third Party insurance,5,Manual,5,BANGALORE
1125000.0,MUV,120000,2,2012,12.99,Diesel,2012,Third Party insurance,5,Manual,7,BANGALORE
830000.0,Sedan,20000,2,2020,18.3,Petrol,2020,Third Party insurance,0,Automatic,5,BANGALORE
1475000.0,SUV,37354,1,2020,17.8,Diesel,2020,Third Party,6,Automatic,5,BANGALORE
834000.0,SUV,80426,2,2014,15.1,Diesel,2014,Comprehensive,6,Manual,7,BANGALORE
674000.0,Sedan,89801,1,2016,20.73,Petrol,2016,Comprehensive,5,Manual,5,BANGALORE
65000.0,Sedan,120000,4,2004,14.2,Petrol,2004,Third Party insurance,5,Manual,5,BANGALORE
547000.0,Hatchback,69199,2,2019,18.9,Petrol,2019,Zero Dep,5,Manual,5,BANGALORE
413000.0,Hatchback,78249,3,2012,22.38,Petrol,2012,Third Party insurance,5,Manual,5,BANGALORE
2325000.0,MUV,26918,1,2018,13.68,Diesel,2018,Comprehensive,5,Manual,8,BANGALORE
709000.0,Hatchback,29905,1,2021,22.38,Petrol,2021,Zero Dep,5,Manual,5,BANGALORE
2295000.0,MUV,37678,2,2018,11.36,Diesel,2018,Comprehensive,6,Automatic,7,BANGALORE
528000.0,Hatchback,60442,2,2017,18.7,Petrol,2017,Comprehensive,5,Manual,5,BANGALORE
691000.0,SUV,66463,1,2014,20.45,Diesel,2014,Comprehensive,5,Manual,5,BANGALORE
1145000.0,Sedan,40844,1,2020,16.24,Petrol,2020,Comprehensive,6,Automatic,5,BANGALORE
855000.0,Hatchback,62696,1,2021,18.9,Petrol,2021,Third Party,6,Manual,5,BANGALORE
800000.0,Hatchback,30000,1,2021,21.21,Petrol,2021,Third Party insurance,5,Automatic,5,BANGALORE
550000.0,Sedan,44000,1,2017,18.16,Petrol,2017,Comprehensive,5,Manual,5,BANGALORE
400000.0,Hatchback,70000,2,2012,18.5,Petrol,2012,Third Party insurance,5,Manual,5,BANGALORE
130000.0,Hatchback,120000,1,2012,25.0,Diesel,2012,Third Party insurance,5,Manual,5,BANGALORE
375000.0,Sedan,120000,4,2012,22.32,Diesel,2012,Third Party insurance,6,Manual,5,BANGALORE
650000.0,Sedan,40000,1,2020,21.21,Petrol,2020,Third Party insurance,5,Manual,5,BANGALORE
2550000.0,SUV,10000,1,2021,14.1,Petrol,2021,Third Party insurance,7,Automatic,5,BANGALORE
1300000.0,SUV,80000,1,2021,18.9,Diesel,2021,Third Party insurance,6,Manual,5,BANGALORE
609000.0,Hatchback,79415,1,2016,21.4,Petrol,2016,Zero Dep,5,Manual,5,BANGALORE
678000.0,Sedan,88411,1,2017,26.59,Diesel,2017,Zero Dep,5,Automatic,5,BANGALORE
375000.0,Sedan,120000,4,2011,20.54,Diesel,2011,Third Party insurance,5,Manual,5,BANGALORE
449000.0,Hatchback,106516,1,2012,22.9,Diesel,2012,Third Party,5,Manual,5,BANGALORE
552000.0,Hatchback,88509,2,2015,25.2,Diesel,2015,Comprehensive,5,Manual,5,BANGALORE
925000.0,SUV,120000,1,2015,15.1,Diesel,2015,Third Party insurance,6,Manual,7,BANGALORE
56000.0,Sedan,80000,2,2004,14.2,Petrol,2004,Third Party insurance,5,Manual,5,BANGALORE
426000.0,Hatchback,44437,1,2013,22.38,Petrol,2013,Comprehensive,5,Manual,5,BANGALORE
607000.0,Hatchback,83731,2,2015,22.54,Diesel,2015,Third Party insurance,6,Manual,5,BANGALORE
56000.0,Sedan,80000,2,2004,14.2,Petrol,2004,Third Party insurance,5,Manual,5,BANGALORE
845000.0,SUV,77000,1,2018,16.5,Diesel,2018,Comprehensive,5,Manual,7,BANGALORE
1650000.0,SUV,23000,2,2020,18.9,Petrol,2020,Comprehensive,6,Automatic,5,BANGALORE
240000.0,Hatchback,110000,3,2012,20.0,Diesel,2012,Third Party insurance,5,Manual,5,BANGALORE
680000.0,Hatchback,30000,1,2022,20.52,Petrol,2022,Third Party insurance,5,Automatic,5,BANGALORE
500000.0,MUV,120000,2,2006,12.8,Diesel,2006,Third Party insurance,5,Manual,7,BANGALORE
250000.0,Sedan,60000,2,2011,13.7,Petrol,2011,Third Party insurance,5,Manual,5,BANGALORE
720000.0,Hatchback,80000,1,2018,21.4,Petrol,2018,Third Party insurance,5,Manual,5,BANGALORE
60000.0,Hatchback,110000,4,2011,26.0,Petrol,2011,Third Party insurance,4,Manual,4,BANGALORE
357000.0,Sedan,70000,5,2010,12.6,Petrol,2010,Third Party insurance,7,Automatic,5,BANGALORE
798000.0,Sedan,45621,1,2018,21.56,Petrol,2018,Third Party insurance,5,Manual,5,BANGALORE
858000.0,SUV,38199,2,2018,20.37,Diesel,2018,Zero Dep,6,Manual,5,BANGALORE
80000.0,Sedan,90000,3,2004,15.9,Petrol,2004,Third Party insurance,5,Manual,5,BANGALORE
608000.0,Hatchback,91660,1,2016,18.6,Petrol,2016,Zero Dep,5,Manual,5,BANGALORE
698000.0,Sedan,51947,2,2015,17.4,Petrol,2015,Comprehensive,5,Manual,5,BANGALORE
1250000.0,MUV,80000,2,2018,17.6,Diesel,2018,Third Party insurance,6,Manual,7,BANGALORE
751000.0,SUV,76836,2,2016,23.65,Diesel,2016,Third Party insurance,5,Manual,5,BANGALORE
535000.0,Hatchback,27000,2,2015,16.5,Petrol,2015,Comprehensive,5,Automatic,5,BANGALORE
1035000.0,Sedan,33222,1,2017,17.0,Petrol,2017,Zero Dep,6,Automatic,5,BANGALORE
328000.0,Hatchback,47333,1,2013,19.81,Petrol,2013,Comprehensive,5,Manual,5,BANGALORE
725000.0,Hatchback,20000,1,2021,20.7,Petrol,2021,Third Party insurance,5,Automatic,5,BANGALORE
740000.0,Sedan,46000,1,2017,17.01,Petrol,2017,Comprehensive,5,Manual,5,BANGALORE
875000.0,MUV,68000,1,2012,12.99,Diesel,2012,Third Party insurance,5,Manual,7,BANGALORE
480000.0,Hatchback,40000,2,2015,19.69,Petrol,2015,Third Party insurance,5,Manual,5,BANGALORE
76000.0,Sedan,90000,2,2017,14.8,Diesel,2001,Third Party insurance,5,Manual,5,BANGALORE
190000.0,Sedan,80000,1,2010,15.3,Petrol,2010,Third Party insurance,5,Manual,5,BANGALORE
210000.0,Hatchback,90000,4,2010,19.81,Petrol,2010,Third Party insurance,5,Manual,5,BANGALORE
480000.0,Hatchback,80000,1,2014,25.2,Diesel,2014,Third Party insurance,5,Manual,5,BANGALORE
380000.0,Sedan,150000,2,2012,22.32,Diesel,2012,Third Party insurance,4,Manual,5,BANGALORE
1280000.0,SUV,20000,1,2022,17.57,Petrol,2022,Third Party insurance,6,Manual,5,BANGALORE
770000.0,SUV,43791,1,2016,15.63,Petrol,2016,Comprehensive,6,Automatic,5,BANGALORE
599000.0,Hatchback,87660,1,2018,22.56,Petrol,2018,Third Party insurance,5,Automatic,5,BANGALORE
800000.0,SUV,90000,5,2016,16.0,Diesel,2016,Third Party insurance,6,Automatic,7,BANGALORE
232000.0,Hatchback,71938,3,2011,17.92,Petrol,2011,Comprehensive,5,Manual,5,BANGALORE
525000.0,Sedan,104938,2,2013,17.01,Petrol,2013,Comprehensive,5,Manual,5,BANGALORE
950000.0,Sedan,30000,1,2020,17.4,Petrol,2020,Third Party insurance,5,Manual,5,BANGALORE
635000.0,Sedan,124707,2,2017,15.41,Petrol,2017,Third Party insurance,5,Manual,5,BANGALORE
400000.0,Hatchback,70000,2,2012,22.07,Diesel,2012,Third Party insurance,5,Manual,5,BANGALORE
966000.0,SUV,88556,1,2017,13.0,Petrol,2017,Comprehensive,6,Manual,5,BANGALORE
781000.0,SUV,48743,1,2017,22.77,Diesel,2017,Comprehensive,5,Manual,5,BANGALORE
2800000.0,SUV,100000,2,2016,18.56,Diesel,2016,Third Party insurance,8,Automatic,5,BANGALORE
385000.0,Sedan,100000,2,2012,13.7,Petrol,2012,Third Party insurance,7,Manual,5,BANGALORE
600000.0,SUV,120000,4,2012,15.1,Diesel,2012,Third Party insurance,6,Manual,7,BANGALORE
600000.0,SUV,70000,2,2016,18.49,Diesel,2016,Third Party insurance,5,Manual,7,BANGALORE
365000.0,Sedan,90000,2,2012,13.7,Petrol,2012,Third Party insurance,7,Manual,5,BANGALORE
749000.0,Pickup Trucks,70000,1,2019,18.9,Diesel,2019,Third Party insurance,5,Manual,5,BANGALORE
350000.0,Hatchback,120000,1,2014,20.3,Diesel,2014,Third Party insurance,5,Manual,5,BANGALORE
2350000.0,SUV,20000,1,2022,14.2,Petrol,2022,Third Party insurance,6,Automatic,6,BANGALORE
700000.0,Hatchback,20000,1,2020,18.6,Petrol,2020,Third Party insurance,5,Manual,5,BANGALORE
230000.0,Hatchback,50000,2,2012,21.1,Petrol,2012,Third Party insurance,5,Manual,5,BANGALORE
875000.0,SUV,51338,1,2018,17.5,Petrol,2018,Comprehensive,5,Manual,5,BANGALORE
925000.0,SUV,97334,1,2017,15.29,Petrol,2017,Comprehensive,6,Manual,5,BANGALORE
700000.0,Hatchback,20000,1,2020,18.6,Petrol,2020,Third Party insurance,5,Manual,5,BANGALORE
930000.0,SUV,53031,2,2016,13.0,Petrol,2016,Comprehensive,6,Manual,5,BANGALORE
898000.0,SUV,51580,2,2016,13.0,Petrol,2016,Comprehensive,6,Manual,5,BANGALORE
2395000.0,Sedan,57000,2,2017,17.9,Diesel,2017,Comprehensive,7,Automatic,5,BANGALORE
449000.0,Hatchback,23920,1,2020,21.7,Petrol,2020,Third Party insurance,5,Manual,5,BANGALORE
1485000.0,SUV,65000,1,2018,17.01,Diesel,2018,Comprehensive,6,Automatic,5,BANGALORE
335000.0,Hatchback,66434,2,2012,19.4,Petrol,2012,Comprehensive,5,Manual,5,BANGALORE
825000.0,SUV,54097,1,2017,17.5,Petrol,2017,Comprehensive,5,Manual,5,BANGALORE
935000.0,Hatchback,27655,1,2021,19.56,Petrol,2021,Third Party,5,Automatic,5,BANGALORE
3825000.0,Sedan,14955,1,2018,21.76,Diesel,2018,Third Party insurance,8,Automatic,5,BANGALORE
2350000.0,SUV,10000,1,2022,14.2,Petrol,2022,Third Party insurance,6,Automatic,7,BANGALORE
2500000.0,SUV,50000,1,2020,18.4,Petrol,2020,Third Party insurance,7,Automatic,5,BANGALORE
1540000.0,SUV,10000,1,2022,16.8,Petrol,2022,Third Party insurance,6,Manual,5,BANGALORE
1290000.0,SUV,70000,2,2019,17.6,Diesel,2019,Third Party insurance,6,Automatic,5,BANGALORE
50000.0,Sedan,150000,3,2007,14.9,Diesel,2007,Third Party insurance,5,Manual,5,BANGALORE
1025000.0,SUV,10000,2,2021,18.2,Petrol,2021,Third Party insurance,6,Manual,5,BANGALORE
600000.0,Sedan,110000,3,2016,26.0,Diesel,2016,Third Party insurance,6,Manual,5,BANGALORE
435000.0,Minivans,30000,1,2020,16.11,Petrol,2020,Third Party insurance,5,Manual,7,BANGALORE
808000.0,SUV,14338,2,2017,17.5,Petrol,2017,Third Party insurance,5,Manual,5,BANGALORE
435000.0,Minivans,30000,1,2020,16.11,Petrol,2020,Third Party insurance,5,Manual,7,BANGALORE
278000.0,Hatchback,73799,2,2011,18.9,Petrol,2011,Comprehensive,5,Manual,5,BANGALORE
1261000.0,SUV,39139,1,2021,16.5,Petrol,2021,Comprehensive,6,Automatic,5,BANGALORE
850000.0,SUV,20000,1,2020,17.52,Petrol,2020,Third Party insurance,5,Manual,5,BANGALORE
270000.0,Hatchback,89633,2,2014,21.1,Petrol,2014,Third Party,5,Manual,5,BANGALORE
1000000.0,SUV,70000,3,2011,17.05,Diesel,2011,Third Party insurance,8,Automatic,5,BANGALORE
845000.0,MUV,16826,2,2017,20.51,Petrol,2017,Comprehensive,5,Manual,7,BANGALORE
508000.0,Hatchback,25133,2,2017,20.89,Petrol,2017,Third Party insurance,5,Manual,5,BANGALORE
340000.0,Hatchback,80000,1,2018,24.7,Petrol,2018,Third Party insurance,5,Manual,5,BANGALORE
3900000.0,SUV,25000,1,2020,18.9,Petrol,2020,Comprehensive,8,Automatic,5,BANGALORE
1225000.0,MUV,90000,1,2014,12.99,Diesel,2014,Third Party insurance,5,Manual,8,BANGALORE
1275000.0,MUV,90000,1,2014,12.99,Diesel,2014,Third Party insurance,5,Manual,8,BANGALORE
2900000.0,SUV,10000,1,2022,14.1,Petrol,2022,Third Party insurance,7,Automatic,5,BANGALORE
800000.0,SUV,70000,2,2019,17.0,Petrol,2019,Third Party insurance,6,Manual,5,BANGALORE
2800000.0,Sedan,110000,1,2016,13.0,Diesel,2016,Third Party insurance,7,Automatic,5,BANGALORE
150000.0,Hatchback,20000,2,2006,18.9,Petrol,2006,Third Party insurance,5,Manual,5,BANGALORE
638000.0,SUV,10000,1,2021,18.75,Petrol,2021,Third Party insurance,5,Manual,5,BANGALORE
315000.0,Hatchback,20000,2,2019,22.7,Petrol,2019,Third Party insurance,5,Manual,5,BANGALORE
1328000.0,SUV,34990,1,2020,18.9,Diesel,2020,Comprehensive,6,Manual,5,BANGALORE
490000.0,Hatchback,33210,1,2016,23.1,Petrol,2016,Comprehensive,5,Automatic,5,BANGALORE
1050000.0,Sedan,80000,2,2020,22.0,Diesel,2020,Third Party insurance,6,Manual,5,BANGALORE
430000.0,Hatchback,28051,2,2015,26.68,Petrol,2015,Comprehensive,5,Automatic,5,BANGALORE
1724000.0,MUV,22280,1,2022,16.5,Petrol,2022,Comprehensive,7,Automatic,6,BANGALORE
270000.0,Hatchback,120000,2,2007,17.8,Diesel,2007,Third Party insurance,5,Manual,5,BANGALORE
517000.0,Hatchback,21193,1,2017,18.9,Petrol,2017,Comprehensive,5,Manual,5,BANGALORE
400000.0,Sedan,120000,2,2010,12.0,Petrol,2010,Third Party insurance,6,Automatic,5,BANGALORE
627000.0,Hatchback,7150,1,2021,20.7,Petrol,2021,Third Party,5,Manual,5,BANGALORE
510000.0,Hatchback,13262,1,2016,23.84,Petrol,2016,Third Party,5,Manual,5,BANGALORE
250000.0,Sedan,100000,3,2012,17.3,Diesel,2012,Third Party insurance,6,Manual,5,BANGALORE
1600000.0,SUV,100000,4,2012,16.09,Diesel,2012,Third Party insurance,8,Automatic,5,BANGALORE
575000.0,Hatchback,100000,2,2016,21.4,Petrol,2016,Third Party insurance,5,Manual,5,BANGALORE
410000.0,MUV,90000,1,2014,18.2,Diesel,2014,Third Party insurance,5,Manual,7,BANGALORE
925000.0,SUV,40000,2,2018,17.0,Petrol,2018,Third Party insurance,6,Automatic,5,BANGALORE
475000.0,Hatchback,50000,2,2013,21.9,Diesel,2013,Third Party insurance,6,Manual,5,BANGALORE
185000.0,Hatchback,50000,3,2015,25.4,Petrol,2015,Third Party insurance,4,Manual,4,BANGALORE
225000.0,Hatchback,50000,3,2008,17.92,Petrol,2008,Third Party insurance,5,Manual,5,BANGALORE
3275000.0,SUV,21000,1,2021,17.01,Petrol,2021,Comprehensive,7,Automatic,7,BANGALORE
3750000.0,SUV,38000,1,2019,18.0,Diesel,2019,Comprehensive,8,Automatic,5,BANGALORE
514000.0,MUV,61902,1,2019,20.0,Petrol,2019,Third Party,5,Manual,7,BANGALORE
347000.0,Hatchback,38396,1,2018,23.0,Petrol,2018,Comprehensive,5,Automatic,5,BANGALORE
100000.0,Sedan,30000,3,2004,12.8,Petrol,2004,Third Party insurance,5,Manual,5,BANGALORE
1329000.0,SUV,7561,1,2022,18.2,Petrol,2022,Comprehensive,6,Manual,5,BANGALORE
300000.0,Hatchback,30000,1,2017,21.1,Petrol,2017,Third Party insurance,5,Manual,5,BANGALORE
1358000.0,Sedan,6731,1,2022,19.47,Petrol,2022,Third Party,6,Manual,5,BANGALORE
1500000.0,SUV,20000,1,2019,16.0,Petrol,2019,Third Party insurance,6,Manual,5,BANGALORE
642000.0,Hatchback,55567,1,2018,21.21,Petrol,2018,Third Party,5,Automatic,5,BANGALORE
911000.0,SUV,48938,2,2021,18.24,Petrol,2021,Third Party insurance,0,Automatic,5,BANGALORE
550000.0,Hatchback,80000,2,2017,28.4,Diesel,2017,Third Party insurance,5,Manual,5,BANGALORE
420000.0,SUV,80000,1,2013,19.01,Diesel,2013,Third Party insurance,6,Manual,5,BANGALORE
450000.0,Hatchback,10000,1,2010,15.6,Petrol,2010,Third Party insurance,5,Manual,5,BANGALORE
1565000.0,SUV,10000,1,2022,16.8,Petrol,2022,Third Party insurance,6,Manual,5,BANGALORE
450000.0,Hatchback,60000,2,2016,23.84,Petrol,2016,Third Party insurance,5,Manual,5,BANGALORE
460000.0,Sedan,71545,1,2015,17.01,Petrol,2015,Comprehensive,6,Automatic,5,BANGALORE
200000.0,Hatchback,60000,1,2007,18.9,Petrol,2007,Third Party insurance,5,Manual,5,BANGALORE
679000.0,SUV,80000,2,2016,18.49,Diesel,2016,Third Party insurance,5,Automatic,7,BANGALORE
230000.0,Minivans,120000,5,2015,10.9,CNG,2015,Third Party insurance,4,Manual,8,BANGALORE
1200000.0,SUV,60000,1,2020,16.8,Petrol,2020,Third Party insurance,6,Manual,5,BANGALORE
543000.0,Hatchback,56577,1,2016,18.9,Petrol,2016,Comprehensive,4,Automatic,5,BANGALORE
1035000.0,SUV,56974,2,2018,13.0,Petrol,2018,Comprehensive,6,Automatic,5,BANGALORE
1150000.0,SUV,10000,1,2021,18.0,Petrol,2021,Third Party insurance,6,Manual,5,BANGALORE
479000.0,Hatchback,40344,1,2013,18.5,Petrol,2013,Comprehensive,5,Manual,5,BANGALORE
736000.0,SUV,36216,3,2018,23.0,Diesel,2018,Comprehensive,5,Manual,5,BANGALORE
530000.0,Hatchback,10000,1,2022,22.0,Petrol,2022,Third Party insurance,5,Automatic,5,BANGALORE
880000.0,SUV,45965,2,2017,15.29,Petrol,2017,Comprehensive,6,Manual,5,BANGALORE
2600000.0,MUV,10000,1,2021,8.0,Petrol,2021,Third Party insurance,6,Automatic,7,BANGALORE
789000.0,Sedan,74982,1,2016,18.0,Petrol,2016,Comprehensive,0,Automatic,5,BANGALORE
1030000.0,SUV,21925,1,2020,17.0,Petrol,2020,Comprehensive,6,Automatic,5,BANGALORE
600000.0,Sedan,120000,1,2015,21.66,Diesel,2015,Third Party insurance,7,Automatic,5,BANGALORE
250000.0,Sedan,70000,2,2010,17.0,Petrol,2010,Third Party insurance,5,Manual,5,BANGALORE
390000.0,Sedan,80000,3,2014,25.8,Diesel,2014,Third Party insurance,5,Manual,5,BANGALORE
280000.0,Hatchback,90000,2,2009,16.1,Petrol,2009,Third Party insurance,5,Manual,5,BANGALORE
920000.0,SUV,20000,1,2021,18.75,Petrol,2021,Third Party insurance,5,Manual,5,BANGALORE
1600000.0,SUV,50000,1,2021,18.9,Diesel,2021,Third Party insurance,6,Automatic,4,BANGALORE
650000.0,SUV,10000,1,2021,18.75,Petrol,2021,Third Party insurance,5,Manual,5,BANGALORE
240000.0,Hatchback,80000,4,2010,20.36,Petrol,2010,Third Party insurance,5,Manual,5,BANGALORE
4445000.0,SUV,61000,1,2018,12.51,Diesel,2018,Comprehensive,9,Automatic,7,BANGALORE
1350000.0,MUV,50000,1,2019,17.3,Diesel,2019,Third Party insurance,6,Manual,7,BANGALORE
312000.0,Hatchback,50406,1,2015,22.05,Petrol,2015,Comprehensive,5,Manual,5,BANGALORE
582000.0,Hatchback,26483,1,2017,18.9,Petrol,2017,Comprehensive,5,Manual,5,BANGALORE
150000.0,Hatchback,80000,2,2015,25.0,Diesel,2015,Third Party insurance,5,Manual,5,BANGALORE
618000.0,SUV,12104,1,2018,18.15,Petrol,2018,Comprehensive,5,Manual,6,BANGALORE
916000.0,Hatchback,23721,1,2021,17.1,Petrol,2021,Comprehensive,7,Automatic,5,BANGALORE
300000.0,Hatchback,80000,1,2012,20.0,Diesel,2012,Third Party insurance,5,Manual,5,BANGALORE
555000.0,Hatchback,8212,1,2022,21.7,Petrol,2022,Comprehensive,5,Manual,5,BANGALORE
500000.0,Sedan,80000,3,2011,11.9,Diesel,2011,Third Party insurance,5,Automatic,5,BANGALORE
950000.0,Hatchback,9358,1,2021,21.4,Petrol,2021,Comprehensive,0,Automatic,5,BANGALORE
608000.0,Sedan,62011,1,2016,22.41,Petrol,2016,Comprehensive,5,Manual,5,BANGALORE
125000.0,Sedan,120000,2,2011,17.0,Diesel,2011,Third Party insurance,5,Manual,5,BANGALORE
1700000.0,Sedan,90000,2,2011,10.5,Petrol,2011,Third Party insurance,6,Automatic,4,BANGALORE
1700000.0,Sedan,90000,2,2011,10.5,Petrol,2011,Third Party insurance,6,Automatic,4,BANGALORE
225000.0,Hatchback,50000,1,2013,20.0,Diesel,2013,Third Party insurance,5,Manual,5,BANGALORE
249000.0,Hatchback,100000,2,2010,19.4,Diesel,2010,Third Party insurance,5,Manual,5,BANGALORE
150000.0,SUV,100000,1,2008,14.4,Diesel,2008,Third Party insurance,5,Manual,8,BANGALORE
130000.0,Sedan,120000,5,2002,14.8,Diesel,2002,Third Party insurance,5,Manual,5,BANGALORE
50000.0,Sedan,80000,2,2017,9.0,Petrol,2000,Third Party insurance,5,Automatic,5,BANGALORE
375000.0,Sedan,50000,2,2015,18.0,Petrol,2015,Third Party insurance,5,Manual,5,BANGALORE
550000.0,Hatchback,10000,1,2022,21.74,Petrol,2022,Third Party insurance,5,Manual,5,BANGALORE
590000.0,Hatchback,38771,1,2019,18.9,Petrol,2019,Comprehensive,5,Manual,5,BANGALORE
511000.0,Hatchback,42174,1,2018,21.63,Petrol,2018,Comprehensive,5,Automatic,5,BANGALORE
260000.0,Sedan,120000,1,2017,19.09,Diesel,2017,Third Party insurance,5,Manual,5,BANGALORE
381000.0,Hatchback,43199,1,2017,23.01,Petrol,2017,Comprehensive,5,Manual,5,BANGALORE
819000.0,SUV,65000,2,2014,15.1,Diesel,2014,Third Party,6,Manual,7,BANGALORE
575000.0,Hatchback,20000,1,2016,21.4,Petrol,2016,Third Party insurance,5,Manual,5,BANGALORE
428000.0,Hatchback,10155,2,2019,22.25,Petrol,2019,Third Party,5,Manual,5,BANGALORE
195000.0,Hatchback,110654,2,2006,18.9,Petrol,2006,Comprehensive,5,Manual,5,BANGALORE
696000.0,Hatchback,50704,1,2020,21.21,Petrol,2020,Third Party,5,Manual,5,BANGALORE
740000.0,Hatchback,34725,1,2020,20.7,Petrol,2020,Comprehensive,5,Manual,5,BANGALORE
825000.0,SUV,90000,2,2013,15.1,Diesel,2013,Third Party insurance,6,Manual,7,BANGALORE
300000.0,Hatchback,30000,1,2011,19.81,Petrol,2011,Third Party insurance,5,Manual,5,BANGALORE
500000.0,Hatchback,60000,1,2016,27.28,Diesel,2016,Third Party insurance,5,Manual,5,BANGALORE
230000.0,Sedan,120000,2,2013,21.64,Diesel,2013,Third Party insurance,5,Manual,5,BANGALORE
75000.0,Sedan,80000,2,2004,14.2,Petrol,2004,Third Party insurance,5,Manual,5,BANGALORE
260000.0,Sedan,60000,1,2009,13.2,Petrol,2009,Third Party insurance,5,Manual,5,BANGALORE
240000.0,Hatchback,57709,1,2008,18.9,Petrol,2008,Comprehensive,5,Manual,5,BANGALORE
1500000.0,SUV,20000,1,2022,15.2,Petrol,2022,Third Party insurance,6,Manual,4,BANGALORE
275000.0,Hatchback,90000,1,2010,20.36,Petrol,2010,Third Party insurance,5,Manual,5,BANGALORE
2000000.0,Sedan,60000,2,2014,16.36,Diesel,2014,Third Party insurance,8,Automatic,5,BANGALORE
1013000.0,SUV,26224,2,2016,16.0,Diesel,2016,Comprehensive,6,Manual,7,BANGALORE
677000.0,Sedan,32196,2,2016,17.8,Petrol,2016,Comprehensive,5,Manual,5,BANGALORE
900000.0,MUV,120000,1,2016,24.52,Diesel,2016,Third Party insurance,5,Manual,7,BANGALORE
591000.0,Hatchback,56672,3,2017,18.6,Petrol,2017,Third Party insurance,5,Manual,5,BANGALORE
428000.0,Hatchback,21226,1,2020,21.7,Petrol,2020,Comprehensive,5,Manual,5,BANGALORE
1145000.0,SUV,105000,2,2010,11.5,Diesel,2010,Comprehensive,5,Manual,7,BANGALORE
697000.0,Hatchback,10346,1,2022,20.7,Petrol,2022,Third Party insurance,5,Manual,5,BANGALORE
630000.0,Sedan,30000,3,2020,22.61,Petrol,2020,Third Party insurance,5,Automatic,5,BANGALORE
429000.0,Hatchback,16679,1,2021,22.05,Petrol,2021,Third Party insurance,5,Manual,5,BANGALORE
464000.0,Hatchback,15437,2,2016,25.24,Petrol,2016,Comprehensive,5,Manual,5,BANGALORE
750000.0,MUV,40000,1,2019,20.0,Petrol,2019,Third Party insurance,5,Manual,7,BANGALORE
1100000.0,SUV,30000,2,2019,18.15,Petrol,2019,Third Party insurance,7,Automatic,5,BANGALORE
700000.0,Sedan,90000,1,2014,22.7,Diesel,2014,Third Party insurance,6,Manual,5,BANGALORE
1100000.0,Sedan,110000,2,2013,15.8,Diesel,2013,Third Party insurance,6,Automatic,5,BANGALORE
1695000.0,SUV,20000,1,2022,18.09,Petrol,2022,Comprehensive,6,Manual,5,BANGALORE
2000000.0,SUV,120000,1,2011,12.07,Diesel,2011,Third Party insurance,8,Automatic,7,BANGALORE
500000.0,Minivans,10000,1,2021,16.11,Petrol,2021,Third Party insurance,5,Manual,7,BANGALORE
200000.0,SUV,110000,3,2005,11.1,Petrol,2005,Third Party insurance,6,Manual,5,BANGALORE
2700000.0,Sedan,120000,1,2017,19.33,Diesel,2017,Third Party insurance,8,Automatic,5,BANGALORE
360000.0,Hatchback,50000,1,2020,21.7,Petrol,2020,Third Party insurance,5,Manual,5,BANGALORE
733000.0,Hatchback,15017,1,2017,18.7,Petrol,2017,Comprehensive,5,Manual,5,BANGALORE
375000.0,Hatchback,75283,1,2013,18.9,Petrol,2013,Comprehensive,5,Manual,5,BANGALORE
1885000.0,SUV,54568,2,2021,16.35,Diesel,2021,Third Party insurance,6,Manual,5,BANGALORE
657000.0,Hatchback,14516,1,2016,18.6,Petrol,2016,Comprehensive,5,Manual,5,BANGALORE
729000.0,Hatchback,53627,1,2019,21.4,Petrol,2019,Comprehensive,0,Automatic,5,BANGALORE
800000.0,Sedan,20000,1,2021,19.28,Petrol,2021,Third Party insurance,5,Manual,5,BANGALORE
501000.0,Hatchback,5083,2,2019,23.01,Petrol,2019,Third Party,5,Automatic,5,BANGALORE
650000.0,SUV,100000,2,2016,18.49,Diesel,2016,Third Party insurance,5,Manual,7,BANGALORE
1005000.0,Sedan,50666,1,2017,18.0,Petrol,2017,Third Party,0,Automatic,5,BANGALORE
1193000.0,SUV,16962,1,2022,17.57,Petrol,2022,Third Party,6,Manual,5,BANGALORE
900000.0,Hatchback,10000,1,2019,18.78,Petrol,2019,Third Party insurance,5,Manual,5,BANGALORE
2150000.0,SUV,10000,1,2022,18.9,Diesel,2022,Third Party insurance,6,Manual,7,BANGALORE
925000.0,Hatchback,70446,1,2017,17.21,Petrol,2017,Comprehensive,7,Automatic,5,BANGALORE
865000.0,Hatchback,60528,2,2017,17.21,Petrol,2017,Third Party insurance,7,Automatic,5,BANGALORE
1585000.0,SUV,7132,1,2021,20.08,Petrol,2021,Comprehensive,6,Manual,5,BANGALORE
120000.0,Sedan,100000,5,2009,17.8,Diesel,2009,Third Party insurance,5,Manual,5,BANGALORE
1800000.0,SUV,80000,3,2012,11.74,Diesel,2012,Third Party insurance,7,Automatic,5,BANGALORE
7000000.0,SUV,30000,1,2018,8.9,Petrol,2018,Third Party insurance,9,Automatic,5,BANGALORE
195000.0,Hatchback,120000,3,2015,17.88,Diesel,2015,Third Party insurance,5,Manual,5,BANGALORE
799000.0,Hatchback,21280,1,2018,18.6,Petrol,2018,Comprehensive,5,Manual,5,BANGALORE
689000.0,SUV,82021,1,2017,15.63,Petrol,2017,Zero Dep,6,Automatic,5,BANGALORE
1068000.0,SUV,18998,1,2023,17.33,Petrol,2023,Third Party,6,Manual,5,BANGALORE
1799000.0,SUV,56189,1,2018,16.3,Diesel,2018,Third Party insurance,6,Manual,5,BANGALORE
383000.0,Hatchback,57644,2,2020,21.7,Petrol,2020,Third Party,5,Manual,5,BANGALORE
327000.0,Hatchback,51286,2,2018,24.7,Petrol,2018,Comprehensive,5,Manual,5,BANGALORE
195000.0,SUV,120000,1,2012,17.21,Diesel,2012,Third Party insurance,5,Manual,7,BANGALORE
639000.0,Hatchback,27937,1,2019,20.7,Petrol,2019,Third Party insurance,5,Manual,5,BANGALORE
575000.0,SUV,64000,2,2013,20.45,Diesel,2013,Comprehensive,5,Manual,5,BANGALORE
660000.0,SUV,40031,2,2017,15.85,Petrol,2017,Comprehensive,5,Manual,5,BANGALORE
325000.0,Hatchback,47619,2,2017,22.05,Petrol,2017,Comprehensive,5,Manual,5,BANGALORE
225000.0,Hatchback,90000,5,2009,17.0,Petrol,2009,Third Party insurance,5,Manual,5,BANGALORE
1075000.0,SUV,20000,1,2022,18.76,Petrol,2022,Third Party insurance,4,Automatic,5,BANGALORE
975000.0,SUV,20000,1,2022,17.03,Petrol,2022,Third Party insurance,5,Manual,5,BANGALORE
300000.0,Hatchback,70000,3,2010,20.36,Petrol,2010,Third Party insurance,5,Manual,5,BANGALORE
290000.0,Sedan,110000,3,2011,21.5,Diesel,2011,Third Party insurance,5,Manual,5,BANGALORE
260000.0,Hatchback,40000,3,2012,19.4,Petrol,2012,Third Party insurance,5,Manual,5,BANGALORE
360000.0,Sedan,100000,3,2012,21.64,Diesel,2012,Third Party insurance,5,Manual,5,BANGALORE
1500000.0,SUV,10000,4,2013,16.55,Diesel,2013,Third Party insurance,5,Automatic,5,BANGALORE
250000.0,Hatchback,60000,4,2017,21.1,Petrol,2017,Third Party insurance,5,Manual,5,BANGALORE
1774000.0,SUV,24000,1,2021,18.9,Petrol,2021,Comprehensive,6,Automatic,4,BANGALORE
1073000.0,SUV,30535,2,2020,18.0,Petrol,2020,Third Party,6,Manual,5,BANGALORE
349000.0,Hatchback,20229,2,2017,23.95,Petrol,2017,Third Party,5,Manual,5,BANGALORE
485000.0,Hatchback,35800,1,2018,21.63,Petrol,2018,Third Party insurance,5,Manual,5,BANGALORE
591000.0,Hatchback,11453,1,2021,20.52,Petrol,2021,Comprehensive,5,Manual,5,BANGALORE
657000.0,Hatchback,35410,1,2016,18.6,Petrol,2016,Comprehensive,5,Manual,5,BANGALORE
210000.0,Hatchback,50000,1,2009,19.7,Petrol,2009,Third Party insurance,5,Manual,5,BANGALORE
591000.0,Hatchback,49948,1,2018,18.9,Petrol,2018,Third Party insurance,4,Automatic,5,BANGALORE
510000.0,Hatchback,77000,2,2014,22.07,Diesel,2014,Comprehensive,5,Manual,5,BANGALORE
658000.0,Hatchback,48285,1,2017,18.6,Petrol,2017,Comprehensive,5,Manual,5,BANGALORE
514000.0,Hatchback,19062,1,2021,21.74,Petrol,2021,Comprehensive,5,Manual,5,BANGALORE
330000.0,Hatchback,70000,2,2011,16.95,Petrol,2011,Third Party insurance,4,Automatic,5,BANGALORE
2250000.0,Sedan,120000,2,2015,13.0,Diesel,2015,Third Party insurance,7,Automatic,5,BANGALORE
950000.0,Hatchback,10000,1,2022,19.3,Petrol,2022,Third Party insurance,6,Manual,5,BANGALORE
495000.0,Hatchback,80000,3,2014,16.47,Petrol,2014,Third Party insurance,5,Manual,5,BANGALORE
110000.0,Hatchback,80000,2,2007,15.5,Petrol,2007,Third Party insurance,5,Manual,5,BANGALORE
330000.0,Sedan,87000,1,2011,17.6,Petrol,2011,Comprehensive,5,Manual,5,BANGALORE
775000.0,Sedan,80000,1,2016,22.15,Diesel,2016,Third Party insurance,7,Automatic,5,BANGALORE
260000.0,Hatchback,110000,2,2010,18.9,Petrol,2010,Third Party insurance,5,Manual,5,BANGALORE
300000.0,Sedan,90000,3,2009,16.8,Petrol,2009,Third Party insurance,5,Automatic,5,BANGALORE
650000.0,Hatchback,30000,1,2019,21.21,Petrol,2019,Third Party insurance,5,Automatic,5,BANGALORE
375000.0,Hatchback,56276,1,2016,23.95,Petrol,2016,Comprehensive,5,Manual,5,BANGALORE
647000.0,Hatchback,27103,1,2016,18.6,Petrol,2016,Comprehensive,5,Manual,5,BANGALORE
245000.0,Hatchback,80000,2,2011,20.0,Diesel,2011,Third Party insurance,5,Manual,5,BANGALORE
591000.0,Hatchback,46507,1,2017,20.89,Petrol,2017,Zero Dep,5,Automatic,5,BANGALORE
575000.0,Hatchback,30000,1,2018,18.9,Petrol,2018,Third Party insurance,5,Manual,5,BANGALORE
659000.0,Sedan,39070,1,2017,21.21,Petrol,2017,Zero Dep,5,Manual,5,BANGALORE
720000.0,Sedan,120000,1,2019,23.59,Diesel,2019,Third Party insurance,5,Manual,5,BANGALORE
733000.0,Hatchback,22438,1,2020,21.01,Petrol,2020,Third Party insurance,5,Manual,5,BANGALORE
867000.0,Hatchback,21225,2,2020,21.4,Petrol,2020,Zero Dep,0,Automatic,5,BANGALORE
850000.0,Hatchback,28737,1,2019,18.2,Petrol,2019,Comprehensive,5,Automatic,5,BANGALORE
920000.0,SUV,20000,1,2021,20.5,Petrol,2021,Third Party insurance,5,Manual,5,BANGALORE
720000.0,Hatchback,30000,1,2019,22.54,Diesel,2019,Third Party insurance,6,Manual,5,BANGALORE
120000.0,Hatchback,70000,3,2009,18.0,Petrol,2009,Third Party insurance,5,Manual,5,BANGALORE
650000.0,Sedan,120000,2,2010,14.84,Diesel,2010,Third Party insurance,7,Automatic,5,BANGALORE
350000.0,Hatchback,80000,2,2012,18.5,Petrol,2012,Third Party insurance,5,Manual,5,BANGALORE
360000.0,Hatchback,100000,2,2010,22.07,Diesel,2010,Third Party insurance,5,Manual,5,BANGALORE
1600000.0,Sedan,80000,1,2013,17.68,Diesel,2013,Third Party insurance,8,Automatic,5,BANGALORE
200000.0,Hatchback,40000,3,2009,19.5,Petrol,2009,Third Party insurance,5,Manual,5,BANGALORE
1600000.0,Sedan,70000,1,2018,21.0,Diesel,2018,Third Party insurance,6,Manual,5,BANGALORE
381000.0,Hatchback,90106,2,2013,21.9,Diesel,2013,Third Party insurance,6,Manual,5,BANGALORE
400000.0,Sedan,50000,1,2009,13.7,Petrol,2009,Third Party insurance,7,Manual,5,BANGALORE
389000.0,Hatchback,138175,1,2016,26.68,Petrol,2016,Zero Dep,5,Automatic,5,BANGALORE
445000.0,Hatchback,55609,1,2019,23.01,Petrol,2019,Third Party insurance,5,Manual,5,BANGALORE
186000.0,Hatchback,120000,3,2015,17.88,Diesel,2015,Third Party insurance,5,Manual,5,BANGALORE
642000.0,Hatchback,56410,1,2018,22.56,Petrol,2018,Comprehensive,5,Automatic,5,BANGALORE
725000.0,Hatchback,30000,1,2022,22.35,Petrol,2022,Third Party insurance,5,Manual,5,BANGALORE
616000.0,Hatchback,77593,1,2017,18.6,Petrol,2017,Comprehensive,5,Manual,5,BANGALORE
694000.0,SUV,49538,1,2018,17.5,Petrol,2018,Third Party,5,Manual,5,BANGALORE
400000.0,Sedan,87000,4,2012,17.3,Diesel,2012,Third Party insurance,6,Manual,5,BANGALORE
650000.0,SUV,80000,1,2016,15.96,Diesel,2016,Third Party insurance,5,Manual,9,BANGALORE
300000.0,Hatchback,50000,2,2018,22.5,Petrol,2018,Third Party insurance,5,Manual,5,BANGALORE
400000.0,Hatchback,120000,1,2012,22.9,Diesel,2012,Third Party insurance,5,Manual,5,BANGALORE
649000.0,Hatchback,30000,1,2018,22.0,Petrol,2018,Third Party insurance,5,Manual,5,BANGALORE
360000.0,Hatchback,100000,2,2010,22.07,Diesel,2010,Third Party insurance,5,Manual,5,BANGALORE
360000.0,Hatchback,100000,2,2010,22.07,Diesel,2010,Third Party insurance,5,Manual,5,BANGALORE
240000.0,Hatchback,120000,3,2010,17.92,Petrol,2010,Third Party insurance,5,Manual,5,BANGALORE
800000.0,Hatchback,30000,1,2021,20.7,Petrol,2021,Third Party insurance,5,Automatic,5,BANGALORE
350000.0,Hatchback,100000,1,2009,17.8,Diesel,2009,Third Party insurance,5,Manual,5,BANGALORE
415000.0,Hatchback,41268,2,2016,25.24,Petrol,2016,Third Party insurance,5,Manual,5,BANGALORE
384000.0,Hatchback,60020,1,2011,22.38,Petrol,2011,Comprehensive,5,Manual,5,BANGALORE
900000.0,SUV,120000,1,2015,16.0,Diesel,2015,Third Party insurance,6,Manual,7,BANGALORE
782000.0,Hatchback,32148,1,2016,22.54,Diesel,2016,Third Party insurance,6,Manual,5,BANGALORE
463000.0,Hatchback,69565,1,2016,26.0,Petrol,2016,Comprehensive,5,Automatic,5,BANGALORE
660000.0,Hatchback,60000,1,2017,27.3,Diesel,2017,Third Party insurance,6,Manual,5,BANGALORE
663000.0,Hatchback,26007,1,2018,22.56,Petrol,2018,Comprehensive,5,Automatic,5,BANGALORE
900000.0,SUV,30000,2,2018,18.88,Petrol,2018,Third Party insurance,5,Manual,5,BANGALORE
316000.0,Hatchback,134850,2,2010,22.38,Petrol,2010,Comprehensive,5,Manual,5,BANGALORE
436000.0,Hatchback,44385,1,2015,25.24,Petrol,2015,Comprehensive,5,Manual,5,BANGALORE
280000.0,SUV,120000,2,2009,13.93,Diesel,2009,Third Party insurance,5,Manual,7,BANGALORE
1350000.0,SUV,30000,1,2018,19.67,Diesel,2018,Third Party insurance,6,Manual,5,BANGALORE
975000.0,Sedan,87000,3,2011,13.2,Diesel,2011,Third Party insurance,6,Automatic,5,BANGALORE
520000.0,Sedan,102662,1,2014,18.0,Petrol,2014,Comprehensive,0,Automatic,5,BANGALORE
1765000.0,SUV,13802,1,2022,17.2,Petrol,2022,Comprehensive,6,Automatic,5,BANGALORE
175000.0,Hatchback,90000,4,2011,20.0,Diesel,2011,Third Party insurance,5,Manual,5,BANGALORE
400000.0,Hatchback,40000,2,2011,17.0,Petrol,2011,Third Party insurance,5,Manual,5,BANGALORE
950000.0,Sedan,65000,2,2011,14.74,Petrol,2011,Third Party insurance,9,Automatic,5,BANGALORE
1595000.0,SUV,42000,1,2020,16.1,Petrol,2020,Comprehensive,6,Manual,5,BANGALORE
593000.0,Hatchback,13444,2,2017,18.9,Petrol,2017,Comprehensive,4,Automatic,5,BANGALORE
1057000.0,SUV,56226,1,2019,20.0,Diesel,2019,Third Party insurance,6,Manual,5,BANGALORE
560000.0,Hatchback,8733,1,2020,22.0,Petrol,2020,Third Party,5,Automatic,5,BANGALORE
1264000.0,Sedan,57963,1,2020,18.3,Petrol,2020,Comprehensive,0,Automatic,5,BANGALORE
1666000.0,Sedan,19508,1,2022,16.4,Petrol,2022,Comprehensive,5,Automatic,5,BANGALORE
789000.0,Sedan,49423,1,2018,17.4,Petrol,2018,Third Party insurance,5,Manual,5,BANGALORE
459000.0,Hatchback,78622,2,2012,22.38,Petrol,2012,Comprehensive,5,Manual,5,BANGALORE
1275000.0,SUV,18025,1,2022,18.9,Diesel,2022,Third Party insurance,6,Manual,5,BANGALORE
375000.0,Sedan,68220,1,2010,17.0,Petrol,2010,Comprehensive,5,Manual,5,BANGALORE
3875000.0,SUV,6000,1,2022,18.9,Diesel,2022,Comprehensive,9,Automatic,7,BANGALORE
985000.0,SUV,59889,1,2018,16.55,Diesel,2018,Third Party insurance,5,Manual,6,BANGALORE
3775000.0,Sedan,11000,2,2019,13.5,Diesel,2019,Comprehensive,8,Automatic,5,BANGALORE
825000.0,Hatchback,38500,1,2019,18.6,Petrol,2019,Comprehensive,5,Manual,5,BANGALORE
1625000.0,SUV,120000,2,2013,12.55,Diesel,2013,Comprehensive,5,Automatic,7,BANGALORE
2198000.0,Sedan,39157,2,2016,22.69,Diesel,2016,Third Party insurance,8,Automatic,5,BANGALORE
825000.0,MUV,162000,1,2008,12.8,Diesel,2008,Comprehensive,5,Manual,7,BANGALORE
1175000.0,Hatchback,89900,2,2013,16.28,Petrol,2013,Third Party,8,Automatic,5,BANGALORE
656000.0,Hatchback,58666,1,2017,21.4,Petrol,2017,Comprehensive,0,Automatic,5,BANGALORE
612000.0,Sedan,54137,1,2018,21.21,Petrol,2018,Third Party insurance,5,Automatic,5,BANGALORE
1195000.0,SUV,180000,2,2011,11.5,Diesel,2011,Comprehensive,5,Manual,7,BANGALORE
436000.0,Hatchback,21997,1,2019,23.01,Petrol,2019,Comprehensive,5,Manual,5,BANGALORE
721000.0,Sedan,40394,2,2020,21.21,Petrol,2020,Comprehensive,5,Automatic,5,BANGALORE
1750000.0,SUV,49000,2,2015,17.05,Diesel,2015,Comprehensive,8,Automatic,5,BANGALORE
620000.0,SUV,80390,1,2017,15.85,Petrol,2017,Comprehensive,5,Manual,5,BANGALORE
3299000.0,Sedan,52721,1,2018,12.6,Diesel,2018,Comprehensive,9,Automatic,5,BANGALORE
643000.0,Hatchback,55127,1,2017,21.4,Petrol,2017,Comprehensive,0,Automatic,5,BANGALORE
822000.0,SUV,35922,2,2018,23.0,Diesel,2018,Comprehensive,5,Manual,5,BANGALORE
838000.0,Sedan,16883,1,2019,19.0,Petrol,2019,Third Party insurance,0,Automatic,5,BANGALORE
625000.0,SUV,86000,2,2013,19.6,Diesel,2013,Comprehensive,6,Manual,5,BANGALORE
1125000.0,Sedan,88000,1,2016,15.1,Petrol,2016,Comprehensive,7,Automatic,5,BANGALORE
2545000.0,SUV,34000,1,2020,17.1,Diesel,2020,Comprehensive,6,Automatic,5,BANGALORE
345000.0,Hatchback,110000,1,2013,20.86,Diesel,2013,Comprehensive,5,Manual,5,BANGALORE
999000.0,SUV,55398,1,2020,19.87,Diesel,2020,Third Party insurance,5,Manual,5,BANGALORE
675000.0,SUV,54000,2,2015,14.7,Petrol,2015,Comprehensive,6,Automatic,5,BANGALORE
875000.0,Hatchback,25829,1,2019,18.78,Petrol,2019,Comprehensive,5,Manual,5,BANGALORE
485000.0,Hatchback,36913,1,2016,23.1,Petrol,2016,Comprehensive,5,Manual,5,BANGALORE
775000.0,Hatchback,34000,1,2018,22.54,Diesel,2018,Comprehensive,6,Manual,5,BANGALORE
655000.0,Hatchback,42162,2,2018,22.56,Petrol,2018,Third Party insurance,5,Automatic,5,BANGALORE
525000.0,Hatchback,48041,2,2016,23.1,Petrol,2016,Comprehensive,5,Automatic,5,BANGALORE
442000.0,Hatchback,43285,3,2020,23.01,Petrol,2020,Third Party insurance,5,Manual,5,BANGALORE
476000.0,Hatchback,44326,1,2012,18.5,Petrol,2012,Comprehensive,5,Manual,5,BANGALORE
865000.0,Hatchback,62984,2,2017,17.21,Petrol,2017,Comprehensive,7,Automatic,5,BANGALORE
338000.0,Hatchback,99276,2,2010,22.38,Petrol,2010,Comprehensive,5,Manual,5,BANGALORE
1299000.0,SUV,42812,2,2018,13.0,Petrol,2018,Comprehensive,6,Automatic,5,BANGALORE
492000.0,Hatchback,57770,1,2013,22.38,Petrol,2013,Comprehensive,5,Manual,5,BANGALORE
544000.0,Hatchback,42220,3,2017,18.9,Petrol,2017,Third Party,4,Automatic,5,BANGALORE
1365000.0,SUV,66977,1,2016,16.0,Diesel,2016,Third Party insurance,6,Automatic,7,BANGALORE
1085000.0,SUV,29916,1,2021,18.0,Petrol,2021,Third Party,6,Manual,5,BANGALORE
1488000.0,Sedan,10066,1,2022,18.07,Petrol,2022,Third Party,6,Automatic,5,BANGALORE
939000.0,Sedan,39243,2,2019,14.84,Petrol,2019,Comprehensive,6,Automatic,5,BANGALORE
888000.0,Sedan,36309,2,2017,14.84,Petrol,2017,Third Party insurance,6,Automatic,5,BANGALORE
425000.0,Hatchback,69408,1,2014,23.1,Petrol,2014,Third Party,5,Automatic,5,BANGALORE
818000.0,Sedan,12064,2,2019,19.0,Petrol,2019,Third Party insurance,0,Automatic,5,BANGALORE
1944000.0,Sedan,74000,1,2013,14.21,Diesel,2013,Comprehensive,5,Automatic,5,BANGALORE
695000.0,Hatchback,18000,1,2018,22.0,Petrol,2018,Comprehensive,5,Automatic,5,BANGALORE
475000.0,Sedan,59000,1,2010,14.4,Petrol,2010,Comprehensive,6,Automatic,5,BANGALORE
551000.0,Hatchback,17190,1,2018,18.9,Petrol,2018,Comprehensive,5,Manual,5,BANGALORE
352000.0,Hatchback,58323,1,2013,18.9,Petrol,2013,Comprehensive,5,Manual,5,BANGALORE
600000.0,Sedan,40765,1,2015,17.8,Petrol,2015,Comprehensive,5,Manual,5,BANGALORE
479000.0,Hatchback,58198,2,2016,26.0,Petrol,2016,Third Party,5,Automatic,5,BANGALORE
559000.0,Hatchback,42976,1,2019,18.9,Petrol,2019,Third Party insurance,5,Manual,5,BANGALORE
1519000.0,SUV,104507,1,2017,18.9,Diesel,2017,Comprehensive,5,Automatic,7,BANGALORE
409000.0,Sedan,44074,1,2012,22.41,Petrol,2012,Third Party,5,Manual,5,BANGALORE
539000.0,Hatchback,21000,1,2017,21.79,Petrol,2017,Comprehensive,5,Automatic,5,BANGALORE
737000.0,Hatchback,14089,1,2021,22.38,Petrol,2021,Third Party,5,Manual,5,BANGALORE
526000.0,Sedan,94378,2,2014,26.0,Diesel,2014,Comprehensive,6,Manual,5,BANGALORE
1350000.0,SUV,71000,1,2016,16.0,Diesel,2016,Comprehensive,6,Automatic,7,BANGALORE
3194000.0,SUV,174000,1,2018,14.24,Diesel,2018,Comprehensive,6,Manual,7,BANGALORE
585000.0,Hatchback,58000,2,2016,18.9,Petrol,2016,Comprehensive,4,Automatic,5,BANGALORE
1495000.0,SUV,113000,2,2014,15.73,Diesel,2014,Third Party insurance,7,Automatic,5,BANGALORE
1090000.0,SUV,170402,2,2010,11.1,Diesel,2010,Comprehensive,6,Automatic,7,BANGALORE
2100000.0,Sedan,30000,2,2016,18.25,Diesel,2016,Comprehensive,7,Automatic,5,BANGALORE
590000.0,Sedan,59000,1,2014,19.1,Petrol,2014,Comprehensive,5,Manual,5,BANGALORE
1899000.0,SUV,25883,1,2021,15.1,Diesel,2021,Comprehensive,6,Manual,7,BANGALORE
1545000.0,SUV,32746,1,2021,20.08,Petrol,2021,Comprehensive,6,Manual,5,BANGALORE
1895000.0,Sedan,35038,1,2017,14.7,Petrol,2017,Comprehensive,7,Automatic,5,BANGALORE
540000.0,Hatchback,38995,3,2018,19.0,Petrol,2018,Comprehensive,5,Manual,5,BANGALORE
491000.0,Hatchback,61102,1,2013,22.38,Petrol,2013,Comprehensive,5,Manual,5,BANGALORE
625000.0,SUV,132000,2,2012,17.67,Diesel,2012,Comprehensive,6,Manual,5,BANGALORE
436000.0,Hatchback,52288,1,2021,21.7,Petrol,2021,Third Party insurance,5,Manual,5,BANGALORE
616000.0,Hatchback,69054,1,2017,19.0,Petrol,2017,Comprehensive,5,Automatic,5,BANGALORE
675000.0,SUV,67000,1,2015,13.24,Petrol,2015,Comprehensive,5,Manual,5,BANGALORE
533000.0,Sedan,51745,2,2015,26.59,Diesel,2015,Comprehensive,5,Manual,5,BANGALORE
3495000.0,Convertibles,22000,1,2015,16.6,Petrol,2015,Comprehensive,7,Automatic,4,BANGALORE
626000.0,Hatchback,11268,2,2017,18.9,Petrol,2017,Comprehensive,5,Manual,5,BANGALORE
632000.0,Hatchback,24357,1,2020,20.09,Petrol,2020,Zero Dep,5,Manual,5,BANGALORE
1775000.0,MUV,157000,2,2016,13.68,Diesel,2016,Comprehensive,5,Manual,8,BANGALORE
1000000.0,Sedan,9982,1,2018,17.0,Petrol,2018,Comprehensive,5,Manual,5,BANGALORE
2875000.0,Sedan,22000,1,2020,20.38,Diesel,2020,Comprehensive,6,Automatic,5,BANGALORE
1085000.0,SUV,27000,1,2020,18.0,Petrol,2020,Comprehensive,6,Manual,5,BANGALORE
2275000.0,Sedan,68000,2,2017,22.69,Diesel,2017,Comprehensive,8,Automatic,5,BANGALORE
1365000.0,SUV,19000,1,2022,18.15,Petrol,2022,Comprehensive,7,Automatic,5,BANGALORE
1550000.0,SUV,41000,2,2012,17.05,Diesel,2012,Third Party insurance,8,Automatic,5,BANGALORE
3025000.0,SUV,49000,1,2018,20.68,Diesel,2018,Comprehensive,8,Automatic,5,BANGALORE
4275000.0,Sedan,45000,2,2018,20.37,Diesel,2018,Comprehensive,8,Automatic,5,BANGALORE
4450000.0,SUV,75000,2,2016,11.7,Diesel,2016,Comprehensive,8,Automatic,5,BANGALORE
483000.0,Hatchback,39613,1,2015,25.24,Petrol,2015,Third Party,5,Manual,5,BANGALORE
1007000.0,Sedan,68906,2,2018,18.0,Petrol,2018,Third Party insurance,0,Automatic,5,BANGALORE
995000.0,SUV,33000,1,2019,13.9,Petrol,2019,Comprehensive,6,Automatic,5,BANGALORE
573000.0,Sedan,71423,1,2016,22.41,Petrol,2016,Comprehensive,5,Manual,5,BANGALORE
658000.0,Sedan,17811,1,2015,22.41,Petrol,2015,Comprehensive,5,Manual,5,BANGALORE
1245000.0,SUV,79000,1,2017,17.6,Diesel,2017,Comprehensive,6,Automatic,5,BANGALORE
906000.0,Hatchback,9724,1,2020,21.4,Petrol,2020,Zero Dep,0,Automatic,5,BANGALORE
1195000.0,SUV,75000,1,2019,15.8,Petrol,2019,Comprehensive,6,Manual,5,BANGALORE
1031000.0,Sedan,20754,1,2021,17.1,Petrol,2021,Comprehensive,6,Manual,5,BANGALORE
413000.0,Hatchback,50510,3,2015,18.9,Petrol,2015,Comprehensive,5,Manual,5,BANGALORE
624000.0,Hatchback,35000,1,2019,18.9,Petrol,2019,Comprehensive,5,Manual,5,BANGALORE
465000.0,Sedan,85000,3,2011,22.32,Diesel,2011,Comprehensive,6,Manual,5,BANGALORE
1050000.0,Sedan,48979,1,2018,18.0,Petrol,2018,Third Party insurance,0,Automatic,5,BANGALORE
725000.0,SUV,46000,2,2017,17.0,Petrol,2017,Comprehensive,6,Manual,5,BANGALORE
1800000.0,SUV,9000,1,2020,18.9,Diesel,2020,Comprehensive,6,Automatic,4,BANGALORE
650000.0,Sedan,70000,2,2018,26.1,Diesel,2018,Third Party insurance,5,Manual,5,BANGALORE
1395000.0,Sedan,78000,2,2014,27.03,Diesel,2014,Third Party insurance,8,Automatic,5,BANGALORE
865000.0,Sedan,1500,1,2021,24.7,Diesel,2021,Comprehensive,5,Manual,5,BANGALORE
1423000.0,Sedan,70000,2,2011,18.48,Diesel,2011,Comprehensive,6,Automatic,5,BANGALORE
4399000.0,SUV,8187,1,2023,13.92,Diesel,2023,Comprehensive,8,Automatic,6,BANGALORE
475000.0,Sedan,81777,3,2014,22.41,Petrol,2014,Comprehensive,5,Manual,5,BANGALORE
747000.0,Sedan,48698,2,2016,18.0,Petrol,2016,Comprehensive,0,Automatic,5,BANGALORE
1590000.0,SUV,21000,1,2020,16.5,Petrol,2020,Comprehensive,7,Automatic,5,BANGALORE
520000.0,Hatchback,67771,2,2016,18.9,Petrol,2016,Comprehensive,4,Automatic,5,BANGALORE
530000.0,Sedan,60386,1,2015,22.41,Petrol,2015,Third Party,5,Manual,5,BANGALORE
595000.0,Hatchback,48928,1,2018,23.84,Petrol,2018,Comprehensive,5,Automatic,5,BANGALORE
312000.0,Hatchback,111374,1,2010,18.5,Petrol,2010,Third Party,5,Manual,5,BANGALORE
920000.0,SUV,33000,2,2017,15.8,Petrol,2017,Third Party insurance,6,Manual,5,BANGALORE
403000.0,Hatchback,40561,1,2021,22.05,Petrol,2021,Zero Dep,5,Manual,5,BANGALORE
415000.0,Hatchback,92529,1,2013,22.38,Petrol,2013,Comprehensive,5,Manual,5,BANGALORE
850000.0,Sedan,42000,1,2019,18.1,Petrol,2019,Comprehensive,0,Automatic,5,BANGALORE
2700000.0,MUV,55342,1,2020,14.11,Diesel,2020,Comprehensive,8,Automatic,7,BANGALORE
1145000.0,SUV,51000,1,2021,21.7,Diesel,2021,Comprehensive,5,Manual,5,BANGALORE
1275000.0,SUV,37000,2,2018,15.1,Diesel,2018,Comprehensive,6,Manual,7,BANGALORE
645000.0,Hatchback,36468,1,2017,18.7,Petrol,2017,Comprehensive,5,Manual,5,BANGALORE
1440000.0,SUV,11250,1,2022,16.82,Petrol,2022,Comprehensive,6,Manual,5,BANGALORE
1145000.0,MUV,36000,1,2019,19.01,Petrol,2019,Comprehensive,5,Manual,7,BANGALORE
1225000.0,SUV,36368,1,2019,18.15,Petrol,2019,Third Party insurance,7,Automatic,5,BANGALORE
5275000.0,Sedan,36000,2,2016,13.5,Diesel,2016,Comprehensive,7,Automatic,5,BANGALORE
3800000.0,SUV,62000,3,2017,18.56,Diesel,2017,Comprehensive,8,Automatic,5,BANGALORE
888000.0,Sedan,39466,1,2018,17.4,Petrol,2018,Comprehensive,5,Manual,5,BANGALORE
507000.0,Hatchback,49570,1,2014,22.38,Petrol,2014,Comprehensive,5,Manual,5,BANGALORE
1020000.0,Sedan,23382,2,2018,18.19,Petrol,2018,Comprehensive,7,Automatic,5,BANGALORE
472000.0,Hatchback,42954,1,2021,21.7,Petrol,2021,Comprehensive,5,Manual,5,BANGALORE
471000.0,Hatchback,68306,1,2014,22.38,Petrol,2014,Comprehensive,5,Manual,5,BANGALORE
821000.0,Hatchback,54961,1,2018,22.54,Diesel,2018,Comprehensive,6,Manual,5,BANGALORE
510000.0,Hatchback,91087,1,2015,22.38,Petrol,2015,Comprehensive,5,Manual,5,BANGALORE
599000.0,Hatchback,16691,1,2022,21.74,Petrol,2022,Third Party,5,Manual,5,BANGALORE
402000.0,Hatchback,80190,1,2016,20.51,Petrol,2016,Comprehensive,5,Manual,5,BANGALORE
1002000.0,SUV,54639,1,2017,15.29,Petrol,2017,Third Party insurance,6,Manual,5,BANGALORE
975000.0,SUV,50225,1,2020,18.55,Petrol,2020,Comprehensive,5,Manual,5,BANGALORE
795000.0,Hatchback,68017,1,2018,22.54,Diesel,2018,Comprehensive,6,Manual,5,BANGALORE
550000.0,Hatchback,87912,1,2016,16.2,Petrol,2016,Comprehensive,5,Manual,5,BANGALORE
1298000.0,SUV,2045,1,2021,17.57,Petrol,2021,Third Party insurance,6,Manual,5,BANGALORE
1085000.0,SUV,24305,1,2021,18.55,Petrol,2021,Third Party insurance,5,Manual,5,BANGALORE
335000.0,Hatchback,2500,1,2015,25.4,Petrol,2015,Comprehensive,4,Automatic,4,BANGALORE
1109000.0,SUV,31489,1,2020,17.05,Petrol,2020,Third Party insurance,6,Automatic,5,BANGALORE
350000.0,Sedan,82268,2,2014,14.6,Petrol,2014,Not Available,1,Manual,5,BANGALORE
895000.0,SUV,73834,1,2019,23.0,Diesel,2019,Third Party insurance,5,Manual,5,BANGALORE
1775000.0,SUV,73000,2,2014,13.0,Diesel,2014,Comprehensive,5,Manual,7,BANGALORE
466000.0,Hatchback,41436,1,2017,23.1,Petrol,2017,Comprehensive,5,Manual,5,BANGALORE
924000.0,Sedan,19024,2,2019,17.4,Petrol,2019,Zero Dep,5,Manual,5,BANGALORE
775000.0,MUV,73000,1,2016,14.02,Diesel,2016,Comprehensive,5,Manual,8,BANGALORE
378000.0,Hatchback,73140,2,2020,22.05,Petrol,2020,Comprehensive,5,Manual,5,BANGALORE
555000.0,Hatchback,29289,1,2015,22.38,Petrol,2015,Comprehensive,5,Manual,5,BANGALORE
899000.0,Sedan,39116,1,2016,18.0,Petrol,2016,Comprehensive,0,Automatic,5,BANGALORE
370000.0,Hatchback,41958,1,2019,24.7,Petrol,2019,Third Party,5,Manual,5,BANGALORE
810000.0,SUV,26626,1,2018,17.5,Petrol,2018,Third Party insurance,5,Manual,5,BANGALORE
774000.0,Hatchback,63460,1,2019,18.2,Petrol,2019,Third Party insurance,5,Automatic,5,BANGALORE
530000.0,Hatchback,35711,1,2019,20.3,Petrol,2019,Comprehensive,5,Manual,5,BANGALORE
945000.0,SUV,20057,1,2020,16.5,Petrol,2020,Comprehensive,5,Manual,5,BANGALORE
880000.0,Hatchback,25396,1,2020,19.33,Petrol,2020,Third Party insurance,5,Manual,5,BANGALORE
525000.0,Hatchback,88000,1,2013,21.27,Diesel,2013,Comprehensive,6,Manual,5,BANGALORE
1605000.0,SUV,62000,1,2019,14.1,Petrol,2019,Third Party insurance,7,Automatic,5,BANGALORE
1170000.0,Sedan,35993,1,2020,18.6,Petrol,2020,Not Available,6,Manual,5,BANGALORE
650000.0,Hatchback,34000,1,2017,18.9,Petrol,2017,Comprehensive,4,Automatic,5,BANGALORE
875000.0,SUV,51338,1,2019,17.5,Petrol,2019,Comprehensive,5,Manual,5,BANGALORE
500000.0,Hatchback,74280,1,2015,18.9,Petrol,2015,Not Available,5,Manual,5,BANGALORE
9500000.0,SUV,82000,1,2019,12.65,Diesel,2019,Comprehensive,8,Automatic,5,BANGALORE
2195000.0,Sedan,63773,1,2015,17.68,Diesel,2015,Comprehensive,8,Automatic,5,BANGALORE
395000.0,Hatchback,101356,2,2015,18.9,Petrol,2015,Comprehensive,5,Manual,5,BANGALORE
421000.0,Hatchback,75591,1,2020,31.59,CNG,2020,Third Party insurance,5,Manual,4,BANGALORE
1300000.0,SUV,72208,1,2017,13.0,Petrol,2017,Not Available,6,Automatic,5,BANGALORE
490000.0,Hatchback,51489,1,2014,22.38,Petrol,2014,Comprehensive,5,Manual,5,BANGALORE
520000.0,Hatchback,74643,1,2017,20.89,Petrol,2017,Third Party insurance,5,Automatic,5,BANGALORE
1450000.0,SUV,44000,2,2008,15.3,Diesel,2008,Comprehensive,8,Automatic,5,BANGALORE
616000.0,Hatchback,79575,1,2017,19.0,Petrol,2017,Comprehensive,5,Automatic,5,BANGALORE
825000.0,SUV,54097,1,2018,17.5,Petrol,2018,Comprehensive,5,Manual,5,BANGALORE
838000.0,Sedan,35288,2,2018,17.4,Petrol,2018,Comprehensive,5,Manual,5,BANGALORE
618000.0,Hatchback,70314,1,2019,22.56,Petrol,2019,Zero Dep,5,Automatic,5,BANGALORE
875000.0,SUV,96939,2,2017,19.72,Diesel,2017,Third Party insurance,6,Manual,5,BANGALORE
390000.0,Hatchback,44824,2,2010,18.06,Petrol,2010,Comprehensive,5,Manual,5,BANGALORE
1349000.0,MUV,169219,2,2014,12.99,Diesel,2014,Third Party insurance,5,Manual,7,BANGALORE
500000.0,Sedan,92673,2,2012,16.8,Petrol,2012,Third Party,5,Manual,5,BANGALORE
4100000.0,SUV,79000,2,2014,11.3,Diesel,2014,Comprehensive,7,Automatic,7,BANGALORE
2190000.0,SUV,20183,1,2020,17.1,Diesel,2020,Zero Dep,9,Automatic,5,BANGALORE
795000.0,Sedan,77130,1,2018,17.8,Petrol,2018,Comprehensive,0,Automatic,5,BANGALORE
775000.0,SUV,45000,1,2017,14.7,Petrol,2017,Comprehensive,6,Automatic,5,BANGALORE
745000.0,Hatchback,27025,2,2017,19.56,Petrol,2017,Third Party insurance,0,Automatic,5,BANGALORE
1125000.0,SUV,105153,1,2019,16.1,Petrol,2019,Third Party insurance,6,Manual,5,BANGALORE
1030000.0,SUV,70509,1,2016,16.0,Diesel,2016,Comprehensive,6,Manual,7,BANGALORE
582000.0,Hatchback,11662,2,2020,22.0,Petrol,2020,Zero Dep,5,Automatic,5,BANGALORE
615000.0,Hatchback,36176,1,2018,18.9,Petrol,2018,Third Party insurance,5,Manual,5,BANGALORE
560000.0,Hatchback,74342,2,2015,19.0,Petrol,2015,Third Party insurance,5,Automatic,5,BANGALORE
710000.0,Hatchback,89837,1,2016,27.39,Diesel,2016,Third Party,5,Manual,5,BANGALORE
535000.0,Hatchback,11912,2,2015,21.21,Petrol,2015,Third Party,5,Manual,5,BANGALORE
446000.0,Hatchback,55544,2,2012,22.9,Diesel,2012,Third Party,5,Manual,5,BANGALORE
1018000.0,SUV,27027,1,2019,14.8,Petrol,2019,Comprehensive,6,Automatic,5,BANGALORE
840000.0,Sedan,56363,1,2017,18.0,Petrol,2017,Zero Dep,0,Automatic,5,BANGALORE
654000.0,Sedan,42094,2,2016,17.01,Petrol,2016,Comprehensive,5,Manual,5,BANGALORE
1125000.0,SUV,114912,1,2019,16.1,Petrol,2019,Comprehensive,6,Manual,5,BANGALORE
585000.0,Hatchback,33649,1,2016,22.0,Petrol,2016,Third Party insurance,5,Manual,5,BANGALORE
1250000.0,SUV,54000,1,2019,16.8,Petrol,2019,Comprehensive,6,Manual,5,BANGALORE
475000.0,Sedan,69798,2,2014,19.1,Petrol,2014,Comprehensive,5,Manual,5,BANGALORE
310000.0,Hatchback,69000,2,2010,20.36,Petrol,2010,Comprehensive,5,Manual,5,BANGALORE
2395000.0,SUV,49001,1,2020,17.1,Diesel,2020,Zero Dep,6,Automatic,5,BANGALORE
1085000.0,Sedan,57527,2,2017,22.0,Diesel,2017,Comprehensive,6,Automatic,5,BANGALORE
475000.0,Hatchback,57367,1,2015,20.5,Diesel,2015,Comprehensive,5,Manual,5,BANGALORE
406000.0,Hatchback,50936,2,2015,20.51,Petrol,2015,Third Party insurance,5,Manual,5,BANGALORE
1084000.0,Hatchback,23237,1,2022,25.0,Diesel,2022,Comprehensive,6,Manual,5,BANGALORE
445000.0,Hatchback,66596,1,2016,23.1,Petrol,2016,Comprehensive,5,Automatic,5,BANGALORE
1382000.0,SUV,36613,1,2016,16.0,Diesel,2016,Comprehensive,6,Manual,7,BANGALORE
601000.0,Sedan,74104,1,2015,20.85,Petrol,2015,Third Party insurance,5,Manual,5,BANGALORE
594000.0,Hatchback,6777,1,2022,20.3,Petrol,2022,Zero Dep,5,Manual,5,BANGALORE
960000.0,SUV,14560,1,2020,15.9,Petrol,2020,Comprehensive,5,Manual,5,BANGALORE
575000.0,Hatchback,27000,1,2021,21.7,Petrol,2021,Comprehensive,5,Automatic,5,BANGALORE
729000.0,Sedan,90333,2,2015,18.0,Petrol,2015,Comprehensive,0,Automatic,5,BANGALORE
3575000.0,SUV,50114,1,2019,16.6,Petrol,2019,Comprehensive,8,Automatic,5,BANGALORE
962000.0,SUV,69301,1,2017,24.3,Diesel,2017,Comprehensive,5,Manual,5,BANGALORE
450000.0,Hatchback,71306,1,2021,21.74,Petrol,2021,Comprehensive,5,Manual,5,BANGALORE
849000.0,Hatchback,35135,1,2019,19.56,Petrol,2019,Third Party insurance,0,Automatic,5,BANGALORE
535000.0,Hatchback,40561,1,2016,23.2,Diesel,2016,Third Party insurance,5,Manual,5,BANGALORE
435000.0,Hatchback,90000,1,2012,17.0,Petrol,2012,Comprehensive,5,Manual,5,BANGALORE
685000.0,Hatchback,60000,2,2017,19.0,Petrol,2017,Comprehensive,5,Automatic,5,BANGALORE
5750000.0,SUV,30000,1,2019,16.55,Diesel,2019,Comprehensive,8,Automatic,5,BANGALORE
730000.0,SUV,60000,2,2016,19.87,Diesel,2016,Third Party insurance,5,Manual,5,BANGALORE
1145000.0,SUV,102000,1,2015,16.0,Diesel,2015,Comprehensive,6,Manual,7,BANGALORE
410000.0,Hatchback,41659,2,2015,18.9,Petrol,2015,Third Party,5,Manual,5,BANGALORE
1075000.0,Sedan,85300,2,2009,12.3,Petrol,2009,Comprehensive,7,Automatic,5,BANGALORE
849000.0,Sedan,32483,2,2017,17.01,Petrol,2017,Third Party insurance,4,Automatic,5,BANGALORE
749000.0,Hatchback,34376,1,2018,18.6,Petrol,2018,Third Party insurance,5,Manual,5,BANGALORE
872000.0,SUV,36540,1,2017,15.29,Petrol,2017,Third Party insurance,6,Manual,5,BANGALORE
306000.0,Hatchback,148625,2,2011,17.0,Petrol,2011,Comprehensive,5,Manual,5,BANGALORE
995000.0,Sedan,81000,4,2013,14.57,Diesel,2013,Third Party insurance,8,Automatic,5,BANGALORE
348000.0,Hatchback,5609,2,2013,19.81,Petrol,2013,Third Party insurance,5,Manual,5,BANGALORE
2425000.0,Sedan,37000,1,2019,19.2,Petrol,2019,Third Party insurance,7,Automatic,5,BANGALORE
1725000.0,SUV,6000,1,2021,14.5,Petrol,2021,Comprehensive,6,Manual,6,BANGALORE
500000.0,Sedan,61000,1,2013,21.8,Diesel,2013,Third Party,6,Manual,5,BANGALORE
417000.0,Hatchback,30285,2,2018,24.04,Petrol,2018,Third Party insurance,5,Automatic,5,BANGALORE
399000.0,Sedan,80153,2,2011,20.54,Diesel,2011,Third Party insurance,5,Manual,5,BANGALORE
541000.0,Hatchback,49641,1,2016,18.9,Petrol,2016,Comprehensive,4,Automatic,5,BANGALORE
568000.0,Hatchback,83075,2,2016,21.4,Petrol,2016,Comprehensive,0,Automatic,5,BANGALORE
730000.0,Hatchback,45677,1,2018,21.4,Petrol,2018,Comprehensive,5,Manual,5,BANGALORE
446000.0,Hatchback,81849,1,2017,23.1,Petrol,2017,Comprehensive,5,Manual,5,BANGALORE
638000.0,Hatchback,67791,2,2015,25.2,Diesel,2015,Comprehensive,5,Manual,5,BANGALORE
3750000.0,SUV,38100,1,2018,18.0,Diesel,2018,Comprehensive,8,Automatic,5,BANGALORE
694000.0,Hatchback,65015,1,2018,18.6,Petrol,2018,Third Party insurance,5,Manual,5,BANGALORE
4700000.0,SUV,47000,2,2018,17.9,Diesel,2018,Comprehensive,9,Automatic,5,BANGALORE
493000.0,Hatchback,62029,1,2014,22.38,Petrol,2014,Third Party,5,Manual,5,BANGALORE
637000.0,Hatchback,94926,1,2017,25.2,Diesel,2017,Comprehensive,5,Manual,5,BANGALORE
365000.0,Hatchback,119487,1,2012,17.0,Petrol,2012,Not Available,5,Manual,5,BANGALORE
825000.0,SUV,126000,1,2019,15.96,Diesel,2019,Third Party insurance,5,Manual,7,BANGALORE
645000.0,Sedan,70332,1,2017,21.66,Diesel,2017,Comprehensive,5,Manual,5,BANGALORE
585000.0,Hatchback,37950,1,2017,20.89,Petrol,2017,Third Party insurance,5,Manual,5,BANGALORE
835000.0,Hatchback,38100,1,2019,18.6,Petrol,2019,Comprehensive,5,Manual,5,BANGALORE
1649000.0,SUV,156039,2,2012,12.55,Diesel,2012,Comprehensive,5,Manual,7,BANGALORE
330000.0,Sedan,56000,2,2008,15.0,Petrol,2008,Third Party insurance,5,Manual,5,BANGALORE
425000.0,Hatchback,42000,2,2014,19.4,Petrol,2014,Comprehensive,5,Manual,5,BANGALORE
750000.0,Hatchback,93003,1,2018,22.54,Diesel,2018,Comprehensive,6,Manual,5,BANGALORE
675000.0,Hatchback,36000,2,2017,18.9,Petrol,2017,Comprehensive,4,Automatic,5,BANGALORE
1150000.0,SUV,20000,1,2022,18.9,Petrol,2022,Third Party insurance,7,Automatic,5,CHENNAI
415000.0,Minivans,20687,1,2015,15.37,Petrol,2015,Comprehensive,5,Manual,7,CHENNAI
750000.0,SUV,30000,1,2021,20.0,Petrol,2021,Third Party insurance,5,Manual,5,CHENNAI
398000.0,Hatchback,59247,1,2015,19.81,Petrol,2015,Comprehensive,5,Manual,5,CHENNAI
550000.0,Hatchback,50000,1,2015,18.7,Petrol,2015,Third Party insurance,5,Manual,5,CHENNAI
3300000.0,Sedan,20000,1,2016,13.0,Diesel,2016,Comprehensive,7,Automatic,5,CHENNAI
453000.0,Hatchback,29403,1,2016,23.1,Petrol,2016,Comprehensive,5,Automatic,5,CHENNAI
285000.0,Hatchback,42700,1,2010,19.0,Petrol,2010,Comprehensive,5,Manual,5,CHENNAI
5000000.0,SUV,23001,1,2018,16.55,Diesel,2018,Comprehensive,8,Automatic,5,CHENNAI
821000.0,SUV,25925,2,2018,14.8,Petrol,2018,Comprehensive,6,Automatic,5,CHENNAI
865000.0,Hatchback,20000,1,2021,21.0,Petrol,2021,Third Party insurance,5,Manual,5,CHENNAI
792000.0,Hatchback,17711,1,2019,18.2,Petrol,2019,Comprehensive,5,Automatic,5,CHENNAI
4050000.0,Sedan,50000,1,2020,20.37,Diesel,2020,Comprehensive,8,Automatic,5,CHENNAI
610000.0,Hatchback,50000,1,2018,22.0,Petrol,2018,Third Party insurance,5,Manual,5,CHENNAI
511000.0,Hatchback,51125,2,2018,18.9,Petrol,2018,Comprehensive,5,Manual,5,CHENNAI
710000.0,SUV,69233,1,2019,21.5,Diesel,2019,Comprehensive,6,Manual,5,CHENNAI
1225000.0,SUV,65000,1,2017,17.1,Diesel,2017,Comprehensive,6,Manual,5,CHENNAI
570000.0,Sedan,93281,1,2014,17.4,Petrol,2014,Comprehensive,5,Manual,5,CHENNAI
3900000.0,SUV,18000,1,2022,18.9,Diesel,2022,Comprehensive,6,Manual,7,CHENNAI
375000.0,Sedan,99225,2,2014,18.0,Petrol,2014,Comprehensive,5,Manual,5,CHENNAI
275000.0,Hatchback,30000,1,2016,20.3,Petrol,2016,Third Party insurance,5,Manual,5,CHENNAI
429000.0,Sedan,30602,1,2014,18.0,Petrol,2014,Comprehensive,5,Manual,5,CHENNAI
675000.0,Hatchback,64500,1,2018,25.2,Diesel,2018,Comprehensive,5,Manual,5,CHENNAI
793000.0,Sedan,46809,2,2017,17.8,Petrol,2017,Comprehensive,5,Manual,5,CHENNAI
1100000.0,SUV,20000,1,2020,18.9,Electric,2020,Third Party insurance,5,Automatic,5,CHENNAI
1425000.0,SUV,20000,1,2019,17.01,Diesel,2019,Comprehensive,6,Automatic,5,CHENNAI
1036000.0,SUV,21725,1,2020,18.15,Petrol,2020,Third Party,7,Automatic,5,CHENNAI
800000.0,Sedan,80000,1,2016,17.8,Petrol,2016,Third Party insurance,5,Manual,5,CHENNAI
1400000.0,Sedan,88000,2,2013,13.53,Petrol,2013,Third Party insurance,8,Automatic,5,CHENNAI
1088000.0,Sedan,30360,2,2019,17.4,Petrol,2019,Third Party,0,Automatic,5,CHENNAI
590000.0,Hatchback,70000,2,2017,21.4,Petrol,2017,Third Party insurance,0,Automatic,5,CHENNAI
568000.0,Hatchback,16246,1,2016,18.9,Petrol,2016,Comprehensive,5,Manual,5,CHENNAI
400000.0,Hatchback,55000,2,2017,23.1,Petrol,2017,Comprehensive,5,Automatic,5,CHENNAI
2790000.0,MUV,13000,1,2022,8.0,Petrol,2022,Comprehensive,6,Automatic,7,CHENNAI
422000.0,Hatchback,71638,2,2016,23.1,Petrol,2016,Third Party,5,Automatic,5,CHENNAI
450000.0,Sedan,46105,1,2015,18.0,Petrol,2015,Comprehensive,5,Manual,5,CHENNAI
650000.0,SUV,60000,1,2017,17.5,Petrol,2017,Third Party insurance,5,Manual,5,CHENNAI
575000.0,Hatchback,80000,1,2017,27.3,Diesel,2017,Third Party insurance,6,Manual,5,CHENNAI
1950000.0,Hatchback,58000,1,2015,15.0,Diesel,2015,Comprehensive,7,Automatic,5,CHENNAI
150000.0,Sedan,70000,2,2008,15.9,Petrol,2008,Third Party insurance,5,Manual,5,CHENNAI
702000.0,Hatchback,61764,1,2017,21.4,Petrol,2017,Third Party,0,Automatic,5,CHENNAI
448000.0,SUV,36018,2,2016,18.15,Petrol,2016,Third Party insurance,5,Manual,6,CHENNAI
650000.0,SUV,150000,1,2016,19.6,Diesel,2016,Third Party insurance,6,Automatic,5,CHENNAI
801000.0,Hatchback,17197,1,2022,20.7,Petrol,2022,Third Party,5,Manual,5,CHENNAI
772000.0,Sedan,62931,2,2016,18.0,Petrol,2016,Comprehensive,0,Automatic,5,CHENNAI
500000.0,Sedan,90000,2,2013,14.53,Petrol,2013,Third Party insurance,6,Manual,5,CHENNAI
1103000.0,SUV,21023,1,2021,16.82,Petrol,2021,Third Party,6,Manual,5,CHENNAI
1490000.0,Sedan,43000,1,2018,21.43,Diesel,2018,Comprehensive,6,Manual,5,CHENNAI
627000.0,Sedan,110505,1,2017,28.4,Diesel,2017,Third Party insurance,5,Automatic,5,CHENNAI
835000.0,Sedan,78892,1,2018,17.0,Petrol,2018,Third Party insurance,6,Manual,5,CHENNAI
2090000.0,Sedan,59000,1,2015,18.53,Diesel,2015,Third Party insurance,7,Automatic,5,CHENNAI
350000.0,Sedan,90058,1,2014,18.2,Petrol,2014,Comprehensive,5,Manual,5,CHENNAI
2100000.0,SUV,69000,1,2015,13.22,Diesel,2015,Third Party insurance,7,Automatic,5,CHENNAI
925000.0,SUV,67000,1,2019,25.5,Diesel,2019,Comprehensive,6,Manual,5,CHENNAI
850000.0,Sedan,80000,1,2017,28.09,Diesel,2017,Third Party insurance,5,Manual,5,CHENNAI
850000.0,Sedan,80000,1,2017,28.09,Diesel,2017,Third Party insurance,5,Manual,5,CHENNAI
6600000.0,SUV,57000,1,2020,14.75,Diesel,2020,Comprehensive,8,Automatic,7,CHENNAI
2150000.0,MUV,800000,1,2018,13.68,Diesel,2018,Comprehensive,5,Manual,8,CHENNAI
3600000.0,Sedan,5500000,1,2018,19.27,Diesel,2018,Comprehensive,9,Automatic,5,CHENNAI
6800000.0,Sedan,27000,1,2017,16.46,Diesel,2017,Comprehensive,8,Automatic,5,CHENNAI
707000.0,SUV,38334,1,2018,17.0,Petrol,2018,Comprehensive,6,Manual,5,CHENNAI
680000.0,Hatchback,36992,1,2019,17.74,Petrol,2019,Third Party insurance,5,Manual,5,CHENNAI
3750000.0,SUV,50000,2,2016,16.55,Diesel,2016,Comprehensive,8,Automatic,5,CHENNAI
2039000.0,SUV,34596,1,2021,14.08,Diesel,2021,Comprehensive,6,Automatic,6,CHENNAI
401000.0,Hatchback,84564,1,2019,19.02,Petrol,2019,Third Party,5,Manual,5,CHENNAI
2150000.0,Sedan,60001,2,2013,13.0,Diesel,2013,Comprehensive,7,Automatic,5,CHENNAI
505000.0,Hatchback,23462,1,2018,20.3,Petrol,2018,Zero Dep,5,Manual,5,CHENNAI
1599000.0,SUV,13000,1,2022,18.41,Petrol,2022,Third Party insurance,6,Automatic,5,CHENNAI
830000.0,Sedan,54658,1,2019,23.8,Diesel,2019,Comprehensive,5,Automatic,5,CHENNAI
1036000.0,SUV,34164,1,2020,16.82,Petrol,2020,Third Party,6,Manual,5,CHENNAI
1595000.0,SUV,10000,1,2022,16.8,Petrol,2022,Third Party insurance,6,Manual,5,CHENNAI
100000.0,Hatchback,70000,3,2010,14.6,Petrol,2010,Third Party insurance,5,Manual,5,CHENNAI
825000.0,SUV,37000,1,2020,17.52,Petrol,2020,Third Party insurance,5,Manual,5,CHENNAI
2900000.0,SUV,20000,1,2022,18.9,Diesel,2022,Comprehensive,6,Automatic,7,CHENNAI
550000.0,Hatchback,53967,1,2016,21.4,Petrol,2016,Comprehensive,5,Manual,5,CHENNAI
299000.0,Hatchback,52700,1,2011,20.36,Petrol,2011,Comprehensive,5,Manual,5,CHENNAI
750000.0,SUV,60000,1,2018,17.0,Petrol,2018,Third Party insurance,6,Automatic,5,CHENNAI
550000.0,Hatchback,53967,1,2016,21.4,Petrol,2016,Comprehensive,5,Manual,5,CHENNAI
375000.0,Sedan,99225,2,2014,18.6,Petrol,2014,Comprehensive,5,Manual,5,CHENNAI
265000.0,Sedan,60000,2,2011,16.0,Petrol,2011,Third Party insurance,1,Manual,5,CHENNAI
808000.0,Hatchback,48220,1,2020,17.1,Petrol,2020,Third Party,7,Automatic,5,CHENNAI
542000.0,Hatchback,72024,1,2016,18.7,Petrol,2016,Third Party insurance,5,Manual,5,CHENNAI
529000.0,Sedan,80000,1,2016,15.5,Petrol,2016,Third Party insurance,5,Automatic,5,CHENNAI
684000.0,Hatchback,78735,1,2017,16.2,Petrol,2017,Third Party,5,Manual,5,CHENNAI
813000.0,SUV,72955,2,2018,23.0,Diesel,2018,Zero Dep,5,Manual,5,CHENNAI
650000.0,Sedan,40000,1,2015,19.12,Petrol,2015,Third Party insurance,4,Automatic,5,CHENNAI
1802000.0,SUV,14037,1,2021,14.3,Petrol,2021,Comprehensive,6,Manual,5,CHENNAI
745000.0,Hatchback,29000,1,2019,18.6,Petrol,2019,Comprehensive,5,Manual,5,CHENNAI
619000.0,Hatchback,69864,1,2017,21.4,Petrol,2017,Third Party insurance,5,Manual,5,CHENNAI
650000.0,Sedan,35739,1,2019,20.14,Petrol,2019,Third Party insurance,5,Manual,5,CHENNAI
500000.0,Hatchback,120000,2,2016,19.0,Petrol,2016,Third Party insurance,5,Automatic,5,CHENNAI
1145000.0,MUV,18000,1,2019,24.52,Diesel,2019,Comprehensive,5,Manual,7,CHENNAI
1600000.0,SUV,21000,1,2019,16.35,Diesel,2019,Comprehensive,6,Manual,5,CHENNAI
540000.0,Hatchback,70404,1,2016,21.4,Petrol,2016,Comprehensive,5,Manual,5,CHENNAI
675000.0,Sedan,63000,1,2015,16.09,Petrol,2015,Comprehensive,5,Manual,5,CHENNAI
510000.0,Sedan,88000,2,2017,17.0,Petrol,2017,Third Party insurance,5,Manual,5,CHENNAI
830000.0,Sedan,65000,1,2017,17.4,Petrol,2017,Comprehensive,5,Manual,5,CHENNAI
3900000.0,SUV,30000,2,2017,12.51,Diesel,2017,Third Party insurance,9,Automatic,7,CHENNAI
510000.0,Sedan,71423,1,2012,15.6,Petrol,2012,Comprehensive,5,Automatic,5,CHENNAI
1200000.0,MUV,80000,1,2019,17.99,Petrol,2019,Third Party insurance,4,Automatic,6,CHENNAI
766000.0,Sedan,85759,1,2017,17.8,Petrol,2017,Third Party,5,Manual,5,CHENNAI
449000.0,Hatchback,24422,1,2019,20.3,Petrol,2019,Zero Dep,5,Manual,5,CHENNAI
750000.0,Sedan,90000,4,2017,17.0,Petrol,2017,Third Party insurance,6,Manual,5,CHENNAI
317000.0,Hatchback,67091,2,2012,19.4,Petrol,2012,Third Party,5,Manual,5,CHENNAI
1560000.0,SUV,72787,1,2020,15.81,Petrol,2020,Third Party,6,Manual,5,CHENNAI
1900000.0,SUV,120000,2,2017,13.5,Diesel,2017,Third Party insurance,6,Manual,7,CHENNAI
522000.0,Hatchback,90142,1,2017,18.9,Petrol,2017,Comprehensive,5,Manual,5,CHENNAI
500000.0,Hatchback,150000,1,2015,18.6,Petrol,2015,Third Party insurance,5,Manual,5,CHENNAI
627000.0,Hatchback,33256,1,2018,19.0,Petrol,2018,Comprehensive,5,Manual,5,CHENNAI
687000.0,Hatchback,70027,1,2018,21.4,Petrol,2018,Comprehensive,0,Automatic,5,CHENNAI
205000.0,Sedan,120000,3,2007,13.6,Diesel,2007,Third Party insurance,6,Manual,5,CHENNAI
525000.0,Hatchback,60000,2,2015,16.2,Petrol,2015,Third Party insurance,5,Manual,5,CHENNAI
620000.0,Hatchback,73686,1,2017,25.2,Diesel,2017,Third Party insurance,5,Manual,5,CHENNAI
825000.0,SUV,44000,2,2018,18.49,Diesel,2018,Comprehensive,5,Manual,7,CHENNAI
530000.0,Hatchback,75581,1,2015,21.21,Petrol,2015,Comprehensive,5,Manual,5,CHENNAI
3600000.0,SUV,58000,1,2015,15.26,Diesel,2015,Comprehensive,7,Automatic,5,CHENNAI
1950000.0,Sedan,50000,2,2015,20.38,Diesel,2015,Comprehensive,6,Automatic,5,CHENNAI
650000.0,SUV,100000,1,2015,18.49,Diesel,2015,Third Party insurance,5,Manual,7,CHENNAI
650000.0,Sedan,108902,1,2017,28.09,Diesel,2017,Third Party insurance,5,Manual,5,CHENNAI
570000.0,Sedan,100425,1,2016,21.66,Diesel,2016,Comprehensive,5,Manual,5,CHENNAI
458000.0,Sedan,70887,2,2016,19.1,Petrol,2016,Third Party,5,Manual,5,CHENNAI
577000.0,Sedan,114981,2,2016,17.8,Petrol,2016,Comprehensive,5,Manual,5,CHENNAI
900000.0,SUV,45000,1,2018,17.5,Petrol,2018,Comprehensive,5,Manual,5,CHENNAI
649000.0,Hatchback,45416,1,2021,20.7,Petrol,2021,Comprehensive,5,Manual,5,CHENNAI
549000.0,Hatchback,119468,1,2016,18.6,Petrol,2016,Third Party insurance,5,Manual,5,CHENNAI
650000.0,Sedan,100000,3,2015,21.21,Diesel,2015,Third Party insurance,7,Automatic,5,CHENNAI
514000.0,Sedan,119975,1,2017,22.41,Petrol,2017,Third Party,5,Manual,5,CHENNAI
3900000.0,Sedan,19000,1,2017,15.34,Petrol,2017,Comprehensive,8,Automatic,5,CHENNAI
456000.0,Hatchback,64906,2,2016,18.9,Petrol,2016,Comprehensive,5,Manual,5,CHENNAI
502000.0,Hatchback,81484,2,2016,21.4,Petrol,2016,Comprehensive,5,Manual,5,CHENNAI
685000.0,Sedan,45067,1,2018,21.21,Petrol,2018,Comprehensive,5,Manual,5,CHENNAI
11000000.0,Sedan,68000,1,2018,7.81,Petrol,2018,Third Party insurance,9,Automatic,4,CHENNAI
580000.0,Hatchback,65768,1,2016,18.7,Petrol,2016,Comprehensive,5,Manual,5,CHENNAI
530000.0,Hatchback,61000,2,2016,18.7,Petrol,2016,Comprehensive,5,Manual,5,CHENNAI
1700000.0,Sedan,50000,3,2009,13.0,Diesel,2009,Comprehensive,7,Automatic,5,CHENNAI
4375000.0,Sedan,23000,1,2018,18.12,Diesel,2018,Comprehensive,8,Automatic,5,CHENNAI
8200000.0,Sedan,17000,1,2018,16.46,Diesel,2018,Comprehensive,8,Automatic,5,CHENNAI
420000.0,Hatchback,102958,1,2017,23.1,Petrol,2017,Comprehensive,5,Automatic,5,CHENNAI
775000.0,Sedan,62900,1,2013,21.43,Diesel,2013,Comprehensive,6,Manual,5,CHENNAI
395000.0,Hatchback,65076,2,2015,20.51,Petrol,2015,Comprehensive,5,Manual,5,CHENNAI
533000.0,Hatchback,75876,1,2016,21.4,Petrol,2016,Comprehensive,5,Manual,5,CHENNAI
547000.0,Hatchback,98911,1,2015,18.6,Petrol,2015,Third Party insurance,5,Manual,5,CHENNAI
395000.0,Hatchback,45000,1,2015,23.1,Petrol,2015,Comprehensive,5,Manual,5,CHENNAI
908000.0,Sedan,76089,1,2017,19.08,Diesel,2017,Third Party,4,Automatic,5,CHENNAI
521000.0,Hatchback,54505,2,2017,18.9,Petrol,2017,Third Party,5,Manual,5,CHENNAI
2290000.0,Sedan,24000,1,2019,20.38,Diesel,2019,Third Party insurance,6,Automatic,5,CHENNAI
507000.0,Sedan,96573,1,2016,22.41,Petrol,2016,Zero Dep,5,Manual,5,CHENNAI
1625000.0,SUV,30000,1,2019,18.9,Diesel,2019,Comprehensive,6,Automatic,5,CHENNAI
528000.0,Hatchback,63720,2,2016,18.9,Petrol,2016,Comprehensive,5,Manual,5,CHENNAI
435000.0,Hatchback,14411,1,2021,22.05,Petrol,2021,Comprehensive,5,Manual,5,CHENNAI
1490000.0,SUV,11000,1,2022,18.41,Petrol,2022,Comprehensive,6,Automatic,5,CHENNAI
1790000.0,SUV,21000,1,2022,18.86,Petrol,2022,Comprehensive,7,Automatic,5,CHENNAI
625000.0,SUV,34392,1,2017,17.5,Petrol,2017,Comprehensive,5,Manual,5,CHENNAI
690000.0,Hatchback,20000,1,2022,20.7,Petrol,2022,Third Party insurance,5,Manual,5,CHENNAI
1350000.0,SUV,10000,1,2022,18.2,Petrol,2022,Third Party insurance,6,Manual,5,CHENNAI
1550000.0,SUV,20000,1,2022,14.82,Petrol,2022,Third Party insurance,0,Automatic,5,CHENNAI
790000.0,Hatchback,47000,1,2019,19.56,Petrol,2019,Comprehensive,5,Automatic,5,CHENNAI
270000.0,Hatchback,60333,2,2014,23.95,Petrol,2014,Comprehensive,5,Manual,5,CHENNAI
365000.0,Hatchback,81058,1,2014,24.0,Diesel,2014,Comprehensive,5,Manual,5,CHENNAI
425000.0,Sedan,51800,2,2010,13.5,Petrol,2010,Comprehensive,5,Manual,5,CHENNAI
528000.0,Hatchback,32797,2,2016,18.9,Petrol,2016,Comprehensive,5,Manual,5,CHENNAI
511000.0,Hatchback,69731,1,2016,18.9,Petrol,2016,Comprehensive,5,Manual,5,CHENNAI
625000.0,Sedan,54000,2,2016,17.8,Petrol,2016,Comprehensive,5,Manual,5,CHENNAI
327000.0,Hatchback,110267,2,2016,19.49,Petrol,2016,Comprehensive,5,Manual,5,CHENNAI
505000.0,SUV,31767,1,2018,18.15,Petrol,2018,Third Party insurance,5,Manual,6,CHENNAI
640000.0,SUV,45677,2,2018,17.5,Petrol,2018,Comprehensive,5,Manual,5,CHENNAI
449000.0,Hatchback,66656,1,2017,25.24,Petrol,2017,Comprehensive,5,Manual,5,CHENNAI
725000.0,Sedan,27000,1,2019,24.7,Diesel,2019,Comprehensive,5,Manual,5,CHENNAI
495000.0,Hatchback,37004,1,2021,21.74,Petrol,2021,Comprehensive,5,Manual,5,CHENNAI
271000.0,Hatchback,85274,2,2011,20.36,Petrol,2011,Comprehensive,5,Manual,5,CHENNAI
940000.0,SUV,60000,2,2017,19.67,Diesel,2017,Third Party insurance,6,Manual,5,CHENNAI
799000.0,Sedan,42000,1,2017,17.4,Petrol,2017,Comprehensive,5,Manual,5,CHENNAI
1850000.0,SUV,20000,1,2022,18.9,Diesel,2022,Third Party insurance,6,Manual,5,CHENNAI
2000000.0,MUV,30000,1,2022,18.9,Diesel,2022,Third Party insurance,6,Automatic,7,CHENNAI
4500000.0,Sedan,25000,1,2017,16.1,Diesel,2017,Comprehensive,9,Automatic,5,CHENNAI
700000.0,SUV,80000,3,2014,15.1,Diesel,2014,Third Party insurance,6,Manual,7,CHENNAI
585000.0,Sedan,60000,2,2015,17.1,Petrol,2015,Third Party insurance,5,Manual,5,CHENNAI
2050000.0,SUV,20000,1,2022,16.35,Diesel,2022,Third Party insurance,6,Manual,5,CHENNAI
1990000.0,SUV,20000,1,2022,18.9,Petrol,2022,Third Party insurance,8,Automatic,5,CHENNAI
1990000.0,SUV,20000,1,2022,18.9,Petrol,2022,Third Party insurance,8,Automatic,5,CHENNAI
1445000.0,SUV,55037,2,2020,18.9,Diesel,2020,Third Party,6,Manual,5,CHENNAI
451000.0,Hatchback,65607,1,2018,20.3,Petrol,2018,Zero Dep,5,Manual,5,CHENNAI
1100000.0,MUV,70000,1,2021,18.9,CNG,2021,Third Party insurance,5,Manual,7,CHENNAI
631000.0,Hatchback,74777,1,2016,18.6,Petrol,2016,Comprehensive,5,Manual,5,CHENNAI
411000.0,Sedan,102392,2,2012,17.6,Petrol,2012,Comprehensive,5,Manual,5,CHENNAI
500000.0,Sedan,90210,1,2015,21.14,Diesel,2015,Comprehensive,5,Manual,5,CHENNAI
488000.0,Sedan,62373,1,2014,22.41,Petrol,2014,Third Party,5,Manual,5,CHENNAI
460000.0,Sedan,80000,1,2015,22.95,Diesel,2015,Third Party insurance,5,Manual,5,CHENNAI
514000.0,Hatchback,25219,2,2018,26.0,Petrol,2018,Comprehensive,5,Automatic,5,CHENNAI
508000.0,Hatchback,64409,3,2014,25.2,Diesel,2014,Third Party,5,Manual,5,CHENNAI
865000.0,SUV,52000,1,2018,21.5,Diesel,2018,Comprehensive,6,Manual,5,CHENNAI
855000.0,Sedan,30000,2,2018,20.28,Petrol,2018,Comprehensive,4,Automatic,5,CHENNAI
11800000.0,Sedan,14000,1,2020,13.5,Diesel,2020,Comprehensive,9,Automatic,5,CHENNAI
925000.0,SUV,48574,1,2019,23.7,Diesel,2019,Comprehensive,6,Manual,5,CHENNAI
510000.0,Sedan,71423,1,2012,16.8,Petrol,2012,Comprehensive,5,Automatic,5,CHENNAI
5700000.0,Sedan,30000,1,2020,16.1,Diesel,2020,Comprehensive,9,Automatic,5,CHENNAI
350000.0,Hatchback,75498,1,2013,18.9,Petrol,2013,Comprehensive,5,Manual,5,CHENNAI
630000.0,Sedan,95963,1,2017,17.8,Petrol,2017,Third Party insurance,5,Manual,5,CHENNAI
410000.0,Hatchback,46613,1,2015,20.51,Petrol,2015,Comprehensive,5,Manual,5,CHENNAI
725000.0,SUV,30000,1,2017,17.5,Petrol,2017,Third Party insurance,5,Manual,5,CHENNAI
466000.0,Sedan,18722,1,2015,18.0,Petrol,2015,Comprehensive,5,Manual,5,CHENNAI
1864000.0,SUV,5593,1,2023,16.5,Petrol,2023,Comprehensive,7,Automatic,5,CHENNAI
2700000.0,SUV,40000,1,2017,15.73,Diesel,2017,Third Party insurance,7,Automatic,5,CHENNAI
503000.0,Hatchback,20875,1,2021,25.24,Petrol,2021,Third Party,5,Manual,5,CHENNAI
309000.0,Hatchback,46436,2,2018,25.17,Petrol,2018,Third Party,5,Manual,5,CHENNAI
640000.0,Sedan,127672,1,2016,18.0,Petrol,2016,Third Party insurance,0,Automatic,5,CHENNAI
841000.0,SUV,12814,1,2021,17.52,Petrol,2021,Third Party,5,Manual,5,CHENNAI
1890000.0,SUV,26000,1,2022,16.14,Diesel,2022,Third Party,6,Manual,7,CHENNAI
288000.0,Hatchback,45851,1,2011,20.36,Petrol,2011,Comprehensive,5,Manual,5,CHENNAI
940000.0,SUV,36349,1,2021,18.0,Petrol,2021,Comprehensive,6,Manual,5,CHENNAI
845000.0,Hatchback,35000,1,2018,17.21,Petrol,2018,Comprehensive,7,Automatic,5,CHENNAI
2056000.0,SUV,17059,1,2021,14.08,Diesel,2021,Comprehensive,6,Automatic,7,CHENNAI
7700000.0,SUV,37000,1,2019,13.38,Diesel,2019,Comprehensive,8,Automatic,5,CHENNAI
400000.0,Hatchback,48163,2,2016,20.51,Petrol,2016,Comprehensive,5,Manual,5,CHENNAI
425000.0,Sedan,40000,3,2013,19.1,Petrol,2013,Third Party insurance,5,Manual,5,CHENNAI
200000.0,Sedan,150000,2,2008,17.0,Diesel,2008,Third Party insurance,5,Manual,5,CHENNAI
750000.0,Hatchback,20000,1,2020,17.74,Petrol,2020,Third Party insurance,5,Manual,5,CHENNAI
1690000.0,SUV,47000,1,2019,17.6,Diesel,2019,Comprehensive,6,Automatic,5,CHENNAI
310000.0,Hatchback,112711,1,2013,20.36,Petrol,2013,Comprehensive,5,Manual,5,CHENNAI
3900000.0,SUV,53000,1,2020,15.04,Diesel,2020,Comprehensive,6,Automatic,7,CHENNAI
437000.0,Hatchback,65895,2,2016,26.68,Petrol,2016,Comprehensive,5,Automatic,5,CHENNAI
1026000.0,SUV,15625,1,2022,17.0,Petrol,2022,Comprehensive,6,Automatic,5,CHENNAI
560000.0,Hatchback,107595,1,2015,25.2,Diesel,2015,Third Party insurance,5,Manual,5,CHENNAI
532000.0,Hatchback,23838,1,2017,20.89,Petrol,2017,Comprehensive,5,Manual,5,CHENNAI
323000.0,Hatchback,28975,1,2015,24.39,Petrol,2015,Third Party,5,Manual,5,CHENNAI
770000.0,SUV,30742,1,2018,17.5,Petrol,2018,Third Party insurance,5,Manual,5,CHENNAI
492000.0,Hatchback,10363,1,2022,21.7,Petrol,2022,Comprehensive,5,Manual,5,CHENNAI
650000.0,Sedan,100000,1,2015,17.4,Petrol,2015,Third Party insurance,5,Manual,5,CHENNAI
633000.0,Sedan,75555,1,2016,17.8,Petrol,2016,Comprehensive,5,Manual,5,CHENNAI
982000.0,SUV,60929,2,2018,15.8,Petrol,2018,Third Party insurance,6,Manual,5,CHENNAI
1350000.0,SUV,78000,2,2009,11.7,Diesel,2009,Comprehensive,8,Automatic,5,CHENNAI
900000.0,SUV,120000,1,2017,24.3,Diesel,2017,Third Party insurance,5,Manual,5,CHENNAI
370000.0,Sedan,143185,1,2014,25.8,Diesel,2014,Comprehensive,5,Manual,5,CHENNAI
620000.0,Sedan,115434,1,2017,20.73,Petrol,2017,Comprehensive,5,Manual,5,CHENNAI
480000.0,Hatchback,43000,1,2018,20.89,Petrol,2018,Third Party insurance,5,Manual,5,CHENNAI
430000.0,Hatchback,63309,1,2015,18.5,Petrol,2015,Third Party insurance,5,Manual,5,CHENNAI
500000.0,Hatchback,150000,1,2015,25.2,Diesel,2015,Third Party insurance,5,Manual,5,CHENNAI
7600000.0,Sedan,53000,1,2019,16.46,Diesel,2019,Comprehensive,8,Automatic,5,CHENNAI
790000.0,Hatchback,39386,1,2019,21.01,Petrol,2019,Third Party insurance,5,Manual,5,CHENNAI
5200000.0,Sedan,42000,1,2018,17.09,Diesel,2018,Comprehensive,8,Automatic,4,CHENNAI
776000.0,MUV,29257,1,2021,18.2,Petrol,2021,Comprehensive,5,Automatic,7,CHENNAI
702000.0,Hatchback,61829,1,2017,21.4,Petrol,2017,Comprehensive,0,Automatic,5,CHENNAI
290000.0,Hatchback,83901,1,2014,23.95,Petrol,2014,Comprehensive,5,Manual,5,CHENNAI
383000.0,Hatchback,33295,1,2014,25.24,Petrol,2014,Third Party insurance,5,Manual,5,CHENNAI
411000.0,Hatchback,33610,1,2015,25.24,Petrol,2015,Comprehensive,5,Manual,5,CHENNAI
615000.0,Sedan,95600,1,2014,26.21,Diesel,2014,Comprehensive,5,Manual,5,CHENNAI
515000.0,Hatchback,20960,1,2018,23.84,Petrol,2018,Comprehensive,5,Manual,5,CHENNAI
2575000.0,Sedan,66000,1,2016,20.37,Diesel,2016,Comprehensive,8,Automatic,5,CHENNAI
507000.0,Hatchback,85105,2,2015,18.6,Petrol,2015,Third Party insurance,5,Manual,5,CHENNAI
322000.0,Hatchback,44519,2,2016,21.1,Petrol,2016,Third Party,5,Manual,5,CHENNAI
575000.0,Hatchback,54024,1,2017,21.4,Petrol,2017,Comprehensive,5,Manual,5,CHENNAI
850000.0,Hatchback,20027,1,2020,21.01,Petrol,2020,Comprehensive,5,Manual,5,CHENNAI
3700000.0,Sedan,44000,1,2019,18.53,Diesel,2019,Comprehensive,7,Automatic,5,CHENNAI
1800000.0,SUV,58000,1,2014,15.73,Diesel,2014,Comprehensive,7,Automatic,5,CHENNAI
425000.0,Sedan,67905,1,2013,25.8,Diesel,2013,Comprehensive,5,Manual,5,CHENNAI
650000.0,Hatchback,62604,1,2017,21.01,Petrol,2017,Third Party insurance,5,Manual,5,CHENNAI
750000.0,MUV,120000,1,2009,12.8,Diesel,2009,Third Party insurance,5,Manual,7,CHENNAI
450000.0,Sedan,105781,1,2014,25.8,Diesel,2014,Comprehensive,5,Manual,5,CHENNAI
720000.0,Sedan,68724,1,2017,20.73,Petrol,2017,Third Party insurance,5,Manual,5,CHENNAI
425000.0,Hatchback,67000,1,2014,23.1,Petrol,2014,Comprehensive,5,Automatic,5,CHENNAI
235000.0,Hatchback,110273,2,2010,20.36,Petrol,2010,Comprehensive,5,Manual,5,CHENNAI
437000.0,Hatchback,65628,2,2016,23.1,Petrol,2016,Comprehensive,5,Automatic,5,CHENNAI
410000.0,Hatchback,106075,1,2014,16.47,Petrol,2014,Third Party insurance,5,Manual,5,CHENNAI
731000.0,Hatchback,6023,1,2022,20.89,Petrol,2022,Comprehensive,5,Manual,5,CHENNAI
502000.0,Hatchback,38999,2,2018,23.84,Petrol,2018,Comprehensive,5,Manual,5,CHENNAI
2050000.0,MUV,105000,1,2018,13.68,Diesel,2018,Comprehensive,5,Manual,7,CHENNAI
1963000.0,SUV,7811,1,2022,14.08,Diesel,2022,Comprehensive,6,Automatic,7,CHENNAI
222000.0,Hatchback,58747,2,2011,20.92,Petrol,2011,Comprehensive,5,Manual,5,CHENNAI
1497000.0,SUV,34965,1,2019,17.0,Diesel,2019,Comprehensive,6,Manual,5,CHENNAI
529000.0,SUV,106360,2,2015,22.7,Diesel,2015,Comprehensive,5,Manual,5,CHENNAI
210000.0,Hatchback,162049,2,2010,18.5,Petrol,2010,Comprehensive,5,Manual,5,CHENNAI
7450000.0,SUV,30000,1,2020,18.9,Diesel,2020,Comprehensive,9,Automatic,5,CHENNAI
975000.0,SUV,26000,1,2021,17.03,Petrol,2021,Comprehensive,5,Manual,5,CHENNAI
1450000.0,SUV,25000,1,2020,18.9,Petrol,2020,Comprehensive,0,Automatic,5,CHENNAI
6200000.0,SUV,35000,1,2021,18.9,Diesel,2021,Comprehensive,9,Automatic,5,CHENNAI
595000.0,Hatchback,57000,1,2020,21.21,Petrol,2020,Comprehensive,5,Manual,5,CHENNAI
767000.0,SUV,49000,1,2017,15.29,Petrol,2017,Third Party insurance,6,Manual,5,CHENNAI
825000.0,Hatchback,30000,1,2022,21.0,Petrol,2022,Comprehensive,5,Manual,5,CHENNAI
45000.0,Hatchback,120000,3,2002,18.9,Petrol,2002,Third Party insurance,5,Manual,5,CHENNAI
335000.0,Hatchback,40000,3,2014,16.95,Petrol,2014,Third Party insurance,4,Automatic,5,CHENNAI
558000.0,Hatchback,53250,1,2015,19.0,Petrol,2015,Comprehensive,5,Automatic,5,CHENNAI
649000.0,Hatchback,8848,1,2022,19.01,Petrol,2022,Third Party,5,Manual,5,CHENNAI
2250000.0,SUV,3000,1,2022,14.6,Diesel,2022,Comprehensive,6,Automatic,5,CHENNAI
1110000.0,Sedan,34628,1,2021,18.97,Petrol,2021,Third Party,6,Manual,5,CHENNAI
672000.0,Hatchback,8579,1,2022,20.89,Petrol,2022,Third Party,5,Manual,5,CHENNAI
675000.0,MUV,17000,1,2022,20.0,Petrol,2022,Comprehensive,5,Manual,7,CHENNAI
795000.0,Sedan,40021,1,2017,17.8,Petrol,2017,Third Party insurance,5,Manual,5,CHENNAI
11300000.0,SUV,52000,1,2021,18.9,Diesel,2021,Comprehensive,9,Automatic,7,CHENNAI
587000.0,Hatchback,46946,2,2017,18.6,Petrol,2017,Comprehensive,5,Manual,5,CHENNAI
807000.0,Hatchback,30772,1,2019,18.2,Petrol,2019,Comprehensive,5,Automatic,5,CHENNAI
260000.0,Hatchback,74008,1,2012,20.0,Diesel,2012,Comprehensive,5,Manual,5,CHENNAI
760000.0,Sedan,31000,1,2017,28.4,Diesel,2017,Comprehensive,5,Manual,5,CHENNAI
1070000.0,SUV,20000,1,2022,16.0,Diesel,2022,Third Party insurance,5,Manual,7,CHENNAI
650000.0,Hatchback,20000,2,2020,21.01,Petrol,2020,Third Party insurance,5,Manual,5,CHENNAI
520000.0,Hatchback,31137,1,2020,21.7,Petrol,2020,Third Party insurance,5,Automatic,5,CHENNAI
350000.0,Sedan,90000,1,2011,19.3,Diesel,2011,Third Party insurance,5,Manual,5,CHENNAI
875000.0,SUV,77000,1,2015,15.8,Petrol,2015,Comprehensive,6,Manual,5,CHENNAI
4350000.0,Sedan,16000,1,2019,21.76,Diesel,2019,Comprehensive,8,Automatic,5,CHENNAI
1450000.0,SUV,23000,1,2018,16.0,Diesel,2018,Comprehensive,6,Automatic,7,CHENNAI
1725000.0,SUV,9000,1,2022,15.2,Petrol,2022,Comprehensive,6,Manual,4,CHENNAI
302000.0,Hatchback,28733,1,2018,22.7,Petrol,2018,Third Party insurance,5,Manual,5,CHENNAI
1060000.0,Sedan,61828,1,2018,22.0,Diesel,2018,Zero Dep,6,Automatic,5,CHENNAI
600000.0,MUV,150000,2,2007,12.8,Diesel,2007,Third Party insurance,5,Manual,8,CHENNAI
722000.0,Sedan,60431,1,2022,19.28,Petrol,2022,Comprehensive,5,Manual,5,CHENNAI
463000.0,Hatchback,53269,1,2018,21.63,Petrol,2018,Comprehensive,5,Manual,5,CHENNAI
1770000.0,SUV,38000,1,2021,18.9,Petrol,2021,Comprehensive,6,Automatic,5,CHENNAI
627000.0,Sedan,37778,2,2019,19.5,Petrol,2019,Third Party insurance,5,Manual,5,CHENNAI
575000.0,Hatchback,54024,1,2017,21.4,Petrol,2017,Third Party insurance,5,Manual,5,CHENNAI
658000.0,SUV,85941,2,2018,17.0,Petrol,2018,Third Party insurance,6,Manual,5,CHENNAI
477000.0,Hatchback,89329,1,2018,21.63,Petrol,2018,Comprehensive,5,Automatic,5,CHENNAI
500000.0,Hatchback,40000,2,2019,23.84,Petrol,2019,Third Party insurance,5,Manual,5,CHENNAI
650000.0,Hatchback,17000,1,2017,21.21,Petrol,2017,Comprehensive,5,Manual,5,CHENNAI
455000.0,Hatchback,83887,1,2017,20.89,Petrol,2017,Comprehensive,5,Manual,5,CHENNAI
475000.0,Hatchback,150000,1,2015,21.19,Diesel,2015,Third Party insurance,6,Manual,5,CHENNAI
2800000.0,MUV,39000,1,2021,12.0,Diesel,2021,Comprehensive,6,Automatic,7,CHENNAI
975000.0,Sedan,23000,1,2018,17.0,Petrol,2018,Comprehensive,6,Automatic,5,CHENNAI
750000.0,Sedan,80000,1,2017,17.0,Petrol,2017,Third Party insurance,6,Manual,5,CHENNAI
485000.0,Hatchback,34000,1,2016,23.1,Petrol,2016,Comprehensive,5,Automatic,5,CHENNAI
460000.0,Hatchback,29973,1,2017,23.1,Petrol,2017,Comprehensive,5,Manual,5,CHENNAI
1265000.0,Sedan,30000,1,2021,18.6,Petrol,2021,Third Party insurance,6,Manual,5,CHENNAI
567000.0,Hatchback,80805,2,2016,21.19,Diesel,2016,Comprehensive,6,Manual,5,CHENNAI
619000.0,Hatchback,26235,1,2020,23.84,Petrol,2020,Comprehensive,5,Manual,5,CHENNAI
630000.0,Sedan,95963,0,2017,17.8,Petrol,2017,Third Party insurance,5,Manual,5,CHENNAI
835000.0,SUV,83294,1,2018,15.8,Petrol,2018,Comprehensive,6,Manual,5,CHENNAI
1703000.0,SUV,17963,2,2021,17.41,Diesel,2021,Third Party,6,Manual,5,CHENNAI
635000.0,Hatchback,102696,1,2019,21.4,Petrol,2019,Comprehensive,5,Manual,5,CHENNAI
635000.0,Hatchback,57206,2,2019,22.54,Diesel,2019,Comprehensive,6,Manual,5,CHENNAI
300000.0,Hatchback,120000,2,2013,20.0,Diesel,2013,Third Party insurance,5,Manual,5,CHENNAI
657000.0,Hatchback,81829,1,2017,18.6,Petrol,2017,Comprehensive,5,Manual,5,CHENNAI
390000.0,Hatchback,54395,2,2014,25.24,Petrol,2014,Third Party,5,Manual,5,CHENNAI
620000.0,Sedan,50000,1,2019,24.7,Diesel,2019,Third Party insurance,5,Manual,5,CHENNAI
465000.0,Sedan,70000,2,2017,17.0,Petrol,2017,Third Party insurance,5,Manual,5,CHENNAI
590000.0,Hatchback,36000,1,2015,18.6,Petrol,2015,Comprehensive,5,Manual,5,CHENNAI
950000.0,SUV,125000,2,2016,12.08,Diesel,2016,Comprehensive,5,Manual,7,CHENNAI
2150000.0,Sedan,75000,2,2018,17.9,Diesel,2018,Comprehensive,7,Automatic,5,CHENNAI
4600000.0,Sedan,45007,1,2018,16.1,Diesel,2018,Comprehensive,9,Automatic,5,CHENNAI
490000.0,Sedan,49617,1,2016,19.5,Petrol,2016,Comprehensive,5,Manual,5,CHENNAI
620000.0,Sedan,57782,1,2016,16.78,Petrol,2016,Comprehensive,5,Manual,5,CHENNAI
1950000.0,Sedan,38000,1,2015,17.2,Diesel,2015,Comprehensive,6,Automatic,5,CHENNAI
680000.0,Sedan,110000,3,2008,11.5,Diesel,2008,Third Party insurance,6,Automatic,5,CHENNAI
594000.0,Hatchback,22066,2,2018,18.7,Petrol,2018,Third Party,5,Manual,5,CHENNAI
536000.0,Hatchback,65707,1,2016,18.6,Petrol,2016,Comprehensive,5,Manual,5,CHENNAI
365000.0,Hatchback,89488,1,2015,23.1,Petrol,2015,Third Party insurance,5,Manual,5,CHENNAI
544000.0,Hatchback,88663,2,2017,20.89,Petrol,2017,Comprehensive,5,Automatic,5,CHENNAI
566000.0,Hatchback,31679,1,2020,23.84,Petrol,2020,Comprehensive,5,Manual,5,CHENNAI
420000.0,Hatchback,68178,1,2013,18.9,Petrol,2013,Comprehensive,5,Manual,5,CHENNAI
748000.0,Sedan,61279,2,2017,17.8,Petrol,2017,Comprehensive,5,Manual,5,CHENNAI
880000.0,Sedan,8963,1,2021,18.6,Petrol,2021,Comprehensive,5,Manual,5,CHENNAI
616000.0,Sedan,80281,1,2017,21.21,Petrol,2017,Third Party insurance,5,Manual,5,CHENNAI
1554000.0,SUV,50580,1,2020,14.16,Petrol,2020,Third Party,6,Manual,5,CHENNAI
2100000.0,Hatchback,21000,1,2014,19.23,Petrol,2014,Comprehensive,6,Automatic,5,CHENNAI
2175000.0,SUV,55000,1,2016,15.73,Diesel,2016,Comprehensive,7,Automatic,5,CHENNAI
4200000.0,SUV,70000,2,2018,17.9,Diesel,2018,Third Party insurance,9,Automatic,5,CHENNAI
4300000.0,SUV,58000,1,2019,8.5,Petrol,2019,Comprehensive,7,Automatic,5,CHENNAI
725000.0,Sedan,65224,1,2018,16.09,Petrol,2018,Comprehensive,5,Manual,5,CHENNAI
275000.0,Hatchback,120000,1,2010,21.1,Petrol,2010,Third Party insurance,5,Manual,5,CHENNAI
5750000.0,SUV,42001,1,2018,15.97,Diesel,2018,Comprehensive,8,Automatic,5,CHENNAI
635000.0,Sedan,30316,1,2017,19.0,Petrol,2017,Comprehensive,5,Manual,5,CHENNAI
1800000.0,Sedan,64000,3,2013,13.0,Diesel,2013,Comprehensive,7,Automatic,5,CHENNAI
1900000.0,Sedan,40000,1,2015,9.0,Diesel,2015,Comprehensive,8,Automatic,5,CHENNAI
510000.0,Hatchback,100526,1,2017,22.38,Petrol,2017,Comprehensive,5,Manual,5,CHENNAI
817000.0,Hatchback,17273,1,2021,22.38,Petrol,2021,Comprehensive,5,Manual,5,CHENNAI
850000.0,SUV,107737,1,2018,23.65,Diesel,2018,Third Party insurance,5,Manual,5,CHENNAI
539000.0,SUV,111586,2,2016,15.85,Petrol,2016,Comprehensive,5,Manual,5,CHENNAI
538000.0,Hatchback,73369,2,2017,21.4,Petrol,2017,Third Party,0,Automatic,5,CHENNAI
235000.0,Hatchback,63697,1,2012,19.7,Petrol,2012,Comprehensive,5,Manual,5,CHENNAI
666000.0,Hatchback,45224,1,2018,18.6,Petrol,2018,Comprehensive,5,Manual,5,CHENNAI
210000.0,Hatchback,110701,2,2010,20.0,Diesel,2010,Comprehensive,5,Manual,5,CHENNAI
413000.0,Hatchback,49124,2,2016,20.51,Petrol,2016,Third Party,5,Manual,5,CHENNAI
505000.0,Sedan,96861,1,2016,22.41,Petrol,2016,Comprehensive,5,Manual,5,CHENNAI
300000.0,Hatchback,64636,2,2009,20.36,Petrol,2009,Comprehensive,5,Manual,5,CHENNAI
890000.0,Sedan,134000,1,2014,17.68,Diesel,2014,Third Party insurance,8,Automatic,5,CHENNAI
140000.0,Hatchback,20000,1,2002,16.1,Petrol,2002,Comprehensive,4,Manual,4,CHENNAI
810000.0,SUV,14118,1,2022,19.03,Petrol,2022,Comprehensive,5,Automatic,5,CHENNAI
4100000.0,SUV,1200,1,2023,18.9,Diesel,2023,Comprehensive,9,Automatic,7,CHENNAI
725000.0,SUV,36000,2,2018,14.8,Petrol,2018,Comprehensive,6,Automatic,5,CHENNAI
1755000.0,SUV,10000,1,2022,17.2,Petrol,2022,Comprehensive,6,Automatic,5,CHENNAI
1050000.0,SUV,50000,1,2019,16.8,Petrol,2019,Third Party insurance,6,Manual,5,CHENNAI
1000000.0,SUV,30000,1,2021,17.03,Petrol,2021,Third Party insurance,5,Manual,5,CHENNAI
850000.0,Sedan,29000,1,2018,14.84,Petrol,2018,Third Party insurance,6,Automatic,5,CHENNAI
508000.0,Hatchback,55940,2,2014,18.6,Petrol,2014,Third Party insurance,5,Manual,5,CHENNAI
851000.0,Sedan,115915,2,2018,25.6,Diesel,2018,Third Party,6,Manual,5,CHENNAI
625000.0,Hatchback,1000,1,2022,22.3,Petrol,2022,Comprehensive,5,Automatic,5,CHENNAI
560000.0,Hatchback,96184,2,2016,19.0,Petrol,2016,Comprehensive,5,Automatic,5,CHENNAI
335000.0,Hatchback,87780,1,2014,19.81,Petrol,2014,Comprehensive,5,Manual,5,CHENNAI
445000.0,Hatchback,118921,1,2015,18.6,Petrol,2015,Comprehensive,5,Manual,5,CHENNAI
830000.0,SUV,73834,2,2019,23.0,Diesel,2019,Comprehensive,5,Manual,5,CHENNAI
1790000.0,SUV,20000,1,2022,18.9,Diesel,2022,Comprehensive,6,Automatic,4,CHENNAI
630000.0,Hatchback,38514,1,2016,21.4,Petrol,2016,Comprehensive,5,Manual,5,CHENNAI
527000.0,Sedan,74401,2,2016,22.41,Petrol,2016,Comprehensive,5,Manual,5,CHENNAI
1320000.0,SUV,40000,1,2020,16.8,Petrol,2020,Third Party insurance,7,Automatic,5,CHENNAI
860000.0,Hatchback,9000,1,2022,22.38,Petrol,2022,Comprehensive,5,Manual,5,CHENNAI
766000.0,SUV,50000,1,2017,15.29,Petrol,2017,Third Party insurance,6,Manual,5,CHENNAI
610000.0,Sedan,40000,1,2020,22.41,Petrol,2020,Third Party insurance,5,Manual,5,CHENNAI
475000.0,Sedan,80000,3,2015,21.66,Diesel,2015,Third Party insurance,7,Automatic,5,CHENNAI
390000.0,Hatchback,82000,2,2014,18.9,Petrol,2014,Third Party insurance,5,Manual,5,CHENNAI
680000.0,Sedan,32947,1,2020,20.1,Petrol,2020,Comprehensive,5,Automatic,5,CHENNAI
3150000.0,SUV,9000,1,2022,18.9,Diesel,2022,Comprehensive,6,Manual,7,CHENNAI
855000.0,Sedan,25000,1,2018,17.0,Petrol,2018,Comprehensive,6,Manual,5,CHENNAI
1200000.0,MUV,10000,1,2022,19.01,Petrol,2022,Third Party insurance,5,Manual,6,CHENNAI
1786000.0,Sedan,8413,1,2022,18.72,Petrol,2022,Zero Dep,6,Manual,5,CHENNAI
614000.0,Hatchback,34460,1,2016,18.6,Petrol,2016,Comprehensive,5,Manual,5,CHENNAI
340000.0,Sedan,33886,1,2010,17.5,Petrol,2010,Comprehensive,5,Manual,5,CHENNAI
558000.0,Hatchback,57910,2,2016,17.19,Petrol,2016,Third Party insurance,5,Manual,5,CHENNAI
650000.0,MUV,46233,2,2020,20.0,Petrol,2020,Comprehensive,5,Manual,7,CHENNAI
950000.0,Sedan,60000,1,2017,18.3,Petrol,2017,Comprehensive,0,Automatic,5,CHENNAI
710000.0,Hatchback,48979,1,2021,22.38,Petrol,2021,Third Party,5,Manual,5,CHENNAI
1700000.0,SUV,42000,1,2019,13.96,Petrol,2019,Comprehensive,6,Automatic,5,CHENNAI
684000.0,SUV,106165,1,2016,22.77,Diesel,2016,Comprehensive,5,Manual,5,CHENNAI
309000.0,Hatchback,91261,1,2018,22.7,Petrol,2018,Third Party,5,Manual,5,CHENNAI
500000.0,Hatchback,36711,1,2018,21.63,Petrol,2018,Comprehensive,5,Manual,5,CHENNAI
5500000.0,Sedan,9000,1,2021,15.3,Petrol,2021,Comprehensive,8,Automatic,5,CHENNAI
650000.0,Hatchback,30428,0,2018,21.4,Petrol,2018,Third Party insurance,5,Manual,5,CHENNAI
360000.0,Hatchback,49791,1,2018,23.01,Petrol,2018,Comprehensive,5,Manual,5,CHENNAI
1875000.0,SUV,40000,1,2021,16.65,Diesel,2021,Third Party insurance,6,Manual,6,CHENNAI
450000.0,Sedan,40000,2,2014,19.1,Petrol,2014,Third Party insurance,5,Manual,5,CHENNAI
660000.0,Hatchback,50000,2,2018,21.4,Petrol,2018,Third Party insurance,0,Automatic,5,CHENNAI
950000.0,SUV,60000,1,2019,24.3,Diesel,2019,Third Party insurance,5,Manual,5,CHENNAI
500000.0,Sedan,60000,1,2017,17.0,Petrol,2017,Third Party insurance,5,Manual,5,CHENNAI
2390000.0,SUV,70000,1,2017,12.62,Diesel,2017,Third Party insurance,6,Automatic,7,CHENNAI
361000.0,Hatchback,107158,2,2014,20.51,Petrol,2014,Third Party insurance,5,Manual,5,CHENNAI
549000.0,Hatchback,90811,1,2019,18.9,Petrol,2019,Third Party insurance,5,Manual,5,CHENNAI
210000.0,Hatchback,76454,3,2012,15.6,Petrol,2012,Comprehensive,5,Manual,5,CHENNAI
704000.0,Hatchback,57464,1,2021,22.38,Petrol,2021,Third Party,5,Manual,5,CHENNAI
729000.0,Sedan,95072,1,2019,19.5,Petrol,2019,Comprehensive,5,Manual,5,CHENNAI
700000.0,Sedan,51789,1,2014,18.0,Petrol,2014,Comprehensive,0,Automatic,5,CHENNAI
619000.0,Hatchback,56028,2,2018,18.6,Petrol,2018,Third Party,5,Manual,5,CHENNAI
725000.0,Sedan,60000,1,2017,17.8,Petrol,2017,Third Party insurance,5,Manual,5,CHENNAI
621000.0,Hatchback,36460,1,2020,20.7,Petrol,2020,Zero Dep,5,Manual,5,CHENNAI
685000.0,Sedan,103249,1,2020,19.5,Petrol,2020,Zero Dep,5,Manual,5,CHENNAI
950000.0,Sedan,45568,1,2021,18.6,Petrol,2021,Third Party insurance,6,Manual,5,CHENNAI
1850000.0,SUV,130000,1,2017,12.62,Diesel,2017,Comprehensive,6,Automatic,7,CHENNAI
1850000.0,SUV,60000,1,2021,16.65,Diesel,2021,Third Party insurance,6,Manual,6,CHENNAI
410000.0,Sedan,100521,1,2013,20.5,Diesel,2013,Comprehensive,5,Manual,5,CHENNAI
570000.0,Sedan,42709,1,2019,19.44,Petrol,2019,Comprehensive,5,Manual,5,CHENNAI
550000.0,SUV,150000,2,2016,18.49,Diesel,2016,Third Party insurance,5,Manual,7,CHENNAI
600000.0,Sedan,100000,1,2015,17.4,Petrol,2015,Third Party insurance,5,Manual,5,CHENNAI
226000.0,Sedan,120000,3,2009,15.0,Diesel,2009,Third Party insurance,5,Manual,5,CHENNAI
1350000.0,Sedan,30000,1,2018,14.62,Petrol,2018,Comprehensive,6,Automatic,5,CHENNAI
2600000.0,Sedan,70000,1,2016,22.69,Diesel,2016,Third Party insurance,8,Automatic,5,CHENNAI
365000.0,Hatchback,104279,1,2014,18.9,Petrol,2014,Third Party insurance,5,Manual,5,CHENNAI
707000.0,Hatchback,73321,1,2018,17.19,Petrol,2018,Comprehensive,5,Manual,5,CHENNAI
800000.0,Sedan,50000,1,2017,17.0,Petrol,2017,Third Party insurance,6,Manual,5,CHENNAI
520000.0,Hatchback,34279,1,2018,20.3,Petrol,2018,Zero Dep,5,Manual,5,CHENNAI
602000.0,Hatchback,55040,2,2016,18.6,Petrol,2016,Comprehensive,5,Manual,5,CHENNAI
1050000.0,Sedan,39000,2,2018,22.0,Diesel,2018,Comprehensive,6,Automatic,5,CHENNAI
546000.0,Hatchback,104336,2,2014,22.54,Diesel,2014,Comprehensive,6,Manual,5,CHENNAI
3475000.0,Sedan,45000,3,2019,18.0,Diesel,2019,Comprehensive,8,Automatic,5,CHENNAI
1188000.0,Sedan,69617,1,2020,18.6,Petrol,2020,Third Party,6,Manual,5,CHENNAI
621000.0,Hatchback,47429,1,2016,18.6,Petrol,2016,Comprehensive,5,Manual,5,CHENNAI
515000.0,Hatchback,67000,1,2015,21.21,Petrol,2015,Comprehensive,5,Manual,5,CHENNAI
600000.0,Hatchback,80000,1,2016,16.2,Petrol,2016,Third Party insurance,5,Manual,5,CHENNAI
775000.0,Hatchback,27000,1,2018,18.78,Petrol,2018,Comprehensive,5,Manual,5,CHENNAI
645000.0,SUV,56000,2,2016,22.77,Diesel,2016,Comprehensive,5,Manual,5,CHENNAI
650000.0,Sedan,33379,1,2018,18.6,Petrol,2018,Comprehensive,5,Manual,5,CHENNAI
700000.0,Sedan,80000,1,2017,28.09,Diesel,2017,Third Party insurance,5,Manual,5,CHENNAI
437000.0,Sedan,90000,1,2016,19.1,Petrol,2016,Third Party insurance,5,Manual,5,CHENNAI
460000.0,Sedan,50197,1,2015,19.1,Petrol,2015,Third Party insurance,5,Manual,5,CHENNAI
250000.0,Sedan,80000,2,2012,16.36,Petrol,2012,Third Party insurance,5,Manual,5,CHENNAI
520000.0,Hatchback,60611,0,2016,18.7,Petrol,2016,Third Party insurance,5,Manual,5,CHENNAI
566000.0,SUV,61120,3,2017,15.85,Petrol,2017,Third Party insurance,5,Manual,5,CHENNAI
403000.0,Hatchback,55415,1,2019,23.01,Petrol,2019,Third Party insurance,5,Manual,5,CHENNAI
4950000.0,SUV,52000,1,2018,16.38,Diesel,2018,Comprehensive,8,Automatic,5,CHENNAI
517000.0,Hatchback,48579,1,2015,18.7,Petrol,2015,Comprehensive,5,Manual,5,CHENNAI
449000.0,Sedan,59532,2,2016,19.1,Petrol,2016,Third Party insurance,5,Manual,5,CHENNAI
455000.0,Sedan,200300,2,2014,17.0,Petrol,2014,Comprehensive,5,Manual,5,CHENNAI
643000.0,Sedan,113231,1,2014,14.69,Petrol,2014,Third Party,6,Manual,5,CHENNAI
705000.0,SUV,106338,2,2018,18.49,Diesel,2018,Comprehensive,5,Manual,7,CHENNAI
889000.0,Hatchback,40629,1,2021,23.64,Diesel,2021,Third Party,5,Manual,5,CHENNAI
621000.0,Sedan,73341,2,2016,26.59,Diesel,2016,Third Party insurance,5,Automatic,5,CHENNAI
1400000.0,Sedan,39001,2,2011,22.69,Diesel,2011,Comprehensive,8,Automatic,5,CHENNAI
630000.0,Sedan,81532,1,2014,17.4,Petrol,2014,Comprehensive,5,Manual,5,CHENNAI
530000.0,Sedan,108818,1,2015,17.4,Petrol,2015,Third Party insurance,5,Manual,5,CHENNAI
678000.0,Hatchback,35419,1,2017,21.01,Petrol,2017,Third Party insurance,5,Manual,5,CHENNAI
1200000.0,Sedan,80000,2,2011,19.71,Diesel,2011,Third Party insurance,9,Automatic,5,CHENNAI
524000.0,Sedan,100000,2,2014,20.4,Diesel,2014,Third Party insurance,6,Manual,5,CHENNAI
2150000.0,Sedan,12000,1,2014,17.11,Diesel,2014,Comprehensive,8,Automatic,5,CHENNAI
675000.0,Sedan,70001,1,2011,22.32,Diesel,2011,Comprehensive,6,Manual,5,CHENNAI
470000.0,Sedan,61331,1,2014,24.4,Diesel,2014,Comprehensive,5,Manual,5,CHENNAI
530000.0,Sedan,51438,1,2014,25.8,Diesel,2014,Third Party insurance,5,Manual,5,CHENNAI
463000.0,Hatchback,67988,1,2019,20.3,Petrol,2019,Comprehensive,5,Manual,5,CHENNAI
727000.0,Hatchback,36032,2,2019,18.2,Petrol,2019,Zero Dep,5,Automatic,5,CHENNAI
515000.0,Sedan,114883,1,2015,17.4,Petrol,2015,Comprehensive,5,Manual,5,CHENNAI
547000.0,Sedan,88584,1,2016,22.41,Petrol,2016,Zero Dep,5,Manual,5,CHENNAI
307000.0,Hatchback,97419,2,2012,23.2,Diesel,2012,Third Party insurance,5,Manual,5,CHENNAI
4800000.0,SUV,70000,1,2019,13.17,Petrol,2019,Third Party insurance,8,Automatic,5,CHENNAI
529000.0,SUV,106498,2,2015,22.7,Diesel,2015,Comprehensive,5,Manual,5,CHENNAI
4800000.0,SUV,70000,1,2019,13.17,Petrol,2019,Third Party insurance,8,Automatic,5,CHENNAI
624000.0,Hatchback,68177,2,2016,25.2,Diesel,2016,Comprehensive,5,Manual,5,CHENNAI
1816000.0,Sedan,27524,1,2022,18.72,Petrol,2022,Zero Dep,6,Manual,5,CHENNAI
850000.0,SUV,75471,1,2017,23.65,Diesel,2017,Comprehensive,5,Manual,5,CHENNAI
745000.0,Sedan,8000,1,2021,18.6,Petrol,2021,Comprehensive,5,Manual,5,CHENNAI
1690000.0,MUV,13200,1,2022,18.9,Petrol,2022,Comprehensive,6,Automatic,6,CHENNAI
1150000.0,SUV,20000,1,2021,18.9,Petrol,2021,Third Party insurance,6,Manual,5,CHENNAI
3000000.0,SUV,20000,1,2022,18.6,Diesel,2022,Third Party insurance,8,Automatic,5,CHENNAI
310000.0,Hatchback,60730,1,2017,23.95,Petrol,2017,Comprehensive,5,Manual,5,CHENNAI
495000.0,Sedan,44494,2,2016,20.85,Petrol,2016,Comprehensive,5,Manual,5,CHENNAI
800000.0,MUV,20000,1,2017,17.5,Petrol,2017,Third Party insurance,5,Manual,7,CHENNAI
825000.0,SUV,45673,1,2019,21.5,Diesel,2019,Comprehensive,6,Automatic,5,CHENNAI
3575000.0,SUV,26000,1,2020,14.24,Diesel,2020,Comprehensive,6,Manual,7,CHENNAI
774000.0,Sedan,51878,1,2017,17.01,Petrol,2017,Third Party,5,Manual,5,CHENNAI
525000.0,Hatchback,56747,1,2017,19.15,Petrol,2017,Third Party,0,Automatic,5,CHENNAI
600000.0,Hatchback,38000,1,2018,20.4,Petrol,2018,Comprehensive,5,Manual,5,CHENNAI
582000.0,Hatchback,76457,2,2016,18.6,Petrol,2016,Zero Dep,5,Manual,5,CHENNAI
551000.0,Hatchback,78880,2,2017,18.7,Petrol,2017,Comprehensive,5,Manual,5,CHENNAI
525000.0,Sedan,19593,1,2015,20.85,Petrol,2015,Comprehensive,5,Manual,5,CHENNAI
583000.0,Hatchback,84429,1,2016,18.6,Petrol,2016,Zero Dep,5,Manual,5,CHENNAI
825000.0,Hatchback,27599,1,2021,25.0,Diesel,2021,Third Party insurance,6,Manual,5,CHENNAI
670000.0,MUV,76898,1,2020,20.0,Petrol,2020,Zero Dep,5,Manual,7,CHENNAI
396000.0,Hatchback,119070,2,2013,16.47,Petrol,2013,Comprehensive,5,Manual,5,CHENNAI
49000.0,Hatchback,120000,2,2004,13.5,Diesel,2004,Third Party insurance,5,Manual,5,CHENNAI
590000.0,Sedan,32199,1,2017,20.85,Petrol,2017,Third Party insurance,5,Manual,5,CHENNAI
400000.0,Hatchback,85607,1,2016,23.84,Petrol,2016,Comprehensive,5,Manual,5,CHENNAI
700000.0,Hatchback,30000,1,2019,21.4,Petrol,2019,Third Party insurance,5,Manual,5,CHENNAI
700000.0,SUV,80000,1,2017,18.49,Diesel,2017,Third Party insurance,5,Manual,7,CHENNAI
1150000.0,SUV,1200000,1,2019,18.9,Diesel,2019,Comprehensive,6,Manual,7,CHENNAI
595000.0,Hatchback,45429,1,2016,19.0,Petrol,2016,Comprehensive,5,Automatic,5,CHENNAI
460000.0,Hatchback,9000,1,2019,22.25,Petrol,2019,Comprehensive,5,Manual,5,CHENNAI
395000.0,Hatchback,31000,1,2019,24.7,Petrol,2019,Comprehensive,5,Manual,5,CHENNAI
435000.0,Hatchback,81488,1,2013,20.14,Diesel,2013,Comprehensive,5,Manual,5,CHENNAI
666000.0,Hatchback,94439,1,2019,18.78,Petrol,2019,Third Party,5,Manual,5,CHENNAI
380000.0,Hatchback,98481,3,2013,22.38,Petrol,2013,Third Party insurance,5,Manual,5,CHENNAI
700000.0,Hatchback,20000,1,2018,21.4,Petrol,2018,Third Party insurance,5,Manual,5,CHENNAI
692000.0,Sedan,100894,2,2016,22.15,Diesel,2016,Comprehensive,7,Automatic,5,CHENNAI
590000.0,Hatchback,86215,1,2016,25.2,Diesel,2016,Third Party insurance,5,Manual,5,CHENNAI
125000.0,Sedan,120000,2,2006,17.8,Diesel,2006,Third Party insurance,5,Manual,5,CHENNAI
520000.0,Hatchback,98115,2,2017,16.2,Petrol,2017,Third Party,5,Manual,5,CHENNAI
695000.0,Sedan,47125,1,2019,17.5,Petrol,2019,Third Party insurance,5,Manual,5,CHENNAI
607000.0,Hatchback,4453,1,2022,23.56,Petrol,2022,Third Party,5,Manual,5,CHENNAI
688000.0,SUV,9991,1,2022,20.09,Petrol,2022,Third Party,5,Manual,5,CHENNAI
660000.0,Hatchback,4564,1,2021,18.9,Petrol,2021,Comprehensive,5,Manual,5,CHENNAI
250000.0,Hatchback,108713,1,2012,20.0,Diesel,2012,Comprehensive,5,Manual,5,CHENNAI
1245000.0,Sedan,13000,1,2021,18.6,Petrol,2021,Comprehensive,6,Manual,5,CHENNAI
575000.0,SUV,55450,2,2017,17.5,Petrol,2017,Comprehensive,5,Manual,5,CHENNAI
845000.0,SUV,49000,1,2016,13.0,Petrol,2016,Comprehensive,6,Manual,5,CHENNAI
405000.0,Sedan,86694,1,2015,20.14,Petrol,2015,Comprehensive,5,Manual,5,CHENNAI
300000.0,Sedan,150000,2,2013,23.4,Diesel,2013,Third Party insurance,5,Manual,5,CHENNAI
925000.0,Sedan,25284,0,2019,17.4,Petrol,2019,Third Party insurance,5,Manual,5,CHENNAI
750000.0,Hatchback,30000,1,2021,21.01,Petrol,2021,Third Party insurance,5,Manual,5,CHENNAI
1300000.0,Sedan,109000,2,2015,18.88,Diesel,2015,Third Party insurance,8,Automatic,5,CHENNAI
1714000.0,MUV,4605,1,2022,16.2,Petrol,2022,Comprehensive,6,Manual,6,CHENNAI
928000.0,SUV,49218,1,2020,18.2,Petrol,2020,Comprehensive,6,Manual,5,CHENNAI
950000.0,Sedan,45568,1,2021,18.6,Petrol,2021,Comprehensive,6,Manual,5,CHENNAI
702000.0,SUV,36035,1,2022,20.09,Petrol,2022,Third Party,5,Manual,5,CHENNAI
845000.0,SUV,45242,1,2020,20.1,Diesel,2020,Comprehensive,6,Manual,5,CHENNAI
3475000.0,SUV,38000,2,2018,12.51,Diesel,2018,Comprehensive,9,Automatic,7,CHENNAI
513000.0,Hatchback,52979,1,2019,23.84,Petrol,2019,Comprehensive,5,Automatic,5,CHENNAI
570000.0,Sedan,67130,2,2015,24.7,Diesel,2015,Third Party insurance,5,Manual,5,CHENNAI
851000.0,SUV,19595,1,2018,15.4,Petrol,2018,Comprehensive,6,Manual,7,CHENNAI
2350000.0,SUV,23183,1,2022,18.9,Diesel,2022,Third Party,6,Manual,7,CHENNAI
5790000.0,Sedan,15000,1,2022,19.62,Diesel,2022,Comprehensive,8,Automatic,5,CHENNAI
370000.0,Hatchback,67558,1,2014,23.1,Petrol,2014,Comprehensive,5,Manual,5,CHENNAI
1900000.0,SUV,40000,1,2021,14.5,Petrol,2021,Third Party insurance,6,Manual,6,CHENNAI
460000.0,Hatchback,55664,1,2014,16.47,Petrol,2014,Comprehensive,5,Manual,5,CHENNAI
460000.0,Hatchback,55664,1,2014,16.47,Petrol,2014,Third Party insurance,5,Manual,5,CHENNAI
365000.0,Hatchback,109324,1,2013,21.9,Diesel,2013,Comprehensive,5,Manual,5,CHENNAI
2600000.0,SUV,118008,1,2018,16.25,Diesel,2018,Comprehensive,7,Automatic,7,CHENNAI
790000.0,SUV,72000,1,2016,19.72,Diesel,2016,Comprehensive,6,Manual,5,CHENNAI
450000.0,Hatchback,86630,1,2013,22.9,Diesel,2013,Comprehensive,5,Manual,5,CHENNAI
370000.0,Hatchback,82476,1,2014,20.51,Petrol,2014,Comprehensive,5,Manual,5,CHENNAI
665000.0,Hatchback,27749,2,2019,20.7,Petrol,2019,Third Party,5,Automatic,5,CHENNAI
1036000.0,SUV,21609,1,2020,18.15,Petrol,2020,Third Party,7,Automatic,5,CHENNAI
875000.0,Sedan,89609,1,2019,16.0,Petrol,2019,Third Party insurance,5,Manual,5,CHENNAI
539000.0,Hatchback,83556,2,2019,24.4,Diesel,2019,Comprehensive,5,Manual,5,CHENNAI
847000.0,SUV,31513,1,2022,20.09,Petrol,2022,Third Party,5,Manual,5,CHENNAI
755000.0,Sedan,45939,1,2016,17.4,Petrol,2016,Third Party insurance,5,Manual,5,CHENNAI
496000.0,Hatchback,40531,1,2020,19.01,Petrol,2020,Third Party insurance,5,Manual,5,CHENNAI
375000.0,MUV,120000,3,2009,13.6,Diesel,2009,Third Party insurance,5,Manual,7,CHENNAI
1009000.0,SUV,17663,1,2020,18.76,Petrol,2020,Third Party,4,Automatic,5,CHENNAI
339000.0,Hatchback,77706,3,2013,18.9,Petrol,2013,Third Party,5,Manual,5,CHENNAI
4900000.0,SUV,49000,1,2016,14.75,Diesel,2016,Comprehensive,8,Automatic,7,CHENNAI
6800000.0,SUV,60000,1,2019,17.2,Diesel,2019,Comprehensive,8,Automatic,7,CHENNAI
3400000.0,Sedan,35000,1,2018,20.37,Diesel,2018,Comprehensive,8,Automatic,5,CHENNAI
5000000.0,SUV,54000,1,2018,16.38,Diesel,2018,Comprehensive,8,Automatic,5,CHENNAI
519000.0,Sedan,110000,1,2010,12.8,Petrol,2010,Third Party insurance,5,Manual,5,CHENNAI
2150000.0,SUV,135000,2,2013,12.07,Diesel,2013,Comprehensive,8,Automatic,7,CHENNAI
1450000.0,Sedan,80000,1,2012,17.11,Diesel,2012,Comprehensive,6,Automatic,5,CHENNAI
825000.0,SUV,72020,1,2018,23.65,Diesel,2018,Third Party insurance,5,Manual,5,CHENNAI
1850000.0,MUV,98000,1,2017,13.68,Diesel,2017,Comprehensive,5,Manual,7,CHENNAI
165000.0,Hatchback,36385,0,2007,19.7,Petrol,2007,Third Party insurance,5,Manual,5,CHENNAI
1991000.0,SUV,4259,1,2022,20.4,Diesel,2022,Third Party,6,Manual,7,CHENNAI
1994000.0,SUV,12925,1,2021,14.6,Diesel,2021,Third Party,6,Automatic,5,CHENNAI
1645000.0,SUV,27000,1,2022,17.88,Petrol,2022,Comprehensive,7,Automatic,5,CHENNAI
719000.0,SUV,27425,2,2019,17.0,Petrol,2019,Comprehensive,6,Manual,5,CHENNAI
633000.0,Hatchback,13126,1,2021,26.0,Petrol,2021,Zero Dep,5,Automatic,5,CHENNAI
799000.0,MUV,57000,1,2018,19.34,Petrol,2018,Third Party insurance,5,Manual,7,CHENNAI
861000.0,Hatchback,24500,2,2020,21.4,Petrol,2020,Comprehensive,0,Automatic,5,CHENNAI
610000.0,Sedan,40000,1,2020,22.41,Petrol,2020,Third Party insurance,5,Manual,5,CHENNAI
749000.0,MUV,27216,1,2021,20.0,Petrol,2021,Zero Dep,5,Manual,7,CHENNAI
648000.0,Hatchback,12060,1,2021,19.01,Petrol,2021,Comprehensive,5,Manual,5,CHENNAI
250000.0,Sedan,150000,1,2009,19.3,Diesel,2009,Third Party insurance,5,Manual,5,CHENNAI
265000.0,Hatchback,46931,2,2012,21.1,Petrol,2012,Comprehensive,5,Manual,5,CHENNAI
490000.0,Hatchback,60000,1,2014,16.47,Petrol,2014,Comprehensive,5,Manual,5,CHENNAI
1590000.0,SUV,45787,1,2020,16.5,Petrol,2020,Third Party insurance,6,Manual,5,CHENNAI
114000.0,Sedan,80000,2,2009,14.4,Petrol,2009,Third Party insurance,5,Manual,5,CHENNAI
475000.0,Sedan,44000,1,2014,25.8,Diesel,2014,Comprehensive,5,Manual,5,CHENNAI
973000.0,Sedan,4786,1,2020,18.3,Petrol,2020,Third Party insurance,0,Automatic,5,CHENNAI
630000.0,Hatchback,39024,1,2018,18.6,Petrol,2018,Comprehensive,5,Manual,5,CHENNAI
5850000.0,Sedan,6000,1,2022,15.3,Petrol,2022,Comprehensive,8,Automatic,5,CHENNAI
150000.0,Hatchback,40000,1,2014,25.4,Petrol,2014,Third Party insurance,4,Manual,4,CHENNAI
827000.0,SUV,114386,1,2018,15.8,Petrol,2018,Third Party insurance,6,Manual,5,CHENNAI
715000.0,MUV,27369,1,2022,20.0,Petrol,2022,Third Party,5,Manual,7,CHENNAI
2100000.0,MUV,58000,1,2019,13.68,Diesel,2019,Comprehensive,5,Manual,7,CHENNAI
569000.0,Hatchback,16561,2,2019,18.9,Petrol,2019,Comprehensive,5,Manual,5,CHENNAI
490000.0,Hatchback,23328,1,2021,21.74,Petrol,2021,Comprehensive,5,Manual,5,CHENNAI
485000.0,Hatchback,16473,1,2020,21.7,Petrol,2020,Comprehensive,5,Manual,5,CHENNAI
452000.0,Hatchback,46375,2,2017,18.5,Petrol,2017,Third Party,5,Manual,5,CHENNAI
485000.0,Hatchback,16473,1,2020,21.7,Petrol,2020,Comprehensive,5,Manual,5,CHENNAI
622000.0,Hatchback,91799,1,2017,21.4,Petrol,2017,Comprehensive,0,Automatic,5,CHENNAI
554000.0,Hatchback,38919,3,2016,18.6,Petrol,2016,Comprehensive,5,Manual,5,CHENNAI
375000.0,Hatchback,70235,1,2016,18.9,Petrol,2016,Comprehensive,5,Manual,5,CHENNAI
967000.0,Sedan,3989,1,2020,18.3,Petrol,2020,Third Party insurance,0,Automatic,5,CHENNAI
475000.0,Sedan,91773,1,2015,24.7,Diesel,2015,Comprehensive,5,Manual,5,CHENNAI
320000.0,Hatchback,60000,2,2019,22.05,Petrol,2019,Third Party insurance,5,Manual,5,CHENNAI
695000.0,Sedan,28906,1,2018,18.6,Petrol,2018,Comprehensive,5,Manual,5,CHENNAI
350000.0,Hatchback,150000,1,2016,27.62,Diesel,2016,Third Party insurance,5,Manual,5,CHENNAI
250000.0,Hatchback,70000,3,2009,17.0,Petrol,2009,Third Party insurance,5,Manual,5,CHENNAI
1250000.0,SUV,70000,1,2017,16.0,Diesel,2017,Comprehensive,6,Manual,7,CHENNAI
260000.0,Hatchback,43428,1,2014,22.74,Petrol,2014,Third Party insurance,5,Manual,5,CHENNAI
285000.0,Hatchback,67000,1,2013,25.44,Diesel,2013,Comprehensive,5,Manual,5,CHENNAI
616000.0,Hatchback,70528,1,2017,21.4,Petrol,2017,Comprehensive,0,Automatic,5,CHENNAI
594000.0,Hatchback,35413,1,2016,18.6,Petrol,2016,Third Party insurance,5,Manual,5,CHENNAI
320000.0,Hatchback,40000,2,2018,24.7,Petrol,2018,Third Party insurance,5,Manual,5,CHENNAI
647000.0,Hatchback,66285,1,2017,19.0,Petrol,2017,Third Party insurance,5,Automatic,5,CHENNAI
1400000.0,SUV,83129,1,2019,16.5,Petrol,2019,Zero Dep,7,Automatic,5,CHENNAI
600000.0,Sedan,87055,1,2016,17.4,Petrol,2016,Comprehensive,5,Manual,5,CHENNAI
505000.0,Hatchback,37218,2,2019,18.9,Petrol,2019,Third Party insurance,5,Manual,5,CHENNAI
900000.0,SUV,60000,1,2019,18.27,Petrol,2019,Third Party insurance,6,Manual,5,CHENNAI
730000.0,Hatchback,33640,1,2019,18.6,Petrol,2019,Third Party insurance,5,Manual,5,CHENNAI
648000.0,Hatchback,23608,1,2020,18.5,Petrol,2020,Comprehensive,5,Manual,5,CHENNAI
435000.0,Hatchback,22353,1,2013,18.5,Petrol,2013,Comprehensive,5,Manual,5,CHENNAI
900000.0,Sedan,120000,1,2017,21.72,Diesel,2017,Third Party insurance,7,Automatic,5,CHENNAI
740000.0,Sedan,54241,1,2018,17.4,Petrol,2018,Comprehensive,5,Manual,5,CHENNAI
320000.0,Hatchback,86173,1,2012,21.79,Petrol,2012,Third Party insurance,5,Manual,5,CHENNAI
295000.0,Hatchback,91143,1,2011,20.36,Petrol,2011,Comprehensive,5,Manual,5,CHENNAI
790000.0,SUV,36000,1,2016,18.49,Diesel,2016,Comprehensive,5,Manual,7,CHENNAI
530000.0,Sedan,108818,1,2015,17.4,Petrol,2015,Third Party insurance,5,Manual,5,CHENNAI
315000.0,Hatchback,120000,2,2011,22.07,Diesel,2011,Third Party insurance,5,Manual,5,CHENNAI
850000.0,Sedan,107000,2,2008,14.84,Diesel,2008,Comprehensive,7,Automatic,5,CHENNAI
570000.0,Sedan,90530,1,2014,17.0,Petrol,2014,Comprehensive,5,Manual,5,CHENNAI
576000.0,Hatchback,77957,1,2016,18.6,Petrol,2016,Comprehensive,5,Manual,5,CHENNAI
842000.0,SUV,81394,2,2017,13.0,Petrol,2017,Third Party insurance,6,Manual,5,CHENNAI
675000.0,Sedan,64341,1,2017,20.73,Petrol,2017,Third Party insurance,5,Manual,5,CHENNAI
518000.0,Hatchback,33407,1,2017,18.9,Petrol,2017,Comprehensive,5,Manual,5,CHENNAI
397000.0,Hatchback,14811,1,2021,20.71,Petrol,2021,Comprehensive,5,Manual,5,CHENNAI
775000.0,Sedan,37000,1,2017,14.3,Petrol,2017,Comprehensive,5,Manual,5,CHENNAI
1166000.0,SUV,49326,2,2017,17.1,Diesel,2017,Third Party,6,Manual,5,CHENNAI
450000.0,Sedan,120000,3,2009,9.8,Petrol,2009,Third Party insurance,5,Manual,5,CHENNAI
732000.0,Hatchback,4939,1,2022,20.09,Petrol,2022,Zero Dep,5,Automatic,5,CHENNAI
577000.0,SUV,82620,1,2014,16.5,Petrol,2014,Comprehensive,6,Automatic,5,CHENNAI
600000.0,Sedan,60000,2,2009,13.14,Petrol,2009,Third Party insurance,1,Manual,5,CHENNAI
510000.0,Hatchback,86857,1,2015,20.14,Diesel,2015,Third Party insurance,5,Manual,5,CHENNAI
900000.0,Sedan,70000,3,2010,14.84,Diesel,2010,Third Party insurance,7,Automatic,5,CHENNAI
1500000.0,SUV,120000,2,2012,11.33,Diesel,2012,Third Party insurance,8,Automatic,7,CHENNAI
625000.0,Hatchback,14483,1,2022,25.19,Petrol,2022,Third Party,5,Automatic,5,CHENNAI
1275000.0,SUV,19000,1,2022,18.9,Diesel,2022,Comprehensive,6,Manual,5,CHENNAI
395000.0,Hatchback,36202,1,2016,18.16,Petrol,2016,Comprehensive,5,Manual,5,CHENNAI
320000.0,MUV,30000,1,2017,19.44,Petrol,2017,Third Party insurance,5,Manual,7,CHENNAI
450000.0,Hatchback,70000,1,2017,24.29,Diesel,2017,Third Party insurance,5,Manual,5,CHENNAI
1085000.0,SUV,20000,1,2022,18.9,Petrol,2022,Third Party insurance,6,Manual,5,CHENNAI
400000.0,Hatchback,24077,1,2021,20.71,Petrol,2021,Comprehensive,5,Manual,5,CHENNAI
485000.0,Sedan,81985,1,2012,19.3,Diesel,2012,Comprehensive,5,Manual,5,CHENNAI
985000.0,MUV,30000,2,2020,17.99,Petrol,2020,Third Party insurance,4,Automatic,7,CHENNAI
681000.0,Sedan,91841,1,2017,17.8,Petrol,2017,Third Party insurance,5,Manual,5,CHENNAI
621000.0,SUV,64961,3,2016,15.63,Petrol,2016,Third Party insurance,6,Automatic,5,CHENNAI
410000.0,Hatchback,20950,1,2018,23.95,Petrol,2018,Comprehensive,5,Automatic,5,CHENNAI
505000.0,Hatchback,94348,2,2016,18.6,Petrol,2016,Comprehensive,5,Manual,5,CHENNAI
1290000.0,SUV,32000,1,2022,18.9,Diesel,2022,Comprehensive,6,Manual,5,CHENNAI
708000.0,Hatchback,51744,1,2019,18.6,Petrol,2019,Third Party insurance,5,Manual,5,CHENNAI
1734000.0,SUV,81152,2,2020,15.1,Diesel,2020,Comprehensive,6,Automatic,7,CHENNAI
650000.0,Sedan,19516,1,2018,18.6,Petrol,2018,Comprehensive,5,Manual,5,CHENNAI
760000.0,Hatchback,29093,1,2021,18.6,Petrol,2021,Comprehensive,5,Manual,5,CHENNAI
785000.0,Sedan,54408,1,2018,23.8,Diesel,2018,Third Party insurance,5,Automatic,5,CHENNAI
745000.0,Hatchback,16000,1,2019,21.01,Petrol,2019,Comprehensive,5,Manual,5,CHENNAI
2000000.0,SUV,100000,1,2018,12.62,Diesel,2018,Third Party insurance,6,Automatic,7,CHENNAI
270000.0,Hatchback,56876,1,2016,22.7,Petrol,2016,Comprehensive,5,Manual,5,CHENNAI
450000.0,Hatchback,50000,1,2014,22.07,Diesel,2014,Third Party insurance,5,Manual,5,CHENNAI
420000.0,Sedan,84505,2,2015,18.6,Petrol,2015,Comprehensive,5,Manual,5,CHENNAI
2790000.0,MUV,34000,1,2021,12.0,Diesel,2021,Comprehensive,6,Automatic,7,CHENNAI
550000.0,Hatchback,22305,1,2020,21.79,Petrol,2020,Comprehensive,5,Manual,5,CHENNAI
421000.0,Hatchback,33573,1,2019,23.01,Petrol,2019,Comprehensive,5,Manual,5,CHENNAI
303000.0,Hatchback,33615,1,2019,22.7,Petrol,2019,Third Party,5,Manual,5,CHENNAI
780000.0,Hatchback,30000,2,2018,18.2,Petrol,2018,Third Party insurance,5,Automatic,5,CHENNAI
643000.0,Sedan,34935,1,2020,20.3,Petrol,2020,Comprehensive,5,Manual,5,CHENNAI
474000.0,Hatchback,66511,2,2018,23.1,Petrol,2018,Comprehensive,5,Automatic,5,CHENNAI
4200000.0,Sedan,24000,1,2021,19.16,Petrol,2021,Comprehensive,6,Automatic,5,CHENNAI
644000.0,Sedan,68979,1,2017,21.21,Petrol,2017,Comprehensive,5,Manual,5,CHENNAI
1200000.0,MUV,50000,1,2021,19.01,Petrol,2021,Third Party insurance,5,Manual,7,CHENNAI
519000.0,Hatchback,45161,2,2019,20.51,Petrol,2019,Comprehensive,5,Automatic,5,CHENNAI
811000.0,SUV,42917,1,2018,23.0,Diesel,2018,Comprehensive,5,Manual,5,CHENNAI
725000.0,Hatchback,20000,1,2019,21.01,Petrol,2019,Third Party insurance,5,Manual,5,CHENNAI
725000.0,Hatchback,32000,1,2018,19.56,Petrol,2018,Comprehensive,0,Automatic,5,CHENNAI
750000.0,Hatchback,40000,1,2019,22.54,Diesel,2019,Third Party insurance,6,Manual,5,CHENNAI
950000.0,Sedan,29911,1,2020,17.4,Petrol,2020,Comprehensive,5,Manual,5,CHENNAI
925000.0,Sedan,23000,1,2018,17.0,Petrol,2018,Comprehensive,6,Automatic,5,CHENNAI
525000.0,Sedan,100000,2,2018,22.95,Diesel,2018,Third Party insurance,5,Manual,5,CHENNAI
1875000.0,MUV,42000,1,2016,13.68,Diesel,2016,Comprehensive,5,Manual,7,CHENNAI
2650000.0,Sedan,58000,1,2016,19.27,Diesel,2016,Comprehensive,7,Automatic,5,CHENNAI
550000.0,Hatchback,53764,1,2015,25.2,Diesel,2015,Comprehensive,5,Manual,5,CHENNAI
500000.0,Hatchback,61455,1,2015,18.9,Petrol,2015,Third Party insurance,5,Manual,5,CHENNAI
1209000.0,SUV,52732,2,2018,16.0,Petrol,2018,Zero Dep,7,Automatic,5,CHENNAI
656000.0,Hatchback,61159,2,2017,19.0,Petrol,2017,Comprehensive,5,Automatic,5,CHENNAI
295000.0,Hatchback,90000,2,2010,17.0,Petrol,2010,Third Party insurance,5,Manual,5,CHENNAI
431000.0,Sedan,95296,1,2015,18.0,Petrol,2015,Comprehensive,5,Manual,5,CHENNAI
895000.0,SUV,106506,1,2018,15.8,Petrol,2018,Comprehensive,6,Manual,5,CHENNAI
1500000.0,Sedan,70000,2,2012,16.73,Diesel,2012,Third Party insurance,8,Automatic,5,CHENNAI
392000.0,Hatchback,108551,2,2015,18.9,Petrol,2015,Comprehensive,5,Manual,5,CHENNAI
470000.0,Sedan,54186,1,2014,25.8,Diesel,2014,Comprehensive,5,Manual,5,CHENNAI
726000.0,Sedan,106848,1,2018,19.0,Petrol,2018,Comprehensive,0,Automatic,5,CHENNAI
1023000.0,Sedan,38464,2,2020,16.35,Petrol,2020,Third Party,6,Automatic,5,CHENNAI
500000.0,Hatchback,59841,1,2017,20.89,Petrol,2017,Third Party insurance,5,Manual,5,CHENNAI
4550000.0,SUV,3000,1,2023,18.9,Diesel,2023,Comprehensive,6,Automatic,7,CHENNAI
1590000.0,SUV,19649,1,2020,18.9,Petrol,2020,Third Party insurance,0,Automatic,5,CHENNAI
5600000.0,Sedan,3300,1,2021,19.62,Diesel,2021,Comprehensive,8,Automatic,5,CHENNAI
140000.0,Sedan,60000,3,2003,9.0,Petrol,2003,Third Party insurance,5,Manual,5,CHENNAI
1900000.0,SUV,40000,1,2021,14.2,Petrol,2021,Third Party insurance,6,Automatic,6,CHENNAI
1425000.0,SUV,27000,1,2020,18.9,Petrol,2020,Comprehensive,0,Automatic,5,CHENNAI
410000.0,Hatchback,20950,1,2018,23.95,Petrol,2018,Comprehensive,5,Automatic,5,CHENNAI
1250000.0,SUV,50000,1,2018,17.1,Diesel,2018,Third Party insurance,6,Manual,5,CHENNAI
125000.0,Hatchback,39000,1,2014,25.4,Petrol,2014,Third Party insurance,4,Manual,4,CHENNAI
903000.0,SUV,55927,1,2017,15.29,Petrol,2017,Comprehensive,6,Manual,5,CHENNAI
488000.0,Hatchback,35325,2,2014,18.6,Petrol,2014,Comprehensive,5,Manual,5,CHENNAI
660000.0,Hatchback,20000,2,2020,21.01,Petrol,2020,Third Party insurance,5,Manual,5,CHENNAI
604000.0,Hatchback,41248,1,2017,18.6,Petrol,2017,Third Party insurance,5,Manual,5,CHENNAI
417000.0,Hatchback,70076,1,2016,23.84,Petrol,2016,Third Party,5,Manual,5,CHENNAI
405000.0,SUV,128398,1,2016,16.82,Petrol,2016,Comprehensive,6,Manual,5,CHENNAI
444000.0,Hatchback,20973,3,2017,20.51,Petrol,2017,Comprehensive,5,Automatic,5,CHENNAI
220000.0,Hatchback,90000,2,2007,16.1,Petrol,2007,Third Party insurance,5,Manual,5,CHENNAI
615000.0,Sedan,98807,1,2020,20.5,Petrol,2020,Comprehensive,5,Manual,5,CHENNAI
396000.0,Sedan,102249,2,2015,18.0,Petrol,2015,Comprehensive,5,Manual,5,CHENNAI
650000.0,Hatchback,18837,1,2018,18.9,Petrol,2018,Comprehensive,4,Automatic,5,CHENNAI
1400000.0,SUV,50000,1,2018,17.1,Diesel,2018,Comprehensive,6,Manual,5,CHENNAI
210000.0,Hatchback,120000,1,2012,21.1,Petrol,2012,Third Party insurance,5,Manual,5,CHENNAI
2475000.0,MUV,19000,1,2021,12.0,Diesel,2021,Comprehensive,6,Automatic,7,CHENNAI
400000.0,Hatchback,10000,1,2020,22.05,Petrol,2020,Third Party insurance,5,Manual,5,CHENNAI
350000.0,Hatchback,128876,1,2015,21.63,Petrol,2015,Comprehensive,5,Automatic,5,CHENNAI
430000.0,Hatchback,37942,0,2016,20.51,Petrol,2016,Third Party insurance,5,Manual,5,CHENNAI
515000.0,Hatchback,37300,1,2018,18.9,Petrol,2018,Comprehensive,5,Manual,5,CHENNAI
3750000.0,SUV,30000,2,2017,17.9,Diesel,2017,Comprehensive,9,Automatic,5,CHENNAI
120000.0,Hatchback,60000,1,2002,17.3,Petrol,2002,Third Party insurance,5,Manual,5,CHENNAI
492000.0,Hatchback,82784,1,2014,22.54,Diesel,2014,Comprehensive,6,Manual,5,CHENNAI
731000.0,Sedan,63274,1,2021,22.41,Petrol,2021,Third Party,5,Manual,5,CHENNAI
345000.0,Hatchback,87521,1,2015,23.95,Petrol,2015,Comprehensive,5,Automatic,5,CHENNAI
523000.0,Hatchback,77388,2,2017,17.19,Petrol,2017,Third Party,5,Manual,5,CHENNAI
302000.0,Hatchback,114772,1,2014,20.51,Petrol,2014,Comprehensive,5,Manual,5,CHENNAI
2300000.0,MUV,40000,1,2019,13.68,Diesel,2019,Third Party insurance,5,Manual,7,CHENNAI
500000.0,MUV,62493,2,2019,19.83,Petrol,2019,Third Party insurance,5,Manual,7,CHENNAI
1350000.0,Sedan,20000,1,2021,18.6,Petrol,2021,Third Party insurance,6,Manual,5,CHENNAI
472000.0,Hatchback,59985,1,2019,20.3,Petrol,2019,Comprehensive,5,Manual,5,CHENNAI
564000.0,Sedan,104073,2,2017,20.73,Petrol,2017,Comprehensive,5,Manual,5,CHENNAI
410000.0,Sedan,100000,2,2017,25.4,Diesel,2017,Third Party insurance,5,Manual,5,CHENNAI
470000.0,Hatchback,120000,1,2017,27.28,Diesel,2017,Third Party insurance,5,Manual,5,CHENNAI
630000.0,Hatchback,53819,1,2017,21.4,Petrol,2017,Comprehensive,0,Automatic,5,CHENNAI
375000.0,Hatchback,98914,1,2016,25.83,Diesel,2016,Third Party insurance,5,Manual,5,CHENNAI
520000.0,Sedan,110000,1,2017,21.66,Diesel,2017,Third Party insurance,5,Manual,5,CHENNAI
1000000.0,SUV,110000,3,2015,16.0,Diesel,2015,Third Party insurance,6,Manual,7,CHENNAI
1597000.0,Sedan,4135,1,2022,17.4,Petrol,2022,Third Party insurance,5,Manual,5,CHENNAI
800000.0,Hatchback,35000,1,2019,17.4,Petrol,2019,Comprehensive,5,Automatic,5,CHENNAI
575000.0,Hatchback,35983,1,2017,18.7,Petrol,2017,Third Party insurance,5,Manual,5,CHENNAI
2050000.0,SUV,45000,1,2020,16.3,Diesel,2020,Comprehensive,6,Manual,5,CHENNAI
1422000.0,SUV,91109,1,2019,17.0,Diesel,2019,Zero Dep,6,Manual,5,CHENNAI
562000.0,Sedan,23325,1,2018,20.14,Petrol,2018,Zero Dep,5,Manual,5,CHENNAI
690000.0,Hatchback,51690,1,2018,18.2,Petrol,2018,Comprehensive,5,Automatic,5,CHENNAI
573000.0,Hatchback,69786,2,2017,17.19,Petrol,2017,Comprehensive,5,Manual,5,CHENNAI
558000.0,Sedan,53612,2,2018,20.3,Petrol,2018,Comprehensive,5,Automatic,5,CHENNAI
580000.0,Hatchback,41502,1,2018,21.21,Petrol,2018,Comprehensive,5,Manual,5,CHENNAI
684000.0,SUV,43841,2,2017,17.5,Petrol,2017,Third Party insurance,5,Manual,5,CHENNAI
290000.0,Hatchback,110000,2,2010,17.0,Petrol,2010,Third Party insurance,5,Manual,5,CHENNAI
762000.0,SUV,77380,1,2018,14.8,Petrol,2018,Comprehensive,6,Automatic,5,CHENNAI
663000.0,Hatchback,69269,1,2018,21.1,Petrol,2018,Third Party insurance,5,Manual,5,CHENNAI
870000.0,SUV,53060,1,2018,23.65,Diesel,2018,Third Party insurance,5,Manual,5,CHENNAI
320000.0,Sedan,70000,2,2011,13.17,Petrol,2011,Third Party insurance,5,Manual,5,CHENNAI
750000.0,Sedan,58071,1,2017,17.0,Petrol,2017,Comprehensive,5,Manual,5,CHENNAI
4750000.0,Sedan,500,1,2023,14.82,Petrol,2023,Comprehensive,7,Automatic,5,CHENNAI
950000.0,SUV,40000,1,2021,21.7,Diesel,2021,Third Party insurance,5,Manual,5,CHENNAI
1025000.0,MUV,20000,2,2020,17.99,Petrol,2020,Third Party insurance,4,Automatic,7,CHENNAI
245000.0,Sedan,68283,2,2008,17.5,Petrol,2008,Third Party insurance,5,Manual,5,CHENNAI
395000.0,Sedan,73045,0,2014,18.0,Petrol,2014,Third Party insurance,5,Manual,5,CHENNAI
1080000.0,SUV,49000,1,2018,22.1,Diesel,2018,Comprehensive,6,Manual,5,CHENNAI
200000.0,MUV,150000,1,2009,12.2,Diesel,2009,Third Party insurance,5,Manual,10,CHENNAI
608000.0,Hatchback,47547,2,2016,18.6,Petrol,2016,Third Party insurance,5,Manual,5,CHENNAI
698000.0,Hatchback,100844,2,2017,21.19,Diesel,2017,Third Party insurance,6,Manual,5,CHENNAI
335000.0,Sedan,158945,1,2013,24.7,Diesel,2013,Third Party insurance,5,Manual,5,CHENNAI
502000.0,Hatchback,111275,1,2014,22.54,Diesel,2014,Third Party insurance,6,Manual,5,CHENNAI
1027000.0,SUV,71770,2,2018,14.8,Petrol,2018,Comprehensive,6,Automatic,5,CHENNAI
900000.0,Sedan,40000,1,2019,17.0,Petrol,2019,Third Party insurance,6,Manual,5,CHENNAI
769000.0,SUV,55435,1,2017,17.5,Petrol,2017,Comprehensive,5,Manual,5,CHENNAI
595000.0,Sedan,51396,1,2016,18.5,Petrol,2016,Third Party insurance,4,Automatic,5,CHENNAI
375000.0,Hatchback,79063,2,2015,20.51,Petrol,2015,Comprehensive,5,Manual,5,CHENNAI
585000.0,Sedan,89570,1,2015,20.73,Petrol,2015,Comprehensive,5,Manual,5,CHENNAI
450000.0,Sedan,50000,2,2012,17.01,Petrol,2012,Third Party insurance,5,Manual,5,CHENNAI
2150000.0,SUV,30000,1,2022,16.14,Diesel,2022,Third Party insurance,6,Manual,7,CHENNAI
995000.0,Sedan,100000,2,2012,18.88,Diesel,2012,Third Party insurance,8,Automatic,5,CHENNAI
1100000.0,Sedan,18477,1,2021,17.0,Petrol,2021,Comprehensive,5,Manual,5,CHENNAI
350000.0,Hatchback,120000,3,2014,16.47,Petrol,2014,Third Party insurance,5,Manual,5,CHENNAI
730000.0,Sedan,77204,1,2018,20.28,Petrol,2018,Comprehensive,4,Automatic,5,CHENNAI
1000000.0,Sedan,70000,2,2012,16.73,Diesel,2012,Third Party insurance,8,Automatic,5,CHENNAI
1791000.0,SUV,78000,1,2013,13.0,Diesel,2013,Comprehensive,5,Manual,7,CHENNAI
1350000.0,Sedan,55000,2,2012,22.69,Diesel,2012,Comprehensive,8,Automatic,5,CHENNAI
510000.0,Hatchback,30272,1,2017,17.0,Petrol,2017,Comprehensive,5,Manual,5,CHENNAI
860000.0,SUV,64285,1,2018,18.88,Petrol,2018,Third Party insurance,5,Manual,5,CHENNAI
485000.0,Hatchback,76697,3,2014,22.54,Diesel,2014,Zero Dep,6,Manual,5,CHENNAI
1700000.0,Hatchback,100000,1,2015,20.7,Diesel,2015,Third Party insurance,6,Automatic,5,CHENNAI
636000.0,Sedan,95291,1,2017,21.21,Petrol,2017,Third Party,5,Automatic,5,CHENNAI
571000.0,Sedan,84005,1,2017,17.0,Petrol,2017,Comprehensive,5,Manual,5,CHENNAI
825000.0,SUV,8000,1,2021,19.03,Petrol,2021,Comprehensive,5,Automatic,5,CHENNAI
393000.0,Hatchback,49254,1,2021,21.7,Petrol,2021,Zero Dep,5,Manual,5,CHENNAI
1100000.0,SUV,20000,1,2021,18.4,Diesel,2021,Third Party insurance,6,Manual,5,CHENNAI
420000.0,Hatchback,97522,2,2016,18.9,Petrol,2016,Third Party,5,Manual,5,CHENNAI
704000.0,SUV,34097,1,2017,18.88,Petrol,2017,Zero Dep,5,Manual,5,CHENNAI
950000.0,SUV,10000,1,2022,17.4,Petrol,2022,Third Party insurance,0,Automatic,5,CHENNAI
9000000.0,SUV,3000,1,2022,18.9,Diesel,2022,Comprehensive,9,Automatic,5,CHENNAI
770000.0,Hatchback,19252,0,2021,20.0,Petrol,2021,Third Party insurance,6,Manual,5,CHENNAI
1200000.0,SUV,30000,1,2020,18.9,Diesel,2020,Third Party insurance,6,Automatic,5,CHENNAI
120000.0,Hatchback,80000,3,2010,14.6,Petrol,2010,Third Party insurance,5,Manual,5,CHENNAI
750000.0,Sedan,25581,1,2021,20.85,Petrol,2021,Comprehensive,5,Manual,5,CHENNAI
3750000.0,SUV,34000,1,2022,12.78,Petrol,2022,Comprehensive,7,Automatic,7,CHENNAI
2655000.0,SUV,45000,1,2018,20.68,Diesel,2018,Comprehensive,8,Automatic,5,CHENNAI
410000.0,Hatchback,20000,2,2019,24.04,Petrol,2019,Third Party insurance,5,Automatic,5,CHENNAI
1050000.0,SUV,20000,1,2021,20.0,Petrol,2021,Third Party insurance,5,Manual,5,CHENNAI
622000.0,Hatchback,123394,1,2016,27.39,Diesel,2016,Third Party insurance,5,Manual,5,CHENNAI
730000.0,Hatchback,106275,2,2018,20.14,Diesel,2018,Comprehensive,5,Manual,5,CHENNAI
950000.0,Sedan,58416,1,2019,17.4,Petrol,2019,Third Party insurance,5,Manual,5,CHENNAI
357000.0,Hatchback,18704,2,2017,23.95,Petrol,2017,Comprehensive,5,Manual,5,CHENNAI
621000.0,Sedan,27166,1,2015,17.4,Petrol,2015,Comprehensive,5,Manual,5,CHENNAI
1125000.0,Sedan,30000,2,2020,18.3,Petrol,2020,Third Party insurance,0,Automatic,5,CHENNAI
1639000.0,SUV,76384,1,2021,18.0,Diesel,2021,Third Party,6,Automatic,5,CHENNAI
1215000.0,SUV,45000,1,2017,17.01,Diesel,2017,Comprehensive,6,Automatic,5,CHENNAI
635000.0,Hatchback,17160,1,2016,18.6,Petrol,2016,Third Party,5,Manual,5,CHENNAI
1466000.0,SUV,15817,1,2022,20.08,Petrol,2022,Third Party,6,Manual,5,CHENNAI
500000.0,Hatchback,10000,2,2021,21.74,Petrol,2021,Third Party insurance,5,Manual,5,CHENNAI
425000.0,Hatchback,31268,0,2020,21.74,Petrol,2020,Third Party insurance,5,Manual,5,CHENNAI
500000.0,Hatchback,7267,1,2019,23.1,Petrol,2019,Third Party insurance,5,Manual,5,CHENNAI
550000.0,Hatchback,30000,2,2017,18.7,Petrol,2017,Third Party insurance,5,Manual,5,CHENNAI
87000.0,Hatchback,60000,2,2012,25.4,Petrol,2012,Third Party insurance,4,Manual,4,CHENNAI
490000.0,SUV,100000,3,2013,12.05,Diesel,2013,Third Party insurance,6,Manual,8,CHENNAI
300000.0,Sedan,222996,1,2014,18.6,Petrol,2014,Comprehensive,5,Manual,5,CHENNAI
770000.0,SUV,30742,1,2018,17.5,Petrol,2018,Third Party insurance,5,Manual,5,CHENNAI
390000.0,Hatchback,110000,1,2014,25.2,Diesel,2014,Third Party insurance,5,Manual,5,CHENNAI
210000.0,Hatchback,132787,2,2010,20.0,Diesel,2010,Comprehensive,5,Manual,5,CHENNAI
1105000.0,SUV,29351,1,2021,22.07,Diesel,2021,Comprehensive,6,Automatic,5,CHENNAI
725000.0,SUV,10048,1,2018,17.0,Petrol,2018,Zero Dep,6,Manual,5,CHENNAI
580000.0,Sedan,50000,2,2016,20.73,Petrol,2016,Third Party insurance,5,Manual,5,CHENNAI
659000.0,Hatchback,14696,1,2017,21.4,Petrol,2017,Comprehensive,0,Automatic,5,CHENNAI
356000.0,Hatchback,27153,1,2016,25.17,Petrol,2016,Comprehensive,5,Manual,5,CHENNAI
480000.0,Hatchback,50000,1,2016,18.9,Petrol,2016,Third Party insurance,5,Manual,5,CHENNAI
689000.0,MUV,43879,1,2021,20.0,Petrol,2021,Comprehensive,5,Manual,7,CHENNAI
625000.0,Hatchback,40480,1,2017,16.2,Petrol,2017,Third Party insurance,5,Manual,5,CHENNAI
803000.0,SUV,32112,1,2018,17.0,Petrol,2018,Zero Dep,5,Manual,5,CHENNAI
516000.0,Hatchback,31239,2,2017,25.24,Petrol,2017,Comprehensive,5,Manual,5,CHENNAI
950000.0,Sedan,20000,1,2018,28.09,Diesel,2018,Third Party insurance,5,Manual,5,CHENNAI
825000.0,SUV,80000,2,2014,15.1,Diesel,2014,Third Party insurance,6,Manual,7,CHENNAI
375000.0,Hatchback,91112,1,2017,25.32,Diesel,2017,Comprehensive,5,Manual,6,CHENNAI
180000.0,Hatchback,68767,0,2009,19.7,Petrol,2009,Third Party insurance,5,Manual,5,CHENNAI
1900000.0,MUV,30000,1,2022,16.5,Petrol,2022,Third Party insurance,7,Automatic,6,CHENNAI
900000.0,SUV,10000,1,2022,18.4,Petrol,2022,Third Party insurance,5,Manual,5,CHENNAI
205000.0,Hatchback,42600,1,2013,22.74,Petrol,2013,Comprehensive,5,Manual,5,CHENNAI
710000.0,Hatchback,13270,0,2021,21.01,Petrol,2021,Third Party insurance,5,Manual,5,CHENNAI
630000.0,Sedan,40000,1,2019,21.21,Petrol,2019,Third Party insurance,5,Manual,5,CHENNAI
155000.0,Sedan,120000,3,2009,15.3,Petrol,2009,Third Party insurance,5,Manual,5,CHENNAI
799000.0,Sedan,22286,2,2017,17.8,Petrol,2017,Third Party insurance,5,Manual,5,CHENNAI
630000.0,Hatchback,12132,1,2022,20.52,Petrol,2022,Comprehensive,5,Manual,5,CHENNAI
415000.0,Hatchback,79048,1,2018,19.01,Petrol,2018,Third Party insurance,5,Manual,5,CHENNAI
417000.0,Hatchback,48360,3,2016,23.84,Petrol,2016,Third Party insurance,5,Manual,5,CHENNAI
334000.0,Hatchback,54538,2,2016,25.17,Petrol,2016,Comprehensive,5,Manual,5,CHENNAI
590000.0,Sedan,32157,1,2017,20.85,Petrol,2017,Third Party insurance,5,Manual,5,CHENNAI
1029000.0,SUV,34182,1,2019,16.8,Petrol,2019,Zero Dep,6,Manual,5,CHENNAI
250000.0,Hatchback,176801,1,2009,28.4,Diesel,2009,Comprehensive,5,Manual,5,CHENNAI
711000.0,SUV,81508,1,2021,18.75,Petrol,2021,Comprehensive,5,Manual,5,CHENNAI
950000.0,SUV,42036,2,2020,16.35,Petrol,2020,Comprehensive,6,Automatic,5,CHENNAI
2140000.0,SUV,22500,1,2015,13.0,Diesel,2015,Comprehensive,7,Automatic,5,CHENNAI
140000.0,Sedan,80000,3,2008,14.49,Petrol,2008,Third Party insurance,5,Manual,5,CHENNAI
760000.0,SUV,29640,1,2017,17.5,Petrol,2017,Third Party insurance,5,Manual,5,CHENNAI
7000000.0,SUV,52000,1,2018,22.3,Diesel,2018,Comprehensive,8,Automatic,5,CHENNAI
300000.0,Hatchback,100000,3,2012,21.9,Diesel,2012,Third Party insurance,6,Manual,5,CHENNAI
1080000.0,SUV,32000,1,2020,21.7,Diesel,2020,Comprehensive,5,Manual,5,CHENNAI
650000.0,Sedan,23678,2,2016,20.73,Petrol,2016,Third Party insurance,5,Manual,5,CHENNAI
680000.0,Hatchback,38502,1,2018,21.01,Petrol,2018,Comprehensive,5,Manual,5,CHENNAI
2200000.0,SUV,100000,1,2018,16.25,Diesel,2018,Comprehensive,7,Automatic,7,CHENNAI
515000.0,Hatchback,30000,2,2020,18.5,Petrol,2020,Third Party insurance,5,Manual,5,CHENNAI
520000.0,Hatchback,40091,1,2019,18.9,Petrol,2019,Comprehensive,5,Manual,5,CHENNAI
344000.0,Hatchback,48113,1,2016,25.17,Petrol,2016,Third Party,5,Manual,5,CHENNAI
3100000.0,Sedan,50000,1,2017,19.27,Diesel,2017,Third Party insurance,9,Automatic,5,CHENNAI
923000.0,SUV,50486,1,2021,18.27,Petrol,2021,Comprehensive,6,Manual,5,CHENNAI
662000.0,Hatchback,26465,1,2017,19.0,Petrol,2017,Third Party,5,Automatic,5,CHENNAI
750000.0,Sedan,50000,2,2008,11.74,Petrol,2008,Third Party insurance,7,Automatic,5,CHENNAI
637000.0,Sedan,33246,1,2017,21.21,Petrol,2017,Third Party insurance,5,Automatic,5,CHENNAI
800000.0,SUV,30000,1,2019,23.0,Diesel,2019,Third Party insurance,5,Manual,5,CHENNAI
454000.0,Hatchback,31754,1,2021,21.74,Petrol,2021,Comprehensive,5,Manual,5,CHENNAI
1184000.0,SUV,91992,2,2018,17.1,Diesel,2018,Third Party,6,Manual,5,CHENNAI
760000.0,SUV,70000,1,2019,24.3,Diesel,2019,Third Party insurance,5,Manual,5,CHENNAI
1100000.0,MUV,60000,1,2013,12.99,Diesel,2013,Third Party insurance,5,Manual,8,CHENNAI
545000.0,Hatchback,30000,1,2019,18.9,Petrol,2019,Third Party insurance,5,Manual,5,CHENNAI
400000.0,Sedan,50000,2,2013,14.3,Petrol,2013,Third Party insurance,6,Automatic,5,CHENNAI
255000.0,Hatchback,53250,1,2010,21.79,Petrol,2010,Comprehensive,5,Manual,5,CHENNAI
250000.0,Hatchback,51555,1,2010,19.4,Diesel,2010,Third Party insurance,5,Manual,5,CHENNAI
750000.0,Hatchback,10000,1,2022,22.38,Petrol,2022,Third Party insurance,5,Manual,5,CHENNAI
700000.0,Hatchback,40000,1,2019,22.54,Diesel,2019,Third Party insurance,6,Manual,5,CHENNAI
365000.0,Sedan,110000,1,2011,16.8,Petrol,2011,Third Party insurance,5,Manual,5,CHENNAI
750000.0,Sedan,60000,1,2017,17.4,Petrol,2017,Third Party insurance,5,Manual,5,CHENNAI
254000.0,Hatchback,85486,3,2014,21.1,Petrol,2014,Third Party insurance,5,Manual,5,CHENNAI
925000.0,Hatchback,5022,1,2022,18.5,Petrol,2022,Third Party,6,Automatic,5,CHENNAI
750000.0,Hatchback,39386,1,2019,19.56,Petrol,2019,Comprehensive,0,Automatic,5,CHENNAI
326000.0,Hatchback,72679,2,2016,25.17,Petrol,2016,Third Party insurance,5,Manual,5,CHENNAI
432000.0,Hatchback,83738,2,2015,18.9,Petrol,2015,Comprehensive,5,Manual,5,CHENNAI
950000.0,Hatchback,10551,1,2021,16.2,Petrol,2021,Third Party insurance,5,Manual,5,CHENNAI
479000.0,Hatchback,31795,3,2019,23.1,Petrol,2019,Zero Dep,5,Automatic,5,CHENNAI
230000.0,Hatchback,76656,2,2009,21.1,Petrol,2009,Comprehensive,5,Manual,5,CHENNAI
301000.0,Hatchback,52524,1,2017,22.7,Petrol,2017,Comprehensive,5,Manual,5,CHENNAI
443000.0,Hatchback,96165,1,2013,22.9,Diesel,2013,Comprehensive,5,Manual,5,CHENNAI
440000.0,Hatchback,92860,1,2014,22.54,Diesel,2014,Comprehensive,6,Manual,5,CHENNAI
660000.0,MUV,46976,1,2013,19.01,Petrol,2013,Comprehensive,5,Manual,7,CHENNAI
165000.0,Hatchback,36383,1,2007,19.7,Petrol,2007,Comprehensive,5,Manual,5,CHENNAI
1090000.0,SUV,2000,1,2022,17.0,Petrol,2022,Comprehensive,6,Automatic,5,CHENNAI
1225000.0,SUV,26000,1,2021,18.3,Petrol,2021,Comprehensive,7,Automatic,5,CHENNAI
620000.0,Hatchback,42891,1,2018,21.21,Petrol,2018,Comprehensive,5,Automatic,5,CHENNAI
395000.0,Hatchback,34640,1,2015,18.9,Petrol,2015,Comprehensive,5,Manual,5,CHENNAI
580000.0,Hatchback,40000,1,2017,21.4,Petrol,2017,Third Party insurance,5,Manual,5,CHENNAI
310000.0,Sedan,129306,0,2009,19.3,Diesel,2009,Third Party insurance,5,Manual,5,CHENNAI
1450000.0,SUV,42662,1,2021,20.08,Petrol,2021,Comprehensive,6,Manual,5,CHENNAI
525000.0,Sedan,64011,1,2016,19.1,Petrol,2016,Comprehensive,4,Automatic,5,CHENNAI
410000.0,Hatchback,85750,3,2013,22.38,Petrol,2013,Comprehensive,5,Manual,5,CHENNAI
865000.0,Hatchback,24774,1,2021,17.1,Petrol,2021,Comprehensive,5,Manual,5,CHENNAI
581000.0,Hatchback,74348,1,2019,18.9,Petrol,2019,Third Party,5,Manual,5,CHENNAI
518000.0,Sedan,40711,1,2017,20.3,Petrol,2017,Third Party,5,Manual,5,CHENNAI
790000.0,Hatchback,39386,1,2019,19.56,Petrol,2019,Comprehensive,0,Automatic,5,CHENNAI
547000.0,Hatchback,93806,2,2016,21.4,Petrol,2016,Third Party insurance,5,Manual,5,CHENNAI
300000.0,Hatchback,80000,1,2014,20.0,Diesel,2014,Third Party insurance,5,Manual,5,CHENNAI
407000.0,Hatchback,86304,1,2016,23.84,Petrol,2016,Third Party insurance,5,Manual,5,CHENNAI
692000.0,SUV,46566,2,2019,17.5,Petrol,2019,Third Party,5,Manual,5,CHENNAI
455000.0,Hatchback,74367,1,2015,21.21,Petrol,2015,Third Party insurance,5,Manual,5,CHENNAI
295000.0,Hatchback,48098,1,2016,22.74,Petrol,2016,Comprehensive,5,Manual,5,CHENNAI
680000.0,Sedan,36408,2,2014,18.0,Petrol,2014,Comprehensive,0,Automatic,5,CHENNAI
985000.0,MUV,60000,1,2017,24.52,Diesel,2017,Third Party insurance,5,Manual,7,CHENNAI
340000.0,Hatchback,61696,2,2014,20.36,Petrol,2014,Third Party insurance,5,Manual,5,CHENNAI
100000.0,Hatchback,110000,1,2007,17.2,Diesel,2007,Third Party insurance,5,Manual,5,CHENNAI
365000.0,Hatchback,85223,1,2015,23.1,Petrol,2015,Third Party insurance,5,Manual,5,CHENNAI
1050000.0,MUV,120000,1,2012,12.99,Diesel,2012,Third Party insurance,5,Manual,8,CHENNAI
183000.0,Sedan,110000,2,2013,25.0,Diesel,2013,Third Party insurance,5,Manual,5,CHENNAI
660000.0,Hatchback,33961,1,2016,16.2,Petrol,2016,Comprehensive,5,Manual,5,CHENNAI
403000.0,Sedan,76597,2,2014,18.0,Petrol,2014,Comprehensive,5,Manual,5,CHENNAI
563000.0,Hatchback,36573,3,2017,21.4,Petrol,2017,Third Party,5,Manual,5,CHENNAI
2000000.0,SUV,10000,1,2023,20.58,Petrol,2023,Third Party insurance,6,Automatic,5,CHENNAI
436000.0,Hatchback,45636,1,2016,20.51,Petrol,2016,Comprehensive,5,Automatic,5,CHENNAI
681000.0,Sedan,58698,1,2017,19.12,Petrol,2017,Comprehensive,4,Automatic,5,CHENNAI
590000.0,Hatchback,10000,1,2023,24.35,Petrol,2023,Third Party insurance,5,Manual,5,CHENNAI
632000.0,Hatchback,77603,1,2016,27.39,Diesel,2016,Comprehensive,5,Manual,5,CHENNAI
890000.0,SUV,60000,1,2019,24.3,Diesel,2019,Third Party insurance,5,Automatic,5,CHENNAI
726000.0,Sedan,65675,2,2018,23.8,Diesel,2018,Comprehensive,5,Automatic,5,CHENNAI
551000.0,Sedan,120797,1,2015,26.59,Diesel,2015,Comprehensive,5,Manual,5,CHENNAI
850000.0,Hatchback,10000,1,2019,17.4,Petrol,2019,Third Party insurance,5,Automatic,5,CHENNAI
382000.0,Hatchback,18228,2,2018,23.95,Petrol,2018,Third Party insurance,5,Manual,5,CHENNAI
765000.0,Sedan,33654,1,2017,19.3,Diesel,2017,Comprehensive,5,Manual,5,CHENNAI
195000.0,Hatchback,61633,2,2010,19.0,Petrol,2010,Comprehensive,5,Manual,5,CHENNAI
390000.0,Hatchback,45333,1,2018,23.01,Petrol,2018,Comprehensive,5,Manual,5,CHENNAI
480000.0,Hatchback,63670,1,2018,24.0,Diesel,2018,Third Party insurance,5,Manual,5,CHENNAI
455000.0,Hatchback,95535,1,2013,22.9,Diesel,2013,Comprehensive,5,Manual,5,CHENNAI
1750000.0,MUV,175000,1,2016,11.36,Diesel,2016,Comprehensive,6,Automatic,7,CHENNAI
520000.0,Hatchback,80000,2,2015,20.14,Diesel,2015,Third Party insurance,5,Manual,5,CHENNAI
2625000.0,MUV,55500,1,2020,13.68,Diesel,2020,Comprehensive,6,Automatic,7,CHENNAI
782000.0,SUV,42375,2,2017,17.5,Petrol,2017,Third Party insurance,5,Manual,5,CHENNAI
611000.0,Sedan,63155,2,2018,25.4,Diesel,2018,Third Party insurance,5,Manual,5,CHENNAI
1700000.0,SUV,85000,2,2015,13.0,Diesel,2015,Comprehensive,5,Manual,7,CHENNAI
515000.0,Sedan,106121,1,2014,23.4,Diesel,2014,Third Party,5,Manual,5,CHENNAI
679000.0,Hatchback,51012,1,2022,22.38,Petrol,2022,Comprehensive,5,Manual,5,CHENNAI
410000.0,Sedan,62930,1,2012,19.0,Petrol,2012,Third Party insurance,5,Manual,5,CHENNAI
798000.0,SUV,111242,1,2019,18.49,Diesel,2019,Third Party insurance,5,Manual,7,CHENNAI
945000.0,SUV,16000,1,2022,18.4,Petrol,2022,Comprehensive,5,Manual,5,CHENNAI
885000.0,SUV,72898,1,2018,19.6,Diesel,2018,Third Party,6,Manual,5,CHENNAI
574000.0,Hatchback,97326,1,2018,18.6,Petrol,2018,Zero Dep,5,Manual,5,CHENNAI
710000.0,SUV,1870,1,2018,25.5,Diesel,2018,Comprehensive,6,Manual,5,CHENNAI
620000.0,Hatchback,10000,1,2022,20.3,Petrol,2022,Third Party insurance,5,Automatic,5,CHENNAI
225000.0,Hatchback,110000,1,2016,25.44,Diesel,2016,Third Party insurance,5,Manual,5,CHENNAI
500000.0,Hatchback,20000,1,2017,20.89,Petrol,2017,Third Party insurance,5,Manual,5,CHENNAI
1150000.0,SUV,70000,1,2018,19.67,Diesel,2018,Third Party insurance,6,Manual,5,CHENNAI
285000.0,Hatchback,30000,1,2018,22.7,Petrol,2018,Third Party insurance,5,Manual,5,CHENNAI
445000.0,Sedan,167332,0,2015,17.4,Petrol,2015,Third Party insurance,5,Manual,5,CHENNAI
550000.0,Sedan,71887,2,2015,17.4,Petrol,2015,Comprehensive,5,Manual,5,CHENNAI
200000.0,Hatchback,100000,2,2011,20.0,Diesel,2011,Third Party insurance,5,Manual,5,CHENNAI
1300000.0,SUV,20000,2,2021,17.2,Petrol,2021,Third Party insurance,6,Automatic,5,CHENNAI
678000.0,SUV,61426,2,2018,14.19,Petrol,2018,Third Party,5,Manual,5,CHENNAI
310000.0,Hatchback,121735,2,2012,18.3,Petrol,2012,Third Party insurance,5,Manual,5,CHENNAI
1825000.0,SUV,15000,1,2022,18.9,Petrol,2022,Comprehensive,0,Automatic,5,CHENNAI
431000.0,Hatchback,71195,1,2013,22.9,Diesel,2013,Comprehensive,5,Manual,5,CHENNAI
728000.0,Sedan,91700,1,2016,18.19,Petrol,2016,Third Party,7,Automatic,5,CHENNAI
225000.0,Hatchback,132724,0,2015,23.95,Petrol,2015,Third Party insurance,5,Manual,5,CHENNAI
861000.0,SUV,59232,1,2016,24.3,Diesel,2016,Comprehensive,5,Manual,5,CHENNAI
780000.0,Hatchback,55023,1,2017,17.21,Petrol,2017,Third Party insurance,7,Automatic,5,CHENNAI
1478000.0,SUV,58323,1,2020,18.9,Diesel,2020,Third Party,6,Manual,5,CHENNAI
695000.0,SUV,73498,2,2016,18.49,Diesel,2016,Third Party,5,Manual,7,CHENNAI
800000.0,SUV,52743,1,2018,24.3,Diesel,2018,Comprehensive,5,Manual,5,CHENNAI
2700000.0,SUV,49000,1,2018,17.05,Diesel,2018,Comprehensive,8,Automatic,5,CHENNAI
420000.0,Sedan,100000,2,2012,22.32,Diesel,2012,Third Party insurance,4,Manual,5,CHENNAI
290000.0,Hatchback,111350,1,2011,16.1,Petrol,2011,Comprehensive,5,Manual,5,CHENNAI
2000000.0,SUV,105000,2,2013,12.7,Diesel,2013,Comprehensive,9,Automatic,5,CHENNAI
100000.0,Sedan,150000,1,2005,18.7,Diesel,2005,Third Party insurance,5,Manual,5,CHENNAI
650000.0,Hatchback,20000,1,2022,26.49,CNG,2022,Third Party insurance,5,Manual,5,CHENNAI
500000.0,Sedan,63134,1,2017,25.83,Diesel,2017,Third Party insurance,5,Manual,5,CHENNAI
790000.0,Sedan,89547,1,2019,17.4,Petrol,2019,Third Party insurance,0,Automatic,5,CHENNAI
900000.0,SUV,25000,1,2018,21.7,Diesel,2018,Comprehensive,5,Manual,5,CHENNAI
568000.0,Hatchback,61583,2,2016,16.2,Petrol,2016,Third Party,5,Manual,5,CHENNAI
461000.0,Sedan,102002,1,2015,25.8,Diesel,2015,Third Party,5,Manual,5,CHENNAI
400000.0,Hatchback,38980,2,2016,18.9,Petrol,2016,Comprehensive,5,Manual,5,CHENNAI
983000.0,Sedan,108463,1,2017,14.62,Petrol,2017,Third Party,6,Automatic,5,CHENNAI
739000.0,SUV,30033,1,2017,17.5,Petrol,2017,Zero Dep,5,Manual,5,CHENNAI
340000.0,Hatchback,29084,1,2016,25.17,Petrol,2016,Comprehensive,5,Manual,5,CHENNAI
366000.0,Hatchback,69437,3,2016,23.1,Petrol,2016,Third Party,5,Manual,5,CHENNAI
300000.0,Sedan,70000,2,2009,12.8,Petrol,2009,Third Party insurance,5,Manual,5,CHENNAI
368000.0,Hatchback,88122,3,2013,22.38,Petrol,2013,Comprehensive,5,Manual,5,CHENNAI
346000.0,Sedan,98263,2,2011,15.04,Petrol,2011,Third Party,5,Manual,5,CHENNAI
450000.0,Hatchback,73674,2,2016,18.7,Petrol,2016,Comprehensive,5,Manual,5,CHENNAI
450000.0,Hatchback,37718,1,2016,23.1,Petrol,2016,Comprehensive,5,Manual,5,CHENNAI
590000.0,Hatchback,66030,1,2016,27.3,Diesel,2016,Third Party insurance,6,Manual,5,CHENNAI
185000.0,Hatchback,72110,1,2006,17.0,Petrol,2006,Third Party insurance,5,Manual,5,CHENNAI
8200000.0,Hybrids,35000,1,2017,18.0,Petrol,2017,Comprehensive,8,Automatic,4,CHENNAI
200000.0,Sedan,100000,1,2008,17.0,Petrol,2008,Third Party insurance,5,Manual,5,CHENNAI
300000.0,Hatchback,10000,1,2013,18.9,Petrol,2013,Third Party insurance,5,Manual,5,CHENNAI
150000.0,Hatchback,20000,1,2010,21.1,Petrol,2010,Third Party insurance,5,Manual,5,CHENNAI
80000.0,Minivans,90000,3,2002,11.3,Petrol,2002,Third Party insurance,5,Manual,8,CHENNAI
180000.0,Hatchback,90000,4,2014,15.7,Petrol,2014,Third Party insurance,5,Manual,5,CHENNAI
843000.0,Hatchback,56118,1,2020,19.56,Petrol,2020,Third Party insurance,5,Automatic,5,CHENNAI
300000.0,Hatchback,93968,1,2012,20.36,Petrol,2012,Comprehensive,5,Manual,5,CHENNAI
560000.0,Hatchback,30000,1,2021,20.7,Petrol,2021,Third Party insurance,5,Manual,5,CHENNAI
744000.0,Hatchback,41364,2,2020,17.74,Petrol,2020,Third Party,5,Manual,5,CHENNAI
419000.0,Sedan,108898,2,2013,16.8,Petrol,2013,Comprehensive,5,Automatic,5,CHENNAI
2655000.0,MUV,3500,1,2022,8.0,Petrol,2022,Comprehensive,6,Automatic,7,CHENNAI
1369000.0,SUV,35589,1,2020,16.8,Petrol,2020,Comprehensive,6,Manual,5,CHENNAI
90000.0,Sedan,150000,1,2003,13.7,Petrol,2003,Third Party insurance,5,Manual,5,CHENNAI
380000.0,Hatchback,41514,1,2016,19.81,Petrol,2016,Comprehensive,5,Manual,5,CHENNAI
661000.0,MUV,27925,1,2021,20.0,Petrol,2021,Third Party,5,Manual,7,CHENNAI
2000000.0,Sedan,10000,1,2022,18.41,Petrol,2022,Third Party insurance,6,Automatic,5,CHENNAI
320000.0,SUV,40000,2,2017,18.15,Petrol,2017,Third Party insurance,5,Manual,6,CHENNAI
200000.0,Hatchback,60000,2,2014,21.1,Petrol,2014,Third Party insurance,5,Manual,5,CHENNAI
145000.0,Sedan,90000,5,2008,13.9,Petrol,2008,Third Party insurance,5,Manual,5,CHENNAI
325000.0,Hatchback,65744,3,2013,16.47,Petrol,2013,Third Party insurance,5,Manual,5,CHENNAI
200000.0,Hatchback,80000,4,2011,16.98,Petrol,2011,Third Party insurance,4,Automatic,5,CHENNAI
1025000.0,MUV,30000,2,2020,17.99,Petrol,2020,Third Party insurance,4,Automatic,7,CHENNAI
50000.0,Hatchback,60000,3,2007,17.2,Diesel,2007,Third Party insurance,5,Manual,5,CHENNAI
1300000.0,SUV,20000,1,2022,17.2,Petrol,2022,Third Party insurance,6,Automatic,5,CHENNAI
232000.0,Sedan,90000,3,2012,15.8,Petrol,2012,Third Party insurance,1,Manual,5,CHENNAI
1639000.0,SUV,18655,1,2021,17.88,Petrol,2021,Third Party,7,Manual,5,CHENNAI
536000.0,Hatchback,51578,1,2020,19.01,Petrol,2020,Third Party insurance,5,Manual,5,CHENNAI
230000.0,Hatchback,113000,1,2012,25.83,Diesel,2012,Comprehensive,5,Manual,5,CHENNAI
357000.0,Hatchback,27861,1,2016,25.17,Petrol,2016,Third Party insurance,5,Manual,5,CHENNAI
786000.0,Sedan,20419,1,2020,21.56,Petrol,2020,Third Party,5,Manual,5,CHENNAI
410000.0,Sedan,49165,2,2013,16.09,Petrol,2013,Third Party insurance,5,Manual,5,CHENNAI
607000.0,SUV,38309,2,2018,17.5,Petrol,2018,Comprehensive,5,Manual,5,CHENNAI
1150000.0,SUV,12000,1,2022,18.76,Petrol,2022,Comprehensive,4,Automatic,5,CHENNAI
684000.0,Hatchback,27872,1,2017,19.0,Petrol,2017,Comprehensive,5,Automatic,5,CHENNAI
451000.0,Hatchback,14023,1,2022,22.25,Petrol,2022,Third Party,5,Manual,5,CHENNAI
985000.0,MUV,30000,1,2019,19.34,Petrol,2019,Third Party insurance,5,Manual,7,CHENNAI
800000.0,SUV,30000,1,2021,21.5,Diesel,2021,Third Party insurance,6,Manual,5,CHENNAI
450000.0,Sedan,116377,2,2012,23.9,Diesel,2012,Third Party insurance,6,Manual,5,CHENNAI
785000.0,Hatchback,13109,1,2021,22.07,Diesel,2021,Comprehensive,5,Manual,5,CHENNAI
415000.0,Sedan,67500,1,2015,25.83,Diesel,2015,Comprehensive,5,Manual,5,CHENNAI
150000.0,Hatchback,84169,1,2007,18.9,Petrol,2007,Third Party insurance,5,Manual,5,CHENNAI
1500000.0,Sedan,50000,2,2016,20.38,Diesel,2016,Third Party insurance,6,Automatic,5,CHENNAI
170000.0,Hatchback,80000,3,2011,15.6,Petrol,2011,Third Party insurance,5,Manual,5,CHENNAI
1000000.0,MUV,14475,1,2022,16.02,Petrol,2022,Comprehensive,5,Manual,7,CHENNAI
570000.0,Hatchback,20000,3,2020,20.7,Petrol,2020,Third Party insurance,5,Automatic,5,CHENNAI
638000.0,Hatchback,53631,1,2018,21.4,Petrol,2018,Third Party insurance,0,Automatic,5,CHENNAI
674000.0,SUV,92562,1,2018,14.8,Petrol,2018,Third Party,6,Automatic,5,CHENNAI
200000.0,Sedan,90000,3,2010,15.0,Petrol,2010,Third Party insurance,5,Manual,5,CHENNAI
433000.0,Hatchback,24690,1,2021,22.05,Petrol,2021,Zero Dep,5,Manual,5,CHENNAI
518000.0,Hatchback,15915,1,2020,22.0,Petrol,2020,Comprehensive,5,Automatic,5,CHENNAI
175000.0,Hatchback,100000,2,2011,20.0,Diesel,2011,Third Party insurance,5,Manual,5,CHENNAI
840000.0,SUV,36390,1,2021,20.5,Petrol,2021,Comprehensive,5,Manual,5,CHENNAI
295000.0,Hatchback,9112,1,2012,21.1,Petrol,2012,Comprehensive,5,Manual,5,CHENNAI
740000.0,Hatchback,13923,1,2021,16.0,Petrol,2021,Comprehensive,6,Automatic,5,CHENNAI
520000.0,Hatchback,58263,1,2017,25.24,Petrol,2017,Comprehensive,5,Manual,5,CHENNAI
470000.0,Minivans,20000,1,2021,16.11,Petrol,2021,Third Party insurance,5,Manual,7,CHENNAI
200000.0,Hatchback,80000,3,2015,23.2,Diesel,2015,Third Party insurance,5,Manual,5,CHENNAI
395000.0,Hatchback,65991,0,2013,22.9,Diesel,2013,Third Party insurance,5,Manual,5,CHENNAI
350000.0,Hatchback,13397,1,2016,25.32,Diesel,2016,Comprehensive,5,Manual,6,CHENNAI
550000.0,Sedan,57121,2,2015,19.12,Petrol,2015,Comprehensive,4,Automatic,5,CHENNAI
400000.0,Sedan,70418,1,2015,17.57,Petrol,2015,Comprehensive,5,Manual,5,CHENNAI
640000.0,Sedan,22421,0,2019,19.0,Petrol,2019,Third Party insurance,5,Automatic,5,CHENNAI
135000.0,Hatchback,83045,0,2009,17.0,Diesel,2009,Third Party insurance,5,Manual,5,CHENNAI
170000.0,Hatchback,86715,0,2008,20.36,Petrol,2008,Third Party insurance,5,Manual,5,CHENNAI
195000.0,Hatchback,77032,0,2008,19.81,Petrol,2008,Third Party insurance,5,Manual,5,CHENNAI
312000.0,Hatchback,21614,1,2019,22.7,Petrol,2019,Third Party insurance,5,Manual,5,CHENNAI
383000.0,Hatchback,35375,1,2020,22.05,Petrol,2020,Third Party,5,Manual,5,CHENNAI
310000.0,Sedan,89545,0,2010,20.54,Diesel,2010,Third Party insurance,5,Manual,5,CHENNAI
590000.0,Hatchback,83298,1,2019,18.6,Petrol,2019,Third Party insurance,5,Manual,5,CHENNAI
758000.0,Hatchback,33250,1,2022,20.89,Petrol,2022,Zero Dep,5,Automatic,5,CHENNAI
480000.0,Hatchback,75000,2,2015,18.2,Petrol,2015,Comprehensive,5,Manual,5,CHENNAI
794000.0,SUV,87026,1,2018,23.0,Diesel,2018,Comprehensive,5,Manual,5,CHENNAI
2850000.0,MUV,33000,1,2021,12.0,Diesel,2021,Comprehensive,6,Automatic,7,CHENNAI
1069000.0,Sedan,37294,2,2020,18.6,Petrol,2020,Comprehensive,6,Manual,5,CHENNAI
327000.0,Hatchback,65840,1,2016,25.17,Petrol,2016,Third Party,5,Manual,5,CHENNAI
1900000.0,SUV,45000,2,2019,13.8,Diesel,2019,Comprehensive,5,Automatic,7,CHENNAI
425000.0,Sedan,62865,1,2015,18.6,Petrol,2015,Comprehensive,5,Manual,5,CHENNAI
435000.0,Hatchback,62442,1,2017,25.32,Diesel,2017,Third Party insurance,5,Manual,6,CHENNAI
330000.0,Sedan,154931,2,2014,15.04,Petrol,2014,Comprehensive,5,Manual,5,CHENNAI
800000.0,Sedan,63318,1,2017,17.4,Petrol,2017,Comprehensive,5,Manual,5,CHENNAI
750000.0,Sedan,47146,1,2017,17.0,Petrol,2017,Comprehensive,5,Manual,5,CHENNAI
495000.0,Hatchback,17797,1,2016,18.9,Petrol,2016,Comprehensive,4,Automatic,5,CHENNAI
475000.0,Hatchback,52802,1,2015,18.6,Petrol,2015,Comprehensive,5,Manual,5,CHENNAI
700000.0,SUV,46830,2,2018,25.5,Diesel,2018,Third Party insurance,6,Manual,5,CHENNAI
2700000.0,Sedan,34000,1,2016,21.76,Diesel,2016,Comprehensive,8,Automatic,5,CHENNAI
785000.0,SUV,70038,1,2018,17.0,Petrol,2018,Third Party insurance,5,Manual,5,CHENNAI
795000.0,Hatchback,15957,1,2021,18.05,Petrol,2021,Third Party,5,Manual,5,CHENNAI
415000.0,Sedan,63860,2,2014,18.6,Petrol,2014,Comprehensive,5,Manual,5,CHENNAI
660000.0,Sedan,51252,1,2017,21.21,Petrol,2017,Comprehensive,5,Automatic,5,CHENNAI
543000.0,SUV,56071,2,2015,15.63,Petrol,2015,Third Party,6,Automatic,5,CHENNAI
650000.0,Hatchback,38100,1,2017,27.3,Diesel,2017,Third Party insurance,6,Manual,5,CHENNAI
1129000.0,SUV,87634,3,2017,16.0,Diesel,2017,Comprehensive,6,Automatic,7,CHENNAI
270000.0,Hatchback,14424,1,2010,20.36,Petrol,2010,Third Party insurance,5,Manual,5,CHENNAI
557000.0,Sedan,39542,2,2018,20.3,Petrol,2018,Third Party,5,Automatic,5,CHENNAI
441000.0,Hatchback,114507,2,2016,18.9,Petrol,2016,Third Party,5,Manual,5,CHENNAI
340000.0,Hatchback,67129,1,2015,20.3,Diesel,2015,Comprehensive,5,Manual,5,CHENNAI
1000000.0,Hatchback,35405,1,2021,18.24,Petrol,2021,Third Party,6,Manual,5,CHENNAI
295000.0,Hatchback,62992,1,2010,22.07,Diesel,2010,Comprehensive,5,Manual,5,CHENNAI
165000.0,Hatchback,94241,1,2009,17.92,Petrol,2009,Comprehensive,5,Manual,5,CHENNAI
149000.0,Hatchback,101423,2,2013,25.0,Diesel,2013,Comprehensive,5,Manual,5,CHENNAI
475000.0,Sedan,21647,1,2013,17.6,Petrol,2013,Third Party insurance,5,Manual,5,CHENNAI
135000.0,Hatchback,78210,4,2010,18.06,Petrol,2010,Third Party insurance,5,Manual,5,CHENNAI
430000.0,Hatchback,39922,1,2015,18.9,Petrol,2015,Comprehensive,5,Manual,5,CHENNAI
375000.0,Hatchback,61372,2,2017,21.79,Petrol,2017,Third Party insurance,5,Manual,5,CHENNAI
145000.0,Hatchback,60250,1,2008,19.81,Petrol,2008,Comprehensive,5,Manual,5,CHENNAI
398000.0,Hatchback,91617,3,2014,18.9,Petrol,2014,Comprehensive,4,Automatic,5,CHENNAI
1076000.0,Hatchback,23899,1,2021,20.25,Petrol,2021,Third Party,7,Automatic,5,CHENNAI
430000.0,Hatchback,89000,1,2015,21.21,Petrol,2015,Comprehensive,5,Manual,5,CHENNAI
400000.0,Hatchback,97445,2,2017,23.1,Petrol,2017,Comprehensive,5,Automatic,5,CHENNAI
287000.0,Hatchback,69680,2,2012,20.36,Petrol,2012,Comprehensive,5,Manual,5,CHENNAI
495000.0,Hatchback,87431,1,2014,18.6,Petrol,2014,Comprehensive,5,Manual,5,CHENNAI
298000.0,Hatchback,98204,1,2015,21.1,Petrol,2015,Zero Dep,5,Manual,5,CHENNAI
425000.0,MUV,161471,1,2014,24.2,Diesel,2014,Comprehensive,5,Manual,7,CHENNAI
431000.0,Sedan,108338,2,2012,16.8,Petrol,2012,Comprehensive,5,Manual,5,CHENNAI
577000.0,Hatchback,47045,1,2016,18.6,Petrol,2016,Comprehensive,5,Manual,5,CHENNAI
600000.0,Sedan,18079,1,2018,20.3,Petrol,2018,Third Party insurance,5,Automatic,5,CHENNAI
225000.0,Hatchback,44985,1,2009,19.81,Petrol,2009,Third Party insurance,5,Manual,5,CHENNAI
675000.0,Sedan,84095,1,2017,26.21,Diesel,2017,Third Party insurance,5,Manual,5,CHENNAI
1475000.0,SUV,50520,1,2020,17.1,Diesel,2020,Comprehensive,6,Manual,5,CHENNAI
145000.0,Sedan,82124,3,2010,19.2,Diesel,2010,Comprehensive,5,Manual,5,CHENNAI
100000.0,Hatchback,91644,2,2005,17.0,Petrol,2005,Comprehensive,5,Manual,5,CHENNAI
70000.0,Hatchback,100658,4,2005,17.0,Petrol,2005,Comprehensive,5,Manual,5,CHENNAI
750000.0,Sedan,3228,1,2018,18.1,Petrol,2018,Third Party insurance,5,Automatic,5,CHENNAI
150000.0,Sedan,41516,1,2010,15.64,Petrol,2010,Third Party insurance,5,Manual,5,CHENNAI
195000.0,Hatchback,86147,2,2012,25.44,Diesel,2012,Third Party insurance,5,Manual,5,CHENNAI
364000.0,Sedan,101566,3,2010,17.0,Petrol,2010,Comprehensive,5,Manual,5,CHENNAI
729000.0,Sedan,73139,1,2018,21.13,Diesel,2018,Zero Dep,5,Manual,5,CHENNAI
840000.0,Sedan,16787,1,2019,21.0,Diesel,2019,Comprehensive,0,Automatic,5,CHENNAI
680000.0,Sedan,99715,2,2016,14.3,Petrol,2016,Comprehensive,6,Automatic,5,CHENNAI
414000.0,MUV,44386,1,2018,19.02,Petrol,2018,Comprehensive,5,Manual,7,CHENNAI
380000.0,Hatchback,56200,1,2014,15.26,Petrol,2014,Comprehensive,5,Manual,5,CHENNAI
428000.0,MUV,17003,1,2018,19.02,Petrol,2018,Third Party insurance,5,Manual,7,CHENNAI
465000.0,Hatchback,44632,1,2014,18.9,Petrol,2014,Third Party insurance,4,Automatic,5,CHENNAI
1034000.0,SUV,32091,1,2018,13.0,Petrol,2018,Third Party insurance,6,Automatic,5,CHENNAI
772000.0,MUV,22740,2,2021,18.2,Petrol,2021,Third Party insurance,5,Automatic,7,CHENNAI
3500000.0,SUV,98000,2,2016,17.9,Diesel,2016,Comprehensive,9,Automatic,5,CHENNAI
450000.0,Sedan,95495,1,2018,17.0,Petrol,2018,Third Party insurance,5,Manual,5,CHENNAI
210000.0,Sedan,122533,2,2010,17.01,Petrol,2010,Third Party insurance,5,Manual,5,CHENNAI
410000.0,Sedan,55320,1,2013,22.41,Petrol,2013,Third Party insurance,5,Manual,5,CHENNAI
325000.0,Hatchback,68459,1,2012,21.9,Diesel,2012,Third Party insurance,6,Manual,5,CHENNAI
450000.0,Sedan,14195,1,2016,18.6,Petrol,2016,Third Party insurance,5,Manual,5,CHENNAI
280000.0,Hatchback,67900,1,2012,18.6,Petrol,2012,Third Party insurance,5,Manual,5,CHENNAI
410000.0,Hatchback,47756,1,2017,20.51,Petrol,2017,Third Party insurance,5,Automatic,5,CHENNAI
520000.0,Hatchback,42856,1,2016,18.9,Petrol,2016,Third Party insurance,4,Automatic,5,CHENNAI
560000.0,Hatchback,43000,1,2014,20.14,Diesel,2014,Comprehensive,5,Manual,5,CHENNAI
702000.0,Sedan,27652,2,2019,17.1,Petrol,2019,Third Party,6,Manual,5,CHENNAI
656000.0,MUV,23539,1,2021,20.0,Petrol,2021,Third Party,5,Manual,7,CHENNAI
525000.0,Sedan,50000,1,2015,20.73,Petrol,2015,Comprehensive,5,Manual,5,CHENNAI
357000.0,Hatchback,18861,2,2017,24.39,Petrol,2017,Comprehensive,5,Manual,5,CHENNAI
512000.0,Hatchback,41138,1,2017,20.4,Petrol,2017,Third Party insurance,5,Manual,5,CHENNAI
250000.0,Hatchback,55039,1,2012,19.81,Petrol,2012,Comprehensive,5,Manual,5,CHENNAI
700000.0,Hatchback,41361,2,2018,18.6,Petrol,2018,Third Party,5,Manual,5,CHENNAI
535000.0,SUV,81037,1,2015,23.0,Diesel,2015,Comprehensive,5,Manual,5,CHENNAI
641000.0,Hatchback,28897,2,2017,19.0,Petrol,2017,Comprehensive,5,Automatic,5,CHENNAI
339000.0,SUV,46308,2,2016,18.15,Petrol,2016,Comprehensive,5,Manual,6,CHENNAI
170000.0,Hatchback,80033,1,2009,18.9,Petrol,2009,Third Party insurance,5,Manual,5,CHENNAI
2650000.0,SUV,15000,2,2015,19.19,Diesel,2015,Comprehensive,8,Automatic,5,CHENNAI
310000.0,Hatchback,100056,1,2012,20.52,Petrol,2012,Comprehensive,5,Manual,5,CHENNAI
725000.0,Hatchback,90062,1,2018,18.6,Petrol,2018,Comprehensive,5,Manual,5,CHENNAI
115000.0,Sedan,80030,3,2005,17.4,Petrol,2005,Comprehensive,5,Manual,5,CHENNAI
645000.0,SUV,90042,1,2016,18.49,Diesel,2016,Comprehensive,5,Automatic,7,CHENNAI
440000.0,Hatchback,78030,1,2017,20.52,Petrol,2017,Comprehensive,5,Manual,5,CHENNAI
1650000.0,SUV,55000,2,2013,16.09,Diesel,2013,Comprehensive,8,Automatic,5,CHENNAI
975000.0,SUV,100049,1,2014,13.01,Diesel,2014,Comprehensive,6,Automatic,7,CHENNAI
535000.0,SUV,138033,1,2010,14.8,Diesel,2010,Third Party insurance,5,Manual,7,CHENNAI
433000.0,MUV,14126,1,2018,19.02,Petrol,2018,Comprehensive,5,Manual,7,CHENNAI
1045000.0,SUV,35464,1,2020,16.42,Petrol,2020,Comprehensive,6,Manual,5,CHENNAI
550000.0,SUV,100036,2,2013,12.83,Diesel,2013,Third Party insurance,5,Manual,7,CHENNAI
411000.0,Hatchback,55161,3,2015,18.9,Petrol,2015,Third Party insurance,5,Manual,5,CHENNAI
518000.0,Hatchback,33771,1,2019,20.3,Petrol,2019,Third Party insurance,5,Automatic,5,CHENNAI
525000.0,MUV,75011,1,2016,18.2,Diesel,2016,Comprehensive,5,Manual,8,CHENNAI
647000.0,Sedan,41659,1,2016,17.01,Petrol,2016,Third Party,5,Manual,5,CHENNAI
925000.0,Sedan,126055,2,2012,16.0,Diesel,2012,Third Party insurance,6,Automatic,5,CHENNAI
645000.0,Sedan,19935,1,2020,20.3,Petrol,2020,Third Party insurance,5,Manual,5,CHENNAI
253000.0,Hatchback,61126,1,2016,22.7,Petrol,2016,Comprehensive,5,Manual,5,CHENNAI
1025000.0,SUV,100043,2,2012,13.5,Diesel,2012,Comprehensive,5,Manual,7,CHENNAI
1175000.0,SUV,70034,1,2013,13.5,Diesel,2013,Third Party insurance,5,Manual,7,CHENNAI
600000.0,Hatchback,90068,2,2018,20.14,Diesel,2018,Comprehensive,5,Manual,5,CHENNAI
405000.0,Sedan,86694,1,2015,19.1,Petrol,2015,Third Party insurance,5,Manual,5,CHENNAI
1040000.0,Sedan,86000,2,2011,15.8,Diesel,2011,Comprehensive,6,Automatic,5,CHENNAI
585000.0,Sedan,79399,1,2015,20.73,Petrol,2015,Comprehensive,5,Manual,5,CHENNAI
1175000.0,Sedan,86038,1,2012,16.55,Diesel,2012,Third Party insurance,7,Automatic,5,CHENNAI
385000.0,Hatchback,69863,1,2015,18.9,Petrol,2015,Third Party insurance,5,Manual,5,CHENNAI
1750000.0,MUV,2000022,1,2017,13.68,Diesel,2017,Comprehensive,5,Manual,7,CHENNAI
310000.0,Hatchback,133727,1,2013,20.36,Petrol,2013,Third Party insurance,5,Manual,5,CHENNAI
916000.0,SUV,85781,1,2016,13.0,Petrol,2016,Comprehensive,6,Automatic,5,CHENNAI
800000.0,Hatchback,8837,1,2022,23.64,Diesel,2022,Third Party,5,Manual,5,CHENNAI
475000.0,Sedan,120057,2,2011,21.43,Diesel,2011,Third Party insurance,6,Manual,5,CHENNAI
699000.0,Hatchback,48527,1,2019,22.35,Petrol,2019,Comprehensive,5,Manual,5,CHENNAI
714000.0,SUV,71096,2,2017,25.5,Diesel,2017,Comprehensive,6,Manual,5,CHENNAI
750000.0,Sedan,22000,1,2020,18.6,Petrol,2020,Comprehensive,5,Manual,5,CHENNAI
626000.0,Hatchback,110054,1,2020,20.7,Petrol,2020,Zero Dep,5,Manual,5,CHENNAI
465000.0,Sedan,85028,1,2012,17.4,Petrol,2012,Comprehensive,5,Manual,5,CHENNAI
1268000.0,Sedan,10990,1,2021,18.6,Petrol,2021,Zero Dep,6,Manual,5,CHENNAI
805000.0,Sedan,115484,2,2017,14.59,Petrol,2017,Third Party,6,Manual,5,CHENNAI
475000.0,SUV,80062,2,2011,17.67,Diesel,2011,Third Party insurance,6,Manual,5,CHENNAI
375000.0,Sedan,80039,1,2012,20.5,Diesel,2012,Third Party insurance,5,Manual,5,CHENNAI
510000.0,Hatchback,16473,1,2020,21.7,Petrol,2020,Third Party insurance,5,Manual,5,CHENNAI
9350000.0,SUV,8000,1,2022,11.24,Petrol,2022,Comprehensive,8,Automatic,5,CHENNAI
660000.0,Hatchback,53819,1,2017,21.4,Petrol,2017,Third Party insurance,0,Automatic,5,CHENNAI
495000.0,MUV,100060,2,2011,15.4,Diesel,2011,Third Party insurance,5,Manual,8,CHENNAI
790000.0,Sedan,93000,1,2017,18.19,Petrol,2017,Comprehensive,7,Automatic,5,CHENNAI
690000.0,MUV,82000,1,2013,20.77,Diesel,2013,Comprehensive,5,Manual,7,CHENNAI
1450000.0,Sedan,100057,1,2013,18.12,Diesel,2013,Third Party insurance,8,Automatic,5,CHENNAI
570000.0,Sedan,100425,1,2016,21.66,Diesel,2016,Third Party insurance,5,Manual,5,CHENNAI
827000.0,Sedan,102497,1,2018,22.0,Diesel,2018,Zero Dep,6,Manual,5,CHENNAI
345000.0,Sedan,97942,2,2011,17.6,Petrol,2011,Third Party insurance,5,Manual,5,CHENNAI
650000.0,Hatchback,78423,1,2019,18.78,Petrol,2019,Third Party insurance,5,Manual,5,CHENNAI
244000.0,Hatchback,43088,2,2014,22.05,Petrol,2014,Third Party,5,Manual,5,CHENNAI
815000.0,SUV,14103,1,2021,20.5,Petrol,2021,Third Party insurance,5,Manual,5,CHENNAI
1100000.0,Sedan,74000,1,2011,15.8,Diesel,2011,Comprehensive,6,Automatic,5,CHENNAI
1150000.0,SUV,41285,1,2022,18.76,Petrol,2022,Comprehensive,4,Automatic,5,CHENNAI
210000.0,Hatchback,76554,3,2012,15.6,Petrol,2012,Third Party insurance,5,Manual,5,CHENNAI
391000.0,MUV,25119,1,2018,19.02,Petrol,2018,Third Party insurance,5,Manual,7,CHENNAI
1529000.0,SUV,4977,1,2022,20.08,Petrol,2022,Comprehensive,6,Manual,5,CHENNAI
5300000.0,SUV,10000,1,2023,12.18,Petrol,2023,Comprehensive,8,Automatic,5,CHENNAI
250000.0,Sedan,85037,3,2004,9.0,Petrol,2004,Comprehensive,5,Automatic,5,CHENNAI
549000.0,Hatchback,2177,2,2021,21.7,Petrol,2021,Comprehensive,5,Manual,5,CHENNAI
860000.0,SUV,40511,1,2018,21.7,Diesel,2018,Third Party insurance,5,Manual,5,CHENNAI
1145000.0,SUV,30400,1,2021,18.0,Petrol,2021,Third Party insurance,6,Manual,5,CHENNAI
790000.0,SUV,75000,1,2017,25.5,Diesel,2017,Comprehensive,6,Manual,5,CHENNAI
1650000.0,SUV,27600,1,2021,17.2,Petrol,2021,Third Party insurance,6,Automatic,5,CHENNAI
475000.0,Hatchback,53908,1,2015,24.0,Diesel,2015,Third Party insurance,5,Manual,5,CHENNAI
5700000.0,Sedan,30000,1,2020,16.1,Diesel,2020,Comprehensive,9,Automatic,5,CHENNAI
4950000.0,SUV,46000,1,2017,17.9,Diesel,2017,Comprehensive,9,Automatic,5,CHENNAI
829000.0,SUV,9471,1,2021,18.8,Petrol,2021,Zero Dep,5,Automatic,5,CHENNAI
648000.0,Hatchback,12011,1,2020,23.84,Petrol,2020,Comprehensive,5,Automatic,5,CHENNAI
375000.0,Sedan,85000,2,2011,14.4,Petrol,2011,Comprehensive,6,Automatic,5,CHENNAI
964000.0,SUV,27370,1,2016,13.0,Petrol,2016,Comprehensive,6,Automatic,5,CHENNAI
288000.0,Hatchback,53098,2,2016,21.1,Petrol,2016,Comprehensive,5,Manual,5,CHENNAI
340000.0,Hatchback,51680,1,2019,22.7,Petrol,2019,Third Party insurance,5,Manual,5,CHENNAI
906000.0,Sedan,35821,2,2018,18.0,Petrol,2018,Comprehensive,0,Automatic,5,CHENNAI
3300000.0,Coupe,60000,2,2013,12.07,Petrol,2013,Comprehensive,9,Automatic,5,CHENNAI
686000.0,Hatchback,39323,2,2018,17.4,Petrol,2018,Comprehensive,5,Automatic,5,CHENNAI
335000.0,Hatchback,60799,1,2016,25.17,Petrol,2016,Comprehensive,5,Manual,5,CHENNAI
1350000.0,Sedan,130000,2,2014,14.84,Diesel,2014,Comprehensive,7,Automatic,5,CHENNAI
1800000.0,Sedan,63000,1,2014,19.16,Petrol,2014,Comprehensive,6,Automatic,5,CHENNAI
4900000.0,Sedan,50000,1,2017,17.0,Diesel,2017,Comprehensive,9,Automatic,5,CHENNAI
5750000.0,Sedan,22600,1,2021,19.62,Diesel,2021,Third Party insurance,8,Automatic,5,CHENNAI
900000.0,Sedan,30000,1,2021,20.65,Petrol,2021,Third Party insurance,5,Manual,5,CHENNAI
900000.0,Sedan,58619,1,2018,17.0,Petrol,2018,Third Party insurance,6,Manual,5,CHENNAI
890000.0,SUV,23300,1,2019,17.0,Petrol,2019,Third Party insurance,5,Manual,5,CHENNAI
280000.0,Hatchback,121032,3,2010,17.0,Petrol,2010,Third Party insurance,5,Manual,5,CHENNAI
265000.0,Hatchback,91000,1,2010,20.36,Petrol,2010,Comprehensive,5,Manual,5,CHENNAI
1200000.0,SUV,30000,1,2020,20.8,Diesel,2020,Comprehensive,6,Manual,5,CHENNAI
574000.0,Hatchback,82171,2,2019,21.4,Petrol,2019,Comprehensive,5,Manual,5,CHENNAI
711000.0,Hatchback,18551,1,2022,26.49,CNG,2022,Comprehensive,5,Manual,5,CHENNAI
960000.0,Hatchback,35000,1,2020,20.28,Petrol,2020,Comprehensive,7,Automatic,5,CHENNAI
273000.0,Hatchback,50252,1,2016,24.7,Petrol,2016,Comprehensive,5,Manual,5,CHENNAI
593000.0,Sedan,34715,2,2019,19.5,Petrol,2019,Comprehensive,5,Manual,5,CHENNAI
1725000.0,SUV,30197,1,2020,13.96,Petrol,2020,Third Party insurance,6,Automatic,5,CHENNAI
845000.0,SUV,79089,2,2018,13.0,Petrol,2018,Third Party,6,Manual,5,CHENNAI
300000.0,Sedan,24035,2,2011,16.95,Petrol,2011,Comprehensive,5,Manual,5,CHENNAI
735000.0,Hatchback,39605,1,2020,26.2,Diesel,2020,Comprehensive,5,Manual,5,CHENNAI
407000.0,Hatchback,66992,1,2016,20.51,Petrol,2016,Comprehensive,5,Automatic,5,CHENNAI
5900000.0,SUV,50000,1,2021,18.9,Diesel,2021,Comprehensive,9,Automatic,5,CHENNAI
460000.0,Hatchback,29973,1,2017,21.63,Petrol,2017,Third Party insurance,5,Manual,5,CHENNAI
360000.0,Hatchback,49791,1,2018,25.17,Petrol,2018,Third Party insurance,5,Manual,5,CHENNAI
1650000.0,SUV,52609,1,2020,13.96,Petrol,2020,Third Party insurance,6,Automatic,5,CHENNAI
360000.0,Hatchback,70000,1,2010,16.0,Petrol,2010,Comprehensive,1,Manual,5,CHENNAI
700000.0,SUV,23000,1,2018,17.5,Petrol,2018,Third Party insurance,5,Manual,5,CHENNAI
210000.0,Hatchback,52172,1,2010,19.7,Petrol,2010,Third Party insurance,5,Manual,5,CHENNAI
1825000.0,SUV,29041,1,2022,18.9,Diesel,2022,Third Party insurance,6,Manual,5,CHENNAI
485000.0,Hatchback,67022,1,2017,19.34,Petrol,2017,Third Party insurance,0,Automatic,5,CHENNAI
9000000.0,Sedan,9900,1,2021,11.7,Petrol,2021,Comprehensive,8,Automatic,5,CHENNAI
513000.0,Sedan,103651,2,2016,21.66,Diesel,2016,Zero Dep,5,Manual,5,CHENNAI
520000.0,Sedan,49682,1,2016,15.5,Petrol,2016,Third Party insurance,5,Automatic,5,CHENNAI
4800000.0,SUV,31000,1,2018,14.7,Diesel,2018,Comprehensive,8,Automatic,5,CHENNAI
305000.0,Hatchback,53751,3,2018,25.17,Petrol,2018,Comprehensive,5,Manual,5,CHENNAI
238000.0,Hatchback,111283,2,2015,22.05,Petrol,2015,Comprehensive,5,Manual,5,CHENNAI
540000.0,SUV,63000,2,2013,22.7,Diesel,2013,Comprehensive,5,Manual,5,CHENNAI
362000.0,MUV,52509,1,2016,19.44,Petrol,2016,Comprehensive,5,Manual,7,CHENNAI
460000.0,Hatchback,69319,1,2017,23.08,Diesel,2017,Third Party insurance,5,Manual,5,CHENNAI
451000.0,Hatchback,89191,1,2018,25.24,Petrol,2018,Comprehensive,5,Manual,5,CHENNAI
442000.0,SUV,123152,1,2017,25.32,Diesel,2017,Comprehensive,5,Manual,6,CHENNAI
1480000.0,Sedan,65000,2,2013,17.68,Diesel,2013,Comprehensive,8,Automatic,5,CHENNAI
430000.0,Sedan,116413,1,2014,25.8,Diesel,2014,Comprehensive,5,Manual,5,CHENNAI
2290000.0,Sedan,56000,1,2015,15.26,Petrol,2015,Third Party insurance,7,Automatic,5,CHENNAI
2090000.0,Sedan,78000,1,2015,15.26,Petrol,2015,Third Party insurance,7,Automatic,5,CHENNAI
7500000.0,SUV,30000,1,2020,18.9,Diesel,2020,Comprehensive,9,Automatic,5,CHENNAI
6450000.0,SUV,2000,1,2022,18.9,Petrol,2022,Third Party insurance,8,Automatic,5,CHENNAI
5900000.0,Sedan,300,1,2022,18.9,Petrol,2022,Comprehensive,7,Automatic,5,CHENNAI
950000.0,SUV,11600,1,2022,18.9,Petrol,2022,Third Party insurance,5,Manual,5,CHENNAI
1750000.0,SUV,18377,1,2021,15.81,Petrol,2021,Third Party insurance,6,Manual,5,CHENNAI
365000.0,Sedan,97000,2,2010,16.8,Petrol,2010,Comprehensive,5,Automatic,5,CHENNAI
287000.0,Hatchback,75184,1,2015,21.1,Petrol,2015,Comprehensive,5,Manual,5,CHENNAI
437000.0,Sedan,49387,2,2014,22.41,Petrol,2014,Comprehensive,5,Manual,5,CHENNAI
310000.0,Hatchback,81000,1,2011,20.36,Petrol,2011,Comprehensive,5,Manual,5,CHENNAI
287000.0,Hatchback,80320,1,2010,18.9,Petrol,2010,Comprehensive,5,Manual,5,CHENNAI
1202000.0,Sedan,8608,1,2021,16.24,Petrol,2021,Zero Dep,6,Automatic,5,CHENNAI
975000.0,Sedan,23000,1,2018,17.0,Petrol,2018,Comprehensive,6,Automatic,5,CHENNAI
515000.0,SUV,96892,3,2015,19.01,Diesel,2015,Third Party insurance,6,Manual,5,CHENNAI
665000.0,SUV,75000,1,2016,19.87,Diesel,2016,Comprehensive,5,Manual,5,CHENNAI
279000.0,Hatchback,61237,1,2016,22.05,Petrol,2016,Third Party,5,Manual,5,CHENNAI
766000.0,SUV,32806,1,2021,20.0,Petrol,2021,Comprehensive,5,Manual,5,CHENNAI
380000.0,Hatchback,52138,1,2019,23.01,Petrol,2019,Third Party insurance,5,Manual,5,CHENNAI
520000.0,Sedan,37429,1,2016,19.44,Petrol,2016,Third Party insurance,5,Manual,5,CHENNAI
260000.0,Hatchback,78978,2,2010,21.79,Petrol,2010,Third Party insurance,5,Manual,5,CHENNAI
1475000.0,SUV,100000,2,2012,13.0,Diesel,2012,Comprehensive,5,Manual,7,CHENNAI
1975000.0,SUV,96000,2,2014,15.26,Diesel,2014,Third Party insurance,7,Automatic,5,CHENNAI
2800000.0,SUV,69000,1,2018,16.25,Diesel,2018,Comprehensive,7,Automatic,7,CHENNAI
450000.0,Hatchback,52044,1,2015,19.4,Petrol,2015,Third Party insurance,5,Manual,5,CHENNAI
2425000.0,Sedan,37000,1,2019,19.2,Petrol,2019,Third Party insurance,7,Automatic,5,CHENNAI
840000.0,MUV,8541,1,2023,20.0,Petrol,2023,Third Party insurance,5,Manual,7,CHENNAI
710000.0,Sedan,30000,2,2019,14.84,Petrol,2019,Comprehensive,6,Automatic,5,CHENNAI
459000.0,Hatchback,44768,1,2018,21.63,Petrol,2018,Comprehensive,5,Automatic,5,CHENNAI
769000.0,SUV,27062,1,2020,15.9,Petrol,2020,Comprehensive,5,Manual,5,CHENNAI
900000.0,Sedan,46973,1,2018,17.0,Petrol,2018,Third Party insurance,6,Manual,5,CHENNAI
1277000.0,Sedan,22239,1,2022,19.4,Petrol,2022,Third Party,6,Manual,5,CHENNAI
969000.0,SUV,16455,1,2021,17.57,Petrol,2021,Comprehensive,6,Manual,5,CHENNAI
6000000.0,Sedan,20000,1,2021,20.37,Diesel,2021,Comprehensive,8,Automatic,5,CHENNAI
942000.0,Hatchback,5107,1,2022,18.5,Petrol,2022,Comprehensive,6,Automatic,5,CHENNAI
690000.0,Hatchback,34000,1,2022,20.7,Petrol,2022,Third Party insurance,5,Manual,5,CHENNAI
1256000.0,SUV,88923,1,2018,16.0,Petrol,2018,Comprehensive,7,Automatic,5,CHENNAI
288000.0,Hatchback,94581,2,2013,18.9,Petrol,2013,Third Party insurance,5,Manual,5,CHENNAI
3600000.0,SUV,71000,1,2017,18.0,Diesel,2017,Comprehensive,8,Automatic,7,CHENNAI
950000.0,Hatchback,30924,1,2021,20.0,Petrol,2021,Third Party insurance,6,Manual,5,CHENNAI
222000.0,Hatchback,58747,2,2011,20.92,Petrol,2011,Third Party insurance,5,Manual,5,CHENNAI
235000.0,Hatchback,63697,1,2012,19.7,Petrol,2012,Third Party insurance,5,Manual,5,CHENNAI
890000.0,SUV,53000,1,2017,25.5,Diesel,2017,Third Party insurance,6,Manual,5,CHENNAI
660000.0,SUV,43000,1,2016,21.7,Diesel,2016,Comprehensive,5,Manual,5,CHENNAI
3900000.0,Sedan,21000,1,2020,19.16,Petrol,2020,Comprehensive,0,Automatic,5,CHENNAI
380000.0,Sedan,108513,2,2013,25.8,Diesel,2013,Comprehensive,5,Manual,5,CHENNAI
675000.0,Sedan,91000,1,2015,21.66,Diesel,2015,Comprehensive,7,Automatic,5,CHENNAI
5000000.0,Sedan,37000,1,2018,22.37,Petrol,2018,Comprehensive,0,Automatic,5,CHENNAI
971000.0,SUV,71721,1,2021,23.7,Diesel,2021,Comprehensive,6,Manual,5,CHENNAI
352000.0,Hatchback,39276,1,2019,23.01,Petrol,2019,Third Party,5,Manual,5,CHENNAI
2300000.0,Sedan,35000,1,2014,19.33,Diesel,2014,Comprehensive,8,Automatic,5,CHENNAI
866000.0,SUV,85616,1,2019,24.3,Diesel,2019,Zero Dep,5,Automatic,5,CHENNAI
508000.0,Sedan,56380,1,2016,16.78,Petrol,2016,Third Party insurance,5,Manual,5,CHENNAI
260000.0,Hatchback,83000,3,2009,18.5,Petrol,2009,Comprehensive,5,Manual,5,CHENNAI
796000.0,SUV,66211,1,2016,24.3,Diesel,2016,Comprehensive,5,Manual,5,CHENNAI
2480000.0,Sedan,37000,1,2019,19.2,Petrol,2019,Third Party insurance,7,Automatic,5,CHENNAI
434000.0,Hatchback,60662,1,2016,18.9,Petrol,2016,Comprehensive,5,Manual,5,CHENNAI
782000.0,SUV,24140,1,2021,18.8,Petrol,2021,Comprehensive,5,Automatic,5,CHENNAI
2090000.0,Sedan,56000,1,2015,15.26,Petrol,2015,Third Party insurance,7,Automatic,5,CHENNAI
2480000.0,SUV,47000,1,2017,16.9,Petrol,2017,Third Party insurance,6,Automatic,5,CHENNAI
1990000.0,SUV,54700,1,2016,15.73,Diesel,2016,Third Party insurance,7,Automatic,5,CHENNAI
1090000.0,Hatchback,27000,1,2021,20.28,Petrol,2021,Third Party insurance,7,Automatic,5,CHENNAI
350000.0,Hatchback,63000,2,2013,25.44,Diesel,2013,Third Party insurance,5,Manual,5,CHENNAI
3375000.0,SUV,65000,1,2019,20.68,Diesel,2019,Comprehensive,8,Automatic,5,CHENNAI
995000.0,Sedan,81000,4,2013,14.57,Diesel,2013,Third Party insurance,8,Automatic,5,CHENNAI
2480000.0,SUV,94000,2,2014,11.3,Diesel,2014,Third Party insurance,7,Automatic,7,CHENNAI
1950000.0,MUV,11000,1,2022,16.5,Petrol,2022,Comprehensive,7,Automatic,7,CHENNAI
1621000.0,Sedan,12901,1,2022,18.12,Petrol,2022,Comprehensive,6,Automatic,5,CHENNAI
471000.0,Hatchback,29708,1,2019,19.59,Petrol,2019,Third Party insurance,5,Automatic,5,CHENNAI
1690000.0,SUV,22186,1,2021,14.85,Petrol,2021,Third Party insurance,0,Automatic,5,CHENNAI
396000.0,MUV,71413,1,2019,19.02,Petrol,2019,Comprehensive,5,Manual,7,CHENNAI
301000.0,Hatchback,50046,3,2011,17.0,Petrol,2011,Third Party insurance,5,Manual,5,CHENNAI
1490000.0,SUV,57600,1,2019,16.2,Petrol,2019,Third Party insurance,7,Automatic,5,CHENNAI
393000.0,Hatchback,46116,2,2019,19.83,Petrol,2019,Comprehensive,5,Manual,5,CHENNAI
2680000.0,SUV,11700,1,2020,18.9,Petrol,2020,Third Party insurance,7,Automatic,5,CHENNAI
1891000.0,SUV,24602,1,2021,14.08,Diesel,2021,Third Party,6,Automatic,6,CHENNAI
555000.0,Hatchback,81454,1,2018,18.78,Petrol,2018,Third Party insurance,5,Manual,5,CHENNAI
6000000.0,Sedan,6000,1,2022,16.13,Petrol,2022,Comprehensive,8,Automatic,5,CHENNAI
990000.0,SUV,37655,1,2019,14.8,Petrol,2019,Third Party insurance,6,Automatic,5,CHENNAI
1390000.0,Sedan,73000,2,2013,17.11,Diesel,2013,Comprehensive,8,Automatic,5,CHENNAI
850000.0,Sedan,15100,1,2017,16.09,Petrol,2017,Third Party insurance,5,Manual,5,CHENNAI
2425000.0,SUV,70000,2,2016,15.17,Diesel,2016,Comprehensive,7,Automatic,5,CHENNAI
2350000.0,SUV,75000,2,2016,15.17,Diesel,2016,Comprehensive,7,Automatic,5,CHENNAI
4400000.0,SUV,15000,0,2022,18.9,Petrol,2022,Third Party insurance,7,Automatic,5,CHENNAI
1050000.0,SUV,23700,1,2020,18.2,Petrol,2020,Third Party insurance,6,Manual,5,CHENNAI
972000.0,SUV,7087,0,2022,20.5,Petrol,2022,Third Party insurance,5,Manual,5,CHENNAI
725000.0,Hatchback,40000,1,2020,20.7,Petrol,2020,Comprehensive,5,Manual,5,CHENNAI
316000.0,Hatchback,58155,2,2016,25.17,Petrol,2016,Third Party insurance,5,Manual,5,CHENNAI
860000.0,SUV,30015,3,2020,14.8,Petrol,2020,Third Party,6,Automatic,5,CHENNAI
890000.0,Sedan,5239,1,2022,20.1,Petrol,2022,Third Party insurance,5,Automatic,5,CHENNAI
251000.0,Hatchback,62606,2,2011,20.36,Petrol,2011,Third Party insurance,5,Manual,5,CHENNAI
433000.0,Hatchback,65287,1,2017,23.84,Petrol,2017,Third Party,5,Manual,5,CHENNAI
3200000.0,Sedan,12000,2,2019,20.38,Diesel,2019,Comprehensive,6,Automatic,5,CHENNAI
715000.0,Sedan,50267,1,2018,28.09,Diesel,2018,Comprehensive,5,Automatic,5,CHENNAI
345000.0,Hatchback,87277,1,2015,23.95,Petrol,2015,Third Party insurance,5,Automatic,5,CHENNAI
855000.0,SUV,11323,1,2021,18.55,Petrol,2021,Third Party insurance,5,Manual,5,CHENNAI
365000.0,Hatchback,90487,1,2016,26.0,Petrol,2016,Comprehensive,5,Automatic,5,CHENNAI
220000.0,Hatchback,55405,1,2010,19.0,Petrol,2010,Third Party insurance,5,Manual,5,CHENNAI
6075000.0,Sedan,15000,1,2022,19.62,Diesel,2022,Comprehensive,8,Automatic,5,CHENNAI
890000.0,SUV,31450,1,2017,18.49,Diesel,2017,Third Party insurance,5,Manual,7,CHENNAI
1350000.0,SUV,90000,1,2013,15.73,Diesel,2013,Comprehensive,7,Automatic,5,CHENNAI
1220000.0,Sedan,36000,2,2012,14.74,Petrol,2012,Comprehensive,7,Automatic,5,CHENNAI
2400000.0,SUV,40000,2,2017,15.73,Diesel,2017,Comprehensive,7,Automatic,5,CHENNAI
1650000.0,SUV,95000,1,2017,13.7,Petrol,2017,Comprehensive,5,Automatic,5,CHENNAI
275000.0,Hatchback,107280,2,2010,18.5,Petrol,2010,Not Available,5,Manual,5,CHENNAI
1050000.0,SUV,45700,1,2019,20.45,Diesel,2019,Third Party insurance,6,Manual,5,CHENNAI
295000.0,Hatchback,74686,1,2013,20.3,Diesel,2013,Third Party insurance,5,Manual,5,CHENNAI
461000.0,Hatchback,119004,1,2018,25.24,Petrol,2018,Comprehensive,5,Manual,5,CHENNAI
719000.0,SUV,117079,1,2019,23.7,Diesel,2019,Comprehensive,6,Manual,5,CHENNAI
550000.0,Hatchback,35000,1,2017,18.7,Petrol,2017,Comprehensive,5,Manual,5,CHENNAI
287000.0,Hatchback,76730,1,2012,17.92,Petrol,2012,Comprehensive,5,Manual,5,CHENNAI
1035000.0,SUV,21123,1,2022,18.0,Petrol,2022,Third Party insurance,6,Manual,5,CHENNAI
875000.0,Sedan,98000,1,2014,14.28,Petrol,2014,Comprehensive,7,Automatic,5,CHENNAI
445000.0,Hatchback,69684,1,2018,23.84,Petrol,2018,Third Party insurance,5,Manual,5,CHENNAI
1190000.0,SUV,16600,1,2020,16.42,Petrol,2020,Third Party insurance,7,Automatic,5,CHENNAI
540000.0,Sedan,90403,2,2016,16.09,Petrol,2016,Third Party insurance,5,Manual,5,CHENNAI
584000.0,Hatchback,81009,3,2016,20.14,Diesel,2016,Comprehensive,5,Manual,5,CHENNAI
1770000.0,SUV,16500,1,2021,17.88,Petrol,2021,Comprehensive,7,Manual,5,CHENNAI
430000.0,Hatchback,84741,2,2017,27.28,Diesel,2017,Third Party insurance,5,Manual,5,CHENNAI
990000.0,SUV,51122,1,2018,18.49,Diesel,2018,Third Party insurance,6,Manual,9,CHENNAI
2650000.0,Sedan,60000,2,2016,13.0,Diesel,2016,Comprehensive,7,Automatic,5,CHENNAI
120000.0,Hatchback,96094,4,2010,20.0,Diesel,2010,Third Party insurance,5,Manual,5,CHENNAI
620000.0,Hatchback,42891,1,2018,22.0,Petrol,2018,Third Party insurance,5,Automatic,5,CHENNAI
890000.0,SUV,59100,1,2018,19.87,Diesel,2018,Third Party insurance,5,Manual,5,CHENNAI
801000.0,SUV,55913,1,2018,17.0,Petrol,2018,Not Available,6,Automatic,5,CHENNAI
2050000.0,SUV,65000,1,2017,16.65,Diesel,2017,Comprehensive,7,Automatic,5,CHENNAI
3575000.0,Sedan,60000,1,2019,21.76,Diesel,2019,Comprehensive,8,Automatic,5,CHENNAI
1900000.0,SUV,10000,1,2022,18.0,Diesel,2022,Third Party insurance,6,Automatic,5,DELHI
762000.0,SUV,57437,2,2016,15.29,Petrol,2016,Zero Dep,6,Manual,5,DELHI
5600000.0,SUV,8000,1,2020,12.74,Petrol,2020,Comprehensive,9,Automatic,5,DELHI
523000.0,Hatchback,28151,2,2018,22.38,Petrol,2018,Comprehensive,5,Manual,5,DELHI
765000.0,SUV,60000,1,2017,15.29,Petrol,2017,Third Party insurance,6,Manual,5,DELHI
895000.0,SUV,20000,1,2021,18.4,Petrol,2021,Comprehensive,5,Manual,5,DELHI
708000.0,Sedan,42682,1,2021,28.0,CNG,2021,Third Party,5,Manual,5,DELHI
400000.0,Hatchback,44653,1,2017,18.78,Petrol,2017,Comprehensive,5,Manual,5,DELHI
725000.0,Hatchback,7000,1,2022,18.9,CNG,2022,Comprehensive,5,Manual,5,DELHI
663000.0,Hatchback,67823,1,2019,21.01,Petrol,2019,Third Party insurance,5,Manual,5,DELHI
390000.0,Hatchback,50000,1,2014,16.5,Petrol,2014,Comprehensive,5,Automatic,5,DELHI
784000.0,SUV,97055,1,2019,20.45,Diesel,2019,Comprehensive,6,Manual,5,DELHI
2100000.0,Sedan,114000,1,2017,19.16,Petrol,2017,Comprehensive,6,Automatic,5,DELHI
1350000.0,SUV,24000,1,2022,18.9,Diesel,2022,Zero Dep,6,Manual,5,DELHI
2350000.0,Sedan,30000,1,2016,18.12,Diesel,2016,Third Party insurance,8,Automatic,5,DELHI
4600000.0,Hatchback,6000,1,2023,18.9,Electric,2023,Comprehensive,5,Automatic,4,DELHI
2250000.0,MUV,7000,1,2022,8.0,Petrol,2022,Comprehensive,5,Manual,7,DELHI
3500000.0,SUV,34000,1,2021,12.4,Diesel,2021,Comprehensive,8,Automatic,7,DELHI
900000.0,SUV,29000,1,2013,17.05,Diesel,2013,Third Party insurance,8,Automatic,5,DELHI
5245000.0,SUV,38000,1,2020,12.74,Petrol,2020,Comprehensive,9,Automatic,5,DELHI
350000.0,SUV,150000,1,2013,14.0,Diesel,2013,Third Party insurance,5,Manual,7,DELHI
839000.0,SUV,83329,1,2019,23.7,Diesel,2019,Comprehensive,6,Manual,5,DELHI
120000.0,Hatchback,43000,1,2008,18.2,Petrol,2008,Third Party insurance,5,Manual,5,DELHI
750000.0,Hatchback,8000,1,2022,20.7,Petrol,2022,Third Party insurance,5,Manual,5,DELHI
1284000.0,SUV,11404,1,2021,17.2,Petrol,2021,Comprehensive,6,Automatic,5,DELHI
850000.0,SUV,70000,2,2019,13.0,Petrol,2019,Third Party insurance,6,Manual,5,DELHI
870000.0,Hatchback,23000,1,2023,23.64,Diesel,2023,Comprehensive,5,Manual,5,DELHI
634000.0,Hatchback,19044,1,2022,20.89,Petrol,2022,Comprehensive,5,Manual,5,DELHI
7500000.0,Sedan,23500,1,2017,12.5,Petrol,2017,Comprehensive,8,Automatic,5,DELHI
1250000.0,SUV,17367,1,2019,15.8,Petrol,2019,Comprehensive,6,Manual,5,DELHI
1325000.0,SUV,3800,1,2020,20.8,Diesel,2020,Third Party insurance,6,Manual,5,DELHI
3215000.0,Sedan,45000,1,2017,15.34,Petrol,2017,Comprehensive,8,Automatic,5,DELHI
421000.0,Hatchback,43124,2,2014,18.9,Petrol,2014,Comprehensive,4,Automatic,5,DELHI
1300000.0,SUV,20000,1,2020,15.1,Diesel,2020,Third Party insurance,6,Manual,7,DELHI
1000000.0,SUV,60000,1,2017,17.01,Diesel,2017,Third Party insurance,6,Automatic,5,DELHI
600000.0,Hatchback,36000,1,2018,21.01,Petrol,2018,Third Party,5,Manual,5,DELHI
495000.0,Hatchback,44559,1,2015,18.9,Petrol,2015,Third Party insurance,4,Automatic,5,DELHI
2050000.0,SUV,10000,1,2022,14.025,Petrol,2022,Third Party insurance,6,Manual,6,DELHI
627000.0,Hatchback,37587,1,2021,19.33,Petrol,2021,Comprehensive,5,Manual,5,DELHI
340000.0,Sedan,90000,1,2016,17.8,Petrol,2016,Third Party insurance,5,Manual,5,DELHI
190000.0,Hatchback,73786,1,2010,20.36,Petrol,2010,Comprehensive,5,Manual,5,DELHI
300000.0,Sedan,50000,1,2009,14.53,Petrol,2009,Third Party insurance,7,Automatic,5,DELHI
575000.0,Hatchback,22000,1,2018,21.21,Petrol,2018,Third Party insurance,5,Manual,5,DELHI
743000.0,Hatchback,38103,1,2019,19.56,Petrol,2019,Comprehensive,0,Automatic,5,DELHI
645000.0,Hatchback,15000,1,2022,20.89,Petrol,2022,Third Party insurance,5,Manual,5,DELHI
1700000.0,MUV,69000,1,2018,11.36,Diesel,2018,Comprehensive,6,Automatic,7,DELHI
359000.0,Hatchback,48327,2,2013,18.9,Petrol,2013,Comprehensive,5,Manual,5,DELHI
120000.0,Hatchback,40000,1,2008,18.2,Petrol,2008,Third Party insurance,5,Manual,5,DELHI
1121000.0,SUV,38967,1,2020,16.5,Petrol,2020,Third Party insurance,6,Manual,5,DELHI
1375000.0,SUV,50000,1,2020,20.8,Diesel,2020,Comprehensive,6,Manual,5,DELHI
525000.0,Hatchback,33000,1,2016,21.01,Petrol,2016,Comprehensive,5,Manual,5,DELHI
375000.0,Sedan,70000,1,2014,16.78,Petrol,2014,Comprehensive,5,Manual,5,DELHI
90000.0,Hatchback,120000,3,2006,18.9,Petrol,2006,Third Party insurance,5,Manual,5,DELHI
1699000.0,SUV,72000,1,2018,13.8,Diesel,2018,Comprehensive,5,Automatic,7,DELHI
895000.0,SUV,58511,1,2017,15.29,Petrol,2017,Comprehensive,6,Manual,5,DELHI
410000.0,Sedan,60000,1,2014,23.4,Diesel,2014,Third Party insurance,5,Manual,5,DELHI
1250000.0,SUV,40000,3,2019,16.36,Diesel,2019,Third Party insurance,6,Manual,7,DELHI
525000.0,Hatchback,43500,1,2019,22.0,Petrol,2019,Comprehensive,5,Manual,5,DELHI
625000.0,Sedan,68192,1,2019,17.5,Petrol,2019,Comprehensive,5,Manual,5,DELHI
850000.0,SUV,100000,3,2017,16.0,Diesel,2017,Third Party insurance,6,Manual,7,DELHI
340000.0,Hatchback,74872,1,2015,27.3,Diesel,2015,Comprehensive,6,Manual,5,DELHI
1750000.0,MUV,47000,1,2019,12.0,Diesel,2019,Comprehensive,5,Manual,7,DELHI
1295000.0,SUV,9000,1,2022,19.89,Petrol,2022,Third Party,5,Manual,5,DELHI
699000.0,Hatchback,31000,1,2019,18.78,Petrol,2019,Comprehensive,5,Manual,5,DELHI
399000.0,Hatchback,33709,2,2018,23.84,Petrol,2018,Comprehensive,5,Manual,5,DELHI
387000.0,Hatchback,123617,1,2018,20.89,Petrol,2018,Comprehensive,5,Manual,5,DELHI
1475000.0,Sedan,31000,1,2015,17.68,Diesel,2015,Comprehensive,8,Automatic,5,DELHI
485000.0,Hatchback,45000,1,2019,30.48,CNG,2019,Third Party insurance,5,Manual,5,DELHI
295000.0,Hatchback,82000,1,2014,33.54,CNG,2014,Third Party insurance,5,Manual,5,DELHI
425000.0,Hatchback,36400,1,2015,23.1,Petrol,2015,Comprehensive,5,Automatic,5,DELHI
7125000.0,Sedan,75000,2,2017,13.5,Diesel,2017,Comprehensive,9,Automatic,5,DELHI
250000.0,Hatchback,69000,1,2013,19.4,Petrol,2013,Third Party insurance,5,Manual,5,DELHI
350000.0,Sedan,110000,1,2015,20.4,Diesel,2015,Third Party insurance,5,Manual,5,DELHI
645000.0,SUV,62500,1,2016,19.61,Diesel,2016,Comprehensive,6,Automatic,5,DELHI
460000.0,Hatchback,20000,1,2021,22.25,Petrol,2021,Third Party insurance,5,Manual,5,DELHI
458000.0,Sedan,70307,2,2014,17.4,Petrol,2014,Zero Dep,5,Manual,5,DELHI
1800000.0,SUV,50000,1,2015,14.16,Diesel,2015,Third Party insurance,7,Automatic,5,DELHI
580000.0,Hatchback,30000,1,2020,20.89,Petrol,2020,Third Party insurance,5,Manual,5,DELHI
4200000.0,SUV,65000,1,2017,15.97,Diesel,2017,Comprehensive,8,Automatic,5,DELHI
517000.0,Hatchback,4108,2,2022,20.89,Petrol,2022,Third Party,5,Manual,5,DELHI
750000.0,Hatchback,40000,1,2020,18.6,Petrol,2020,Comprehensive,5,Manual,5,DELHI
213000.0,Hatchback,91926,1,2012,20.36,Petrol,2012,Comprehensive,5,Manual,5,DELHI
1450000.0,Sedan,40000,1,2014,13.0,Diesel,2014,Third Party insurance,7,Automatic,5,DELHI
1100000.0,MUV,40000,1,2021,26.08,CNG,2021,Third Party insurance,5,Manual,7,DELHI
611000.0,Hatchback,60000,1,2019,21.4,Petrol,2019,Third Party insurance,5,Manual,5,DELHI
745000.0,Hatchback,23200,1,2021,21.01,Petrol,2021,Third Party insurance,5,Manual,5,DELHI
1851000.0,SUV,36000,1,2021,18.0,Diesel,2021,Comprehensive,6,Automatic,5,DELHI
415000.0,Hatchback,50000,1,2015,18.9,Petrol,2015,Comprehensive,5,Manual,5,DELHI
1075000.0,SUV,39000,1,2017,17.1,Diesel,2017,Comprehensive,6,Manual,5,DELHI
550000.0,Hatchback,55000,1,2016,21.4,Petrol,2016,Comprehensive,0,Automatic,5,DELHI
540000.0,Hatchback,55000,1,2020,19.33,Petrol,2020,Comprehensive,5,Manual,5,DELHI
540000.0,MUV,24777,1,2019,20.0,Petrol,2019,Third Party,5,Manual,7,DELHI
575000.0,SUV,50000,1,2016,24.3,Diesel,2016,Third Party insurance,5,Manual,5,DELHI
6200000.0,SUV,15000,1,2021,12.1,Petrol,2021,Comprehensive,8,Automatic,5,DELHI
286000.0,Sedan,50854,2,2012,22.41,Petrol,2012,Comprehensive,5,Manual,5,DELHI
890000.0,Sedan,134000,1,2014,17.68,Diesel,2014,Third Party insurance,8,Automatic,5,DELHI
3449000.0,SUV,33000,1,2021,12.4,Diesel,2021,Comprehensive,8,Automatic,7,DELHI
1280000.0,Sedan,34000,1,2019,14.62,Petrol,2019,Comprehensive,6,Automatic,5,DELHI
356000.0,Sedan,52515,1,2014,22.41,Petrol,2014,Comprehensive,5,Manual,5,DELHI
1950000.0,MUV,45000,1,2020,8.0,Petrol,2020,Comprehensive,5,Manual,7,DELHI
2090000.0,Sedan,59000,1,2015,18.53,Diesel,2015,Third Party insurance,7,Automatic,5,DELHI
115000.0,Sedan,29582,2,2009,16.0,Petrol,2009,Not Available,1,Manual,5,DELHI
1500000.0,SUV,10000,1,2023,18.9,Petrol,2023,Third Party insurance,6,Manual,7,DELHI
1190000.0,Sedan,41000,1,2017,14.28,Petrol,2017,Third Party insurance,7,Automatic,5,DELHI
295000.0,Hatchback,57806,2,2017,25.17,Petrol,2017,Comprehensive,5,Manual,5,DELHI
1000000.0,Sedan,20000,1,2019,18.0,Petrol,2019,Third Party insurance,0,Automatic,5,DELHI
213000.0,Hatchback,66227,1,2018,22.7,Petrol,2018,Zero Dep,5,Manual,5,DELHI
135000.0,Hatchback,100000,3,2010,19.81,Petrol,2010,Third Party insurance,5,Manual,5,DELHI
595000.0,Hatchback,43220,2,2019,23.84,Petrol,2019,Comprehensive,5,Automatic,5,DELHI
300000.0,Sedan,100000,1,2015,18.0,Petrol,2015,Third Party insurance,5,Manual,5,DELHI
425000.0,Hatchback,13500,2,2018,23.01,Petrol,2018,Comprehensive,5,Manual,5,DELHI
330000.0,Sedan,60000,2,2016,23.84,Petrol,2016,Third Party insurance,5,Manual,5,DELHI
478000.0,Hatchback,43929,1,2016,21.4,Petrol,2016,Third Party insurance,5,Manual,5,DELHI
450000.0,Hatchback,70000,1,2017,20.51,Petrol,2017,Third Party insurance,5,Manual,5,DELHI
900000.0,SUV,70000,2,2018,15.1,Diesel,2018,Third Party insurance,6,Manual,7,DELHI
680000.0,Hatchback,50000,1,2020,21.01,Petrol,2020,Third Party insurance,5,Manual,5,DELHI
135000.0,Hatchback,100000,3,2010,19.81,Petrol,2010,Third Party insurance,5,Manual,5,DELHI
385000.0,Hatchback,34250,1,2018,25.17,Petrol,2018,Comprehensive,5,Manual,5,DELHI
240000.0,Hatchback,90000,2,2012,19.4,Petrol,2012,Third Party insurance,5,Manual,5,DELHI
626000.0,Hatchback,64847,1,2020,18.9,CNG,2020,Third Party,5,Manual,5,DELHI
1350000.0,SUV,50000,1,2021,18.9,Diesel,2021,Third Party insurance,6,Manual,5,DELHI
240000.0,Hatchback,90000,2,2012,19.4,Petrol,2012,Third Party insurance,5,Manual,5,DELHI
345000.0,Hatchback,62150,1,2015,19.81,Petrol,2015,1,5,Manual,5,DELHI
505000.0,Hatchback,41200,1,2018,20.89,Petrol,2018,Third Party insurance,5,Automatic,5,DELHI
749000.0,SUV,67000,1,2018,14.7,Petrol,2018,Comprehensive,6,Automatic,5,DELHI
140000.0,Hatchback,41705,2,2011,21.1,Petrol,2011,Third Party insurance,5,Manual,5,DELHI
1500000.0,SUV,9000,1,2021,15.2,Petrol,2021,Third Party,6,Automatic,4,DELHI
2995000.0,SUV,27120,1,2019,13.7,Petrol,2019,Comprehensive,7,Automatic,5,DELHI
325000.0,Hatchback,120000,1,2014,25.2,Diesel,2014,Third Party insurance,5,Manual,5,DELHI
431000.0,Hatchback,55000,1,2017,20.4,Petrol,2017,Comprehensive,5,Manual,5,DELHI
780000.0,SUV,69000,1,2017,15.8,Petrol,2017,Third Party insurance,6,Manual,5,DELHI
170000.0,Hatchback,90000,2,2009,20.36,Petrol,2009,Third Party insurance,5,Manual,5,DELHI
530000.0,Hatchback,40000,1,2019,21.01,Petrol,2019,Third Party insurance,5,Manual,5,DELHI
949000.0,SUV,18432,1,2021,18.76,Petrol,2021,Zero Dep,4,Automatic,5,DELHI
479000.0,Sedan,43584,1,2016,17.8,Petrol,2016,Third Party insurance,5,Manual,5,DELHI
562000.0,Hatchback,17665,1,2017,21.4,Petrol,2017,Third Party insurance,5,Manual,5,DELHI
600000.0,SUV,70000,2,2017,22.77,Diesel,2017,Third Party insurance,5,Manual,5,DELHI
735000.0,Sedan,10203,1,2022,19.28,Petrol,2022,Third Party,5,Manual,5,DELHI
420000.0,Hatchback,70000,2,2015,18.9,Petrol,2015,Third Party insurance,5,Manual,5,DELHI
549000.0,Sedan,63000,1,2015,16.8,Petrol,2015,Comprehensive,5,Manual,5,DELHI
322000.0,Hatchback,45244,2,2013,16.47,Petrol,2013,Third Party,5,Manual,5,DELHI
180000.0,Hatchback,80000,2,2009,20.36,Petrol,2009,Third Party insurance,5,Manual,5,DELHI
472000.0,Hatchback,77611,2,2016,21.4,Petrol,2016,Comprehensive,5,Manual,5,DELHI
715000.0,SUV,68000,1,2016,15.29,Petrol,2016,Comprehensive,6,Manual,5,DELHI
220000.0,Hatchback,110000,1,2012,19.0,Petrol,2012,Third Party insurance,5,Manual,5,DELHI
900000.0,Sedan,30000,1,2021,17.4,Petrol,2021,Third Party insurance,5,Manual,5,DELHI
2550000.0,MUV,15000,1,2022,8.0,Petrol,2022,Comprehensive,6,Automatic,7,DELHI
499000.0,Sedan,67000,1,2014,16.8,Petrol,2014,Comprehensive,5,Manual,5,DELHI
857000.0,SUV,70000,1,2014,13.5,Diesel,2014,Third Party insurance,5,Manual,7,DELHI
445000.0,Hatchback,34568,2,2017,20.4,Petrol,2017,Comprehensive,5,Manual,5,DELHI
2350000.0,SUV,10000,1,2022,18.9,Petrol,2022,Third Party insurance,6,Automatic,7,DELHI
501000.0,Hatchback,54101,1,2017,16.2,Petrol,2017,Zero Dep,5,Manual,5,DELHI
400000.0,Hatchback,120000,1,2015,23.59,Diesel,2015,Third Party insurance,5,Manual,5,DELHI
440000.0,Sedan,67000,1,2016,19.5,Petrol,2016,Comprehensive,5,Manual,5,DELHI
631000.0,Sedan,88952,2,2016,18.19,Petrol,2016,Third Party insurance,7,Automatic,5,DELHI
545000.0,Hatchback,65000,1,2019,20.52,Petrol,2019,Comprehensive,5,Manual,5,DELHI
549000.0,Sedan,69000,2,2015,18.0,Petrol,2015,Comprehensive,0,Automatic,5,DELHI
243000.0,Hatchback,50979,1,2012,18.9,Petrol,2012,Comprehensive,5,Manual,5,DELHI
890000.0,Sedan,95000,2,2014,17.11,Diesel,2014,Comprehensive,8,Automatic,5,DELHI
546000.0,Hatchback,58696,1,2016,18.6,Petrol,2016,Third Party insurance,5,Manual,5,DELHI
6475000.0,SUV,8000,1,2022,12.81,Petrol,2022,Third Party insurance,8,Automatic,5,DELHI
2800000.0,SUV,45000,1,2019,17.9,Diesel,2019,Comprehensive,7,Automatic,5,DELHI
1090000.0,SUV,30000,1,2022,18.15,Petrol,2022,Third Party insurance,7,Automatic,5,DELHI
575000.0,Hatchback,44000,1,2020,20.89,Petrol,2020,Comprehensive,5,Manual,5,DELHI
13200000.0,SUV,1600,1,2023,9.2,Petrol,2023,Comprehensive,8,Automatic,5,DELHI
800000.0,Sedan,30000,1,2022,22.61,Petrol,2022,Third Party insurance,5,Automatic,5,DELHI
1651000.0,SUV,35011,2,2022,18.9,Diesel,2022,Third Party,6,Automatic,4,DELHI
820000.0,SUV,18110,1,2021,17.33,Petrol,2021,Zero Dep,6,Manual,5,DELHI
545000.0,SUV,90000,1,2014,15.1,Diesel,2014,Third Party insurance,6,Manual,7,DELHI
625000.0,SUV,24349,2,2017,17.5,Petrol,2017,Third Party,5,Manual,5,DELHI
800000.0,SUV,60000,1,2019,22.1,Diesel,2019,Third Party insurance,6,Manual,5,DELHI
599000.0,Hatchback,81711,1,2017,18.6,Petrol,2017,Zero Dep,5,Manual,5,DELHI
13200000.0,SUV,101,1,2023,9.2,Petrol,2023,Comprehensive,8,Automatic,5,DELHI
725000.0,Hatchback,30400,1,2022,26.49,CNG,2022,Comprehensive,5,Manual,5,DELHI
216000.0,Hatchback,23961,2,2013,21.1,Petrol,2013,Comprehensive,5,Manual,5,DELHI
525000.0,Hatchback,66300,1,2018,17.71,Petrol,2018,Third Party insurance,5,Manual,5,DELHI
6950000.0,Coupe,38000,1,2020,16.34,Diesel,2020,Comprehensive,9,Automatic,5,DELHI
480000.0,Hatchback,20802,1,2019,21.63,Petrol,2019,Zero Dep,5,Manual,5,DELHI
276000.0,Hatchback,54420,1,2013,20.51,Petrol,2013,Third Party,5,Manual,5,DELHI
3450000.0,Sedan,72000,2,2014,13.5,Diesel,2014,Comprehensive,7,Automatic,5,DELHI
8800000.0,SUV,19000,1,2020,18.8,Petrol,2020,Comprehensive,8,Automatic,5,DELHI
335000.0,Sedan,92000,1,2012,17.01,Petrol,2012,Comprehensive,5,Manual,5,DELHI
2290000.0,Sedan,24000,1,2019,20.38,Diesel,2019,Third Party insurance,6,Automatic,5,DELHI
1150000.0,SUV,59801,1,2018,14.8,Petrol,2018,Comprehensive,6,Automatic,5,DELHI
985000.0,SUV,32228,1,2020,18.76,Petrol,2020,Comprehensive,4,Automatic,5,DELHI
1550000.0,SUV,102788,3,2012,11.3,Petrol,2012,Third Party insurance,1,Manual,5,DELHI
567000.0,Sedan,88594,1,2018,25.8,Diesel,2018,Comprehensive,5,Manual,5,DELHI
2775000.0,Sedan,21000,2,2018,15.04,Petrol,2018,Third Party insurance,7,Automatic,5,DELHI
880000.0,SUV,33756,2,2017,19.67,Diesel,2017,Comprehensive,6,Manual,5,DELHI
738000.0,SUV,38192,1,2017,17.5,Petrol,2017,Zero Dep,5,Manual,5,DELHI
3050000.0,MUV,50000,1,2020,14.11,Diesel,2020,Comprehensive,8,Automatic,7,DELHI
469000.0,Sedan,97411,1,2017,17.8,Petrol,2017,Comprehensive,5,Manual,5,DELHI
935000.0,Hatchback,11077,1,2021,17.1,Petrol,2021,Zero Dep,7,Automatic,5,DELHI
1290000.0,SUV,55000,2,2020,19.67,Diesel,2020,Third Party insurance,6,Manual,5,DELHI
765000.0,Sedan,43100,1,2016,14.3,Petrol,2016,Third Party insurance,6,Automatic,5,DELHI
765000.0,SUV,82501,1,2018,23.0,Diesel,2018,Comprehensive,5,Manual,5,DELHI
524000.0,Hatchback,91881,1,2016,21.4,Petrol,2016,Comprehensive,5,Manual,5,DELHI
380000.0,Hatchback,36000,2,2017,20.4,Petrol,2017,Third Party insurance,5,Manual,5,DELHI
621000.0,Hatchback,62479,2,2018,21.4,Petrol,2018,Comprehensive,0,Automatic,5,DELHI
990000.0,SUV,53000,2,2016,15.4,Diesel,2016,Comprehensive,5,Manual,7,DELHI
230000.0,Hatchback,51000,2,2013,19.4,Petrol,2013,Comprehensive,5,Manual,5,DELHI
549000.0,Hatchback,63774,1,2015,18.6,Petrol,2015,Comprehensive,5,Manual,5,DELHI
475000.0,Sedan,45000,1,2017,17.8,Petrol,2017,Comprehensive,5,Manual,5,DELHI
775000.0,Sedan,21900,1,2021,20.5,Petrol,2021,Third Party,5,Manual,5,DELHI
649000.0,Sedan,27381,1,2016,17.01,Petrol,2016,Comprehensive,5,Manual,5,DELHI
290000.0,Hatchback,54147,2,2017,30.46,CNG,2017,Comprehensive,5,Manual,5,DELHI
551000.0,Hatchback,56716,1,2020,32.52,CNG,2020,Zero Dep,5,Manual,5,DELHI
7200000.0,SUV,68000,2,2017,12.65,Diesel,2017,Third Party insurance,8,Automatic,5,DELHI
295000.0,Hatchback,49000,2,2015,21.79,Petrol,2015,Comprehensive,5,Manual,5,DELHI
485000.0,Sedan,63000,1,2016,20.85,Petrol,2016,Comprehensive,5,Manual,5,DELHI
195000.0,Hatchback,77000,1,2011,25.0,Diesel,2011,Comprehensive,5,Manual,5,DELHI
5400000.0,SUV,3000,1,2023,20.37,Diesel,2023,Comprehensive,7,Automatic,5,DELHI
1775000.0,MUV,54000,1,2019,11.36,Diesel,2019,Comprehensive,6,Automatic,7,DELHI
825000.0,Sedan,55000,1,2018,17.4,Petrol,2018,Comprehensive,5,Manual,5,DELHI
1650000.0,Sedan,50000,2,2018,15.1,Petrol,2018,Third Party insurance,7,Automatic,5,DELHI
13800000.0,SUV,16000,1,2022,18.9,Petrol,2022,Comprehensive,9,Automatic,7,DELHI
1016000.0,Sedan,14598,2,2019,17.0,Petrol,2019,Zero Dep,6,Manual,5,DELHI
1195000.0,SUV,96000,2,2015,12.55,Diesel,2015,Comprehensive,5,Automatic,7,DELHI
736000.0,SUV,40190,2,2018,24.3,Diesel,2018,Comprehensive,5,Manual,5,DELHI
9100000.0,SUV,8000,1,2022,11.21,Petrol,2022,Comprehensive,5,Automatic,7,DELHI
766000.0,SUV,80000,1,2016,17.01,Diesel,2016,Comprehensive,6,Automatic,5,DELHI
859000.0,SUV,46445,1,2016,13.0,Petrol,2016,Comprehensive,6,Manual,5,DELHI
1910000.0,MUV,6000,1,2022,8.0,Petrol,2022,Comprehensive,5,Manual,7,DELHI
6900000.0,Sedan,26000,1,2021,13.32,Petrol,2021,Third Party insurance,8,Automatic,4,DELHI
704000.0,Sedan,65083,1,2017,20.73,Petrol,2017,Third Party insurance,5,Manual,5,DELHI
1751000.0,SUV,150000,2,2014,11.74,Diesel,2014,Comprehensive,7,Automatic,5,DELHI
1443000.0,Sedan,5378,1,2021,18.3,Petrol,2021,Zero Dep,0,Automatic,5,DELHI
765000.0,Sedan,63001,1,2016,18.0,Petrol,2016,Comprehensive,0,Automatic,5,DELHI
950000.0,Sedan,68000,2,2014,17.11,Diesel,2014,Comprehensive,6,Automatic,5,DELHI
675000.0,MUV,15000,1,2022,20.0,Petrol,2022,Third Party insurance,5,Manual,7,DELHI
2095000.0,SUV,106180,1,2017,13.22,Diesel,2017,Comprehensive,7,Automatic,5,DELHI
1400000.0,SUV,68000,1,2020,16.35,Diesel,2020,Comprehensive,6,Manual,5,DELHI
1975000.0,SUV,11000,1,2022,18.9,Petrol,2022,Comprehensive,7,Automatic,5,DELHI
1095000.0,SUV,24000,1,2021,18.9,Petrol,2021,Comprehensive,6,Manual,5,DELHI
850000.0,Sedan,55000,1,2018,17.4,Petrol,2018,Comprehensive,5,Manual,5,DELHI
1485000.0,SUV,12010,1,2020,15.2,Diesel,2020,Comprehensive,6,Manual,4,DELHI
621000.0,Hatchback,60665,1,2020,21.01,Petrol,2020,Third Party,5,Manual,5,DELHI
1120000.0,SUV,10000,2,2021,18.9,Petrol,2021,Third Party insurance,6,Manual,5,DELHI
727000.0,MUV,82896,2,2012,20.77,Diesel,2012,Third Party,5,Manual,7,DELHI
6500000.0,Coupe,35000,2,2019,19.0,Diesel,2019,Comprehensive,7,Automatic,5,DELHI
1725000.0,SUV,1000,1,2023,16.39,Petrol,2023,Comprehensive,4,Automatic,4,DELHI
622000.0,Sedan,57463,1,2015,17.4,Petrol,2015,Comprehensive,5,Manual,5,DELHI
1310000.0,SUV,3100,1,2023,18.9,Petrol,2023,Comprehensive,6,Manual,5,DELHI
5200000.0,SUV,25000,2,2020,11.2,Diesel,2020,Comprehensive,6,Automatic,5,DELHI
625000.0,SUV,58716,1,2016,15.85,Petrol,2016,Zero Dep,5,Manual,5,DELHI
725000.0,Hatchback,27000,1,2021,21.0,Petrol,2021,Comprehensive,5,Manual,5,DELHI
532000.0,Hatchback,51017,1,2017,21.4,Petrol,2017,Comprehensive,5,Manual,5,DELHI
4300000.0,Hatchback,25000,1,2020,13.79,Petrol,2020,Comprehensive,8,Automatic,5,DELHI
3645000.0,SUV,33000,2,2017,18.0,Petrol,2017,Third Party insurance,8,Automatic,7,DELHI
710000.0,Hatchback,17000,1,2022,22.35,Petrol,2022,Comprehensive,5,Manual,5,DELHI
1390000.0,SUV,95000,1,2014,12.55,Diesel,2014,Comprehensive,5,Automatic,7,DELHI
7600000.0,SUV,15000,2,2020,18.9,Diesel,2020,Comprehensive,9,Automatic,5,DELHI
690000.0,Sedan,49000,1,2016,19.12,Petrol,2016,Comprehensive,4,Automatic,5,DELHI
2000000.0,Sedan,34000,2,2015,15.64,Petrol,2015,Third Party insurance,8,Automatic,5,DELHI
350000.0,Sedan,70000,1,2013,20.85,Petrol,2013,Comprehensive,5,Manual,5,DELHI
1145000.0,SUV,29100,1,2020,18.2,Petrol,2020,Comprehensive,6,Manual,5,DELHI
518000.0,Sedan,57116,1,2018,20.3,Petrol,2018,Zero Dep,5,Manual,5,DELHI
261000.0,Hatchback,56000,1,2016,21.1,Petrol,2016,Comprehensive,5,Manual,5,DELHI
866000.0,SUV,9343,1,2021,16.5,Petrol,2021,Third Party,5,Manual,5,DELHI
5100000.0,Sedan,15000,2,2021,14.11,Petrol,2021,Comprehensive,7,Automatic,5,DELHI
3850000.0,SUV,13000,1,2022,18.9,Diesel,2022,Comprehensive,6,Manual,7,DELHI
944000.0,SUV,90347,2,2017,13.0,Petrol,2017,Third Party insurance,6,Automatic,5,DELHI
8900000.0,Sedan,36000,1,2021,13.5,Diesel,2021,Comprehensive,9,Automatic,5,DELHI
2125000.0,SUV,60000,1,2017,17.05,Diesel,2017,Comprehensive,8,Automatic,5,DELHI
518000.0,Sedan,64668,1,2019,19.4,Petrol,2019,Zero Dep,5,Manual,5,DELHI
4500000.0,SUV,7800,0,2023,12.04,Diesel,2023,Comprehensive,8,Automatic,6,DELHI
574000.0,Sedan,87313,1,2014,17.4,Petrol,2014,Comprehensive,5,Manual,5,DELHI
3800000.0,SUV,60000,2,2018,14.7,Diesel,2018,Comprehensive,8,Automatic,5,DELHI
449000.0,Hatchback,39000,1,2015,18.7,Petrol,2015,Comprehensive,5,Manual,5,DELHI
1925000.0,SUV,18000,1,2021,11.67,Petrol,2021,Comprehensive,6,Automatic,6,DELHI
5650000.0,SUV,18000,2,2020,18.9,Diesel,2020,Comprehensive,9,Automatic,7,DELHI
6600000.0,SUV,11000,1,2016,18.8,Petrol,2016,Comprehensive,8,Automatic,5,DELHI
6200000.0,SUV,30000,1,2021,12.1,Petrol,2021,Comprehensive,8,Automatic,5,DELHI
2700000.0,SUV,8000,1,2018,17.9,Diesel,2018,Comprehensive,7,Automatic,5,DELHI
4050000.0,Sedan,57000,1,2017,15.0,Petrol,2017,Comprehensive,9,Automatic,5,DELHI
3600000.0,SUV,89500,2,2016,14.75,Diesel,2016,Comprehensive,8,Automatic,7,DELHI
719000.0,SUV,27684,2,2017,17.5,Petrol,2017,Third Party,5,Manual,5,DELHI
3300000.0,Sedan,22000,1,2017,14.74,Petrol,2017,Comprehensive,9,Automatic,5,DELHI
507000.0,Hatchback,71566,1,2019,20.4,Petrol,2019,Comprehensive,5,Manual,5,DELHI
3995000.0,SUV,75000,2,2016,14.75,Diesel,2016,Third Party insurance,8,Automatic,7,DELHI
2600000.0,Sedan,58000,2,2017,19.4,Diesel,2017,Comprehensive,7,Automatic,4,DELHI
665000.0,Sedan,75455,2,2015,18.0,Petrol,2015,Third Party,0,Automatic,5,DELHI
1500000.0,SUV,10000,1,2022,14.82,Petrol,2022,Comprehensive,0,Automatic,5,DELHI
2349000.0,SUV,80000,1,2017,10.91,Diesel,2017,Third Party insurance,6,Automatic,7,DELHI
1052000.0,SUV,85031,1,2018,14.8,Petrol,2018,Comprehensive,6,Automatic,5,DELHI
6700000.0,SUV,22000,1,2021,18.9,Diesel,2021,Comprehensive,9,Automatic,5,DELHI
930000.0,SUV,37527,1,2020,21.7,Diesel,2020,Zero Dep,5,Manual,5,DELHI
850000.0,SUV,80000,1,2019,24.3,Diesel,2019,Comprehensive,5,Manual,5,DELHI
5100000.0,Sedan,14000,1,2022,18.9,Petrol,2022,Comprehensive,7,Automatic,5,DELHI
1300000.0,SUV,40000,1,2018,15.1,Diesel,2018,Third Party insurance,6,Automatic,7,DELHI
625000.0,Hatchback,10000,1,2020,21.01,Petrol,2020,Third Party insurance,5,Manual,5,DELHI
5600000.0,SUV,50000,1,2016,16.12,Diesel,2016,Comprehensive,8,Automatic,5,DELHI
1950000.0,SUV,65000,2,2017,20.68,Diesel,2017,Third Party insurance,8,Automatic,5,DELHI
1499000.0,SUV,72011,1,2015,15.17,Diesel,2015,Comprehensive,7,Automatic,5,DELHI
2450000.0,SUV,40011,1,2021,14.9,Diesel,2021,Comprehensive,9,Automatic,5,DELHI
735000.0,MUV,85000,1,2016,19.34,Petrol,2016,Comprehensive,5,Manual,7,DELHI
726000.0,SUV,36206,2,2018,17.0,Petrol,2018,Zero Dep,5,Manual,5,DELHI
1650000.0,MUV,48011,1,2017,13.68,Diesel,2017,Comprehensive,5,Manual,8,DELHI
688000.0,Hatchback,86919,2,2019,21.4,Petrol,2019,Comprehensive,5,Manual,5,DELHI
39500000.0,SUV,4000,1,2022,18.9,Petrol,2022,Comprehensive,9,Automatic,5,DELHI
365000.0,Sedan,69650,2,2014,18.0,CNG,2014,Comprehensive,5,Manual,5,DELHI
627000.0,Sedan,41051,1,2018,19.44,Petrol,2018,Third Party,5,Manual,5,DELHI
1799000.0,MUV,52011,1,2019,11.36,Diesel,2019,Comprehensive,6,Automatic,7,DELHI
335000.0,Hatchback,52439,1,2013,19.81,Petrol,2013,Comprehensive,5,Manual,5,DELHI
528000.0,Sedan,82347,2,2014,19.12,Petrol,2014,Comprehensive,4,Automatic,5,DELHI
1899000.0,SUV,52001,2,2014,12.07,Diesel,2014,Comprehensive,8,Automatic,7,DELHI
511000.0,Sedan,97249,1,2014,20.73,Petrol,2014,Third Party,5,Manual,5,DELHI
9300000.0,SUV,11800,1,2023,18.9,Petrol,2023,Comprehensive,5,Automatic,7,DELHI
2099000.0,SUV,5700,1,2022,16.14,Diesel,2022,Comprehensive,6,Manual,6,DELHI
1950000.0,SUV,52011,1,2021,14.08,Diesel,2021,Comprehensive,6,Automatic,7,DELHI
849000.0,SUV,52368,1,2018,24.3,Diesel,2018,Third Party insurance,5,Manual,5,DELHI
7950000.0,SUV,33500,1,2020,18.9,Diesel,2020,Comprehensive,9,Automatic,5,DELHI
500000.0,Sedan,80000,1,2020,18.6,Petrol,2020,Third Party insurance,5,Manual,5,DELHI
525000.0,SUV,85162,2,2017,25.5,Diesel,2017,Third Party insurance,6,Manual,5,DELHI
775000.0,MUV,83863,1,2017,17.03,Petrol,2017,Third Party insurance,4,Automatic,7,DELHI
11000000.0,SUV,9500,1,2019,10.54,Petrol,2019,Comprehensive,8,Automatic,7,DELHI
486000.0,Hatchback,62526,1,2016,18.7,Petrol,2016,Zero Dep,5,Manual,5,DELHI
450000.0,Hatchback,40000,1,2018,22.0,Petrol,2018,Third Party insurance,5,Manual,5,DELHI
989000.0,SUV,35331,1,2019,19.87,Diesel,2019,Zero Dep,6,Manual,5,DELHI
5550000.0,SUV,40000,1,2020,18.9,Diesel,2020,Comprehensive,9,Automatic,7,DELHI
5100000.0,SUV,10000,1,2023,18.9,Petrol,2023,Third Party insurance,7,Automatic,5,DELHI
526000.0,Hatchback,14893,1,2019,20.3,Petrol,2019,Zero Dep,5,Manual,5,DELHI
170000.0,Hatchback,110000,2,2011,18.9,Petrol,2011,Third Party insurance,5,Manual,5,DELHI
15500000.0,Sedan,7900,1,2021,13.5,Diesel,2021,Comprehensive,9,Automatic,5,DELHI
434000.0,Hatchback,55215,1,2016,18.9,Petrol,2016,Zero Dep,5,Manual,5,DELHI
300000.0,Sedan,100000,1,2014,17.4,Petrol,2014,Third Party insurance,5,Manual,5,DELHI
1103000.0,Sedan,49930,1,2021,25.0,Diesel,2021,Third Party,6,Manual,5,DELHI
645000.0,SUV,54000,1,2017,24.3,Diesel,2017,Third Party insurance,5,Manual,5,DELHI
5150000.0,Sedan,1200,1,2021,18.9,Petrol,2021,Third Party,7,Automatic,5,DELHI
2790000.0,SUV,7000,1,2020,18.9,Petrol,2020,Third Party,7,Automatic,5,DELHI
1100000.0,MUV,40000,1,2021,26.08,CNG,2021,Third Party insurance,5,Manual,7,DELHI
1570000.0,SUV,83000,3,2014,15.26,Diesel,2014,Comprehensive,7,Automatic,5,DELHI
130000.0,Hatchback,60000,2,2011,20.36,Petrol,2011,Third Party insurance,5,Manual,5,DELHI
300000.0,Sedan,100000,1,2018,26.55,CNG,2018,Third Party insurance,5,Manual,5,DELHI
85000.0,Hatchback,60000,2,2009,20.36,Petrol,2009,Third Party insurance,5,Manual,5,DELHI
3750000.0,SUV,25000,1,2020,18.9,Petrol,2020,Comprehensive,8,Automatic,5,DELHI
422000.0,Sedan,67593,1,2015,18.0,Petrol,2015,Third Party,5,Manual,5,DELHI
1500000.0,SUV,50000,1,2020,18.5,Diesel,2020,Third Party insurance,6,Automatic,5,DELHI
495000.0,Hatchback,88882,1,2016,21.4,Petrol,2016,Comprehensive,5,Manual,5,DELHI
815000.0,Sedan,78986,1,2016,14.28,Petrol,2016,Comprehensive,6,Manual,5,DELHI
215000.0,Sedan,100000,1,2014,23.4,Diesel,2014,Third Party insurance,5,Manual,5,DELHI
502000.0,Hatchback,24727,2,2015,17.19,Petrol,2015,Comprehensive,5,Manual,5,DELHI
800000.0,SUV,70000,3,2014,15.73,Diesel,2014,Third Party insurance,7,Automatic,5,DELHI
15900000.0,Sedan,34000,1,2019,7.08,Petrol,2019,Comprehensive,9,Automatic,4,DELHI
565000.0,Hatchback,79328,1,2017,19.0,Petrol,2017,Comprehensive,5,Automatic,5,DELHI
280000.0,Hatchback,50000,1,2017,23.95,Petrol,2017,Third Party insurance,5,Manual,5,DELHI
524000.0,Hatchback,62113,2,2017,21.4,Petrol,2017,Third Party insurance,5,Manual,5,DELHI
1650000.0,SUV,2300,1,2023,18.9,Petrol,2023,Comprehensive,6,Manual,5,DELHI
450000.0,Sedan,120000,3,2013,14.53,Petrol,2013,Third Party insurance,7,Automatic,5,DELHI
315000.0,Hatchback,120000,2,2018,27.28,Diesel,2018,Third Party insurance,5,Manual,5,DELHI
450000.0,Sedan,120000,3,2013,14.53,Petrol,2013,Third Party insurance,7,Automatic,5,DELHI
4400000.0,SUV,5000,1,2022,18.9,Petrol,2022,Comprehensive,8,Automatic,5,DELHI
1120000.0,SUV,10000,2,2021,18.9,Petrol,2021,Third Party insurance,6,Manual,5,DELHI
750000.0,Sedan,60000,2,2018,17.0,Petrol,2018,Third Party insurance,6,Manual,5,DELHI
635000.0,Hatchback,30000,1,2021,21.01,Petrol,2021,Third Party insurance,5,Manual,5,DELHI
1110000.0,SUV,67000,1,2018,17.1,Diesel,2018,Comprehensive,6,Manual,5,DELHI
450000.0,Hatchback,86183,1,2016,18.9,Petrol,2016,Zero Dep,5,Manual,5,DELHI
260000.0,Sedan,70000,1,2013,23.59,Diesel,2013,Third Party insurance,5,Manual,5,DELHI
346000.0,Hatchback,88991,1,2013,22.38,Petrol,2013,Third Party,5,Manual,5,DELHI
5260000.0,SUV,18000,2,2019,16.55,Diesel,2019,Comprehensive,8,Automatic,5,DELHI
1475000.0,SUV,55000,1,2019,14.1,Petrol,2019,Comprehensive,7,Automatic,5,DELHI
479000.0,Hatchback,62657,1,2021,31.2,CNG,2021,Third Party,5,Manual,4,DELHI
300000.0,Hatchback,16452,1,2017,24.04,Petrol,2017,Comprehensive,5,Automatic,5,DELHI
2475000.0,Sedan,40000,2,2017,15.04,Petrol,2017,Comprehensive,7,Automatic,5,DELHI
740000.0,Hatchback,31029,1,2022,26.49,CNG,2022,Zero Dep,5,Manual,5,DELHI
450000.0,Hatchback,40000,2,2018,22.0,Petrol,2018,Third Party insurance,5,Manual,5,DELHI
403000.0,Hatchback,46724,2,2014,18.5,Petrol,2014,Comprehensive,5,Manual,5,DELHI
750000.0,Sedan,86000,1,2011,14.74,Petrol,2011,Third Party insurance,9,Automatic,5,DELHI
800000.0,SUV,40000,1,2015,16.0,Diesel,2015,Third Party insurance,6,Manual,7,DELHI
1425000.0,Sedan,80000,1,2015,19.16,Petrol,2015,Third Party insurance,6,Automatic,5,DELHI
1425000.0,Sedan,70000,1,2015,19.16,Petrol,2015,Third Party insurance,6,Automatic,5,DELHI
660000.0,Sedan,60000,1,2016,17.4,Petrol,2016,Comprehensive,5,Manual,5,DELHI
150000.0,Hatchback,60000,1,2009,18.9,Petrol,2009,Third Party insurance,5,Manual,5,DELHI
1100000.0,MUV,40000,1,2021,26.08,CNG,2021,Third Party insurance,5,Manual,7,DELHI
220000.0,Hatchback,80000,4,2015,27.62,Diesel,2015,Third Party insurance,5,Manual,5,DELHI
2800000.0,SUV,90000,1,2019,10.91,Diesel,2019,Comprehensive,6,Automatic,7,DELHI
676000.0,Hatchback,71727,1,2021,18.9,CNG,2021,Third Party,5,Manual,5,DELHI
1125000.0,Sedan,73000,1,2013,14.21,Diesel,2013,Comprehensive,5,Automatic,5,DELHI
686000.0,SUV,85482,1,2017,17.5,Petrol,2017,Third Party insurance,5,Manual,5,DELHI
2300000.0,SUV,54500,2,2016,12.33,Petrol,2016,Comprehensive,7,Automatic,5,DELHI
260000.0,Hatchback,60000,2,2016,31.79,CNG,2016,Third Party insurance,5,Manual,5,DELHI
798000.0,Sedan,89581,1,2017,17.01,Petrol,2017,Zero Dep,5,Manual,5,DELHI
275000.0,Sedan,110000,2,2014,14.3,Petrol,2014,Third Party insurance,6,Automatic,5,DELHI
4890000.0,SUV,79500,1,2016,11.0,Diesel,2016,Comprehensive,9,Automatic,7,DELHI
250000.0,Sedan,69164,2,2011,17.6,Petrol,2011,Third Party,5,Manual,5,DELHI
1450000.0,SUV,28000,1,2016,13.7,Petrol,2016,Comprehensive,5,Automatic,5,DELHI
787000.0,SUV,66175,1,2018,24.3,Diesel,2018,Comprehensive,5,Manual,5,DELHI
7500000.0,SUV,22000,2,2020,18.9,Petrol,2020,Comprehensive,7,Automatic,5,DELHI
485000.0,Sedan,47001,1,2017,20.3,Petrol,2017,Comprehensive,5,Manual,5,DELHI
1715000.0,SUV,145000,1,2016,15.04,Diesel,2016,Comprehensive,6,Automatic,7,DELHI
6100000.0,Sedan,19000,1,2021,15.0,Petrol,2021,Comprehensive,9,Automatic,5,DELHI
1200000.0,Sedan,43600,2,2015,17.11,Diesel,2015,Third Party insurance,8,Automatic,5,DELHI
425000.0,Hatchback,63521,1,2016,25.0,Petrol,2016,Comprehensive,5,Manual,5,DELHI
700000.0,Sedan,18021,1,2021,22.41,Petrol,2021,Comprehensive,5,Manual,5,DELHI
61000.0,Hatchback,90000,1,2008,17.3,Petrol,2008,Third Party insurance,5,Manual,5,DELHI
24500000.0,SUV,38000,1,2021,8.13,Diesel,2021,Comprehensive,9,Automatic,5,DELHI
711000.0,Hatchback,39076,1,2021,18.5,Petrol,2021,Third Party,5,Manual,5,DELHI
5250000.0,SUV,36000,1,2020,12.74,Petrol,2020,Comprehensive,9,Automatic,5,DELHI
423000.0,Hatchback,106848,1,2018,35.6,CNG,2018,Zero Dep,5,Manual,5,DELHI
1500000.0,MUV,105000,1,2017,13.68,Diesel,2017,Third Party insurance,5,Manual,7,DELHI
4450000.0,Convertibles,6500,2,2020,16.72,Petrol,2020,Third Party insurance,7,Automatic,4,DELHI
140000.0,Hatchback,111237,2,2010,20.36,Petrol,2010,Third Party insurance,5,Manual,5,DELHI
715000.0,Hatchback,70000,2,2018,17.21,Petrol,2018,Third Party insurance,7,Automatic,5,DELHI
1075000.0,SUV,95000,2,2015,11.1,Diesel,2015,Comprehensive,6,Automatic,7,DELHI
837000.0,SUV,13278,1,2022,18.75,Petrol,2022,Comprehensive,5,Manual,5,DELHI
1650000.0,SUV,35000,2,2022,18.9,Diesel,2022,Third Party,6,Automatic,4,DELHI
894000.0,SUV,12255,1,2022,20.0,Petrol,2022,Third Party,5,Manual,5,DELHI
6250000.0,SUV,68000,1,2017,8.9,Petrol,2017,Comprehensive,9,Automatic,7,DELHI
950000.0,SUV,67000,1,2019,17.6,Diesel,2019,Third Party insurance,6,Manual,7,DELHI
650000.0,Hatchback,37000,1,2019,27.39,Diesel,2019,Comprehensive,5,Manual,5,DELHI
4399000.0,Sedan,8000,1,2020,11.9,Petrol,2020,Comprehensive,9,Automatic,5,DELHI
595000.0,SUV,54000,1,2017,23.65,Diesel,2017,Third Party insurance,5,Manual,5,DELHI
499000.0,Sedan,120000,1,2014,25.1,Diesel,2014,Third Party insurance,6,Manual,5,DELHI
150000.0,Sedan,70000,2,2010,17.5,Petrol,2010,Third Party insurance,5,Manual,5,DELHI
6300000.0,SUV,17000,1,2022,12.74,Petrol,2022,Comprehensive,9,Automatic,5,DELHI
5200000.0,SUV,45000,1,2016,11.0,Diesel,2016,Comprehensive,9,Automatic,7,DELHI
459000.0,Hatchback,19717,1,2018,25.24,Petrol,2018,Third Party insurance,5,Manual,5,DELHI
5190000.0,Sedan,20000,1,2021,15.3,Petrol,2021,Comprehensive,8,Automatic,5,DELHI
332000.0,Hatchback,35495,1,2017,24.39,Petrol,2017,Third Party,5,Manual,5,DELHI
2190000.0,SUV,25000,2,2016,13.7,Petrol,2016,Comprehensive,7,Automatic,5,DELHI
1550000.0,SUV,27401,1,2018,16.0,Petrol,2018,Third Party insurance,7,Automatic,5,DELHI
427000.0,Hatchback,15981,1,2019,21.7,Petrol,2019,Comprehensive,5,Manual,5,DELHI
1900000.0,SUV,7500,1,2022,18.9,Petrol,2022,Comprehensive,8,Automatic,5,DELHI
4200000.0,Sedan,6300,1,2022,18.9,Petrol,2022,Comprehensive,7,Automatic,5,DELHI
183000.0,Hatchback,73052,1,2011,20.36,Petrol,2011,Third Party,5,Manual,5,DELHI
571000.0,Sedan,61000,1,2014,18.0,Petrol,2014,Comprehensive,0,Automatic,5,DELHI
806000.0,SUV,15036,1,2021,20.09,Petrol,2021,Third Party,5,Manual,5,DELHI
1700000.0,Sedan,94000,1,2015,20.37,Diesel,2015,Comprehensive,8,Automatic,5,DELHI
525000.0,Sedan,39000,1,2018,20.14,Petrol,2018,Third Party insurance,5,Manual,5,DELHI
250000.0,SUV,90000,3,2016,18.15,Petrol,2016,Third Party insurance,5,Manual,6,DELHI
120000.0,Hatchback,90000,1,2011,16.25,Petrol,2011,Third Party insurance,5,Manual,5,DELHI
5550000.0,SUV,44000,2,2017,11.0,Diesel,2017,Third Party insurance,9,Automatic,7,DELHI
60000.0,Hatchback,120000,2,2006,18.9,Petrol,2006,Third Party insurance,5,Manual,5,DELHI
265000.0,Hatchback,30000,1,2018,25.17,Petrol,2018,Third Party insurance,5,Manual,5,DELHI
6150000.0,SUV,4900,1,2021,11.2,Petrol,2021,Comprehensive,8,Automatic,5,DELHI
1975000.0,Hatchback,36000,2,2015,19.23,Petrol,2015,Comprehensive,6,Automatic,5,DELHI
519000.0,Hatchback,4975,1,2022,20.89,Petrol,2022,Comprehensive,5,Manual,5,DELHI
249000.0,Hatchback,48000,2,2014,30.46,CNG,2014,Comprehensive,5,Manual,5,DELHI
558000.0,MUV,36758,1,2021,20.0,Petrol,2021,Third Party,5,Manual,7,DELHI
5590000.0,Sedan,3500,1,2022,15.3,Petrol,2022,Comprehensive,8,Automatic,5,DELHI
1025000.0,SUV,10000,1,2022,18.24,Petrol,2022,Third Party insurance,0,Automatic,5,DELHI
698000.0,SUV,61882,1,2021,18.75,Petrol,2021,Comprehensive,5,Manual,5,DELHI
275000.0,Hatchback,66000,1,2011,17.0,Petrol,2011,Comprehensive,5,Manual,5,DELHI
3950000.0,SUV,46000,1,2018,12.81,Petrol,2018,Comprehensive,9,Automatic,7,DELHI
524000.0,Hatchback,6088,1,2021,20.89,Petrol,2021,Comprehensive,5,Manual,5,DELHI
675000.0,Hatchback,23000,1,2018,17.4,Petrol,2018,Comprehensive,5,Automatic,5,DELHI
546000.0,Hatchback,41732,1,2018,21.4,Petrol,2018,Zero Dep,5,Manual,5,DELHI
3685000.0,Sedan,55000,2,2018,22.48,Diesel,2018,Comprehensive,8,Automatic,5,DELHI
775000.0,SUV,51000,1,2019,24.3,Diesel,2019,Comprehensive,5,Manual,5,DELHI
245000.0,Hatchback,38000,1,2015,21.1,Petrol,2015,Comprehensive,5,Manual,5,DELHI
1000000.0,SUV,60000,1,2016,16.0,Diesel,2016,Third Party insurance,6,Manual,7,DELHI
3090000.0,SUV,75000,1,2016,17.9,Diesel,2016,Comprehensive,9,Automatic,5,DELHI
1300000.0,SUV,92000,3,2014,14.16,Diesel,2014,Comprehensive,7,Automatic,5,DELHI
95000.0,Hatchback,90000,3,2009,16.0,Petrol,2009,Third Party insurance,1,Manual,5,DELHI
1300000.0,SUV,92000,2,2013,14.16,Diesel,2013,Comprehensive,7,Automatic,5,DELHI
595000.0,Hatchback,49010,1,2019,18.6,Petrol,2019,Third Party insurance,5,Manual,5,DELHI
592000.0,Hatchback,26089,1,2019,21.4,Petrol,2019,Third Party,5,Manual,5,DELHI
520000.0,SUV,54000,1,2014,15.4,Diesel,2014,Third Party insurance,5,Manual,7,DELHI
352000.0,Hatchback,37302,1,2018,24.39,Petrol,2018,Comprehensive,5,Manual,5,DELHI
2550000.0,Sedan,42000,2,2018,17.9,Diesel,2018,Comprehensive,7,Automatic,5,DELHI
890000.0,Hatchback,37000,1,2021,21.4,Petrol,2021,Comprehensive,0,Automatic,5,DELHI
258000.0,Hatchback,36483,1,2015,22.05,Petrol,2015,Third Party,5,Manual,5,DELHI
775000.0,Sedan,62000,1,2015,14.62,Petrol,2015,Comprehensive,6,Automatic,5,DELHI
1095000.0,SUV,38010,1,2019,15.8,Petrol,2019,Third Party insurance,6,Manual,5,DELHI
475000.0,Hatchback,35123,2,2018,23.1,Petrol,2018,Comprehensive,5,Automatic,5,DELHI
800000.0,Sedan,43000,1,2016,18.0,Petrol,2016,Comprehensive,0,Automatic,5,DELHI
738000.0,SUV,25154,2,2019,23.0,Diesel,2019,Third Party insurance,5,Manual,5,DELHI
5600000.0,Sedan,10000,1,2020,20.37,Diesel,2020,Comprehensive,8,Automatic,5,DELHI
1850000.0,SUV,30600,2,2021,14.6,Diesel,2021,Comprehensive,6,Automatic,5,DELHI
775000.0,SUV,55000,1,2020,17.52,Petrol,2020,Third Party insurance,5,Manual,5,DELHI
1550000.0,SUV,14500,2,2021,18.9,Petrol,2021,Comprehensive,6,Automatic,4,DELHI
4950000.0,SUV,80000,2,2017,11.0,Diesel,2017,Comprehensive,9,Automatic,7,DELHI
575000.0,Sedan,76000,1,2013,14.5,Petrol,2013,Comprehensive,6,Automatic,5,DELHI
675000.0,Sedan,58000,1,2018,18.3,Petrol,2018,Third Party insurance,0,Automatic,5,DELHI
1650000.0,SUV,34000,1,2020,16.2,Petrol,2020,Third Party insurance,7,Automatic,5,DELHI
6675000.0,SUV,25000,1,2019,14.75,Diesel,2019,Third Party insurance,8,Automatic,7,DELHI
568000.0,Hatchback,25367,1,2017,21.4,Petrol,2017,Comprehensive,5,Manual,5,DELHI
2350000.0,Sedan,29000,1,2016,15.04,Petrol,2016,Comprehensive,7,Automatic,5,DELHI
548000.0,Hatchback,27240,1,2017,21.4,Petrol,2017,Third Party,5,Manual,5,DELHI
5150000.0,Sedan,55000,1,2015,7.81,Petrol,2015,Comprehensive,7,Automatic,5,DELHI
1150000.0,SUV,28000,1,2020,18.9,Diesel,2020,Comprehensive,6,Manual,5,DELHI
503000.0,Hatchback,20755,2,2016,21.4,Petrol,2016,Comprehensive,5,Manual,5,DELHI
41500000.0,SUV,3500,1,2023,18.9,Petrol,2023,Comprehensive,9,Automatic,5,DELHI
379000.0,Hatchback,56722,1,2014,22.0,Petrol,2014,Comprehensive,5,Manual,5,DELHI
925000.0,SUV,81000,2,2013,11.1,Petrol,2013,Third Party insurance,5,Automatic,5,DELHI
197000.0,Hatchback,55566,1,2011,19.0,Petrol,2011,Comprehensive,5,Manual,5,DELHI
4825000.0,Sedan,5500,1,2020,14.11,Petrol,2020,Third Party insurance,7,Automatic,5,DELHI
1775000.0,SUV,4000,1,2023,18.9,Diesel,2023,Comprehensive,6,Manual,5,DELHI
1650000.0,Sedan,950,1,2023,20.6,Petrol,2023,Comprehensive,7,Automatic,5,DELHI
540000.0,SUV,71000,1,2017,16.5,Diesel,2017,Third Party insurance,5,Manual,7,DELHI
1840000.0,MUV,28000,1,2019,13.68,Diesel,2019,Third Party insurance,5,Manual,8,DELHI
885000.0,Sedan,35000,1,2018,17.0,Petrol,2018,Comprehensive,6,Manual,5,DELHI
1800000.0,SUV,80000,1,2020,14.01,Petrol,2020,Third Party insurance,7,Automatic,5,DELHI
600000.0,Sedan,60000,2,2016,19.12,Petrol,2016,Third Party insurance,4,Automatic,5,DELHI
965000.0,SUV,12710,1,2021,17.0,Petrol,2021,Third Party insurance,6,Manual,5,DELHI
208000.0,Hatchback,64694,1,2011,18.9,Petrol,2011,Comprehensive,5,Manual,5,DELHI
2650000.0,Sedan,67510,2,2019,22.69,Diesel,2019,Comprehensive,8,Automatic,5,DELHI
528000.0,Hatchback,21867,1,2018,18.9,Petrol,2018,Comprehensive,5,Manual,5,DELHI
8765000.0,SUV,18000,2,2022,13.38,Diesel,2022,Comprehensive,8,Automatic,5,DELHI
2175000.0,Sedan,78010,1,2018,19.2,Petrol,2018,Comprehensive,7,Automatic,5,DELHI
555000.0,Hatchback,36247,1,2021,20.09,Petrol,2021,Comprehensive,5,Manual,5,DELHI
6200000.0,SUV,3106,1,2022,12.1,Petrol,2022,Comprehensive,8,Automatic,5,DELHI
5175000.0,SUV,40000,2,2020,12.74,Petrol,2020,Comprehensive,9,Automatic,5,DELHI
622000.0,Hatchback,55566,1,2019,21.01,Petrol,2019,Comprehensive,5,Manual,5,DELHI
1975000.0,Sedan,91000,1,2016,15.04,Petrol,2016,Comprehensive,7,Automatic,5,DELHI
733000.0,SUV,46318,1,2021,18.75,Petrol,2021,Zero Dep,5,Manual,5,DELHI
1075000.0,Sedan,7359,1,2023,20.65,Petrol,2023,Comprehensive,5,Manual,5,DELHI
5999000.0,SUV,35060,1,2022,18.9,Diesel,2022,Comprehensive,9,Automatic,5,DELHI
3100000.0,SUV,22060,1,2020,17.05,Diesel,2020,Comprehensive,8,Automatic,5,DELHI
3100000.0,Sedan,68060,1,2017,15.34,Petrol,2017,Comprehensive,8,Automatic,5,DELHI
699000.0,SUV,27000,1,2017,24.3,Diesel,2017,Comprehensive,5,Manual,5,DELHI
80000.0,Sedan,53000,2,2010,13.2,Petrol,2010,Third Party insurance,5,Manual,5,DELHI
250000.0,Sedan,50000,1,2013,25.8,Diesel,2013,Third Party insurance,5,Manual,5,DELHI
240000.0,Sedan,120000,4,2010,14.53,CNG,2010,Third Party insurance,6,Manual,5,DELHI
3965000.0,Sedan,15000,1,2020,12.6,Diesel,2020,Comprehensive,9,Automatic,5,DELHI
578000.0,Sedan,99373,1,2015,17.4,Petrol,2015,Comprehensive,5,Manual,5,DELHI
265000.0,SUV,120000,1,2016,22.77,Diesel,2016,Third Party insurance,5,Manual,5,DELHI
306000.0,Hatchback,11815,1,2017,22.05,Petrol,2017,Third Party,5,Manual,5,DELHI
549000.0,Sedan,39412,1,2016,21.21,Petrol,2016,Comprehensive,5,Manual,5,DELHI
450000.0,Hatchback,60000,2,2016,21.4,Petrol,2016,Third Party insurance,5,Manual,5,DELHI
536000.0,Hatchback,33015,1,2018,22.38,Petrol,2018,Comprehensive,5,Manual,5,DELHI
235000.0,Hatchback,44371,2,2012,19.4,Petrol,2012,Third Party insurance,5,Manual,5,DELHI
26900000.0,SUV,3500,1,2023,18.9,Diesel,2023,Comprehensive,10,Automatic,5,DELHI
304000.0,Hatchback,39045,1,2013,18.9,Petrol,2013,Comprehensive,5,Manual,5,DELHI
295000.0,Hatchback,49000,1,2013,19.81,Petrol,2013,Third Party insurance,5,Manual,5,DELHI
1296000.0,Sedan,7936,1,2021,18.3,Petrol,2021,Comprehensive,0,Automatic,5,DELHI
1075000.0,Sedan,66000,2,2014,17.68,Diesel,2014,Comprehensive,8,Automatic,5,DELHI
295000.0,Hatchback,65739,1,2016,21.1,Petrol,2016,Third Party insurance,5,Manual,5,DELHI
425000.0,Hatchback,52407,1,2016,23.1,Petrol,2016,Third Party insurance,5,Automatic,5,DELHI
350000.0,Hatchback,30000,1,2011,16.95,Petrol,2011,Third Party insurance,4,Automatic,5,DELHI
4375000.0,Sedan,48000,1,2018,17.42,Diesel,2018,Third Party insurance,8,Automatic,5,DELHI
275000.0,Hatchback,86816,1,2013,21.79,Petrol,2013,Third Party insurance,5,Manual,5,DELHI
415000.0,Hatchback,63000,1,2015,17.71,Petrol,2015,Third Party insurance,5,Manual,5,DELHI
465000.0,Hatchback,67000,1,2018,23.84,Petrol,2018,Third Party insurance,5,Manual,5,DELHI
975000.0,Sedan,59000,2,2014,17.11,Diesel,2014,Comprehensive,8,Automatic,5,DELHI
545000.0,Hatchback,68838,1,2016,18.6,Petrol,2016,Comprehensive,5,Manual,5,DELHI
510000.0,Hatchback,46835,1,2017,18.9,Petrol,2017,Third Party insurance,5,Manual,5,DELHI
1403000.0,Sedan,5242,2,2022,18.3,Petrol,2022,Third Party,0,Automatic,5,DELHI
749000.0,Hatchback,17457,1,2022,22.35,Petrol,2022,Comprehensive,5,Manual,5,DELHI
435000.0,Sedan,62789,1,2015,18.0,Petrol,2015,Third Party insurance,5,Manual,5,DELHI
346000.0,Hatchback,33618,1,2016,23.95,Petrol,2016,Comprehensive,5,Automatic,5,DELHI
205000.0,Sedan,75946,1,2010,17.0,Petrol,2010,Third Party insurance,5,Manual,5,DELHI
970000.0,SUV,230000,1,2013,13.0,Diesel,2013,Comprehensive,5,Manual,7,DELHI
257000.0,Hatchback,87208,1,2013,20.51,Petrol,2013,Comprehensive,5,Manual,5,DELHI
275000.0,Hatchback,42736,1,2016,22.5,Petrol,2016,Third Party insurance,5,Manual,5,DELHI
229000.0,Sedan,55556,1,2011,17.6,Petrol,2011,Comprehensive,5,Manual,5,DELHI
1250000.0,SUV,2054,1,2023,17.38,Petrol,2023,Comprehensive,5,Manual,5,DELHI
7750000.0,Sedan,1700,1,2023,15.0,Petrol,2023,Comprehensive,9,Automatic,5,DELHI
1725000.0,SUV,30120,1,2021,16.5,Petrol,2021,Comprehensive,7,Automatic,5,DELHI
349000.0,Sedan,32000,1,2011,17.1,Petrol,2011,Third Party insurance,5,Manual,5,DELHI
5500000.0,SUV,1200,1,2023,18.9,Diesel,2023,Comprehensive,6,Automatic,7,DELHI
3145000.0,SUV,9600,1,2021,18.9,Petrol,2021,Third Party,7,Automatic,5,DELHI
699000.0,Sedan,70000,1,2017,17.8,Petrol,2017,Comprehensive,5,Manual,5,DELHI
1275000.0,SUV,85000,1,2014,12.55,Diesel,2014,Third Party insurance,5,Automatic,7,DELHI
565000.0,Wagon,40000,1,2019,21.5,Petrol,2019,Comprehensive,5,Automatic,5,DELHI
722000.0,Hatchback,14163,1,2019,21.4,Petrol,2019,Comprehensive,5,Manual,5,DELHI
1685000.0,SUV,15000,1,2022,15.2,Diesel,2022,Comprehensive,6,Manual,4,DELHI
804000.0,Sedan,4764,1,2020,20.5,Petrol,2020,Third Party,5,Manual,5,DELHI
4300000.0,SUV,20000,1,2023,12.04,Diesel,2023,Comprehensive,8,Automatic,7,DELHI
2275000.0,MUV,7600,1,2022,8.0,Petrol,2022,Comprehensive,5,Manual,7,DELHI
742000.0,Sedan,69815,1,2016,18.0,Petrol,2016,Third Party,0,Automatic,5,DELHI
910000.0,SUV,82000,1,2018,22.1,Diesel,2018,Third Party insurance,6,Manual,5,DELHI
4000000.0,SUV,8400,1,2021,14.82,Petrol,2021,Comprehensive,7,Automatic,5,DELHI
315000.0,Hatchback,75463,1,2013,22.38,Petrol,2013,Comprehensive,5,Manual,5,DELHI
231000.0,Hatchback,66000,1,2013,33.54,CNG,2013,Comprehensive,5,Manual,5,DELHI
557000.0,Hatchback,22091,1,2017,21.4,Petrol,2017,Third Party insurance,5,Manual,5,DELHI
5775000.0,Sedan,32000,1,2019,17.09,Diesel,2019,Third Party insurance,8,Automatic,4,DELHI
231000.0,Hatchback,65000,2,2012,19.81,Petrol,2012,Comprehensive,5,Manual,5,DELHI
369000.0,Hatchback,66000,1,2016,23.84,Petrol,2016,Comprehensive,5,Manual,5,DELHI
5250000.0,SUV,25000,1,2019,15.97,Diesel,2019,Comprehensive,8,Automatic,5,DELHI
2675000.0,SUV,110000,1,2018,10.91,Diesel,2018,Comprehensive,6,Automatic,7,DELHI
1150000.0,SUV,15000,1,2022,18.9,Petrol,2022,Comprehensive,5,Manual,5,DELHI
700000.0,Hatchback,30000,1,2021,21.4,Petrol,2021,Comprehensive,5,Manual,5,DELHI
1300000.0,SUV,47000,1,2021,17.8,Diesel,2021,Comprehensive,6,Automatic,5,DELHI
5490000.0,SUV,6000,1,2023,20.37,Diesel,2023,Comprehensive,7,Automatic,5,DELHI
805000.0,Hatchback,35854,2,2020,21.4,Petrol,2020,Third Party insurance,0,Automatic,5,DELHI
735000.0,SUV,43623,1,2018,17.0,Petrol,2018,Third Party insurance,6,Manual,5,DELHI
441000.0,Sedan,64229,2,2015,16.78,Petrol,2015,Comprehensive,5,Manual,5,DELHI
5575000.0,SUV,33000,1,2021,18.9,Diesel,2021,Comprehensive,9,Automatic,7,DELHI
2890000.0,SUV,59605,2,2019,10.91,Diesel,2019,Comprehensive,6,Automatic,7,DELHI
397000.0,Hatchback,2997,1,2019,23.01,Petrol,2019,Comprehensive,5,Manual,5,DELHI
455000.0,Hatchback,9606,1,2021,21.74,Petrol,2021,Third Party insurance,5,Manual,5,DELHI
3850000.0,Sedan,75000,1,2015,13.5,Diesel,2015,Comprehensive,7,Automatic,5,DELHI
713000.0,Sedan,41898,2,2020,19.0,Petrol,2020,Third Party insurance,0,Automatic,5,DELHI
737000.0,Hatchback,23159,1,2021,21.01,Petrol,2021,Third Party insurance,5,Manual,5,DELHI
540000.0,SUV,53488,1,2016,15.85,Petrol,2016,Third Party,5,Manual,5,DELHI
1749000.0,MUV,29000,1,2019,13.68,Diesel,2019,Comprehensive,5,Manual,7,DELHI
2200000.0,SUV,6000,1,2023,12.34,Petrol,2023,Zero Dep,0,Automatic,6,DELHI
627000.0,Sedan,68192,1,2019,21.21,Petrol,2019,Third Party insurance,5,Manual,5,DELHI
1565000.0,SUV,600,1,2023,16.8,Petrol,2023,Comprehensive,6,Manual,5,DELHI
4625000.0,Sedan,13000,1,2020,10.8,Petrol,2020,Third Party insurance,8,Automatic,5,DELHI
772000.0,SUV,67756,1,2018,24.3,Diesel,2018,Third Party insurance,5,Manual,5,DELHI
587000.0,SUV,83811,1,2017,25.1,Diesel,2017,Third Party insurance,5,Manual,5,DELHI
410000.0,Hatchback,68000,1,2016,31.79,CNG,2016,Comprehensive,5,Manual,5,DELHI
699000.0,Hatchback,4100,1,2022,22.38,Petrol,2022,Comprehensive,5,Manual,5,DELHI
642000.0,Sedan,46243,1,2020,21.21,Petrol,2020,Comprehensive,5,Manual,5,DELHI
2700000.0,Sedan,37000,1,2014,9.26,Petrol,2014,Comprehensive,7,Automatic,4,DELHI
366000.0,Hatchback,52123,2,2015,19.34,Petrol,2015,Comprehensive,5,Automatic,5,DELHI
4950000.0,SUV,66000,2,2016,11.0,Diesel,2016,Comprehensive,9,Automatic,7,DELHI
447000.0,Hatchback,23690,1,2015,18.9,Petrol,2015,Third Party insurance,5,Manual,5,DELHI
262000.0,Hatchback,70879,1,2016,22.05,Petrol,2016,Zero Dep,5,Manual,5,DELHI
265000.0,Hatchback,42000,1,2012,16.47,Petrol,2012,Comprehensive,5,Manual,5,DELHI
3875000.0,SUV,56000,2,2018,16.38,Diesel,2018,Comprehensive,8,Automatic,5,DELHI
761000.0,Sedan,12651,2,2017,17.8,Petrol,2017,Comprehensive,5,Manual,5,DELHI
430000.0,Sedan,61000,1,2016,17.8,Petrol,2016,Comprehensive,5,Manual,5,DELHI
401000.0,Hatchback,98705,1,2018,35.6,CNG,2018,Comprehensive,5,Manual,5,DELHI
2950000.0,MUV,62000,1,2020,14.11,Diesel,2020,Comprehensive,8,Automatic,7,DELHI
380000.0,Sedan,28000,1,2014,18.0,Petrol,2014,Comprehensive,5,Manual,5,DELHI
825000.0,SUV,36000,1,2020,16.5,Diesel,2020,Comprehensive,5,Manual,7,DELHI
635000.0,Sedan,32000,1,2017,28.4,Diesel,2017,Comprehensive,5,Manual,5,DELHI
2250000.0,SUV,38000,1,2017,20.68,Diesel,2017,Third Party insurance,8,Automatic,5,DELHI
340000.0,Hatchback,33000,1,2017,23.95,Petrol,2017,Comprehensive,5,Manual,5,DELHI
950000.0,Sedan,68045,1,2018,22.0,Diesel,2018,Third Party insurance,6,Automatic,5,DELHI
1825000.0,SUV,12000,1,2022,18.9,Diesel,2022,Third Party insurance,6,Manual,7,DELHI
7200000.0,SUV,4000,1,2023,18.9,Diesel,2023,Comprehensive,9,Automatic,5,DELHI
392000.0,Hatchback,19765,1,2018,20.51,Petrol,2018,Zero Dep,5,Manual,5,DELHI
1205000.0,SUV,7076,1,2021,16.82,Petrol,2021,Third Party insurance,6,Manual,5,DELHI
743000.0,Sedan,30560,1,2017,17.8,Petrol,2017,Zero Dep,5,Manual,5,DELHI
3375000.0,Sedan,5000,1,2020,18.9,Diesel,2020,Comprehensive,8,Automatic,5,DELHI
485000.0,Hatchback,47944,1,2018,31.79,CNG,2018,Third Party insurance,5,Manual,5,DELHI
879000.0,SUV,78550,1,2016,13.0,Petrol,2016,Comprehensive,6,Automatic,5,DELHI
1050000.0,SUV,65000,1,2017,12.95,Petrol,2017,Third Party insurance,6,Automatic,5,DELHI
1980000.0,SUV,32000,1,2022,18.0,Diesel,2022,Comprehensive,6,Automatic,5,DELHI
462000.0,Sedan,58996,2,2017,19.5,Petrol,2017,Comprehensive,5,Manual,5,DELHI
2650000.0,Sedan,34000,2,2018,13.5,Diesel,2018,Comprehensive,8,Automatic,5,DELHI
509000.0,Hatchback,59537,2,2015,18.6,Petrol,2015,Third Party insurance,5,Manual,5,DELHI
530000.0,Hatchback,9314,1,2022,21.79,Petrol,2022,Comprehensive,5,Manual,5,DELHI
700000.0,SUV,60000,2,2019,18.9,Petrol,2019,Third Party insurance,5,Manual,5,DELHI
310000.0,Sedan,41684,1,2014,18.6,Petrol,2014,Third Party insurance,5,Manual,5,DELHI
700000.0,Sedan,70000,3,2011,12.3,Petrol,2011,Third Party insurance,7,Automatic,5,DELHI
440000.0,Hatchback,51607,1,2016,18.16,Petrol,2016,Comprehensive,5,Manual,5,DELHI
400000.0,Sedan,90000,1,2015,20.65,Diesel,2015,Third Party insurance,5,Manual,5,DELHI
3050000.0,MUV,30000,1,2020,14.11,Diesel,2020,Third Party insurance,8,Automatic,7,DELHI
1575000.0,SUV,40000,1,2022,15.2,Diesel,2022,Third Party insurance,6,Manual,4,DELHI
4995000.0,SUV,35000,1,2020,18.9,Diesel,2020,Comprehensive,9,Automatic,5,DELHI
360000.0,Hatchback,97672,1,2013,22.38,Petrol,2013,Comprehensive,5,Manual,5,DELHI
360000.0,Sedan,90000,3,2014,17.01,Petrol,2014,Third Party insurance,5,Manual,5,DELHI
344000.0,Hatchback,68740,2,2015,18.06,Petrol,2015,Comprehensive,5,Manual,5,DELHI
3565000.0,Sedan,37000,1,2018,14.74,Petrol,2018,Comprehensive,9,Automatic,5,DELHI
600000.0,Sedan,40000,1,2017,28.09,Diesel,2017,Third Party insurance,5,Manual,5,DELHI
340000.0,Sedan,86245,2,2015,18.0,Petrol,2015,Third Party insurance,5,Manual,5,DELHI
675000.0,Hatchback,40000,2,2016,17.21,Petrol,2016,Third Party insurance,7,Automatic,5,DELHI
4375000.0,Sedan,15000,2,2020,15.34,Petrol,2020,Comprehensive,8,Automatic,5,DELHI
294000.0,Hatchback,60896,2,2016,22.05,Petrol,2016,Comprehensive,5,Manual,5,DELHI
375000.0,Sedan,60000,1,2013,16.8,Petrol,2013,Third Party insurance,5,Manual,5,DELHI
801000.0,Sedan,18340,2,2021,22.61,Petrol,2021,Comprehensive,5,Automatic,5,DELHI
2900000.0,SUV,20000,1,2022,14.9,Diesel,2022,Third Party insurance,9,Automatic,5,DELHI
800000.0,SUV,70000,2,2017,17.01,Diesel,2017,Third Party insurance,6,Automatic,5,DELHI
313000.0,Hatchback,75000,1,2015,33.54,CNG,2015,Comprehensive,5,Manual,5,DELHI
510000.0,SUV,40000,1,2017,17.5,Petrol,2017,Third Party insurance,5,Manual,5,DELHI
1125000.0,SUV,57000,2,2014,15.73,Diesel,2014,Third Party insurance,7,Automatic,5,DELHI
455000.0,Hatchback,48000,1,2016,21.4,Petrol,2016,Comprehensive,5,Manual,5,DELHI
300000.0,Sedan,120000,1,2011,17.0,Petrol,2011,Third Party insurance,5,Manual,5,DELHI
725000.0,SUV,25000,1,2017,14.7,Petrol,2017,Comprehensive,6,Automatic,5,DELHI
2325000.0,MUV,29000,1,2021,12.0,Diesel,2021,Third Party insurance,6,Automatic,7,DELHI
515000.0,Hatchback,63176,1,2019,25.83,Diesel,2019,Comprehensive,5,Manual,5,DELHI
4000000.0,Sedan,24000,1,2021,17.42,Petrol,2021,Comprehensive,7,Automatic,5,DELHI
418000.0,Hatchback,22820,1,2020,21.74,Petrol,2020,Comprehensive,5,Manual,5,DELHI
7600000.0,SUV,5000,1,2022,18.9,Diesel,2022,Comprehensive,9,Automatic,5,DELHI
200000.0,Hatchback,30000,1,2009,20.36,Petrol,2009,Third Party insurance,5,Manual,5,DELHI
685000.0,Sedan,74538,1,2017,21.21,Petrol,2017,Comprehensive,5,Automatic,5,DELHI
3600000.0,SUV,40000,1,2019,11.5,Petrol,2019,Third Party insurance,9,Automatic,5,DELHI
289000.0,Hatchback,45399,1,2018,22.05,Petrol,2018,Comprehensive,5,Manual,5,DELHI
610000.0,Sedan,24940,2,2018,19.44,Petrol,2018,Third Party,5,Manual,5,DELHI
1400000.0,SUV,22000,1,2019,17.01,Diesel,2019,Comprehensive,6,Automatic,5,DELHI
323000.0,Sedan,98681,1,2014,18.0,Petrol,2014,Comprehensive,5,Manual,5,DELHI
9500000.0,SUV,6000,1,2023,18.9,Diesel,2023,Comprehensive,9,Automatic,5,DELHI
525000.0,Hatchback,40000,1,2017,21.01,Petrol,2017,Comprehensive,5,Manual,5,DELHI
725000.0,SUV,58000,1,2018,25.5,Diesel,2018,Comprehensive,6,Manual,5,DELHI
425000.0,Hatchback,75000,1,2015,22.54,Diesel,2015,Comprehensive,6,Manual,5,DELHI
350000.0,SUV,76000,1,2014,22.7,Diesel,2014,Comprehensive,5,Manual,5,DELHI
325000.0,Hatchback,60000,1,2017,24.04,Petrol,2017,Comprehensive,5,Automatic,5,DELHI
675000.0,Sedan,58000,1,2016,18.0,Petrol,2016,Comprehensive,0,Automatic,5,DELHI
415000.0,Sedan,80000,2,2013,14.69,Petrol,2013,Comprehensive,6,Manual,5,DELHI
3875000.0,Sedan,20000,1,2018,18.0,Diesel,2018,Third Party insurance,8,Automatic,5,DELHI
589000.0,Hatchback,42841,1,2017,21.4,Petrol,2017,Comprehensive,5,Manual,5,DELHI
650000.0,SUV,67000,1,2017,24.3,Diesel,2017,Comprehensive,5,Manual,5,DELHI
1027000.0,MUV,26000,1,2020,19.01,Petrol,2020,Third Party insurance,5,Manual,6,DELHI
375000.0,Hatchback,40000,1,2017,18.9,Petrol,2017,Third Party insurance,5,Manual,5,DELHI
1300000.0,SUV,60000,1,2019,15.1,Diesel,2019,Third Party insurance,6,Manual,7,DELHI
903000.0,Sedan,37140,2,2015,17.01,Petrol,2015,Comprehensive,5,Manual,5,DELHI
350000.0,Hatchback,120000,1,2018,31.79,CNG,2018,Third Party insurance,5,Manual,5,DELHI
2850000.0,SUV,74000,1,2018,12.9,Diesel,2018,Third Party insurance,6,Automatic,7,DELHI
904000.0,Hatchback,16430,1,2021,21.0,Petrol,2021,Zero Dep,5,Manual,5,DELHI
950000.0,SUV,10000,1,2022,17.03,Petrol,2022,Third Party insurance,5,Manual,5,DELHI
949000.0,Sedan,63054,1,2017,18.0,Petrol,2017,Comprehensive,0,Automatic,5,DELHI
3900000.0,Sedan,12000,1,2022,15.1,Petrol,2022,Comprehensive,7,Automatic,5,DELHI
7400000.0,Sedan,13000,1,2022,16.1,Diesel,2022,Comprehensive,9,Automatic,5,DELHI
1099000.0,SUV,32000,2,2018,17.01,Diesel,2018,Comprehensive,6,Automatic,5,DELHI
1511000.0,SUV,3500,1,2022,18.9,Petrol,2022,Comprehensive,6,Manual,5,DELHI
6475000.0,Convertibles,7023,1,2017,19.0,Petrol,2017,Third Party insurance,9,Automatic,2,DELHI
9200000.0,SUV,5000,1,2022,18.9,Diesel,2022,Comprehensive,9,Automatic,5,DELHI
4000000.0,Sedan,11000,1,2021,18.9,Petrol,2021,Comprehensive,7,Automatic,5,DELHI
4250000.0,Sedan,11000,1,2020,11.9,Petrol,2020,Third Party insurance,9,Automatic,5,DELHI
422000.0,Hatchback,50629,1,2017,22.38,Petrol,2017,Third Party insurance,5,Manual,5,DELHI
678000.0,Hatchback,63534,1,2019,21.4,Petrol,2019,Zero Dep,0,Automatic,5,DELHI
300000.0,Hatchback,52000,1,2018,20.3,Petrol,2018,Comprehensive,5,Manual,5,DELHI
496000.0,Hatchback,33695,1,2022,31.59,CNG,2022,Zero Dep,5,Manual,4,DELHI
463000.0,Hatchback,68744,1,2015,19.0,Petrol,2015,Third Party,5,Automatic,5,DELHI
455000.0,Sedan,70000,1,2013,16.8,Petrol,2013,Third Party insurance,5,Manual,5,DELHI
751000.0,Hatchback,9540,1,2020,23.84,Petrol,2020,Third Party,5,Automatic,5,DELHI
775000.0,Sedan,45000,1,2017,19.12,Petrol,2017,Comprehensive,4,Automatic,5,DELHI
678000.0,Hatchback,36861,1,2019,21.4,Petrol,2019,Zero Dep,5,Manual,5,DELHI
550000.0,SUV,68000,1,2017,15.9,Petrol,2017,Comprehensive,5,Manual,5,DELHI
390000.0,Sedan,68000,1,2014,19.1,Petrol,2014,Comprehensive,5,Manual,5,DELHI
395000.0,Hatchback,38000,1,2015,21.21,Petrol,2015,Comprehensive,5,Manual,5,DELHI
295000.0,Hatchback,39000,1,2017,23.01,Petrol,2017,Comprehensive,5,Manual,5,DELHI
599000.0,Hatchback,40000,1,2017,16.2,Petrol,2017,Comprehensive,5,Manual,5,DELHI
1749000.0,SUV,18000,1,2020,11.67,Petrol,2020,Comprehensive,6,Automatic,6,DELHI
399000.0,Hatchback,60000,1,2019,20.51,Petrol,2019,Comprehensive,5,Automatic,5,DELHI
449000.0,Sedan,40000,1,2018,25.83,Diesel,2018,Comprehensive,5,Manual,5,DELHI
300000.0,Hatchback,68000,1,2018,23.95,Petrol,2018,Comprehensive,5,Manual,5,DELHI
449000.0,Hatchback,40000,2,2017,20.89,Petrol,2017,Comprehensive,5,Manual,5,DELHI
295000.0,Hatchback,37000,1,2014,21.79,Petrol,2014,Comprehensive,5,Manual,5,DELHI
649000.0,Sedan,21912,1,2018,21.21,Petrol,2018,Zero Dep,5,Automatic,5,DELHI
274000.0,Hatchback,74564,1,2013,20.36,Petrol,2013,Third Party,5,Manual,5,DELHI
375000.0,Hatchback,48000,1,2019,24.7,Petrol,2019,Comprehensive,5,Manual,5,DELHI
801000.0,Sedan,96758,1,2017,18.0,Petrol,2017,Comprehensive,0,Automatic,5,DELHI
591000.0,Sedan,60341,1,2018,25.8,Diesel,2018,Zero Dep,5,Manual,5,DELHI
434000.0,Hatchback,36973,1,2017,20.4,Petrol,2017,Third Party,5,Manual,5,DELHI
699000.0,Sedan,39000,1,2017,28.09,Diesel,2017,Comprehensive,5,Manual,5,DELHI
271000.0,Hatchback,52514,1,2013,18.9,Petrol,2013,Third Party,5,Manual,5,DELHI
555000.0,Hatchback,13001,1,2022,21.5,Petrol,2022,Comprehensive,5,Manual,5,DELHI
825000.0,SUV,72000,1,2018,22.1,Diesel,2018,Comprehensive,6,Manual,5,DELHI
599000.0,SUV,62000,1,2017,15.9,Petrol,2017,Comprehensive,5,Manual,5,DELHI
481000.0,Sedan,34000,1,2017,16.78,Petrol,2017,Comprehensive,5,Manual,5,DELHI
385000.0,Sedan,67000,1,2015,18.0,Petrol,2015,Comprehensive,5,Manual,5,DELHI
699000.0,Hatchback,45000,1,2019,18.78,Petrol,2019,Comprehensive,5,Manual,5,DELHI
331000.0,Sedan,64000,1,2013,20.85,Petrol,2013,Comprehensive,5,Manual,5,DELHI
178000.0,Hatchback,58000,2,2013,18.6,Petrol,2013,Comprehensive,5,Manual,5,DELHI
925000.0,SUV,48000,2,2017,14.8,Petrol,2017,Comprehensive,6,Automatic,5,DELHI
290000.0,Hatchback,70000,1,2013,18.5,Petrol,2013,Comprehensive,5,Manual,5,DELHI
570000.0,Sedan,59863,2,2017,19.12,Petrol,2017,Comprehensive,4,Automatic,5,DELHI
492000.0,Hatchback,18468,1,2022,31.59,CNG,2022,Zero Dep,5,Manual,4,DELHI
530000.0,Hatchback,42173,2,2018,19.0,Petrol,2018,Third Party,5,Manual,5,DELHI
465000.0,SUV,68631,2,2015,14.7,Petrol,2015,Comprehensive,6,Automatic,5,DELHI
351000.0,Hatchback,18833,1,2021,22.05,Petrol,2021,Zero Dep,5,Manual,5,DELHI
515000.0,Hatchback,55418,1,2021,20.89,Petrol,2021,Third Party,5,Manual,5,DELHI
225000.0,Hatchback,20000,1,2013,20.51,Petrol,2013,Third Party insurance,5,Manual,5,DELHI
620000.0,MUV,53400,1,2020,20.0,Petrol,2020,Zero Dep,5,Manual,7,DELHI
349000.0,Hatchback,25000,1,2018,23.01,Petrol,2018,Comprehensive,5,Manual,5,DELHI
1385000.0,SUV,87576,1,2019,14.1,Petrol,2019,Comprehensive,7,Automatic,5,DELHI
290000.0,Hatchback,58000,1,2014,19.4,Petrol,2014,Comprehensive,5,Manual,5,DELHI
285000.0,MUV,75000,1,2015,19.44,Petrol,2015,Comprehensive,5,Manual,7,DELHI
330000.0,Sedan,69000,1,2013,14.8,Petrol,2013,Comprehensive,1,Automatic,5,DELHI
549000.0,SUV,20000,1,2015,16.55,Diesel,2015,Comprehensive,5,Manual,6,DELHI
365000.0,Hatchback,45000,1,2020,22.05,Petrol,2020,Comprehensive,5,Manual,5,DELHI
650000.0,Sedan,20000,1,2021,26.55,CNG,2021,Third Party insurance,5,Manual,5,DELHI
449000.0,SUV,70000,1,2015,23.65,Diesel,2015,Comprehensive,5,Manual,5,DELHI
599000.0,Hatchback,72000,1,2017,19.0,Petrol,2017,Comprehensive,5,Automatic,5,DELHI
4645000.0,SUV,7800,0,2023,12.04,Diesel,2023,Comprehensive,8,Automatic,6,DELHI
499000.0,Hatchback,25000,1,2020,20.09,Petrol,2020,Comprehensive,5,Manual,5,DELHI
8800000.0,SUV,19000,1,2020,18.8,Petrol,2020,Comprehensive,8,Automatic,5,DELHI
1358000.0,Sedan,11332,1,2022,18.07,Petrol,2022,Zero Dep,6,Automatic,5,DELHI
560000.0,Hatchback,25456,1,2016,21.4,Petrol,2016,Comprehensive,5,Manual,5,DELHI
275000.0,Hatchback,65000,2,2013,21.79,Petrol,2013,Comprehensive,5,Manual,5,DELHI
586000.0,Hatchback,93616,1,2017,19.0,Petrol,2017,Zero Dep,5,Automatic,5,DELHI
463000.0,Hatchback,74134,1,2017,26.0,Petrol,2017,Comprehensive,5,Automatic,5,DELHI
699000.0,SUV,70000,1,2018,14.99,Petrol,2018,Comprehensive,5,Automatic,5,DELHI
593000.0,Hatchback,62411,2,2018,27.39,Diesel,2018,Zero Dep,5,Manual,5,DELHI
1050000.0,Sedan,56000,2,2012,12.3,Petrol,2012,Third Party insurance,5,Automatic,5,DELHI
567000.0,SUV,63661,2,2018,25.32,Diesel,2018,Third Party,5,Manual,5,DELHI
1750000.0,SUV,24000,1,2021,18.9,Petrol,2021,Comprehensive,0,Automatic,6,DELHI
1650000.0,SUV,14000,1,2022,17.88,Petrol,2022,Comprehensive,7,Manual,5,DELHI
930000.0,SUV,70000,1,2017,16.0,Diesel,2017,Third Party insurance,6,Manual,7,DELHI
749000.0,SUV,50000,1,2018,17.5,Petrol,2018,Comprehensive,5,Manual,5,DELHI
249000.0,Sedan,74000,1,2011,15.04,Petrol,2011,Comprehensive,5,Manual,5,DELHI
899000.0,SUV,70000,1,2018,17.6,Diesel,2018,Comprehensive,6,Manual,7,DELHI
225000.0,Hatchback,65000,1,2013,19.81,Petrol,2013,Third Party insurance,5,Manual,5,DELHI
399000.0,Hatchback,40000,1,2015,27.39,Diesel,2015,Comprehensive,5,Manual,5,DELHI
80000.0,Hatchback,60000,3,2010,18.0,Petrol,2010,Third Party insurance,5,Manual,5,DELHI
225000.0,Sedan,81000,3,2010,16.8,Petrol,2010,Comprehensive,5,Automatic,5,DELHI
137000.0,Hatchback,80000,1,2012,19.7,Petrol,2012,Third Party insurance,5,Manual,5,DELHI
389000.0,Sedan,107539,1,2014,23.4,Diesel,2014,Comprehensive,5,Manual,5,DELHI
548000.0,Hatchback,52059,1,2016,21.4,Petrol,2016,Comprehensive,5,Manual,5,DELHI
1695000.0,SUV,70000,1,2021,15.81,Petrol,2021,Third Party insurance,6,Manual,5,DELHI
874000.0,Hatchback,5732,1,2021,21.0,Petrol,2021,Zero Dep,5,Manual,5,DELHI
596000.0,Sedan,53034,1,2018,19.5,Petrol,2018,Comprehensive,5,Manual,5,DELHI
179000.0,Sedan,80000,3,2009,17.0,Petrol,2009,Third Party insurance,5,Manual,5,DELHI
501000.0,Hatchback,66462,2,2017,21.4,Petrol,2017,Zero Dep,5,Manual,5,DELHI
575000.0,SUV,70000,1,2013,15.1,Diesel,2013,Third Party insurance,6,Manual,7,DELHI
495000.0,Hatchback,52444,1,2017,21.4,Petrol,2017,Third Party,5,Manual,5,DELHI
500000.0,SUV,60000,1,2014,14.0,Diesel,2014,Third Party insurance,5,Manual,7,DELHI
1500000.0,SUV,40000,2,2019,13.96,Petrol,2019,Third Party insurance,6,Automatic,5,DELHI
725000.0,Hatchback,10000,1,2022,20.7,Petrol,2022,Third Party insurance,5,Manual,5,DELHI
1030000.0,SUV,10000,1,2022,17.03,Petrol,2022,Third Party insurance,5,Manual,5,DELHI
650000.0,Sedan,70000,1,2017,28.09,Diesel,2017,Third Party insurance,5,Manual,5,DELHI
450000.0,Hatchback,14000,1,2014,18.9,Petrol,2014,Comprehensive,4,Automatic,5,DELHI
689000.0,SUV,39500,1,2019,21.7,Diesel,2019,Third Party insurance,5,Manual,5,DELHI
1250000.0,Sedan,64213,1,2018,16.7,Petrol,2018,Comprehensive,6,Manual,5,DELHI
310000.0,Hatchback,20000,2,2021,22.05,Petrol,2021,Third Party insurance,5,Manual,5,DELHI
1200000.0,SUV,60000,1,2019,16.5,Petrol,2019,Comprehensive,6,Manual,5,DELHI
1280000.0,Pickup Trucks,120000,1,2018,12.4,Diesel,2018,Third Party insurance,5,Manual,5,DELHI
452000.0,Hatchback,48768,2,2017,18.9,Petrol,2017,Zero Dep,5,Manual,5,DELHI
404000.0,Hatchback,91970,2,2020,25.24,Petrol,2020,Comprehensive,5,Manual,5,DELHI
2025000.0,SUV,7100,1,2023,17.9,Petrol,2023,Comprehensive,7,Automatic,5,DELHI
473000.0,Hatchback,34936,1,2016,21.4,Petrol,2016,Zero Dep,5,Manual,5,DELHI
252000.0,Hatchback,64071,3,2011,16.7,Petrol,2011,Third Party,5,Manual,5,DELHI
950000.0,SUV,10000,1,2022,16.5,Petrol,2022,Comprehensive,5,Manual,5,DELHI
633000.0,Hatchback,60443,1,2018,21.4,Petrol,2018,Zero Dep,0,Automatic,5,DELHI
875000.0,Sedan,56000,1,2017,18.0,Petrol,2017,Comprehensive,0,Automatic,5,DELHI
413000.0,Hatchback,10056,2,2015,22.38,Petrol,2015,Comprehensive,5,Manual,5,DELHI
1100000.0,Sedan,13000,1,2020,17.4,Petrol,2020,Comprehensive,5,Manual,5,DELHI
1250000.0,SUV,80000,1,2020,18.9,Diesel,2020,Comprehensive,6,Manual,5,DELHI
4150000.0,SUV,53000,1,2019,15.68,Diesel,2019,Third Party insurance,9,Automatic,5,DELHI
650000.0,SUV,110000,2,2012,10.4,Petrol,2012,Third Party insurance,5,Manual,5,DELHI
300000.0,Hatchback,60000,1,2012,18.9,Petrol,2012,Third Party insurance,5,Manual,5,DELHI
5700000.0,Sedan,22000,1,2022,16.9,Petrol,2022,Comprehensive,9,Automatic,5,DELHI
713000.0,Hatchback,30000,1,2022,22.38,Petrol,2022,Third Party insurance,5,Manual,5,DELHI
515000.0,SUV,90000,2,2015,15.63,Petrol,2015,Third Party insurance,6,Automatic,5,DELHI
600000.0,Hatchback,50000,1,2020,21.01,Petrol,2020,Third Party insurance,5,Manual,5,DELHI
2090000.0,SUV,22000,1,2022,14.6,Diesel,2022,Comprehensive,6,Automatic,5,DELHI
690000.0,Sedan,48000,1,2016,19.12,Petrol,2016,Third Party insurance,4,Automatic,5,DELHI
513000.0,Hatchback,35467,1,2016,21.4,Petrol,2016,Comprehensive,5,Manual,5,DELHI
850000.0,Sedan,54481,1,2017,17.0,Petrol,2017,Comprehensive,6,Automatic,5,DELHI
835000.0,SUV,24000,1,2022,20.15,Petrol,2022,Comprehensive,5,Manual,5,DELHI
439000.0,Hatchback,76181,1,2017,18.9,Petrol,2017,Comprehensive,5,Manual,5,DELHI
720000.0,Hatchback,23842,1,2020,21.01,Petrol,2020,Comprehensive,5,Manual,5,DELHI
942000.0,SUV,20000,2,2022,17.03,Petrol,2022,Third Party insurance,5,Manual,5,DELHI
538000.0,Sedan,94407,1,2014,18.0,Petrol,2014,Comprehensive,0,Automatic,5,DELHI
100000.0,Sedan,80000,1,2009,16.36,Petrol,2009,Third Party insurance,5,Manual,5,DELHI
491000.0,Hatchback,124245,1,2016,21.4,Petrol,2016,Third Party insurance,5,Manual,5,DELHI
925000.0,Sedan,5100,1,2022,18.3,Petrol,2022,Comprehensive,0,Automatic,5,DELHI
1060000.0,SUV,30000,1,2022,17.03,Petrol,2022,Third Party insurance,5,Manual,5,DELHI
900000.0,SUV,120000,2,2012,13.0,Diesel,2012,Third Party insurance,5,Manual,7,DELHI
670000.0,SUV,50000,1,2018,24.3,Diesel,2018,Comprehensive,5,Manual,5,DELHI
500000.0,SUV,89698,1,2017,18.88,Petrol,2017,Comprehensive,5,Manual,5,DELHI
1250000.0,Sedan,18000,2,2014,16.55,Diesel,2014,Third Party insurance,7,Automatic,5,DELHI
110000.0,Hatchback,100000,3,2009,16.1,Petrol,2009,Third Party insurance,5,Manual,5,DELHI
150000.0,Hatchback,60000,2,2010,17.92,Petrol,2010,Third Party insurance,5,Manual,5,DELHI
3200000.0,SUV,30000,2,2019,10.91,Diesel,2019,Third Party insurance,6,Automatic,7,DELHI
240000.0,Hatchback,30000,1,2014,19.0,LPG,2014,Third Party insurance,5,Manual,5,DELHI
460000.0,Sedan,100000,3,2014,17.4,Petrol,2014,Third Party insurance,5,Manual,5,DELHI
411000.0,Hatchback,58193,1,2016,18.9,Petrol,2016,Comprehensive,5,Manual,5,DELHI
481000.0,Hatchback,68621,2,2017,21.4,Petrol,2017,Comprehensive,5,Manual,5,DELHI
670000.0,SUV,50000,1,2017,17.5,Petrol,2017,Third Party insurance,5,Manual,5,DELHI
724000.0,Hatchback,23399,1,2020,21.01,Petrol,2020,Comprehensive,5,Manual,5,DELHI
546000.0,Hatchback,60915,1,2017,17.19,Petrol,2017,Third Party insurance,5,Manual,5,DELHI
799000.0,MUV,44000,1,2018,17.5,CNG,2018,Comprehensive,5,Manual,7,DELHI
278000.0,Hatchback,101297,1,2013,16.47,Petrol,2013,Comprehensive,5,Manual,5,DELHI
1575000.0,Sedan,10000,1,2023,18.4,Petrol,2023,Third Party insurance,0,Automatic,5,DELHI
261000.0,Hatchback,73883,1,2013,19.4,Petrol,2013,Third Party,5,Manual,5,DELHI
415000.0,SUV,75000,1,2014,14.0,Diesel,2014,Third Party insurance,5,Manual,7,DELHI
399000.0,Hatchback,69000,1,2018,25.32,Diesel,2018,Comprehensive,5,Manual,5,DELHI
220000.0,Hatchback,58632,1,2011,16.95,Petrol,2011,Comprehensive,4,Automatic,5,DELHI
330000.0,Sedan,41352,1,2011,13.9,Petrol,2011,Comprehensive,5,Automatic,5,DELHI
435000.0,Sedan,37000,1,2015,19.1,Petrol,2015,Comprehensive,5,Manual,5,DELHI
1750000.0,SUV,20100,1,2021,18.9,Petrol,2021,Third Party insurance,8,Automatic,5,DELHI
1475000.0,SUV,50000,1,2019,15.1,Diesel,2019,Third Party insurance,6,Automatic,7,DELHI
450000.0,Hatchback,90000,1,2018,20.89,Petrol,2018,Third Party insurance,5,Manual,5,DELHI
4400000.0,Sedan,7800,1,2020,11.9,Petrol,2020,Comprehensive,9,Automatic,5,DELHI
380000.0,Sedan,120000,1,2016,26.59,Diesel,2016,Third Party insurance,5,Manual,5,DELHI
95000.0,Hatchback,120000,1,2010,17.0,CNG,2010,Third Party insurance,5,Manual,5,DELHI
675000.0,Hatchback,59014,1,2020,21.01,Petrol,2020,Zero Dep,5,Manual,5,DELHI
527000.0,Hatchback,43148,1,2017,16.5,Petrol,2017,Zero Dep,5,Automatic,5,DELHI
2990000.0,SUV,79000,1,2019,12.62,Diesel,2019,Comprehensive,6,Automatic,7,DELHI
380000.0,Sedan,89352,1,2015,22.41,Petrol,2015,Comprehensive,5,Manual,5,DELHI
689000.0,Sedan,38511,1,2021,19.28,Petrol,2021,Third Party,5,Manual,5,DELHI
2400000.0,SUV,54000,1,2015,15.26,Diesel,2015,Comprehensive,7,Automatic,5,DELHI
474000.0,Hatchback,66584,1,2016,21.4,Petrol,2016,Zero Dep,5,Manual,5,DELHI
2550000.0,SUV,48000,1,2017,10.91,Diesel,2017,Third Party insurance,6,Automatic,7,DELHI
577000.0,Hatchback,19418,1,2020,20.89,Petrol,2020,Third Party,5,Manual,5,DELHI
2550000.0,Sedan,72000,1,2016,14.74,Petrol,2016,Comprehensive,7,Automatic,5,DELHI
895000.0,Sedan,23000,1,2018,17.8,Petrol,2018,Comprehensive,0,Automatic,5,DELHI
250000.0,Sedan,50000,1,2012,16.95,Petrol,2012,Third Party insurance,5,Manual,5,DELHI
1025000.0,SUV,20000,1,2022,18.9,Diesel,2022,Third Party insurance,6,Manual,5,DELHI
900000.0,Sedan,30000,1,2021,17.4,Petrol,2021,Third Party insurance,5,Manual,5,DELHI
650000.0,SUV,42000,1,2020,17.52,Petrol,2020,Comprehensive,5,Manual,5,DELHI
1175000.0,Sedan,600,1,2023,20.04,Petrol,2023,Comprehensive,4,Automatic,5,DELHI
186000.0,Sedan,30000,3,2010,12.9,Petrol,2010,Third Party insurance,5,Manual,5,DELHI
250000.0,Sedan,70000,1,2012,16.95,Petrol,2012,Third Party insurance,5,Manual,5,DELHI
425000.0,Hatchback,136288,1,2015,22.54,Diesel,2015,Not Available,6,Manual,5,DELHI
425000.0,Hatchback,48000,1,2015,18.9,Petrol,2015,Third Party insurance,5,Manual,5,DELHI
523000.0,Hatchback,49707,1,2019,18.9,Petrol,2019,Third Party,5,Manual,5,DELHI
240000.0,Hatchback,59443,1,2012,19.4,Petrol,2012,Comprehensive,5,Manual,5,DELHI
754000.0,Sedan,30000,1,2022,31.12,CNG,2022,Third Party insurance,5,Manual,5,DELHI
1285000.0,SUV,52000,1,2017,16.0,Petrol,2017,Comprehensive,7,Automatic,5,DELHI
1317000.0,SUV,40398,1,2019,15.1,Diesel,2019,Zero Dep,6,Automatic,7,DELHI
1465000.0,SUV,50000,1,2019,16.0,Petrol,2019,Third Party insurance,6,Manual,5,DELHI
491000.0,Hatchback,84181,2,2017,18.6,Petrol,2017,Comprehensive,5,Manual,5,DELHI
550000.0,Hatchback,10000,1,2018,18.15,Petrol,2018,Third Party insurance,5,Manual,6,DELHI
618000.0,Hatchback,66434,1,2018,28.4,Diesel,2018,Third Party insurance,5,Manual,5,DELHI
775000.0,SUV,40000,1,2018,14.8,Petrol,2018,Third Party insurance,6,Automatic,5,DELHI
80000.0,Hatchback,100000,1,2007,18.9,Petrol,2007,Third Party insurance,5,Manual,5,DELHI
775000.0,SUV,40000,1,2018,14.8,Petrol,2018,Third Party insurance,6,Automatic,5,DELHI
400000.0,SUV,100000,1,2013,14.0,Diesel,2013,Third Party insurance,5,Manual,7,DELHI
3350000.0,SUV,51800,1,2018,15.04,Diesel,2018,Comprehensive,6,Automatic,7,DELHI
200000.0,Sedan,100000,5,2010,14.8,Petrol,2010,Third Party insurance,5,Manual,5,DELHI
200000.0,Sedan,100000,5,2010,14.8,Petrol,2010,Third Party insurance,5,Manual,5,DELHI
510000.0,Hatchback,70000,2,2019,18.6,Petrol,2019,Third Party insurance,5,Manual,5,DELHI
870000.0,SUV,87000,1,2013,15.73,Diesel,2013,Third Party insurance,7,Automatic,5,DELHI
1100000.0,MUV,7000,1,2021,19.01,Petrol,2021,Third Party insurance,5,Manual,6,DELHI
445000.0,Hatchback,60000,2,2017,26.8,Diesel,2017,Third Party insurance,5,Automatic,5,DELHI
547000.0,SUV,88710,1,2015,16.5,Petrol,2015,Zero Dep,6,Automatic,5,DELHI
626000.0,Hatchback,47644,1,2019,21.4,Petrol,2019,Comprehensive,5,Manual,5,DELHI
1200000.0,SUV,40000,1,2017,16.0,Diesel,2017,Third Party insurance,6,Manual,7,DELHI
445000.0,Hatchback,100505,1,2016,21.4,Petrol,2016,Comprehensive,5,Manual,5,DELHI
458000.0,Hatchback,106648,1,2015,18.6,Petrol,2015,Third Party insurance,5,Manual,5,DELHI
205000.0,Hatchback,60000,2,2014,11.88,CNG,2014,Third Party insurance,5,Manual,5,DELHI
507000.0,Hatchback,53481,1,2019,33.54,CNG,2019,Comprehensive,5,Manual,5,DELHI
240000.0,Hatchback,40000,2,2012,18.9,Petrol,2012,Third Party insurance,5,Manual,5,DELHI
713000.0,Hatchback,25050,1,2019,21.4,Petrol,2019,Zero Dep,5,Manual,5,DELHI
890000.0,SUV,77000,1,2016,16.0,Diesel,2016,Third Party,6,Manual,7,DELHI
135000.0,Hatchback,120000,4,2006,16.1,Petrol,2006,Third Party insurance,5,Manual,5,DELHI
390000.0,Sedan,58000,1,2014,18.0,Petrol,2014,Comprehensive,5,Manual,5,DELHI
575000.0,Sedan,96000,1,2014,17.8,Petrol,2014,Comprehensive,5,Manual,5,DELHI
400000.0,Hatchback,51000,1,2019,31.79,CNG,2019,Comprehensive,5,Manual,5,DELHI
350000.0,Hatchback,70000,1,2015,27.3,Diesel,2015,Third Party insurance,6,Manual,5,DELHI
2050000.0,SUV,27000,1,2022,18.1,Diesel,2022,Comprehensive,6,Automatic,7,DELHI
825000.0,SUV,32456,1,2020,17.33,Petrol,2020,Comprehensive,6,Manual,5,DELHI
1650000.0,SUV,15000,1,2021,18.9,Diesel,2021,Comprehensive,6,Automatic,4,DELHI
950000.0,Sedan,34940,1,2021,17.7,Petrol,2021,Comprehensive,6,Manual,5,DELHI
500000.0,Sedan,70000,3,2016,23.9,Diesel,2016,Third Party insurance,6,Manual,5,DELHI
608000.0,Hatchback,73679,1,2019,21.4,Petrol,2019,Comprehensive,5,Manual,5,DELHI
423000.0,Hatchback,32722,2,2017,18.9,Petrol,2017,Comprehensive,5,Manual,5,DELHI
800000.0,Hatchback,70000,2,2018,17.21,Petrol,2018,Third Party insurance,7,Automatic,5,DELHI
922000.0,Sedan,59059,1,2019,17.0,Petrol,2019,Zero Dep,6,Manual,5,DELHI
433000.0,Hatchback,34332,2,2017,18.9,Petrol,2017,Third Party insurance,5,Manual,5,DELHI
525000.0,SUV,72194,1,2018,21.7,Diesel,2018,Third Party insurance,5,Manual,5,DELHI
526000.0,Hatchback,56740,1,2017,21.4,Petrol,2017,Zero Dep,5,Manual,5,DELHI
655000.0,SUV,72490,1,2019,18.49,Diesel,2019,Third Party insurance,5,Manual,7,DELHI
459000.0,Hatchback,35828,1,2018,18.9,Petrol,2018,Third Party,5,Manual,5,DELHI
1450000.0,SUV,57088,1,2015,15.73,Diesel,2015,Third Party insurance,7,Automatic,5,DELHI
865000.0,Sedan,70382,1,2020,17.8,Petrol,2020,Third Party insurance,0,Automatic,5,DELHI
550000.0,Hatchback,20000,1,2022,20.89,Petrol,2022,Third Party insurance,5,Manual,5,DELHI
1125000.0,Sedan,17000,1,2018,22.0,Diesel,2018,Third Party insurance,6,Automatic,5,DELHI
1500000.0,SUV,30000,1,2020,13.96,Petrol,2020,Third Party insurance,6,Automatic,5,DELHI
261000.0,Hatchback,70000,1,2012,16.7,Petrol,2012,Third Party insurance,5,Manual,5,DELHI
950000.0,MUV,65202,1,2019,18.69,Petrol,2019,Third Party insurance,4,Automatic,7,DELHI
485000.0,MUV,72000,1,2013,16.02,Petrol,2013,Third Party insurance,5,Manual,7,DELHI
510000.0,Hatchback,45313,1,2021,32.52,CNG,2021,Not Available,5,Manual,5,DELHI
2500000.0,Sedan,40000,1,2015,19.27,Diesel,2015,Third Party insurance,7,Automatic,5,DELHI
664000.0,SUV,120000,1,2014,15.1,Diesel,2014,Third Party insurance,6,Manual,7,DELHI
284000.0,Hatchback,54235,2,2014,18.5,Petrol,2014,Third Party,5,Manual,5,DELHI
520000.0,Hatchback,52777,1,2018,20.89,Petrol,2018,Zero Dep,5,Automatic,5,DELHI
590000.0,Hatchback,26000,1,2018,18.6,Petrol,2018,Comprehensive,5,Manual,5,DELHI
655000.0,Sedan,77937,1,2018,15.41,Petrol,2018,Third Party,5,Manual,5,DELHI
699000.0,Sedan,40663,1,2021,19.28,Petrol,2021,Zero Dep,5,Manual,5,DELHI
395000.0,Hatchback,40000,1,2015,18.9,Petrol,2015,Comprehensive,5,Manual,5,DELHI
217000.0,Sedan,115500,1,2011,17.6,Petrol,2011,Comprehensive,5,Manual,5,DELHI
940000.0,Sedan,67000,1,2015,13.7,Petrol,2015,Comprehensive,7,Automatic,5,DELHI
887000.0,SUV,16312,1,2016,13.0,Petrol,2016,Third Party,6,Manual,5,DELHI
480000.0,Sedan,60000,2,2016,20.85,Petrol,2016,Third Party insurance,5,Manual,5,DELHI
425000.0,MUV,90000,1,2014,17.3,Petrol,2014,Third Party insurance,5,Manual,7,DELHI
495000.0,Hatchback,67000,1,2018,18.9,CNG,2018,Comprehensive,5,Manual,5,DELHI
550000.0,Sedan,80000,2,2015,20.73,Petrol,2015,Third Party insurance,5,Manual,5,DELHI
137000.0,Hatchback,60000,1,2011,19.81,Petrol,2011,Third Party insurance,5,Manual,5,DELHI
565000.0,Sedan,34253,1,2015,18.0,Petrol,2015,Comprehensive,0,Automatic,5,DELHI
1290000.0,SUV,27000,1,2019,16.8,Petrol,2019,Comprehensive,0,Automatic,5,DELHI
355000.0,Hatchback,64000,2,2017,23.1,Petrol,2017,Comprehensive,5,Automatic,5,DELHI
386000.0,Sedan,67827,1,2015,19.1,Petrol,2015,Third Party,5,Manual,5,DELHI
514000.0,Hatchback,79094,1,2018,21.4,Petrol,2018,Zero Dep,5,Manual,5,DELHI
325000.0,Sedan,64589,2,2012,17.01,Petrol,2012,Third Party,5,Manual,5,DELHI
508000.0,Hatchback,88309,1,2015,17.19,Petrol,2015,Comprehensive,5,Manual,5,DELHI
567000.0,Hatchback,66688,2,2018,22.38,Petrol,2018,Comprehensive,5,Manual,5,DELHI
670000.0,Hatchback,20000,1,2022,21.01,Petrol,2022,Third Party insurance,5,Manual,5,DELHI
760000.0,Sedan,60653,1,2018,20.28,Petrol,2018,Third Party,4,Automatic,5,DELHI
3350000.0,MUV,70000,1,2022,14.11,Diesel,2022,Third Party insurance,8,Automatic,7,DELHI
398000.0,Hatchback,86527,1,2017,18.9,Petrol,2017,Zero Dep,5,Manual,5,DELHI
485000.0,Sedan,67000,1,2017,19.5,Petrol,2017,Comprehensive,5,Manual,5,DELHI
135000.0,Hatchback,70000,3,2009,16.0,Petrol,2009,Third Party insurance,5,Manual,5,DELHI
300000.0,SUV,70000,3,2013,16.5,Petrol,2013,Third Party insurance,6,Automatic,5,DELHI
525000.0,Sedan,70311,1,2018,18.6,Petrol,2018,Third Party insurance,5,Manual,5,DELHI
375000.0,Hatchback,54000,1,2016,23.84,Petrol,2016,Comprehensive,5,Manual,5,DELHI
130000.0,Sedan,80000,3,2009,17.0,Petrol,2009,Third Party insurance,5,Manual,5,DELHI
595000.0,SUV,52000,1,2017,25.5,Diesel,2017,Third Party insurance,6,Manual,5,DELHI
200000.0,Hatchback,20000,1,2010,18.9,Petrol,2010,Third Party insurance,5,Manual,5,DELHI
531000.0,Hatchback,80000,1,2019,22.54,Diesel,2019,Third Party insurance,6,Manual,5,DELHI
150000.0,Hatchback,110000,3,2009,18.9,Petrol,2009,Third Party insurance,5,Manual,5,DELHI
1625000.0,SUV,15000,1,2021,18.9,Diesel,2021,Comprehensive,6,Automatic,4,DELHI
503000.0,Hatchback,69821,1,2019,33.54,CNG,2019,Zero Dep,5,Manual,5,DELHI
862000.0,Hatchback,12754,1,2021,18.05,Petrol,2021,Zero Dep,5,Manual,5,DELHI
880000.0,Sedan,69000,1,2017,14.28,Petrol,2017,Third Party insurance,6,Manual,5,DELHI
272000.0,Hatchback,98390,1,2014,20.51,Petrol,2014,Third Party insurance,5,Manual,5,DELHI
627000.0,Sedan,84195,1,2016,19.12,Petrol,2016,Third Party insurance,4,Automatic,5,DELHI
2850000.0,Sedan,17000,1,2018,15.04,Petrol,2018,Third Party insurance,7,Automatic,5,DELHI
428000.0,Hatchback,77184,1,2017,20.89,Petrol,2017,Comprehensive,5,Manual,5,DELHI
175000.0,Sedan,40000,1,2012,13.7,Petrol,2012,Third Party insurance,5,Manual,5,DELHI
414000.0,Hatchback,82848,1,2017,18.9,Petrol,2017,Comprehensive,5,Manual,5,DELHI
510000.0,Hatchback,30000,1,2019,23.84,Petrol,2019,Third Party insurance,5,Automatic,5,DELHI
550000.0,Hatchback,50000,1,2016,18.7,Petrol,2016,Third Party insurance,5,Manual,5,DELHI
2341000.0,MUV,40000,1,2022,12.0,Diesel,2022,Third Party insurance,6,Automatic,7,DELHI
170000.0,Hatchback,70000,1,2013,20.92,Petrol,2013,Third Party insurance,5,Manual,5,DELHI
450000.0,Hatchback,47688,1,2017,21.01,Petrol,2017,Comprehensive,5,Manual,5,DELHI
110000.0,Sedan,100000,3,2009,14.53,Petrol,2009,Third Party insurance,6,Manual,5,DELHI
200000.0,Hatchback,90000,2,2014,23.08,Diesel,2014,Third Party insurance,5,Manual,5,DELHI
33000.0,Hatchback,40000,1,2006,18.9,Petrol,2006,Third Party insurance,5,Manual,5,DELHI
350000.0,Hatchback,40000,2,2018,18.15,Petrol,2018,Third Party insurance,5,Manual,6,DELHI
410000.0,SUV,50000,1,2016,19.87,Diesel,2016,Third Party insurance,5,Manual,5,DELHI
500000.0,Sedan,30000,2,2012,14.53,Petrol,2012,Third Party insurance,6,Manual,5,DELHI
543000.0,Hatchback,106711,2,2018,21.4,Petrol,2018,Zero Dep,0,Automatic,5,DELHI
514000.0,Hatchback,83741,1,2017,18.6,Petrol,2017,Zero Dep,5,Manual,5,DELHI
1150000.0,SUV,50000,1,2014,14.16,Diesel,2014,Third Party insurance,7,Automatic,5,DELHI
747000.0,Sedan,105792,1,2018,22.27,Diesel,2018,Comprehensive,5,Manual,5,DELHI
593000.0,Hatchback,88750,1,2019,21.4,Petrol,2019,Zero Dep,5,Manual,5,DELHI
900000.0,SUV,70000,1,2014,15.1,Diesel,2014,Third Party insurance,6,Manual,7,DELHI
539000.0,Hatchback,89972,1,2018,17.19,Petrol,2018,Comprehensive,5,Manual,5,DELHI
335000.0,Sedan,50000,1,2014,15.04,Petrol,2014,Third Party insurance,5,Manual,5,DELHI
594000.0,Hatchback,36785,2,2019,18.2,Petrol,2019,Comprehensive,5,Manual,5,DELHI
910000.0,Sedan,48000,1,2019,19.1,Petrol,2019,Third Party,6,Manual,5,DELHI
1925000.0,SUV,20000,1,2021,18.9,Petrol,2021,Comprehensive,6,Manual,7,DELHI
6000000.0,Sedan,7000,1,2023,16.9,Petrol,2023,Comprehensive,9,Automatic,5,DELHI
760000.0,MUV,50000,1,2021,18.2,Petrol,2021,Third Party insurance,5,Automatic,7,DELHI
490000.0,SUV,40000,1,2016,24.3,Diesel,2016,Third Party insurance,5,Manual,5,DELHI
521000.0,Hatchback,59000,1,2017,18.6,Petrol,2017,Comprehensive,5,Manual,5,DELHI
1400000.0,SUV,70000,1,2019,16.0,Petrol,2019,Third Party insurance,7,Automatic,5,DELHI
900000.0,SUV,110000,1,2019,20.8,Diesel,2019,Third Party insurance,6,Manual,5,DELHI
950000.0,SUV,100000,1,2015,15.4,Diesel,2015,Third Party insurance,5,Manual,7,DELHI
5500000.0,SUV,30000,2,2017,11.0,Diesel,2017,Comprehensive,9,Automatic,7,DELHI
765000.0,Sedan,48000,1,2020,18.97,Petrol,2020,Third Party insurance,6,Manual,5,DELHI
555000.0,Sedan,22424,1,2017,20.14,Petrol,2017,Zero Dep,5,Manual,5,DELHI
477000.0,Sedan,58147,1,2017,20.14,Petrol,2017,Third Party,5,Manual,5,DELHI
341000.0,Hatchback,67000,1,2015,18.9,Petrol,2015,Third Party insurance,5,Manual,5,DELHI
476000.0,Hatchback,112479,1,2019,23.1,Petrol,2019,Zero Dep,5,Automatic,5,DELHI
611000.0,Sedan,25494,1,2018,21.21,Petrol,2018,Zero Dep,5,Automatic,5,DELHI
790000.0,SUV,78000,2,2016,17.01,Diesel,2016,Comprehensive,6,Automatic,5,DELHI
513000.0,Hatchback,51276,2,2016,18.6,Petrol,2016,Third Party,5,Manual,5,DELHI
825000.0,SUV,85000,1,2017,19.67,Diesel,2017,Comprehensive,6,Manual,5,DELHI
584000.0,Hatchback,75402,2,2018,18.7,Petrol,2018,Third Party,5,Manual,5,DELHI
665000.0,Sedan,109000,1,2014,14.28,Petrol,2014,Third Party,6,Manual,5,DELHI
6350000.0,Sedan,14500,1,2021,15.01,Petrol,2021,Comprehensive,8,Automatic,5,DELHI
4600000.0,SUV,76000,2,2017,14.75,Diesel,2017,Comprehensive,8,Automatic,7,DELHI
475000.0,Sedan,34000,1,2017,17.8,Petrol,2017,Third Party insurance,5,Manual,5,DELHI
330000.0,Sedan,80000,2,2015,19.1,Petrol,2015,Third Party insurance,5,Manual,5,DELHI
635000.0,Sedan,60000,1,2018,23.8,Diesel,2018,Third Party insurance,5,Automatic,5,DELHI
399000.0,SUV,60000,1,2014,19.01,Diesel,2014,Third Party insurance,6,Manual,5,DELHI
420000.0,Sedan,59000,2,2014,19.1,Petrol,2014,Third Party insurance,5,Manual,5,DELHI
460000.0,SUV,99000,1,2016,21.7,Diesel,2016,Comprehensive,5,Manual,5,DELHI
2375000.0,SUV,17000,1,2021,14.1,Petrol,2021,Third Party,7,Automatic,5,DELHI
720000.0,Sedan,79982,1,2018,21.56,Petrol,2018,Third Party,5,Manual,5,DELHI
846000.0,Sedan,67047,1,2017,18.0,Petrol,2017,Zero Dep,0,Automatic,5,DELHI
500000.0,Sedan,50000,1,2012,19.33,Diesel,2012,Third Party insurance,6,Manual,5,DELHI
471000.0,Hatchback,85782,1,2017,21.4,Petrol,2017,Zero Dep,5,Manual,5,DELHI
446000.0,Hatchback,99547,1,2016,21.4,Petrol,2016,Zero Dep,5,Manual,5,DELHI
365000.0,Hatchback,30000,1,2018,24.04,Petrol,2018,Comprehensive,5,Automatic,5,DELHI
354000.0,Hatchback,69455,1,2017,25.24,Petrol,2017,Zero Dep,5,Manual,5,DELHI
1650000.0,SUV,14000,1,2022,17.88,Petrol,2022,Comprehensive,7,Automatic,5,DELHI
878000.0,SUV,40738,1,2019,14.8,Petrol,2019,Zero Dep,6,Automatic,5,DELHI
1910000.0,Sedan,76000,1,2015,11.7,Petrol,2015,Comprehensive,6,Automatic,5,DELHI
525000.0,Hatchback,30000,1,2020,21.21,Petrol,2020,Third Party insurance,5,Manual,5,DELHI
830000.0,SUV,50000,1,2020,23.0,Diesel,2020,Third Party insurance,5,Manual,5,DELHI
200000.0,Sedan,90000,2,2012,16.95,Petrol,2012,Third Party insurance,5,Manual,5,DELHI
1345000.0,Sedan,10700,1,2022,18.3,Petrol,2022,Third Party insurance,0,Automatic,5,DELHI
1345000.0,Sedan,10000,1,2022,18.3,Petrol,2022,Third Party insurance,0,Automatic,5,DELHI
350000.0,Hatchback,80000,2,2017,20.51,Petrol,2017,Third Party insurance,5,Manual,5,DELHI
5495000.0,SUV,36000,1,2018,14.75,Diesel,2018,Comprehensive,8,Automatic,7,DELHI
2300000.0,SUV,70000,1,2018,10.91,Diesel,2018,Third Party insurance,6,Automatic,7,DELHI
1600000.0,SUV,60000,1,2015,12.55,Diesel,2015,Comprehensive,5,Automatic,7,DELHI
2890000.0,Sedan,34000,1,2018,15.04,Petrol,2018,Comprehensive,7,Automatic,5,DELHI
746000.0,Sedan,48430,1,2016,17.8,Petrol,2016,Zero Dep,5,Manual,5,DELHI
639000.0,SUV,93671,1,2018,23.0,Diesel,2018,Zero Dep,5,Manual,5,DELHI
1449000.0,SUV,100000,2,2015,12.55,Diesel,2015,Third Party insurance,5,Automatic,7,DELHI
736000.0,Sedan,108665,2,2018,20.28,Petrol,2018,Third Party,4,Automatic,5,DELHI
749000.0,Hatchback,17447,1,2022,26.49,CNG,2022,Comprehensive,5,Manual,5,DELHI
2750000.0,SUV,19000,1,2022,18.9,Diesel,2022,Zero Dep,6,Manual,7,DELHI
693000.0,SUV,100579,2,2019,19.87,Diesel,2019,Zero Dep,6,Manual,5,DELHI
275000.0,Hatchback,80000,1,2013,19.34,Petrol,2013,Third Party insurance,5,Automatic,5,DELHI
475000.0,Hatchback,65039,1,2019,20.3,Petrol,2019,Zero Dep,5,Manual,5,DELHI
2300000.0,SUV,60000,1,2017,10.91,Diesel,2017,Comprehensive,6,Automatic,7,DELHI
150000.0,Hatchback,50000,4,2010,19.81,Petrol,2010,Third Party insurance,5,Manual,5,DELHI
665000.0,Sedan,65000,1,2015,18.0,Petrol,2015,Comprehensive,0,Automatic,5,DELHI
225000.0,Hatchback,84000,3,2011,17.0,Petrol,2011,Comprehensive,5,Manual,5,DELHI
3500000.0,SUV,35000,1,2021,10.26,Petrol,2021,Zero Dep,6,Automatic,7,DELHI
850000.0,SUV,80000,1,2018,24.3,Diesel,2018,Third Party insurance,5,Manual,5,DELHI
1985000.0,SUV,16500,1,2023,19.39,Petrol,2023,Comprehensive,5,Manual,5,DELHI
3100000.0,SUV,40000,2,2019,14.24,Diesel,2019,Third Party insurance,6,Manual,7,DELHI
550000.0,Sedan,50500,1,2016,17.8,Petrol,2016,Third Party insurance,5,Manual,5,DELHI
285000.0,Sedan,90000,2,2016,17.57,Petrol,2016,Third Party insurance,5,Manual,5,DELHI
300000.0,Sedan,80000,2,2010,16.8,Petrol,2010,Third Party insurance,5,Automatic,5,DELHI
185000.0,Hatchback,40462,2,2011,18.9,Petrol,2011,Comprehensive,5,Manual,5,DELHI
525000.0,Hatchback,40000,1,2018,22.0,Petrol,2018,Comprehensive,5,Manual,5,DELHI
375000.0,Sedan,150000,1,2013,23.4,Diesel,2013,Third Party insurance,5,Manual,5,DELHI
1012000.0,Sedan,47761,1,2020,17.7,Petrol,2020,Comprehensive,6,Manual,5,DELHI
1350000.0,SUV,80488,1,2020,18.9,Diesel,2020,Third Party,6,Manual,5,DELHI
400000.0,Hatchback,70000,1,2020,31.2,CNG,2020,Third Party insurance,5,Manual,4,DELHI
1930000.0,SUV,17204,1,2022,16.14,Diesel,2022,Comprehensive,6,Manual,7,DELHI
525000.0,Hatchback,66000,1,2017,18.9,Petrol,2017,Comprehensive,4,Automatic,5,DELHI
425000.0,Hatchback,41900,1,2019,25.17,Petrol,2019,Comprehensive,5,Manual,5,DELHI
525000.0,Hatchback,45000,1,2019,18.9,Petrol,2019,Comprehensive,5,Manual,5,DELHI
375000.0,Hatchback,52000,1,2013,16.47,Petrol,2013,Comprehensive,5,Manual,5,DELHI
2100000.0,SUV,40000,1,2021,18.1,Diesel,2021,Third Party insurance,6,Automatic,7,DELHI
410000.0,Sedan,64000,1,2015,18.0,Petrol,2015,Comprehensive,5,Manual,5,DELHI
435000.0,SUV,76500,1,2018,18.15,CNG,2018,Third Party insurance,5,Manual,6,DELHI
645000.0,Sedan,48000,1,2016,17.8,Petrol,2016,Third Party insurance,5,Manual,5,DELHI
775000.0,SUV,42000,1,2019,17.0,Petrol,2019,Comprehensive,6,Automatic,5,DELHI
375000.0,SUV,50000,2,2014,13.24,Petrol,2014,Comprehensive,5,Manual,5,DELHI
650000.0,SUV,55000,2,2017,15.9,Petrol,2017,Comprehensive,5,Manual,5,DELHI
205000.0,Sedan,90000,2,2010,15.04,Petrol,2010,Third Party insurance,5,Manual,5,DELHI
2390000.0,Sedan,72000,1,2015,12.0,Petrol,2015,Comprehensive,7,Automatic,5,DELHI
529000.0,SUV,33091,2,2018,18.15,Petrol,2018,Zero Dep,5,Manual,6,DELHI
300000.0,Hatchback,40838,1,2018,22.25,Petrol,2018,Third Party insurance,5,Manual,5,DELHI
2400000.0,Sedan,56000,1,2015,11.74,Petrol,2015,Comprehensive,7,Automatic,5,DELHI
1678000.0,MUV,71914,1,2018,18.9,Diesel,2018,Comprehensive,5,Manual,7,DELHI
499000.0,Hatchback,67043,1,2017,22.38,Petrol,2017,Comprehensive,5,Manual,5,DELHI
3275000.0,SUV,18000,1,2021,14.34,Petrol,2021,Comprehensive,7,Automatic,5,DELHI
207000.0,Sedan,100010,1,2011,17.6,Petrol,2011,Comprehensive,5,Manual,5,DELHI
390000.0,Hatchback,70000,2,2016,23.1,Petrol,2016,Third Party insurance,5,Automatic,5,DELHI
603000.0,Sedan,56857,1,2015,17.4,Petrol,2015,Comprehensive,5,Manual,5,DELHI
1400000.0,Sedan,120000,1,2014,19.16,Petrol,2014,Third Party insurance,6,Automatic,5,DELHI
3150000.0,SUV,92000,1,2015,11.3,Diesel,2015,Third Party insurance,7,Automatic,7,DELHI
5000000.0,Sedan,45000,1,2019,16.1,Diesel,2019,Comprehensive,9,Automatic,5,DELHI
1725000.0,MUV,68000,1,2019,11.36,Diesel,2019,Zero Dep,6,Automatic,8,DELHI
5240000.0,SUV,36000,1,2020,12.74,Petrol,2020,Comprehensive,9,Automatic,5,DELHI
1600000.0,Sedan,67000,2,2012,8.45,Petrol,2012,Comprehensive,6,Automatic,5,DELHI
1250000.0,Sedan,37000,1,2017,14.28,Petrol,2017,Comprehensive,6,Manual,5,DELHI
1925000.0,SUV,9150,1,2021,16.56,Petrol,2021,Comprehensive,0,Automatic,6,DELHI
250000.0,Hatchback,100000,3,2012,23.0,Diesel,2012,Third Party insurance,6,Manual,5,DELHI
935000.0,Sedan,10000,1,2022,18.3,Petrol,2022,Third Party insurance,0,Automatic,5,DELHI
551000.0,MUV,116059,1,2013,26.11,CNG,2013,Third Party insurance,5,Manual,7,DELHI
506000.0,Hatchback,18254,1,2022,20.89,Petrol,2022,Comprehensive,5,Manual,5,DELHI
6300000.0,SUV,61200,1,2016,12.65,Diesel,2016,Comprehensive,8,Automatic,5,DELHI
422000.0,Sedan,108133,1,2016,18.0,Petrol,2016,Zero Dep,5,Manual,5,DELHI
631000.0,MUV,66198,1,2014,20.51,Petrol,2014,Comprehensive,5,Manual,7,DELHI
590000.0,Hatchback,49000,1,2017,21.01,Petrol,2017,Third Party insurance,5,Manual,5,DELHI
499000.0,Hatchback,89733,1,2017,18.9,Petrol,2017,Zero Dep,4,Automatic,5,DELHI
785000.0,Hatchback,20000,1,2022,22.56,Petrol,2022,Third Party insurance,5,Automatic,5,DELHI
325000.0,Hatchback,90360,2,2014,21.9,Diesel,2014,Comprehensive,6,Manual,5,DELHI
3600000.0,SUV,44000,1,2017,12.63,Petrol,2017,Comprehensive,9,Automatic,5,DELHI
925000.0,Sedan,26000,1,2020,17.8,Petrol,2020,Comprehensive,0,Automatic,5,DELHI
645000.0,Sedan,68000,1,2016,20.73,Petrol,2016,Third Party insurance,5,Manual,5,DELHI
760000.0,Sedan,60000,1,2018,21.56,Petrol,2018,Third Party insurance,5,Manual,5,DELHI
4200000.0,Sedan,20000,1,2020,16.13,Petrol,2020,Comprehensive,8,Automatic,5,DELHI
1245000.0,Sedan,8000,1,2021,17.4,Petrol,2021,Third Party insurance,5,Manual,5,DELHI
500000.0,SUV,120000,1,2014,19.01,Diesel,2014,Third Party insurance,6,Manual,5,DELHI
280000.0,Hatchback,70000,1,2015,26.6,CNG,2015,Third Party insurance,5,Manual,5,DELHI
115000.0,Sedan,90000,3,2009,17.0,Petrol,2009,Third Party insurance,5,Manual,5,DELHI
600000.0,SUV,70000,1,2018,23.0,Diesel,2018,Third Party insurance,5,Manual,5,DELHI
1650000.0,SUV,70000,1,2021,16.35,Diesel,2021,Third Party insurance,6,Manual,5,DELHI
853000.0,SUV,14445,2,2021,18.27,Petrol,2021,Zero Dep,6,Manual,5,DELHI
861000.0,SUV,29847,2,2019,17.0,Petrol,2019,Zero Dep,6,Automatic,5,DELHI
275000.0,Sedan,80000,2,2011,15.04,Petrol,2011,Third Party insurance,5,Manual,5,DELHI
418000.0,Hatchback,88443,1,2014,18.9,Petrol,2014,Comprehensive,4,Automatic,5,DELHI
190000.0,Hatchback,82892,2,2011,20.36,Petrol,2011,Third Party,5,Manual,5,DELHI
1850000.0,SUV,14500,1,2023,18.9,Diesel,2023,Third Party,6,Automatic,4,DELHI
519000.0,Hatchback,59549,1,2015,17.19,Petrol,2015,Comprehensive,5,Manual,5,DELHI
320000.0,Hatchback,70000,1,2015,26.6,CNG,2015,Third Party insurance,5,Manual,5,DELHI
501000.0,Hatchback,64228,2,2019,33.54,CNG,2019,Zero Dep,5,Manual,5,DELHI
700000.0,Hatchback,10000,1,2022,22.38,Petrol,2022,Third Party insurance,5,Manual,5,DELHI
600000.0,SUV,60000,2,2018,23.0,Diesel,2018,Third Party insurance,5,Manual,5,DELHI
675000.0,SUV,32000,1,2018,17.0,Petrol,2018,Third Party insurance,6,Automatic,5,DELHI
550000.0,Hatchback,20000,1,2019,21.21,Petrol,2019,Third Party insurance,5,Manual,5,DELHI
345000.0,Hatchback,65000,1,2016,33.54,CNG,2016,Comprehensive,5,Manual,5,DELHI
541000.0,Hatchback,23900,1,2021,33.54,CNG,2021,Comprehensive,5,Manual,5,DELHI
430000.0,Hatchback,2900,1,2023,24.39,Petrol,2023,Comprehensive,5,Manual,5,DELHI
860000.0,SUV,15000,1,2022,18.9,Petrol,2022,Comprehensive,5,Manual,5,DELHI
530000.0,Hatchback,11200,1,2022,20.3,Petrol,2022,Comprehensive,5,Manual,5,DELHI
1423000.0,SUV,17000,1,2023,18.9,Electric,2023,Comprehensive,5,Automatic,5,DELHI
1070000.0,SUV,1900,1,2023,18.2,Petrol,2023,Comprehensive,6,Manual,5,DELHI
173000.0,Hatchback,70098,1,2010,20.36,Petrol,2010,Comprehensive,5,Manual,5,DELHI
707000.0,SUV,30498,1,2021,18.75,Petrol,2021,Comprehensive,5,Manual,5,DELHI
820000.0,Sedan,33000,1,2021,18.3,Petrol,2021,Comprehensive,0,Automatic,5,DELHI
828000.0,SUV,7243,1,2021,20.5,Petrol,2021,Third Party,5,Manual,5,DELHI
1255000.0,SUV,7867,1,2023,19.89,Petrol,2023,Comprehensive,5,Manual,5,DELHI
690000.0,SUV,110000,2,2018,24.3,Diesel,2018,Third Party insurance,5,Manual,5,DELHI
616000.0,MUV,49650,1,2022,20.0,Petrol,2022,Comprehensive,5,Manual,7,DELHI
2099000.0,SUV,5301,1,2022,16.14,Diesel,2022,Comprehensive,6,Manual,6,DELHI
800000.0,SUV,21366,1,2019,18.27,Petrol,2019,Comprehensive,6,Manual,5,DELHI
2450000.0,SUV,40099,1,2021,14.9,Diesel,2021,Comprehensive,9,Automatic,5,DELHI
315000.0,Sedan,100000,1,2015,25.83,Diesel,2015,Third Party insurance,5,Manual,5,DELHI
315000.0,Sedan,100000,1,2015,25.83,Diesel,2015,Third Party insurance,5,Manual,5,DELHI
650000.0,Sedan,48000,1,2015,17.4,Petrol,2015,Comprehensive,5,Manual,5,DELHI
7800000.0,SUV,29000,1,2020,18.9,Diesel,2020,Comprehensive,9,Automatic,5,DELHI
310000.0,Hatchback,120000,1,2017,26.6,CNG,2017,Third Party insurance,5,Manual,5,DELHI
825000.0,SUV,58000,1,2019,17.0,Petrol,2019,Third Party insurance,6,Automatic,5,DELHI
485000.0,Sedan,58000,1,2016,17.8,Petrol,2016,Comprehensive,5,Manual,5,DELHI
350000.0,Sedan,50000,1,2015,18.0,Petrol,2015,Third Party insurance,5,Manual,5,DELHI
795000.0,Sedan,32000,1,2019,18.1,Petrol,2019,Comprehensive,0,Automatic,5,DELHI
4090000.0,Sedan,9900,1,2020,20.37,Diesel,2020,Comprehensive,8,Automatic,5,DELHI
470000.0,Hatchback,3721,1,2017,20.4,Petrol,2017,Third Party,5,Manual,5,DELHI
625000.0,Hatchback,16564,1,2020,20.7,Petrol,2020,Comprehensive,5,Manual,5,DELHI
7290000.0,SUV,34000,1,2019,13.38,Diesel,2019,Comprehensive,8,Automatic,5,DELHI
794000.0,SUV,15992,1,2022,20.09,Petrol,2022,Comprehensive,5,Manual,5,DELHI
266000.0,Hatchback,91380,1,2015,23.95,Petrol,2015,Comprehensive,5,Manual,5,DELHI
2390000.0,Sedan,50000,1,2017,15.04,Petrol,2017,Comprehensive,7,Automatic,5,DELHI
296000.0,Hatchback,47231,2,2017,24.39,Petrol,2017,Comprehensive,5,Manual,5,DELHI
3090000.0,SUV,20500,1,2018,12.9,Diesel,2018,Comprehensive,6,Automatic,7,DELHI
607000.0,SUV,89908,1,2018,24.3,Diesel,2018,Third Party insurance,5,Manual,5,DELHI
4000000.0,SUV,60000,1,2018,17.9,Diesel,2018,Comprehensive,9,Automatic,5,DELHI
2750000.0,SUV,34000,1,2018,20.68,Diesel,2018,Comprehensive,8,Automatic,5,DELHI
740000.0,Hatchback,30000,1,2022,22.35,Petrol,2022,Third Party insurance,5,Manual,5,DELHI
115000.0,Hatchback,120000,1,2013,20.3,Diesel,2013,Third Party insurance,5,Manual,5,DELHI
167000.0,Hatchback,99100,1,2010,19.81,Petrol,2010,Third Party insurance,5,Manual,5,DELHI
1475000.0,SUV,22000,1,2019,16.0,Petrol,2019,Comprehensive,7,Automatic,5,DELHI
1995000.0,SUV,22120,1,2017,20.68,Diesel,2017,Third Party,8,Automatic,5,DELHI
1265000.0,SUV,30120,1,2020,18.9,Diesel,2020,Comprehensive,6,Manual,7,DELHI
835000.0,MUV,4000,1,2023,18.2,Petrol,2023,Comprehensive,5,Automatic,7,DELHI
1095000.0,SUV,14800,1,2021,23.7,Diesel,2021,Comprehensive,6,Manual,5,DELHI
1950000.0,Sedan,8120,1,2020,16.5,Petrol,2020,Comprehensive,0,Automatic,5,DELHI
309000.0,Hatchback,54650,1,2012,18.5,Petrol,2012,Comprehensive,5,Manual,5,DELHI
205000.0,Hatchback,99343,1,2010,19.81,Petrol,2010,Comprehensive,5,Manual,5,DELHI
1699000.0,SUV,22800,1,2020,17.1,Diesel,2020,Comprehensive,6,Manual,5,DELHI
303000.0,Hatchback,37961,2,2014,20.51,Petrol,2014,Comprehensive,5,Manual,5,DELHI
264000.0,Hatchback,76751,2,2016,24.39,Petrol,2016,Third Party insurance,5,Manual,5,DELHI
2395000.0,SUV,6000,1,2022,18.9,Petrol,2022,Comprehensive,6,Automatic,6,DELHI
1541000.0,SUV,24788,1,2021,14.34,Petrol,2021,Comprehensive,6,Automatic,5,DELHI
400000.0,SUV,90000,2,2010,11.3,Petrol,2010,Third Party insurance,1,Automatic,5,DELHI
308000.0,Hatchback,70036,1,2017,24.39,Petrol,2017,Comprehensive,5,Manual,5,DELHI
1000000.0,SUV,45500,2,2019,16.0,Diesel,2019,Comprehensive,6,Manual,7,DELHI
5700000.0,SUV,16000,1,2022,13.47,Petrol,2022,Comprehensive,5,Automatic,5,DELHI
240000.0,Hatchback,75000,1,2012,17.0,Petrol,2012,Third Party insurance,5,Manual,5,DELHI
2450000.0,Sedan,19000,1,2012,10.13,Petrol,2012,Third Party insurance,7,Automatic,5,DELHI
1290000.0,Hatchback,40000,2,2014,20.0,Diesel,2014,Comprehensive,7,Automatic,5,DELHI
3250000.0,Sedan,20000,1,2019,13.5,Petrol,2019,Third Party insurance,8,Automatic,5,DELHI
440000.0,Sedan,61000,2,2013,15.6,Petrol,2013,Comprehensive,5,Automatic,5,DELHI
670000.0,MUV,126000,1,2013,12.99,Diesel,2013,Third Party insurance,5,Manual,7,DELHI
800000.0,Sedan,30000,1,2018,19.12,Petrol,2018,Third Party insurance,4,Automatic,5,DELHI
921000.0,MUV,77293,1,2019,19.34,Petrol,2019,Third Party insurance,5,Manual,7,DELHI
310000.0,Sedan,110000,1,2013,19.1,Petrol,2013,Third Party insurance,5,Manual,5,DELHI
358000.0,Hatchback,25502,1,2019,24.39,Petrol,2019,Comprehensive,5,Manual,5,DELHI
390000.0,Hatchback,57120,1,2016,26.0,Petrol,2016,Comprehensive,5,Automatic,5,DELHI
1350000.0,MUV,97000,1,2016,11.36,Diesel,2016,Comprehensive,6,Automatic,8,DELHI
345000.0,Hatchback,51868,1,2017,20.51,Petrol,2017,Third Party,5,Manual,5,DELHI
208000.0,Hatchback,52725,1,2010,20.36,Petrol,2010,Comprehensive,5,Manual,5,DELHI
320000.0,Hatchback,50000,1,2014,25.2,Diesel,2014,Third Party insurance,5,Manual,5,DELHI
210000.0,Hatchback,84929,1,2012,20.36,Petrol,2012,Comprehensive,5,Manual,5,DELHI
675000.0,SUV,42000,1,2017,17.5,Petrol,2017,Third Party insurance,5,Manual,5,DELHI
1100000.0,MUV,21515,1,2019,20.27,Petrol,2019,Comprehensive,6,Automatic,6,DELHI
1200000.0,Sedan,50000,2,2015,17.68,Diesel,2015,Third Party insurance,8,Automatic,5,DELHI
5200000.0,SUV,42000,1,2020,12.74,Petrol,2020,Comprehensive,9,Automatic,5,DELHI
440000.0,Hatchback,53000,1,2019,23.84,Petrol,2019,Comprehensive,5,Manual,5,DELHI
385000.0,Hatchback,71000,1,2016,23.1,Petrol,2016,Third Party insurance,5,Automatic,5,DELHI
720000.0,Sedan,48000,1,2019,18.1,Petrol,2019,Comprehensive,5,Automatic,5,DELHI
540000.0,Hatchback,56000,1,2018,21.4,Petrol,2018,Comprehensive,5,Manual,5,DELHI
825000.0,SUV,60000,1,2018,24.3,Diesel,2018,Third Party insurance,5,Manual,5,DELHI
720000.0,Hatchback,50000,1,2021,19.33,Petrol,2021,Third Party insurance,5,Manual,5,DELHI
230000.0,Hatchback,120000,1,2016,26.6,CNG,2016,Third Party insurance,5,Manual,5,DELHI
200000.0,Hatchback,50000,2,2011,18.5,Petrol,2011,Third Party insurance,5,Manual,5,DELHI
1160000.0,MUV,30000,1,2022,26.11,CNG,2022,Third Party insurance,5,Manual,7,DELHI
723000.0,Hatchback,3819,1,2023,22.38,Petrol,2023,Third Party,5,Manual,5,DELHI
806000.0,Hatchback,7825,1,2020,19.65,Petrol,2020,Zero Dep,0,Automatic,5,DELHI
700000.0,Sedan,70000,2,2016,17.8,Petrol,2016,Third Party insurance,5,Manual,5,DELHI
507000.0,Hatchback,27436,1,2019,23.1,Petrol,2019,Zero Dep,5,Automatic,5,DELHI
499000.0,MUV,40673,1,2013,16.02,Petrol,2013,Comprehensive,5,Manual,7,DELHI
1300000.0,Sedan,60000,1,2022,25.0,Diesel,2022,Third Party insurance,6,Manual,5,DELHI
639000.0,Hatchback,33100,1,2018,22.56,Petrol,2018,Third Party insurance,5,Automatic,5,DELHI
130000.0,Sedan,80000,2,2009,15.0,Petrol,2009,Third Party insurance,5,Manual,5,DELHI
331000.0,Hatchback,57929,1,2019,24.39,Petrol,2019,Zero Dep,5,Manual,5,DELHI
790000.0,Hatchback,8500,1,2022,21.0,Petrol,2022,Comprehensive,5,Manual,5,DELHI
376000.0,Sedan,60000,1,2011,17.0,Petrol,2011,Third Party insurance,5,Manual,5,DELHI
2650000.0,Sedan,40000,1,2018,17.9,Diesel,2018,Third Party insurance,7,Automatic,5,DELHI
310000.0,Hatchback,120000,2,2013,18.6,Petrol,2013,Third Party insurance,5,Manual,5,DELHI
2650000.0,Sedan,40000,1,2018,17.9,Diesel,2018,Third Party insurance,7,Automatic,5,DELHI
570000.0,SUV,76000,1,2011,11.3,Petrol,2011,Comprehensive,1,Automatic,5,DELHI
1065000.0,MUV,35000,1,2021,26.08,CNG,2021,Comprehensive,5,Manual,7,DELHI
570000.0,Sedan,19681,1,2015,17.4,Petrol,2015,Third Party insurance,5,Manual,5,DELHI
150000.0,Sedan,68866,2,2012,14.09,Petrol,2012,Third Party insurance,5,Manual,5,DELHI
690000.0,SUV,100000,2,2018,24.3,Diesel,2018,Third Party insurance,5,Manual,5,DELHI
550000.0,Sedan,70000,2,2016,19.12,Petrol,2016,Third Party insurance,4,Automatic,5,DELHI
419000.0,Hatchback,53338,1,2016,26.0,Petrol,2016,Comprehensive,5,Automatic,5,DELHI
506000.0,Sedan,41558,1,2017,17.8,Petrol,2017,Third Party,5,Manual,5,DELHI
130000.0,Hatchback,10000,2,2011,19.7,Petrol,2011,Third Party insurance,5,Manual,5,DELHI
528000.0,Hatchback,25403,2,2017,21.4,Petrol,2017,Comprehensive,5,Manual,5,DELHI
608000.0,Sedan,52800,1,2014,17.4,Petrol,2014,Third Party,5,Manual,5,DELHI
1750000.0,MUV,60000,1,2019,13.68,Diesel,2019,Third Party insurance,5,Manual,7,DELHI
300000.0,Hatchback,92543,1,2012,22.0,Petrol,2012,Comprehensive,5,Manual,5,DELHI
1500000.0,Sedan,28000,1,2015,17.68,Diesel,2015,Comprehensive,8,Automatic,5,DELHI
178000.0,Hatchback,95525,2,2011,20.36,Petrol,2011,Comprehensive,5,Manual,5,DELHI
1325000.0,SUV,3200,1,2020,20.8,Diesel,2020,Comprehensive,6,Manual,5,DELHI
2600000.0,MUV,9000,1,2022,8.0,Petrol,2022,Comprehensive,6,Automatic,7,DELHI
3100000.0,SUV,31000,1,2022,14.9,Diesel,2022,Comprehensive,9,Automatic,5,DELHI
945000.0,SUV,23000,1,2022,17.38,Petrol,2022,Comprehensive,5,Manual,5,DELHI
700000.0,Hatchback,2700,1,2023,22.38,Petrol,2023,Comprehensive,5,Manual,5,DELHI
399000.0,Hatchback,30000,1,2015,18.9,Petrol,2015,Comprehensive,5,Manual,5,DELHI
556000.0,SUV,130000,2,2017,14.8,Petrol,2017,Third Party insurance,6,Automatic,5,DELHI
895000.0,SUV,60000,1,2016,16.0,Diesel,2016,Third Party insurance,6,Manual,7,DELHI
89999.0,Hatchback,12400,2,2009,18.0,Petrol,2009,Comprehensive,5,Manual,5,DELHI
333000.0,Hatchback,79000,2,2014,20.14,Diesel,2014,Third Party,5,Manual,5,DELHI
1400000.0,Sedan,32000,3,2020,16.5,Petrol,2020,Comprehensive,0,Automatic,5,DELHI
324000.0,Hatchback,39368,1,2011,16.47,Petrol,2011,Comprehensive,5,Manual,5,DELHI
359000.0,Hatchback,49597,1,2013,18.5,Petrol,2013,Comprehensive,5,Manual,5,DELHI
950000.0,Sedan,70000,2,2011,12.3,Petrol,2011,Comprehensive,5,Automatic,5,DELHI
348000.0,Hatchback,34174,1,2016,23.95,Petrol,2016,Comprehensive,5,Automatic,5,DELHI
532000.0,Hatchback,11171,1,2021,20.89,Petrol,2021,Zero Dep,5,Manual,5,DELHI
1925000.0,SUV,68000,1,2014,12.07,Diesel,2014,Third Party insurance,8,Automatic,7,DELHI
228000.0,Sedan,62545,1,2010,17.0,Petrol,2010,Third Party,5,Manual,5,DELHI
295000.0,Hatchback,94480,1,2016,21.79,Petrol,2016,Comprehensive,5,Manual,5,DELHI
297000.0,Hatchback,19299,1,2017,22.05,Petrol,2017,Comprehensive,5,Manual,5,DELHI
350000.0,Sedan,60000,1,2010,17.0,Petrol,2010,Third Party insurance,5,Manual,5,DELHI
1000000.0,SUV,34000,2,2017,17.01,Diesel,2017,Third Party insurance,6,Automatic,5,DELHI
360000.0,Hatchback,30000,1,2020,19.01,Petrol,2020,Third Party insurance,5,Manual,5,DELHI
1850000.0,SUV,55000,1,2017,14.16,Diesel,2017,Third Party insurance,7,Automatic,5,DELHI
580000.0,Sedan,120000,1,2020,21.21,Petrol,2020,Third Party insurance,5,Automatic,5,DELHI
650000.0,SUV,70000,2,2017,15.85,Petrol,2017,Third Party insurance,5,Manual,5,DELHI
1430000.0,SUV,40000,2,2019,13.96,Petrol,2019,Third Party insurance,6,Automatic,5,DELHI
415000.0,Sedan,120000,2,2014,19.08,Diesel,2014,Third Party insurance,4,Automatic,5,DELHI
95000.0,Hatchback,70000,2,2009,20.36,Petrol,2009,Third Party insurance,5,Manual,5,DELHI
1250000.0,SUV,1500,1,2023,20.01,Petrol,2023,Comprehensive,6,Automatic,5,DELHI
1600000.0,SUV,30000,1,2020,13.96,Petrol,2020,Third Party insurance,6,Automatic,5,DELHI
661000.0,Sedan,53464,1,2016,18.0,Petrol,2016,Comprehensive,0,Automatic,5,DELHI
398000.0,Hatchback,43216,2,2016,18.9,Petrol,2016,Third Party insurance,5,Manual,5,DELHI
350000.0,SUV,70000,1,2014,14.0,Diesel,2014,Third Party insurance,5,Manual,7,DELHI
700000.0,Hatchback,16372,1,2022,26.49,CNG,2022,Third Party,5,Manual,5,DELHI
457000.0,Hatchback,14515,1,2018,18.9,Petrol,2018,Third Party,5,Manual,5,DELHI
1000000.0,Sedan,30000,1,2019,17.0,Petrol,2019,Third Party insurance,6,Automatic,5,DELHI
295000.0,Hatchback,85617,1,2012,18.6,Petrol,2012,Third Party,5,Manual,5,DELHI
3450000.0,SUV,70000,1,2021,12.4,Diesel,2021,Third Party insurance,8,Automatic,6,DELHI
196000.0,Hatchback,76605,1,2010,18.9,Petrol,2010,Comprehensive,5,Manual,5,DELHI
925000.0,SUV,20000,2,2021,16.8,Petrol,2021,Third Party insurance,6,Manual,5,DELHI
1100000.0,SUV,10000,1,2022,18.2,Petrol,2022,Third Party insurance,6,Manual,5,DELHI
110000.0,Hatchback,70000,1,2015,25.44,Diesel,2015,Third Party insurance,5,Manual,5,DELHI
380000.0,Hatchback,80000,3,2017,24.0,Diesel,2017,Third Party insurance,5,Manual,5,DELHI
1875000.0,SUV,4900,1,2023,18.9,Diesel,2023,Third Party insurance,6,Automatic,4,DELHI
435000.0,Hatchback,55000,1,2017,20.4,Petrol,2017,Comprehensive,5,Manual,5,DELHI
925000.0,SUV,20000,2,2021,16.8,Petrol,2021,Third Party insurance,6,Manual,5,DELHI
10300000.0,SUV,35000,0,2018,12.65,Diesel,2018,Third Party insurance,8,Automatic,5,DELHI
2000000.0,Hatchback,22000,2,2014,13.6,Petrol,2014,Comprehensive,6,Automatic,4,DELHI
1775000.0,SUV,45000,1,2022,18.9,Diesel,2022,Third Party insurance,6,Manual,7,DELHI
740000.0,Sedan,26000,1,2019,19.0,Petrol,2019,Third Party insurance,0,Automatic,5,DELHI
308000.0,Hatchback,21387,1,2018,22.05,Petrol,2018,Third Party insurance,5,Manual,5,DELHI
509000.0,Hatchback,64568,1,2018,22.38,Petrol,2018,Comprehensive,5,Manual,5,DELHI
1725000.0,SUV,25000,1,2022,18.41,Petrol,2022,Zero Dep,6,Automatic,5,DELHI
305000.0,Hatchback,73568,1,2012,22.38,Petrol,2012,Comprehensive,5,Manual,5,DELHI
349000.0,Hatchback,87755,1,2014,22.0,Petrol,2014,Comprehensive,5,Manual,5,DELHI
1920000.0,SUV,34000,1,2021,17.1,Diesel,2021,Comprehensive,9,Automatic,5,DELHI
901000.0,Hatchback,25319,1,2021,20.25,Petrol,2021,Zero Dep,7,Automatic,5,DELHI
1575000.0,SUV,11000,1,2022,15.2,Petrol,2022,Third Party,6,Manual,4,DELHI
651000.0,Hatchback,23051,1,2020,20.89,Petrol,2020,Comprehensive,5,Automatic,5,DELHI
1900000.0,SUV,4200,1,2021,18.9,Petrol,2021,Comprehensive,8,Automatic,5,DELHI
300000.0,Hatchback,80000,3,2012,18.6,Petrol,2012,Third Party insurance,5,Manual,5,DELHI
530000.0,Hatchback,20000,1,2021,20.3,Petrol,2021,Third Party insurance,5,Manual,5,DELHI
1575000.0,MUV,70123,1,2018,13.68,Diesel,2018,Comprehensive,5,Manual,8,DELHI
735000.0,Sedan,71156,1,2016,18.0,Petrol,2016,Comprehensive,0,Automatic,5,DELHI
701000.0,Hatchback,10000,1,2021,20.7,Petrol,2021,Third Party insurance,5,Automatic,5,DELHI
550000.0,MUV,80000,1,2015,20.77,Diesel,2015,Third Party insurance,5,Manual,7,DELHI
410000.0,Hatchback,70000,2,2019,18.9,CNG,2019,Third Party insurance,5,Manual,5,DELHI
120000.0,Sedan,30000,1,2009,14.6,Petrol,2009,Third Party insurance,5,Manual,5,DELHI
490000.0,Hatchback,36000,1,2017,16.5,Petrol,2017,Third Party insurance,5,Automatic,5,DELHI
205000.0,Hatchback,50000,3,2017,25.17,Petrol,2017,Third Party insurance,5,Manual,5,DELHI
1013000.0,SUV,30211,1,2022,20.0,Diesel,2022,Zero Dep,6,Manual,5,DELHI
2700000.0,SUV,16291,1,2022,18.9,Diesel,2022,Third Party,6,Automatic,7,DELHI
615000.0,Sedan,40000,1,2019,19.5,Petrol,2019,Third Party insurance,5,Manual,5,DELHI
433000.0,Hatchback,72368,2,2016,21.4,Petrol,2016,Comprehensive,5,Manual,5,DELHI
607000.0,SUV,51260,2,2018,25.5,Diesel,2018,Third Party,6,Manual,5,DELHI
310000.0,Hatchback,30000,2,2013,19.4,Petrol,2013,Third Party insurance,5,Manual,5,DELHI
564000.0,Hatchback,79166,1,2018,18.6,Petrol,2018,Comprehensive,5,Manual,5,DELHI
1500000.0,Sedan,120000,2,2016,21.76,Diesel,2016,Third Party insurance,8,Automatic,5,DELHI
524000.0,MUV,10512,1,2021,19.02,Petrol,2021,Third Party,5,Manual,7,DELHI
1500000.0,Sedan,110000,2,2016,21.76,Diesel,2016,Third Party insurance,8,Automatic,5,DELHI
345000.0,Hatchback,70000,2,2015,18.7,Petrol,2015,Third Party insurance,5,Manual,5,DELHI
690000.0,SUV,30000,1,2017,15.29,Petrol,2017,Third Party insurance,6,Manual,5,DELHI
730000.0,Hatchback,50000,1,2021,19.33,Petrol,2021,Third Party insurance,5,Manual,5,DELHI
540000.0,SUV,100000,1,2017,23.0,Diesel,2017,Third Party insurance,5,Manual,5,DELHI
210000.0,Hatchback,40000,1,2014,21.1,Petrol,2014,Third Party insurance,5,Manual,5,DELHI
935000.0,SUV,74000,1,2018,22.1,Diesel,2018,Third Party,6,Manual,5,DELHI
380000.0,Sedan,60000,1,2015,25.83,Diesel,2015,Third Party insurance,5,Manual,5,DELHI
1450000.0,SUV,120000,1,2019,17.0,Diesel,2019,Third Party insurance,6,Manual,5,DELHI
200000.0,Hatchback,9545,1,2011,20.36,Petrol,2011,Third Party insurance,5,Manual,5,DELHI
1730000.0,SUV,20000,1,2022,18.9,Petrol,2022,Third Party insurance,6,Automatic,4,DELHI
791000.0,SUV,36002,1,2018,17.0,Petrol,2018,Comprehensive,5,Manual,5,DELHI
779000.0,Hatchback,30854,2,2021,19.56,Petrol,2021,Comprehensive,0,Automatic,5,DELHI
650000.0,Sedan,45000,1,2018,28.4,Diesel,2018,Comprehensive,5,Manual,5,DELHI
482000.0,Hatchback,52654,1,2019,22.38,Petrol,2019,Third Party insurance,5,Manual,5,DELHI
562000.0,Hatchback,34151,1,2019,30.48,CNG,2019,Comprehensive,5,Manual,5,DELHI
310000.0,Hatchback,29000,1,2017,23.01,Petrol,2017,Comprehensive,5,Manual,5,DELHI
892000.0,Sedan,31873,1,2019,17.4,Petrol,2019,Comprehensive,5,Manual,5,DELHI
530000.0,Sedan,24000,1,2015,17.01,Petrol,2015,Third Party insurance,5,Manual,5,DELHI
549000.0,Hatchback,52129,1,2016,21.4,Petrol,2016,Comprehensive,5,Manual,5,DELHI
235000.0,Sedan,82000,2,2009,17.0,Petrol,2009,Third Party insurance,5,Manual,5,DELHI
595000.0,Sedan,64000,1,2015,20.73,Petrol,2015,Third Party insurance,5,Manual,5,DELHI
3850000.0,SUV,75000,1,2016,11.3,Diesel,2016,Comprehensive,7,Automatic,7,DELHI
586000.0,MUV,50000,1,2020,20.0,Petrol,2020,Comprehensive,5,Manual,7,DELHI
2025000.0,SUV,63000,1,2018,20.68,Diesel,2018,Comprehensive,8,Automatic,5,DELHI
385000.0,Hatchback,63000,1,2014,23.1,Petrol,2014,Third Party insurance,5,Automatic,5,DELHI
545000.0,SUV,79000,1,2014,14.0,Diesel,2014,Third Party insurance,5,Manual,7,DELHI
295000.0,Hatchback,64000,1,2012,19.4,Petrol,2012,Third Party,5,Manual,5,DELHI
2775000.0,SUV,16000,1,2022,18.9,Diesel,2022,Comprehensive,6,Automatic,7,DELHI
4975000.0,Sedan,50236,1,2019,18.9,Petrol,2019,Third Party insurance,0,Automatic,5,DELHI
3950000.0,Sedan,28000,1,2017,16.1,Diesel,2017,Comprehensive,9,Automatic,5,DELHI
489000.0,Hatchback,6624,1,2022,21.46,Petrol,2022,Third Party insurance,5,Manual,5,DELHI
326000.0,Sedan,48077,2,2013,18.0,Petrol,2013,Third Party insurance,5,Manual,5,DELHI
1549000.0,Sedan,36000,1,2016,18.25,Diesel,2016,Comprehensive,7,Automatic,5,DELHI
547000.0,Hatchback,71355,1,2016,18.6,Petrol,2016,Third Party insurance,5,Manual,5,DELHI
614000.0,Hatchback,76282,1,2019,20.7,Petrol,2019,Comprehensive,5,Automatic,5,DELHI
5300000.0,Sedan,40000,2,2018,14.47,Diesel,2018,Comprehensive,8,Automatic,5,DELHI
445000.0,Hatchback,25091,1,2017,18.9,Petrol,2017,Comprehensive,5,Manual,5,DELHI
2200000.0,Sedan,80000,1,2018,17.9,Diesel,2018,Comprehensive,7,Automatic,5,DELHI
285000.0,Hatchback,42857,1,2013,20.36,Petrol,2013,Comprehensive,5,Manual,5,DELHI
600000.0,SUV,70000,1,2017,18.49,Diesel,2017,Third Party insurance,5,Manual,7,DELHI
2350000.0,Sedan,96000,1,2016,18.12,Diesel,2016,Comprehensive,8,Automatic,5,DELHI
1675000.0,SUV,66999,1,2021,18.9,Petrol,2021,Comprehensive,6,Automatic,5,DELHI
875000.0,Hatchback,69000,1,2021,18.9,Petrol,2021,Comprehensive,7,Automatic,5,DELHI
2850000.0,Sedan,33000,1,2018,17.9,Diesel,2018,Third Party insurance,7,Automatic,5,DELHI
695000.0,Sedan,65000,1,2014,14.28,Petrol,2014,Comprehensive,7,Automatic,5,DELHI
725000.0,Hatchback,49000,1,2018,21.4,Petrol,2018,Third Party insurance,0,Automatic,5,DELHI
790000.0,Convertibles,80000,2,2010,10.93,Petrol,2010,Comprehensive,7,Automatic,2,DELHI
975000.0,MUV,88000,2,2014,12.99,Diesel,2014,Third Party insurance,5,Manual,7,DELHI
500000.0,Sedan,74000,1,2014,23.4,Diesel,2014,Third Party insurance,5,Manual,5,DELHI
1650000.0,SUV,23000,1,2020,13.96,Petrol,2020,Third Party insurance,6,Automatic,5,DELHI
253000.0,Hatchback,32192,1,2015,24.39,Petrol,2015,Third Party,5,Manual,5,DELHI
496000.0,Sedan,53930,1,2017,22.41,Petrol,2017,Zero Dep,5,Manual,5,DELHI
510000.0,SUV,70000,2,2017,17.0,Petrol,2017,Third Party insurance,5,Manual,5,DELHI
554000.0,Sedan,47121,2,2015,17.4,Petrol,2015,Comprehensive,5,Manual,5,DELHI
1425000.0,SUV,65000,1,2014,12.55,Diesel,2014,Comprehensive,5,Automatic,7,DELHI
485000.0,Hatchback,39000,2,2017,18.6,Petrol,2017,Third Party insurance,5,Manual,5,DELHI
1425000.0,SUV,20000,1,2023,26.6,CNG,2023,Third Party insurance,5,Manual,5,DELHI
377000.0,Sedan,150000,1,2016,24.4,Diesel,2016,Third Party insurance,5,Manual,5,DELHI
100000.0,Hatchback,110000,3,2009,18.9,Petrol,2009,Third Party insurance,5,Manual,5,DELHI
2250000.0,SUV,70000,2,2017,10.91,Diesel,2017,Third Party insurance,6,Automatic,7,DELHI
425000.0,Hatchback,80000,2,2016,18.6,Petrol,2016,Third Party insurance,5,Manual,5,DELHI
415000.0,Hatchback,40000,2,2016,21.21,Petrol,2016,Third Party insurance,5,Manual,5,DELHI
1580000.0,SUV,20000,1,2021,17.2,Petrol,2021,Third Party insurance,6,Automatic,5,DELHI
165000.0,Hatchback,74000,2,2011,20.52,Petrol,2011,Third Party insurance,5,Manual,5,DELHI
3550000.0,Sedan,62000,2,2018,20.37,Diesel,2018,Comprehensive,8,Automatic,5,DELHI
86000.0,Hatchback,80000,1,2009,16.1,Petrol,2009,Third Party insurance,5,Manual,5,DELHI
560000.0,MUV,100000,2,2014,20.77,Diesel,2014,Third Party insurance,5,Manual,7,DELHI
634000.0,Hatchback,23256,1,2020,21.01,Petrol,2020,Third Party,5,Manual,5,DELHI
525000.0,Hatchback,29120,1,2022,20.89,Petrol,2022,Zero Dep,5,Manual,5,DELHI
660000.0,SUV,62000,1,2018,21.7,Diesel,2018,Third Party insurance,5,Manual,5,DELHI
562000.0,Sedan,90513,1,2017,28.4,Diesel,2017,Comprehensive,5,Manual,5,DELHI
1114000.0,SUV,49396,1,2018,19.67,Diesel,2018,Comprehensive,6,Manual,5,DELHI
100000.0,Sedan,120000,2,2008,14.53,Petrol,2008,Third Party insurance,6,Manual,5,DELHI
344000.0,Hatchback,18475,1,2019,22.05,Petrol,2019,Zero Dep,5,Manual,5,DELHI
4750000.0,SUV,100000,2,2018,12.07,Diesel,2018,Third Party insurance,8,Automatic,7,DELHI
530000.0,Hatchback,27792,1,2019,30.48,CNG,2019,Zero Dep,5,Manual,5,DELHI
4500000.0,Sedan,55000,1,2019,15.01,Petrol,2019,Comprehensive,8,Automatic,5,DELHI
278000.0,Sedan,72000,1,2011,17.0,Petrol,2011,Third Party insurance,5,Manual,5,DELHI
4700000.0,Sedan,10000,1,2022,18.9,Diesel,2022,Third Party insurance,8,Automatic,5,DELHI
3050000.0,SUV,25000,1,2021,12.05,Diesel,2021,Third Party insurance,7,Automatic,7,DELHI
690000.0,SUV,40000,1,2017,15.29,Petrol,2017,Third Party insurance,6,Manual,5,DELHI
550000.0,MUV,150000,1,2014,20.77,Diesel,2014,Third Party insurance,5,Manual,7,DELHI
820000.0,Sedan,80000,1,2020,20.04,Petrol,2020,Third Party insurance,4,Automatic,5,DELHI
210000.0,Hatchback,120000,2,2011,15.26,Petrol,2011,Third Party insurance,5,Manual,5,DELHI
399000.0,SUV,60000,1,2013,15.1,Diesel,2013,Third Party insurance,6,Manual,7,DELHI
720000.0,Sedan,70000,1,2018,17.4,Petrol,2018,Third Party insurance,5,Manual,5,DELHI
340000.0,Hatchback,57100,1,2014,18.9,Petrol,2014,Comprehensive,5,Manual,5,DELHI
457000.0,Hatchback,45623,1,2021,18.9,CNG,2021,Zero Dep,5,Manual,4,DELHI
380000.0,SUV,100000,3,2015,18.88,Petrol,2015,Third Party insurance,5,Manual,5,DELHI
653000.0,Sedan,7660,1,2019,21.21,Petrol,2019,Zero Dep,5,Automatic,5,DELHI
426000.0,Sedan,35272,1,2016,25.4,Diesel,2016,Comprehensive,5,Manual,5,DELHI
465000.0,Hatchback,8526,1,2021,22.0,Petrol,2021,Comprehensive,5,Automatic,5,DELHI
245000.0,Hatchback,62929,1,2011,18.5,Petrol,2011,Comprehensive,5,Manual,5,DELHI
80000.0,Hatchback,30000,2,2010,26.83,CNG,2010,Third Party insurance,1,Manual,5,DELHI
432000.0,Hatchback,53127,2,2017,20.4,Petrol,2017,Third Party,5,Manual,5,DELHI
845000.0,MUV,42000,1,2018,17.5,Petrol,2018,Comprehensive,5,Manual,7,DELHI
580000.0,SUV,20000,1,2017,23.0,Diesel,2017,Third Party insurance,5,Manual,5,DELHI
235000.0,Hatchback,57000,1,2013,18.9,Petrol,2013,Comprehensive,5,Manual,5,DELHI
270000.0,Hatchback,44000,1,2013,20.51,Petrol,2013,Comprehensive,5,Manual,5,DELHI
625000.0,SUV,64000,1,2015,14.7,Petrol,2015,Comprehensive,6,Automatic,5,DELHI
1050000.0,Sedan,49000,1,2014,15.1,Petrol,2014,Comprehensive,7,Automatic,5,DELHI
740000.0,Hatchback,30000,1,2022,22.35,Petrol,2022,Third Party insurance,5,Manual,5,DELHI
1049000.0,Sedan,37000,0,2017,16.7,Petrol,2017,Third Party,6,Manual,5,DELHI
570000.0,Hatchback,30000,2,2018,18.6,Petrol,2018,Comprehensive,5,Manual,5,DELHI
275000.0,Hatchback,90000,1,2012,19.4,Petrol,2012,Third Party insurance,5,Manual,5,DELHI
250000.0,Hatchback,40000,2,2014,16.1,Petrol,2014,Third Party insurance,4,Manual,4,DELHI
1365000.0,SUV,64336,1,2019,16.0,Petrol,2019,Zero Dep,7,Automatic,5,DELHI
429000.0,Hatchback,83425,1,2016,16.2,Petrol,2016,Comprehensive,5,Manual,5,DELHI
2190000.0,SUV,85000,3,2014,12.7,Diesel,2014,Comprehensive,9,Automatic,5,DELHI
544000.0,Sedan,66181,1,2016,26.59,Diesel,2016,Comprehensive,5,Manual,5,DELHI
336000.0,Hatchback,25486,2,2019,24.7,Petrol,2019,Comprehensive,5,Manual,5,DELHI
3050000.0,Sedan,35000,1,2017,14.74,Petrol,2017,Third Party insurance,7,Automatic,5,DELHI
449000.0,Hatchback,25489,1,2016,22.38,Petrol,2016,Comprehensive,5,Manual,5,DELHI
3800000.0,SUV,40000,2,2021,13.9,Diesel,2021,Comprehensive,10,Automatic,7,DELHI
503000.0,Hatchback,85363,1,2018,21.4,Petrol,2018,Third Party,5,Manual,5,DELHI
125000.0,Sedan,110000,3,2009,15.0,Petrol,2009,Third Party insurance,5,Manual,5,DELHI
350000.0,SUV,40000,1,2014,22.7,Diesel,2014,Third Party insurance,5,Manual,5,DELHI
9600000.0,SUV,40000,1,2018,12.65,Petrol,2018,Third Party insurance,8,Automatic,5,DELHI
1755000.0,SUV,1500,1,2023,16.39,Petrol,2023,Zero Dep,4,Automatic,4,DELHI
125000.0,Sedan,110000,3,2009,15.0,Petrol,2009,Third Party insurance,5,Manual,5,DELHI
100000.0,Hatchback,80000,2,2011,15.6,Petrol,2011,Third Party insurance,5,Manual,5,DELHI
850000.0,Sedan,20000,1,2022,31.12,CNG,2022,Third Party insurance,5,Manual,5,DELHI
1200000.0,SUV,20000,1,2023,17.38,Petrol,2023,Third Party insurance,5,Manual,5,DELHI
275000.0,Hatchback,62000,2,2012,17.0,Petrol,2012,Comprehensive,5,Manual,5,DELHI
425000.0,Sedan,50000,4,2010,11.7,Petrol,2010,Third Party insurance,6,Automatic,5,DELHI
350000.0,Sedan,90000,2,2014,23.4,Diesel,2014,Third Party insurance,5,Manual,5,DELHI
221000.0,Hatchback,67985,1,2011,20.36,Petrol,2011,Comprehensive,5,Manual,5,DELHI
828000.0,SUV,89722,1,2020,25.5,Diesel,2020,Comprehensive,6,Manual,5,DELHI
600000.0,SUV,80000,1,2017,23.0,Diesel,2017,Third Party insurance,5,Manual,5,DELHI
1556000.0,MUV,49647,2,2020,8.0,Petrol,2020,Comprehensive,6,Automatic,7,DELHI
517000.0,MUV,110490,1,2020,20.0,Petrol,2020,Zero Dep,5,Manual,7,DELHI
325000.0,Sedan,78000,2,2012,17.5,Petrol,2012,Comprehensive,5,Manual,5,DELHI
371000.0,Hatchback,51165,1,2017,20.51,Petrol,2017,Third Party,5,Manual,5,DELHI
475000.0,Hatchback,14000,1,2022,21.7,Petrol,2022,Third Party insurance,5,Manual,5,DELHI
406000.0,Hatchback,50576,1,2015,18.9,Petrol,2015,Comprehensive,5,Manual,5,DELHI
1090000.0,MUV,55000,1,2021,19.01,Petrol,2021,Third Party insurance,5,Manual,6,DELHI
890000.0,SUV,70000,1,2019,18.15,Petrol,2019,Third Party insurance,7,Automatic,5,DELHI
100000.0,Hatchback,80000,2,2009,18.9,Petrol,2009,Third Party insurance,5,Manual,5,DELHI
1890000.0,Sedan,65000,1,2014,12.0,Petrol,2014,Comprehensive,7,Automatic,5,DELHI
485000.0,SUV,90000,3,2015,15.96,Diesel,2015,Third Party insurance,5,Manual,7,DELHI
840000.0,SUV,71000,1,2016,15.4,Diesel,2016,Comprehensive,5,Manual,7,DELHI
900000.0,Sedan,60000,1,2019,18.0,Petrol,2019,Third Party insurance,0,Automatic,5,DELHI
950000.0,SUV,20000,1,2021,18.4,Petrol,2021,Third Party insurance,5,Manual,5,DELHI
418000.0,Sedan,60000,1,2011,17.01,Petrol,2011,Third Party insurance,5,Manual,5,DELHI
1195000.0,SUV,38000,1,2019,20.5,Diesel,2019,Third Party insurance,6,Manual,5,DELHI
4640000.0,SUV,7000,0,2023,12.04,Diesel,2023,Third Party insurance,8,Automatic,6,DELHI
1044000.0,Hatchback,20000,1,2022,16.47,Petrol,2022,Third Party insurance,6,Automatic,5,HYDERABAD
260000.0,Hatchback,85582,2,2014,21.1,Petrol,2014,Third Party insurance,5,Manual,5,HYDERABAD
955000.0,SUV,10000,1,2023,18.9,Petrol,2023,Third Party insurance,5,Manual,5,HYDERABAD
671000.0,Hatchback,50750,1,2017,21.4,Petrol,2017,Third Party insurance,5,Manual,5,HYDERABAD
1900000.0,SUV,10000,1,2022,18.9,Petrol,2022,Third Party insurance,6,Automatic,4,HYDERABAD
1178000.0,SUV,10000,1,2021,18.2,Petrol,2021,Third Party insurance,6,Manual,5,HYDERABAD
489000.0,Hatchback,66366,1,2017,23.1,Petrol,2017,Zero Dep,5,Automatic,5,HYDERABAD
1541000.0,Sedan,5000,1,2022,19.2,Petrol,2022,Third Party insurance,7,Automatic,5,HYDERABAD
465000.0,Hatchback,72544,1,2017,23.1,Petrol,2017,Third Party,5,Manual,5,HYDERABAD
728000.0,Hatchback,29154,1,2021,18.5,Petrol,2021,Third Party,5,Manual,5,HYDERABAD
530000.0,Hatchback,70000,1,2018,23.84,Petrol,2018,Third Party insurance,5,Automatic,5,HYDERABAD
466000.0,Hatchback,33730,1,2021,21.7,Petrol,2021,Third Party insurance,5,Manual,5,HYDERABAD
457000.0,Hatchback,51113,1,2020,23.01,Petrol,2020,Comprehensive,5,Manual,5,HYDERABAD
350000.0,Hatchback,40000,2,2013,22.07,Diesel,2013,Third Party insurance,5,Manual,5,HYDERABAD
290000.0,Hatchback,40000,1,2009,18.9,Petrol,2009,Third Party insurance,5,Manual,5,HYDERABAD
3800000.0,SUV,60000,1,2020,20.68,Diesel,2020,Third Party insurance,8,Automatic,5,HYDERABAD
375000.0,Hatchback,64500,1,2014,21.79,Petrol,2014,Comprehensive,5,Manual,5,HYDERABAD
600000.0,Hatchback,40000,1,2020,21.79,Petrol,2020,Third Party insurance,5,Manual,5,HYDERABAD
1400000.0,SUV,80000,1,2018,17.1,Diesel,2018,Third Party insurance,6,Manual,5,HYDERABAD
1900000.0,SUV,50000,1,2019,16.3,Diesel,2019,Third Party insurance,6,Manual,5,HYDERABAD
740000.0,Hatchback,40000,1,2020,20.0,Petrol,2020,Third Party insurance,6,Manual,5,HYDERABAD
766000.0,Sedan,39886,2,2020,20.1,Petrol,2020,Third Party,5,Automatic,5,HYDERABAD
440000.0,SUV,107588,1,2014,20.45,Diesel,2014,Third Party insurance,5,Manual,5,HYDERABAD
519000.0,Hatchback,36621,1,2017,18.9,Petrol,2017,Third Party insurance,5,Manual,5,HYDERABAD
1600000.0,SUV,80000,1,2020,16.65,Diesel,2020,Third Party insurance,6,Manual,6,HYDERABAD
525000.0,Hatchback,18900,1,2022,24.76,Petrol,2022,Third Party insurance,5,Manual,5,HYDERABAD
1108000.0,SUV,70754,1,2019,20.8,Diesel,2019,Zero Dep,6,Manual,5,HYDERABAD
420000.0,Hatchback,59832,1,2020,21.7,Petrol,2020,Third Party insurance,5,Manual,5,HYDERABAD
605000.0,Sedan,60068,2,2017,21.21,Petrol,2017,Third Party,5,Manual,5,HYDERABAD
326000.0,Hatchback,41261,1,2018,22.05,Petrol,2018,Comprehensive,5,Manual,5,HYDERABAD
950000.0,SUV,32209,1,2020,17.0,Petrol,2020,Third Party insurance,5,Manual,5,HYDERABAD
639000.0,Hatchback,75747,1,2018,18.7,Petrol,2018,Comprehensive,5,Manual,5,HYDERABAD
712000.0,Hatchback,49241,2,2018,18.6,Petrol,2018,Third Party insurance,5,Manual,5,HYDERABAD
3000000.0,SUV,100000,2,2018,17.9,Diesel,2018,Third Party insurance,9,Automatic,5,HYDERABAD
2250000.0,SUV,119422,1,2016,10.91,Diesel,2016,Third Party insurance,6,Automatic,7,HYDERABAD
670000.0,Hatchback,33488,1,2021,22.38,Petrol,2021,Third Party insurance,5,Manual,5,HYDERABAD
1650000.0,SUV,30000,1,2021,15.2,Petrol,2021,Third Party insurance,6,Manual,4,HYDERABAD
875000.0,Hatchback,21000,1,2022,19.33,Petrol,2022,Third Party,5,Manual,5,HYDERABAD
1600000.0,SUV,56545,1,2018,17.1,Diesel,2018,Third Party insurance,6,Manual,5,HYDERABAD
675000.0,Hatchback,64000,1,2017,18.78,Petrol,2017,Third Party insurance,5,Manual,5,HYDERABAD
533000.0,Sedan,71413,2,2018,19.44,Petrol,2018,Third Party insurance,5,Manual,5,HYDERABAD
487000.0,Hatchback,31920,2,2020,22.3,Petrol,2020,Third Party,5,Manual,5,HYDERABAD
3390000.0,SUV,46000,1,2019,20.68,Diesel,2019,Comprehensive,8,Automatic,5,HYDERABAD
526000.0,Hatchback,9939,2,2022,21.7,Petrol,2022,Comprehensive,5,Manual,5,HYDERABAD
926000.0,Hatchback,7156,1,2022,21.01,Petrol,2022,Third Party,5,Manual,5,HYDERABAD
850000.0,Sedan,20608,1,2018,17.1,Petrol,2018,Comprehensive,6,Manual,5,HYDERABAD
725000.0,Sedan,92000,2,2019,22.0,Petrol,2019,Comprehensive,5,Manual,5,HYDERABAD
501000.0,Hatchback,67553,2,2018,23.1,Petrol,2018,Comprehensive,5,Automatic,5,HYDERABAD
577000.0,Sedan,95286,1,2017,20.85,Petrol,2017,Third Party,5,Manual,5,HYDERABAD
895000.0,SUV,66000,1,2015,16.0,Diesel,2015,Comprehensive,6,Manual,7,HYDERABAD
521000.0,Hatchback,35929,1,2019,18.9,Petrol,2019,Zero Dep,5,Manual,5,HYDERABAD
650000.0,SUV,136035,1,2016,15.4,Petrol,2016,Comprehensive,6,Manual,7,HYDERABAD
670000.0,MUV,93997,1,2013,20.77,Diesel,2013,Third Party insurance,5,Manual,7,HYDERABAD
775000.0,Sedan,60000,1,2018,15.41,Petrol,2018,Third Party insurance,5,Manual,5,HYDERABAD
980000.0,SUV,52220,1,2019,24.3,Diesel,2019,Comprehensive,5,Manual,5,HYDERABAD
830000.0,Sedan,61659,2,2019,21.56,Petrol,2019,Third Party,5,Manual,5,HYDERABAD
750000.0,Sedan,65000,1,2020,22.41,Petrol,2020,Third Party insurance,5,Manual,5,HYDERABAD
450000.0,Hatchback,120000,1,2018,25.32,Diesel,2018,Third Party insurance,5,Manual,6,HYDERABAD
600000.0,Hatchback,110000,2,2017,25.2,Diesel,2017,Third Party insurance,5,Manual,5,HYDERABAD
302000.0,Hatchback,78969,1,2017,22.05,Petrol,2017,Third Party insurance,5,Manual,5,HYDERABAD
736000.0,Hatchback,38939,2,2021,20.7,Petrol,2021,Third Party,5,Manual,5,HYDERABAD
480000.0,Hatchback,88637,1,2019,20.89,Petrol,2019,Comprehensive,5,Manual,5,HYDERABAD
967000.0,Hatchback,19070,1,2021,20.0,Petrol,2021,Third Party,6,Manual,5,HYDERABAD
432000.0,Hatchback,68556,1,2020,21.7,Petrol,2020,Zero Dep,5,Manual,5,HYDERABAD
600000.0,Hatchback,44356,1,2019,20.4,Petrol,2019,Not Available,5,Manual,5,HYDERABAD
610000.0,Sedan,73143,1,2016,22.41,Petrol,2016,Third Party,5,Manual,5,HYDERABAD
1250000.0,SUV,146769,1,2012,14.7,Diesel,2012,Third Party insurance,6,Automatic,5,HYDERABAD
337000.0,Hatchback,67527,1,2018,19.02,Petrol,2018,Third Party insurance,5,Manual,5,HYDERABAD
527000.0,Hatchback,79467,1,2019,20.3,Petrol,2019,Comprehensive,5,Automatic,5,HYDERABAD
1750000.0,Sedan,103174,1,2014,18.12,Diesel,2014,Third Party insurance,8,Automatic,5,HYDERABAD
549000.0,Hatchback,103046,3,2017,16.2,Petrol,2017,Third Party,5,Manual,5,HYDERABAD
270000.0,Hatchback,85110,2,2017,15.8,Petrol,2017,Not Available,5,Manual,5,HYDERABAD
285000.0,Sedan,114000,1,2011,19.0,Diesel,2011,Third Party insurance,5,Manual,5,HYDERABAD
975000.0,SUV,70000,1,2017,20.37,Diesel,2017,Third Party insurance,6,Manual,5,HYDERABAD
725000.0,Hatchback,72000,1,2018,22.54,Diesel,2018,Third Party insurance,6,Manual,5,HYDERABAD
955000.0,SUV,20000,1,2023,18.9,Petrol,2023,Third Party insurance,5,Manual,5,HYDERABAD
1850000.0,MUV,32000,1,2022,18.9,Diesel,2022,Third Party,6,Automatic,6,HYDERABAD
1010000.0,SUV,20000,1,2023,18.9,Petrol,2023,Third Party insurance,5,Manual,5,HYDERABAD
1750000.0,SUV,22500,1,2021,16.8,Petrol,2021,Third Party insurance,0,Automatic,5,HYDERABAD
621000.0,Hatchback,54708,1,2016,18.6,Petrol,2016,Comprehensive,5,Manual,5,HYDERABAD
633000.0,Hatchback,78031,1,2017,21.4,Petrol,2017,Comprehensive,5,Manual,5,HYDERABAD
6900000.0,Sedan,32000,1,2022,20.37,Diesel,2022,Comprehensive,8,Automatic,5,HYDERABAD
515000.0,Hatchback,24337,2,2019,18.9,Petrol,2019,Zero Dep,5,Manual,5,HYDERABAD
679000.0,Hatchback,82243,1,2019,21.4,Petrol,2019,Third Party insurance,5,Manual,5,HYDERABAD
1388000.0,SUV,20000,1,2022,18.9,Petrol,2022,Third Party insurance,6,Manual,5,HYDERABAD
609000.0,Hatchback,104701,2,2017,20.89,Petrol,2017,Comprehensive,5,Automatic,5,HYDERABAD
1000000.0,SUV,54000,2,2021,17.03,Petrol,2021,Comprehensive,5,Manual,5,HYDERABAD
590000.0,Hatchback,118937,1,2021,22.38,Petrol,2021,Third Party insurance,5,Manual,5,HYDERABAD
570000.0,Hatchback,105133,1,2017,25.2,Diesel,2017,Third Party insurance,5,Manual,5,HYDERABAD
2650000.0,SUV,10000,1,2023,12.34,Petrol,2023,Third Party insurance,6,Automatic,5,HYDERABAD
679000.0,Sedan,36290,1,2018,21.21,Petrol,2018,Third Party,5,Automatic,5,HYDERABAD
1800000.0,SUV,10000,1,2023,18.9,Petrol,2023,Third Party insurance,6,Manual,7,HYDERABAD
640000.0,Hatchback,29084,1,2018,18.6,Petrol,2018,Third Party insurance,5,Manual,5,HYDERABAD
475000.0,Hatchback,66911,1,2020,21.63,Petrol,2020,Third Party insurance,5,Manual,5,HYDERABAD
430000.0,Sedan,110000,1,2011,16.8,Petrol,2011,Third Party insurance,5,Automatic,5,HYDERABAD
1700000.0,SUV,7033,1,2022,21.11,Petrol,2022,Comprehensive,5,Manual,5,HYDERABAD
1950000.0,SUV,40000,1,2021,17.88,Petrol,2021,Third Party insurance,7,Manual,5,HYDERABAD
700000.0,SUV,80000,2,2014,15.1,Diesel,2014,Third Party insurance,6,Manual,7,HYDERABAD
675000.0,Hatchback,22000,1,2018,18.9,Petrol,2018,Third Party,4,Automatic,5,HYDERABAD
430000.0,Hatchback,70200,1,2018,19.02,Petrol,2018,Third Party insurance,5,Manual,5,HYDERABAD
420000.0,Hatchback,60004,1,2019,23.01,Petrol,2019,Third Party insurance,5,Manual,5,HYDERABAD
580000.0,Hatchback,60000,1,2020,20.52,Petrol,2020,Third Party insurance,5,Manual,5,HYDERABAD
334000.0,Hatchback,57078,2,2013,19.81,Petrol,2013,Third Party,5,Manual,5,HYDERABAD
402000.0,Hatchback,63789,1,2014,18.5,Petrol,2014,Comprehensive,5,Manual,5,HYDERABAD
240000.0,Hatchback,120000,1,2016,25.44,Diesel,2016,Third Party insurance,5,Manual,5,HYDERABAD
734000.0,Sedan,118207,2,2018,28.09,Diesel,2018,Zero Dep,5,Automatic,5,HYDERABAD
795000.0,Sedan,53000,1,2017,17.4,Petrol,2017,Comprehensive,5,Manual,5,HYDERABAD
570000.0,Hatchback,105224,2,2016,21.4,Petrol,2016,Comprehensive,5,Manual,5,HYDERABAD
551000.0,Hatchback,20837,2,2021,20.3,Petrol,2021,Zero Dep,5,Manual,5,HYDERABAD
280000.0,Hatchback,100000,2,2010,18.5,Petrol,2010,Third Party insurance,5,Manual,5,HYDERABAD
463000.0,Hatchback,24021,1,2021,20.71,Petrol,2021,Third Party insurance,5,Manual,5,HYDERABAD
625000.0,Sedan,61000,1,2016,20.73,Petrol,2016,Third Party insurance,5,Manual,5,HYDERABAD
800000.0,Sedan,120000,2,2013,9.0,Diesel,2013,Third Party insurance,8,Automatic,5,HYDERABAD
200000.0,Sedan,64000,2,2008,15.3,Petrol,2008,Third Party insurance,5,Manual,5,HYDERABAD
170000.0,Hatchback,120000,1,2011,19.7,Petrol,2011,Third Party insurance,5,Manual,5,HYDERABAD
1950000.0,SUV,30000,1,2022,17.88,Petrol,2022,Third Party insurance,7,Manual,5,HYDERABAD
325000.0,Hatchback,49000,1,2018,22.05,Petrol,2018,Third Party insurance,5,Manual,5,HYDERABAD
750000.0,MUV,115000,1,2018,17.3,Diesel,2018,Third Party insurance,6,Manual,7,HYDERABAD
275000.0,Hatchback,50000,1,2016,24.7,Petrol,2016,Third Party insurance,5,Manual,5,HYDERABAD
447000.0,Hatchback,18569,1,2021,21.7,Petrol,2021,Third Party,5,Manual,5,HYDERABAD
578000.0,Hatchback,98455,1,2018,24.0,Diesel,2018,Third Party insurance,5,Manual,5,HYDERABAD
600000.0,Sedan,85000,1,2015,21.66,Diesel,2015,Third Party insurance,7,Automatic,5,HYDERABAD
524000.0,Sedan,97921,1,2016,17.0,Petrol,2016,Third Party,5,Manual,5,HYDERABAD
402000.0,Hatchback,19205,2,2020,21.7,Petrol,2020,Third Party,5,Manual,5,HYDERABAD
667000.0,Hatchback,122000,2,2019,28.4,Diesel,2019,Third Party insurance,5,Manual,5,HYDERABAD
552000.0,Hatchback,97644,1,2018,20.89,Petrol,2018,Zero Dep,5,Manual,5,HYDERABAD
265000.0,Hatchback,82000,1,2010,20.36,Petrol,2010,Third Party insurance,5,Manual,5,HYDERABAD
443000.0,Hatchback,70607,2,2013,22.9,Diesel,2013,Comprehensive,5,Manual,5,HYDERABAD
721000.0,Sedan,71144,1,2016,17.01,Petrol,2016,Third Party insurance,4,Automatic,5,HYDERABAD
1550000.0,Sedan,2373,1,2022,18.45,Petrol,2022,Comprehensive,0,Automatic,5,HYDERABAD
1092000.0,Hatchback,56753,1,2021,20.28,Petrol,2021,Zero Dep,7,Automatic,5,HYDERABAD
890000.0,SUV,72000,1,2018,24.3,Diesel,2018,Third Party insurance,5,Manual,5,HYDERABAD
550000.0,Hatchback,64487,2,2018,21.4,Petrol,2018,Not Available,5,Manual,5,HYDERABAD
609000.0,Hatchback,95783,1,2017,21.4,Petrol,2017,Third Party,5,Manual,5,HYDERABAD
1450000.0,MUV,60000,2,2019,17.6,Diesel,2019,Third Party insurance,6,Automatic,7,HYDERABAD
1100000.0,MUV,59108,1,2021,19.01,Petrol,2021,Comprehensive,5,Manual,6,HYDERABAD
3800000.0,Sedan,50000,2,2019,12.6,Diesel,2019,Third Party insurance,9,Automatic,5,HYDERABAD
1199000.0,SUV,31500,2,2020,14.23,Petrol,2020,Comprehensive,6,Manual,5,HYDERABAD
845000.0,SUV,128193,1,2015,15.1,Diesel,2015,Comprehensive,6,Manual,7,HYDERABAD
1013000.0,Sedan,87810,1,2018,22.0,Diesel,2018,Zero Dep,6,Manual,5,HYDERABAD
1008000.0,SUV,64951,2,2017,13.0,Petrol,2017,Comprehensive,6,Manual,5,HYDERABAD
260000.0,Hatchback,50000,2,2012,17.92,Petrol,2012,Third Party insurance,5,Manual,5,HYDERABAD
1124000.0,SUV,97161,1,2017,19.67,Diesel,2017,Third Party insurance,6,Manual,5,HYDERABAD
609000.0,Sedan,67805,1,2017,17.0,Petrol,2017,Zero Dep,5,Manual,5,HYDERABAD
1450000.0,SUV,158000,2,2014,15.73,Diesel,2014,Third Party insurance,7,Automatic,5,HYDERABAD
272000.0,Hatchback,70435,2,2014,24.39,Petrol,2014,Third Party insurance,5,Manual,5,HYDERABAD
1500000.0,SUV,49287,1,2020,17.41,Diesel,2020,Comprehensive,6,Manual,5,HYDERABAD
522000.0,Hatchback,84759,2,2018,20.3,Petrol,2018,Comprehensive,5,Automatic,5,HYDERABAD
623000.0,Hatchback,74538,2,2017,21.4,Petrol,2017,Comprehensive,5,Manual,5,HYDERABAD
585000.0,SUV,53000,1,2010,12.05,Diesel,2010,Third Party insurance,6,Manual,8,HYDERABAD
298000.0,Hatchback,79024,2,2017,22.05,Petrol,2017,Third Party insurance,5,Manual,5,HYDERABAD
400000.0,Hatchback,80000,1,2016,27.62,Diesel,2016,Third Party insurance,5,Manual,5,HYDERABAD
4980000.0,Sedan,56000,1,2019,16.1,Diesel,2019,Third Party insurance,9,Automatic,5,HYDERABAD
1080000.0,SUV,62125,1,2018,19.67,Diesel,2018,Comprehensive,6,Manual,5,HYDERABAD
520000.0,Hatchback,95596,1,2014,23.59,Diesel,2014,Comprehensive,5,Manual,5,HYDERABAD
680000.0,Hatchback,18500,1,2019,18.9,Petrol,2019,Comprehensive,5,Manual,5,HYDERABAD
500000.0,Hatchback,144000,2,2016,28.4,Diesel,2016,Third Party insurance,5,Manual,5,HYDERABAD
1199000.0,Sedan,55200,1,2021,18.6,Petrol,2021,Third Party insurance,6,Manual,5,HYDERABAD
498000.0,Hatchback,188058,1,2016,22.54,Diesel,2016,Not Available,6,Manual,5,HYDERABAD
633000.0,Hatchback,71779,1,2016,18.6,Petrol,2016,Third Party insurance,5,Manual,5,HYDERABAD
562000.0,Sedan,101176,3,2015,17.4,Petrol,2015,Third Party insurance,5,Manual,5,HYDERABAD
475000.0,Hatchback,75000,1,2016,27.62,Diesel,2016,Third Party insurance,5,Manual,5,HYDERABAD
601000.0,Hatchback,66676,1,2017,18.7,Petrol,2017,Comprehensive,5,Manual,5,HYDERABAD
352000.0,Hatchback,2236,1,2018,22.05,Petrol,2018,Third Party insurance,5,Manual,5,HYDERABAD
2395000.0,SUV,62000,1,2019,12.05,Diesel,2019,Third Party insurance,7,Automatic,7,HYDERABAD
300000.0,Hatchback,74754,2,2012,19.81,Petrol,2012,Third Party insurance,5,Manual,5,HYDERABAD
720000.0,Hatchback,66244,1,2018,21.01,Petrol,2018,Third Party insurance,5,Manual,5,HYDERABAD
541000.0,Hatchback,17341,1,2022,21.46,Petrol,2022,Third Party insurance,5,Manual,5,HYDERABAD
514000.0,Hatchback,44675,1,2018,18.9,Petrol,2018,Third Party insurance,5,Manual,5,HYDERABAD
395000.0,SUV,70000,3,2017,18.9,Diesel,2001,Third Party insurance,5,Manual,6,HYDERABAD
780000.0,Hatchback,30829,1,2022,22.35,Petrol,2022,Comprehensive,5,Manual,5,HYDERABAD
400000.0,Sedan,100000,2,2015,17.6,Petrol,2015,Third Party insurance,5,Manual,5,HYDERABAD
995000.0,Sedan,53800,1,2019,26.82,Diesel,2019,Third Party insurance,5,Manual,5,HYDERABAD
940000.0,SUV,122000,1,2017,22.1,Diesel,2017,Third Party insurance,6,Manual,5,HYDERABAD
1490000.0,SUV,107220,1,2017,16.0,Diesel,2017,Third Party insurance,6,Manual,7,HYDERABAD
580000.0,Sedan,129000,1,2015,26.0,Diesel,2015,Third Party insurance,6,Manual,5,HYDERABAD
6695000.0,SUV,60000,1,2017,11.0,Diesel,2017,Third Party,9,Automatic,7,HYDERABAD
375000.0,Hatchback,83829,1,2018,22.5,Petrol,2018,Third Party insurance,5,Manual,5,HYDERABAD
3000000.0,SUV,70000,1,2017,14.16,Diesel,2017,Third Party insurance,7,Automatic,5,HYDERABAD
314000.0,Hatchback,52996,2,2013,19.4,Petrol,2013,Third Party insurance,5,Manual,5,HYDERABAD
556000.0,Hatchback,16105,2,2021,22.0,Petrol,2021,Third Party insurance,5,Automatic,5,HYDERABAD
2850000.0,Sedan,151901,1,2016,15.8,Diesel,2016,Third Party insurance,6,Manual,5,HYDERABAD
787000.0,Hatchback,15680,1,2021,21.01,Petrol,2021,Zero Dep,5,Manual,5,HYDERABAD
595000.0,Hatchback,55065,1,2019,22.56,Petrol,2019,Third Party insurance,5,Automatic,5,HYDERABAD
400000.0,Hatchback,120000,2,2016,23.59,Diesel,2016,Third Party insurance,5,Manual,5,HYDERABAD
771000.0,Hatchback,15518,2,2021,19.0,Petrol,2021,Third Party,5,Automatic,5,HYDERABAD
790000.0,Sedan,39907,1,2018,21.0,Diesel,2018,Third Party insurance,0,Automatic,5,HYDERABAD
655000.0,Hatchback,45560,1,2017,18.6,Petrol,2017,Zero Dep,5,Manual,5,HYDERABAD
336000.0,Hatchback,42096,1,2012,20.36,Petrol,2012,Third Party insurance,5,Manual,5,HYDERABAD
1775000.0,Sedan,70500,2,2015,17.9,Diesel,2015,Third Party insurance,7,Automatic,5,HYDERABAD
832000.0,Sedan,63886,1,2018,17.4,Petrol,2018,Third Party insurance,5,Manual,5,HYDERABAD
1025000.0,MUV,95600,1,2017,17.6,Diesel,2017,Third Party insurance,6,Manual,7,HYDERABAD
1995000.0,Sedan,101000,1,2013,13.0,Diesel,2013,Third Party insurance,7,Automatic,5,HYDERABAD
2650000.0,Sedan,61000,1,2015,13.0,Diesel,2015,Third Party insurance,7,Automatic,5,HYDERABAD
2450000.0,SUV,95000,1,2016,17.05,Diesel,2016,Third Party insurance,8,Automatic,5,HYDERABAD
2550000.0,SUV,97000,1,2017,15.73,Diesel,2017,Third Party insurance,7,Automatic,5,HYDERABAD
595000.0,Hatchback,61000,1,2016,25.2,Diesel,2016,Third Party insurance,5,Manual,5,HYDERABAD
625000.0,Hatchback,18000,1,2017,18.9,Petrol,2017,Third Party insurance,4,Automatic,5,HYDERABAD
599000.0,Hatchback,63000,1,2016,18.9,Petrol,2016,Third Party insurance,4,Automatic,5,HYDERABAD
615000.0,Hatchback,52617,2,2018,21.4,Petrol,2018,Third Party,5,Manual,5,HYDERABAD
514000.0,Hatchback,51865,1,2019,25.24,Petrol,2019,Third Party insurance,5,Manual,5,HYDERABAD
2375000.0,SUV,93000,1,2017,17.32,Diesel,2017,Third Party insurance,6,Manual,5,HYDERABAD
458000.0,Hatchback,110410,1,2015,22.38,Petrol,2015,Comprehensive,5,Manual,5,HYDERABAD
700000.0,Sedan,55846,1,2017,19.12,Petrol,2017,Third Party,4,Automatic,5,HYDERABAD
515000.0,Hatchback,47000,1,2020,21.46,Petrol,2020,Third Party insurance,5,Manual,5,HYDERABAD
822000.0,SUV,39914,1,2018,17.0,Petrol,2018,Third Party insurance,5,Manual,5,HYDERABAD
265000.0,Hatchback,73000,1,2010,17.92,Petrol,2010,Third Party insurance,5,Manual,5,HYDERABAD
579000.0,Hatchback,88048,1,2016,18.6,Petrol,2016,Third Party insurance,5,Manual,5,HYDERABAD
318000.0,Hatchback,92278,2,2013,20.36,Petrol,2013,Third Party,5,Manual,5,HYDERABAD
435000.0,SUV,260000,1,2003,18.9,Diesel,2003,Third Party insurance,5,Manual,8,HYDERABAD
643000.0,Sedan,92960,1,2016,17.8,Petrol,2016,Comprehensive,5,Manual,5,HYDERABAD
750000.0,Hatchback,63000,1,2020,19.33,Petrol,2020,Third Party insurance,5,Manual,5,HYDERABAD
825000.0,SUV,20000,1,2021,19.03,Petrol,2021,Third Party insurance,5,Automatic,5,HYDERABAD
2675000.0,SUV,7000,1,2022,14.1,Petrol,2022,Comprehensive,7,Automatic,5,HYDERABAD
610000.0,Hatchback,4600,1,2022,25.3,Petrol,2022,Comprehensive,5,Automatic,5,HYDERABAD
1090000.0,Sedan,22800,1,2021,17.4,Petrol,2021,Comprehensive,5,Manual,5,HYDERABAD
100000.0,Sedan,150000,1,2006,17.8,Diesel,2006,Third Party insurance,5,Manual,5,HYDERABAD
625000.0,Sedan,10000,1,2020,19.95,Petrol,2020,Third Party insurance,5,Manual,5,HYDERABAD
185000.0,Hatchback,70000,2,2010,15.6,Petrol,2010,Third Party insurance,5,Manual,5,HYDERABAD
357000.0,Hatchback,44790,1,2020,22.05,Petrol,2020,Third Party insurance,5,Manual,5,HYDERABAD
547000.0,Hatchback,14213,1,2022,21.7,Petrol,2022,Third Party,5,Manual,5,HYDERABAD
800000.0,SUV,102000,2,2018,24.3,Diesel,2018,Comprehensive,5,Manual,5,HYDERABAD
311000.0,Hatchback,40724,3,2012,20.36,Petrol,2012,Third Party insurance,5,Manual,5,HYDERABAD
570000.0,Hatchback,55724,2,2017,21.4,Petrol,2017,Third Party insurance,5,Manual,5,HYDERABAD
300000.0,Sedan,100000,1,2010,17.5,Petrol,2010,Third Party insurance,5,Manual,5,HYDERABAD
332000.0,Hatchback,85396,1,2017,22.05,Petrol,2017,Third Party,5,Manual,5,HYDERABAD
510000.0,Hatchback,50000,2,2016,21.4,Petrol,2016,Third Party insurance,5,Manual,5,HYDERABAD
325000.0,Hatchback,27136,1,2016,24.7,Petrol,2016,Comprehensive,5,Manual,5,HYDERABAD
644000.0,Hatchback,44591,1,2019,19.0,Petrol,2019,Zero Dep,5,Manual,5,HYDERABAD
8200000.0,Coupe,6000,1,2021,11.9,Petrol,2021,Third Party insurance,9,Automatic,4,HYDERABAD
528000.0,Hatchback,20034,1,2018,20.89,Petrol,2018,Comprehensive,5,Manual,5,HYDERABAD
260000.0,Hatchback,50000,2,2012,17.92,Petrol,2012,Third Party insurance,5,Manual,5,HYDERABAD
1150000.0,MUV,47529,1,2022,18.9,Petrol,2022,Comprehensive,6,Manual,7,HYDERABAD
740000.0,Hatchback,46739,1,2017,19.56,Petrol,2017,Comprehensive,0,Automatic,5,HYDERABAD
410000.0,Sedan,150000,2,2012,22.32,Diesel,2012,Third Party insurance,6,Manual,5,HYDERABAD
599000.0,Hatchback,62000,1,2019,21.63,Petrol,2019,Third Party insurance,5,Automatic,5,HYDERABAD
1125000.0,MUV,45000,1,2021,19.01,Petrol,2021,Third Party insurance,5,Manual,6,HYDERABAD
1299000.0,Sedan,36000,1,2020,18.3,Petrol,2020,Third Party insurance,0,Automatic,5,HYDERABAD
1050000.0,Sedan,40000,1,2019,17.14,Petrol,2019,Third Party insurance,5,Manual,5,HYDERABAD
416000.0,Hatchback,15850,1,2020,22.5,Petrol,2020,Comprehensive,5,Manual,5,HYDERABAD
642000.0,Sedan,62535,1,2017,21.21,Petrol,2017,Third Party insurance,5,Automatic,5,HYDERABAD
849000.0,SUV,94600,1,2018,24.3,Diesel,2018,Comprehensive,5,Manual,5,HYDERABAD
434000.0,Sedan,80375,2,2013,22.41,Petrol,2013,Third Party insurance,5,Manual,5,HYDERABAD
276000.0,Hatchback,97935,3,2012,19.4,Petrol,2012,Comprehensive,5,Manual,5,HYDERABAD
710000.0,Hatchback,38300,1,2019,18.6,Petrol,2019,Comprehensive,5,Manual,5,HYDERABAD
580000.0,Hatchback,81917,1,2017,21.4,Petrol,2017,Zero Dep,5,Manual,5,HYDERABAD
575000.0,Hatchback,69000,1,2016,21.4,Petrol,2016,Comprehensive,5,Manual,5,HYDERABAD
498000.0,Hatchback,43566,2,2016,18.9,Petrol,2016,Comprehensive,5,Manual,5,HYDERABAD
533000.0,Hatchback,94201,2,2015,18.6,Petrol,2015,Third Party insurance,5,Manual,5,HYDERABAD
699000.0,Hatchback,50000,1,2017,21.4,Petrol,2017,Third Party insurance,0,Automatic,5,HYDERABAD
520000.0,Hatchback,40689,1,2019,23.84,Petrol,2019,Zero Dep,5,Manual,5,HYDERABAD
720000.0,Sedan,35849,1,2018,19.5,Petrol,2018,Comprehensive,5,Manual,5,HYDERABAD
1800000.0,SUV,15833,1,2021,17.41,Diesel,2021,Zero Dep,6,Manual,5,HYDERABAD
380000.0,Sedan,90000,2,2011,20.0,Diesel,2011,Third Party insurance,5,Manual,5,HYDERABAD
749000.0,Hatchback,62000,1,2019,18.6,Petrol,2019,Third Party,5,Manual,5,HYDERABAD
330000.0,Hatchback,40000,3,2017,23.95,Petrol,2017,Third Party insurance,5,Manual,5,HYDERABAD
2195000.0,SUV,20000,1,2021,14.08,Diesel,2021,Comprehensive,6,Automatic,6,HYDERABAD
700000.0,Hatchback,10000,1,2022,20.09,Petrol,2022,Third Party insurance,5,Manual,5,HYDERABAD
645000.0,Hatchback,69552,1,2016,18.6,Petrol,2016,Third Party insurance,5,Manual,5,HYDERABAD
391000.0,Hatchback,97610,1,2018,24.04,Petrol,2018,Third Party,5,Automatic,5,HYDERABAD
509000.0,Sedan,74914,2,2012,16.8,Petrol,2012,Third Party,5,Automatic,5,HYDERABAD
2275000.0,SUV,41000,1,2022,14.6,Diesel,2022,Third Party insurance,6,Automatic,5,HYDERABAD
516000.0,Hatchback,101887,2,2015,18.6,Petrol,2015,Comprehensive,5,Manual,5,HYDERABAD
312000.0,Hatchback,42217,2,2012,18.9,Petrol,2012,Comprehensive,5,Manual,5,HYDERABAD
1975000.0,SUV,63000,1,2019,16.0,Petrol,2019,Third Party insurance,7,Automatic,5,HYDERABAD
434000.0,Hatchback,80315,2,2016,26.68,Petrol,2016,Third Party,5,Automatic,5,HYDERABAD
375000.0,Hatchback,55000,1,2013,18.9,Petrol,2013,Third Party,5,Manual,5,HYDERABAD
432000.0,Hatchback,64447,1,2019,19.83,Petrol,2019,Third Party insurance,5,Manual,5,HYDERABAD
688000.0,Hatchback,76947,1,2019,20.7,Petrol,2019,Third Party,5,Automatic,5,HYDERABAD
350000.0,Hatchback,23110,1,2018,22.7,Petrol,2018,Third Party insurance,5,Manual,5,HYDERABAD
496000.0,Hatchback,40235,2,2018,18.9,Petrol,2018,Third Party insurance,5,Manual,5,HYDERABAD
630000.0,Hatchback,48992,1,2017,22.0,Petrol,2017,Third Party insurance,5,Manual,5,HYDERABAD
685000.0,Hatchback,21000,1,2019,18.9,Petrol,2019,Third Party insurance,4,Automatic,5,HYDERABAD
3200000.0,SUV,30465,1,2021,18.6,Diesel,2021,Comprehensive,8,Automatic,5,HYDERABAD
630000.0,Hatchback,50000,1,2022,35.6,CNG,2022,Third Party insurance,5,Manual,5,HYDERABAD
550000.0,MUV,90000,2,2015,17.3,Petrol,2015,Third Party insurance,5,Manual,7,HYDERABAD
520000.0,MUV,136083,1,2014,24.2,Diesel,2014,Comprehensive,5,Manual,7,HYDERABAD
250000.0,Sedan,90000,2,2007,17.7,Petrol,2007,Third Party insurance,5,Manual,5,HYDERABAD
1000000.0,SUV,100000,1,2019,24.3,Diesel,2019,Third Party insurance,5,Manual,5,HYDERABAD
496000.0,Hatchback,39817,2,2018,20.89,Petrol,2018,Zero Dep,5,Manual,5,HYDERABAD
788000.0,Sedan,54063,1,2017,28.09,Diesel,2017,Third Party,5,Manual,5,HYDERABAD
995000.0,Hatchback,37000,1,2021,20.0,Petrol,2021,Comprehensive,6,Manual,5,HYDERABAD
416000.0,Hatchback,67372,1,2013,18.9,Petrol,2013,Third Party insurance,5,Manual,5,HYDERABAD
344000.0,Hatchback,76685,1,2019,24.7,Petrol,2019,Third Party,5,Manual,5,HYDERABAD
450000.0,Hatchback,115595,1,2014,22.9,Diesel,2014,Comprehensive,5,Manual,5,HYDERABAD
523000.0,Hatchback,89956,2,2019,17.74,Petrol,2019,Third Party,5,Manual,5,HYDERABAD
340000.0,Sedan,120000,2,2011,19.3,Diesel,2011,Third Party insurance,5,Manual,5,HYDERABAD
520000.0,Hatchback,87189,1,2019,18.9,Petrol,2019,Third Party insurance,5,Manual,5,HYDERABAD
628000.0,Hatchback,42662,1,2019,22.38,Petrol,2019,Comprehensive,5,Manual,5,HYDERABAD
525000.0,Hatchback,69000,1,2014,25.2,Diesel,2014,Third Party insurance,5,Manual,5,HYDERABAD
514000.0,Hatchback,63002,1,2019,20.3,Petrol,2019,Third Party insurance,5,Automatic,5,HYDERABAD
1700000.0,Sedan,120000,1,2018,17.42,Diesel,2018,Third Party insurance,6,Automatic,5,HYDERABAD
290000.0,Sedan,108000,1,2008,13.9,Petrol,2008,Third Party insurance,5,Manual,5,HYDERABAD
950000.0,MUV,110000,2,2020,17.3,Diesel,2020,Third Party insurance,6,Manual,7,HYDERABAD
900000.0,Sedan,40022,2,2018,17.0,Petrol,2018,Not Available,6,Manual,5,HYDERABAD
750000.0,Hatchback,81000,1,2019,27.39,Diesel,2019,Third Party insurance,5,Manual,5,HYDERABAD
300000.0,Sedan,70000,1,2011,21.12,Diesel,2011,Third Party insurance,5,Manual,5,HYDERABAD
980000.0,SUV,46000,1,2019,18.49,Diesel,2019,Third Party insurance,5,Manual,7,HYDERABAD
675000.0,Hatchback,45911,1,2018,22.56,Petrol,2018,Third Party insurance,5,Automatic,5,HYDERABAD
616000.0,Sedan,87335,1,2016,17.8,Petrol,2016,Comprehensive,5,Manual,5,HYDERABAD
550000.0,SUV,15600,3,2004,11.96,Petrol,2004,Third Party insurance,5,Manual,8,HYDERABAD
814000.0,SUV,41108,2,2018,17.0,Petrol,2018,Comprehensive,5,Manual,5,HYDERABAD
750000.0,Hatchback,35545,1,2019,21.4,Petrol,2019,Third Party insurance,5,Manual,5,HYDERABAD
450000.0,Sedan,120000,1,2017,24.4,Diesel,2017,Third Party insurance,5,Manual,5,HYDERABAD
498000.0,Hatchback,54631,1,2016,18.9,Petrol,2016,Comprehensive,5,Manual,5,HYDERABAD
650000.0,Sedan,107000,1,2015,26.21,Diesel,2015,Third Party insurance,5,Manual,5,HYDERABAD
527000.0,Hatchback,38471,2,2019,18.9,Petrol,2019,Third Party insurance,5,Manual,5,HYDERABAD
329000.0,Hatchback,72393,2,2015,20.51,Petrol,2015,Comprehensive,5,Manual,5,HYDERABAD
350000.0,Hatchback,58000,1,2015,15.6,Petrol,2015,Third Party insurance,5,Manual,5,HYDERABAD
541000.0,Hatchback,20266,1,2018,20.3,Petrol,2018,Comprehensive,5,Manual,5,HYDERABAD
340000.0,Hatchback,120000,3,2012,21.9,Diesel,2012,Third Party insurance,6,Manual,5,HYDERABAD
185000.0,Hatchback,90000,2,2008,17.92,Petrol,2008,Third Party insurance,5,Manual,5,HYDERABAD
1125000.0,SUV,84910,1,2017,19.67,Diesel,2017,Third Party insurance,6,Manual,5,HYDERABAD
1000000.0,Sedan,70000,1,2020,17.4,Petrol,2020,Third Party insurance,5,Manual,5,HYDERABAD
450000.0,Hatchback,120000,2,2018,25.32,Diesel,2018,Third Party insurance,5,Manual,5,HYDERABAD
445000.0,Sedan,120000,2,2016,24.4,Diesel,2016,Third Party insurance,5,Manual,5,HYDERABAD
1195000.0,SUV,109000,1,2018,19.67,Diesel,2018,Comprehensive,6,Manual,5,HYDERABAD
440000.0,Hatchback,44000,1,2016,23.1,Petrol,2016,Third Party insurance,5,Manual,5,HYDERABAD
503000.0,Hatchback,44363,1,2019,21.63,Petrol,2019,Zero Dep,5,Manual,5,HYDERABAD
702000.0,Sedan,39461,1,2018,21.21,Petrol,2018,Comprehensive,5,Automatic,5,HYDERABAD
1175000.0,Sedan,120000,2,2012,10.0,Diesel,2012,Third Party insurance,5,Automatic,5,HYDERABAD
690000.0,Hatchback,59126,1,2018,21.4,Petrol,2018,Comprehensive,5,Manual,5,HYDERABAD
520000.0,Hatchback,65331,1,2018,18.9,Petrol,2018,Third Party insurance,5,Manual,5,HYDERABAD
699000.0,Hatchback,45000,1,2017,21.1,Petrol,2017,Third Party insurance,5,Manual,5,HYDERABAD
436000.0,Hatchback,41378,2,2013,22.38,Petrol,2013,Third Party insurance,5,Manual,5,HYDERABAD
250000.0,Sedan,120000,1,2013,21.02,Diesel,2013,Third Party insurance,5,Manual,5,HYDERABAD
502000.0,Sedan,124781,1,2014,17.4,Petrol,2014,Comprehensive,5,Manual,5,HYDERABAD
510000.0,Hatchback,63313,1,2016,22.38,Petrol,2016,Third Party insurance,5,Manual,5,HYDERABAD
660000.0,Hatchback,62535,1,2016,27.39,Diesel,2016,Third Party insurance,5,Manual,5,HYDERABAD
599000.0,Hatchback,89581,1,2017,21.4,Petrol,2017,Third Party insurance,5,Manual,5,HYDERABAD
250000.0,Sedan,120000,2,2011,19.68,Diesel,2011,Third Party insurance,5,Manual,5,HYDERABAD
3400000.0,Sedan,78866,1,2017,13.6,Diesel,2017,Third Party insurance,8,Automatic,5,HYDERABAD
750000.0,Sedan,120000,2,2014,16.96,Diesel,2014,Third Party insurance,6,Automatic,5,HYDERABAD
1595000.0,SUV,58000,1,2018,15.1,Diesel,2018,Third Party insurance,6,Manual,7,HYDERABAD
310000.0,Hatchback,90000,1,2012,21.79,Petrol,2012,Third Party insurance,5,Manual,5,HYDERABAD
675000.0,Hatchback,59000,1,2017,21.1,Petrol,2017,Zero Dep,5,Manual,5,HYDERABAD
3500000.0,Sedan,66000,1,2013,10.5,Diesel,2013,Third Party insurance,6,Automatic,4,HYDERABAD
1200000.0,SUV,100000,3,2011,18.9,Diesel,2011,Third Party insurance,7,Automatic,5,HYDERABAD
392000.0,Hatchback,99003,1,2019,21.7,Petrol,2019,Comprehensive,5,Manual,5,HYDERABAD
401000.0,Hatchback,76003,1,2019,21.7,Petrol,2019,Third Party insurance,5,Manual,5,HYDERABAD
4200000.0,SUV,70000,1,2017,14.16,Diesel,2017,Third Party insurance,7,Automatic,5,HYDERABAD
581000.0,Hatchback,101863,3,2017,21.4,Petrol,2017,Third Party insurance,5,Manual,5,HYDERABAD
909000.0,Sedan,107344,1,2018,22.15,Diesel,2018,Comprehensive,7,Automatic,5,HYDERABAD
2400000.0,SUV,100000,3,2011,18.9,Diesel,2011,Third Party insurance,7,Automatic,5,HYDERABAD
543000.0,Hatchback,56129,1,2018,18.9,Petrol,2018,Third Party insurance,5,Manual,5,HYDERABAD
1100000.0,MUV,70599,1,2019,24.52,Diesel,2019,Comprehensive,5,Manual,7,HYDERABAD
743000.0,Sedan,97208,1,2018,23.8,Diesel,2018,Comprehensive,5,Automatic,5,HYDERABAD
997000.0,Sedan,53509,2,2020,18.97,Petrol,2020,Third Party,6,Manual,5,HYDERABAD
1599000.0,SUV,52000,1,2017,17.1,Diesel,2017,Third Party insurance,6,Manual,5,HYDERABAD
811000.0,Hatchback,97621,1,2021,21.0,Petrol,2021,Third Party insurance,5,Manual,5,HYDERABAD
250000.0,Hatchback,113000,1,2009,19.81,Petrol,2009,Third Party insurance,5,Manual,5,HYDERABAD
650000.0,MUV,152000,1,2008,12.8,Diesel,2008,Third Party insurance,5,Manual,8,HYDERABAD
975000.0,SUV,78000,1,2018,25.1,Diesel,2018,Third Party insurance,5,Manual,5,HYDERABAD
1199000.0,Sedan,93000,1,2011,16.55,Diesel,2011,Third Party insurance,7,Automatic,5,HYDERABAD
999000.0,Sedan,48000,1,2017,13.0,Petrol,2001,Third Party insurance,7,Manual,5,HYDERABAD
525000.0,MUV,55000,1,2013,18.2,Diesel,2013,Third Party insurance,5,Manual,7,HYDERABAD
420000.0,Sedan,131852,1,2012,19.3,Diesel,2012,Third Party insurance,5,Manual,5,HYDERABAD
600000.0,Hatchback,20000,1,2021,21.21,Petrol,2021,Third Party insurance,5,Manual,5,HYDERABAD
996000.0,SUV,44416,1,2019,19.6,Diesel,2019,Third Party insurance,6,Manual,5,HYDERABAD
311000.0,Hatchback,69408,3,2012,19.4,Petrol,2012,Comprehensive,5,Manual,5,HYDERABAD
1700000.0,SUV,10000,1,2022,20.08,Petrol,2022,Third Party insurance,6,Manual,5,HYDERABAD
572000.0,Hatchback,78911,2,2016,21.4,Petrol,2016,Comprehensive,5,Manual,5,HYDERABAD
307000.0,Hatchback,85298,1,2017,19.02,Petrol,2017,Zero Dep,5,Manual,5,HYDERABAD
454000.0,Sedan,60529,1,2014,17.4,Petrol,2014,Third Party,5,Manual,5,HYDERABAD
775000.0,Sedan,115276,2,2017,21.13,Diesel,2017,Comprehensive,5,Manual,5,HYDERABAD
850000.0,SUV,60000,1,2019,24.3,Diesel,2019,Third Party insurance,5,Automatic,5,HYDERABAD
907000.0,SUV,30241,1,2020,16.42,Petrol,2020,Third Party insurance,5,Manual,5,HYDERABAD
509000.0,Hatchback,24197,1,2019,20.3,Petrol,2019,Comprehensive,5,Manual,5,HYDERABAD
4800000.0,SUV,20000,1,2022,18.9,Petrol,2022,Third Party insurance,7,Automatic,5,HYDERABAD
940000.0,Hatchback,44981,1,2021,20.0,Petrol,2021,Third Party,6,Manual,5,HYDERABAD
227000.0,Hatchback,85497,2,2011,23.08,Diesel,2011,Comprehensive,5,Manual,5,HYDERABAD
6200000.0,SUV,20000,1,2022,13.47,Petrol,2022,Third Party insurance,5,Automatic,5,HYDERABAD
650000.0,Hatchback,30000,1,2019,21.4,Petrol,2019,Third Party insurance,5,Manual,5,HYDERABAD
580000.0,Hatchback,80000,1,2017,28.4,Diesel,2017,Third Party insurance,5,Manual,5,HYDERABAD
595000.0,Hatchback,41000,1,2017,16.5,Petrol,2017,Third Party insurance,5,Automatic,5,HYDERABAD
1100000.0,SUV,73000,1,2017,17.01,Diesel,2017,Third Party insurance,6,Automatic,5,HYDERABAD
770000.0,Sedan,40000,1,2022,22.41,Petrol,2022,Third Party insurance,5,Manual,5,HYDERABAD
695000.0,Hatchback,27000,1,2018,22.0,Petrol,2018,Comprehensive,5,Manual,5,HYDERABAD
496000.0,Hatchback,57380,3,2018,23.84,Petrol,2018,Comprehensive,5,Manual,5,HYDERABAD
1261000.0,Sedan,81334,1,2018,18.23,Diesel,2018,Third Party,6,Automatic,5,HYDERABAD
875000.0,Sedan,70000,1,2022,31.12,CNG,2022,Third Party insurance,5,Manual,5,HYDERABAD
928000.0,SUV,32483,1,2021,23.22,Diesel,2021,Third Party insurance,6,Manual,5,HYDERABAD
804000.0,SUV,71220,2,2016,24.3,Diesel,2016,Third Party insurance,5,Manual,5,HYDERABAD
1100000.0,SUV,17459,1,2021,18.2,Petrol,2021,Not Available,6,Manual,5,HYDERABAD
1275000.0,SUV,6517,1,2023,17.38,Petrol,2023,Comprehensive,5,Manual,5,HYDERABAD
950000.0,SUV,70427,1,2018,22.1,Diesel,2018,Comprehensive,6,Manual,5,HYDERABAD
400000.0,Hatchback,52306,1,2018,23.95,Petrol,2018,Comprehensive,5,Automatic,5,HYDERABAD
550000.0,Sedan,111670,1,2015,21.21,Diesel,2015,Comprehensive,7,Automatic,5,HYDERABAD
475000.0,Hatchback,40000,1,2019,21.79,Petrol,2019,Third Party insurance,5,Manual,5,HYDERABAD
720000.0,Hatchback,67000,1,2017,21.19,Diesel,2017,Third Party insurance,6,Manual,5,HYDERABAD
4050000.0,Sedan,77000,1,2018,20.37,Diesel,2018,Third Party insurance,8,Automatic,5,HYDERABAD
3875000.0,SUV,71000,1,2016,15.97,Diesel,2016,Third Party insurance,8,Automatic,5,HYDERABAD
417000.0,Sedan,88471,3,2012,16.8,Petrol,2012,Third Party,5,Manual,5,HYDERABAD
532000.0,Hatchback,88479,1,2018,24.0,Diesel,2018,Third Party,5,Manual,5,HYDERABAD
1150000.0,MUV,39000,1,2020,19.01,Petrol,2020,Third Party insurance,5,Manual,6,HYDERABAD
944000.0,Sedan,50003,1,2018,22.15,Diesel,2018,Comprehensive,7,Automatic,5,HYDERABAD
501000.0,Hatchback,82163,1,2017,18.9,Petrol,2017,Comprehensive,5,Manual,5,HYDERABAD
850000.0,Hatchback,40000,1,2022,22.35,Petrol,2022,Third Party insurance,5,Manual,5,HYDERABAD
472000.0,Hatchback,108560,1,2016,22.38,Petrol,2016,Third Party insurance,5,Manual,5,HYDERABAD
860000.0,SUV,70000,1,2014,15.1,Diesel,2014,Third Party insurance,6,Manual,7,HYDERABAD
469000.0,Hatchback,28292,1,2021,21.7,Petrol,2021,Third Party,5,Manual,5,HYDERABAD
289000.0,Hatchback,117467,1,2017,24.7,Petrol,2017,Comprehensive,5,Manual,5,HYDERABAD
690000.0,Hatchback,65000,1,2019,21.4,Petrol,2019,Third Party insurance,5,Manual,5,HYDERABAD
321000.0,Hatchback,60541,1,2012,20.36,Petrol,2012,Third Party,5,Manual,5,HYDERABAD
575000.0,SUV,60000,1,2015,18.88,Petrol,2015,Third Party insurance,5,Manual,5,HYDERABAD
890000.0,Sedan,76355,1,2019,17.4,Petrol,2019,Third Party insurance,5,Manual,5,HYDERABAD
525000.0,Hatchback,60000,1,2021,21.7,Petrol,2021,Third Party insurance,5,Automatic,5,HYDERABAD
900000.0,SUV,50000,1,2019,19.87,Diesel,2019,Third Party insurance,5,Manual,5,HYDERABAD
1650000.0,SUV,96000,1,2019,17.41,Diesel,2019,Third Party insurance,6,Manual,5,HYDERABAD
1120000.0,SUV,63000,1,2020,20.0,Diesel,2020,Third Party insurance,6,Manual,5,HYDERABAD
599000.0,Hatchback,40000,1,2020,20.7,Petrol,2020,Third Party insurance,5,Manual,5,HYDERABAD
1020000.0,SUV,30000,1,2021,18.0,Petrol,2021,Third Party insurance,6,Manual,5,HYDERABAD
443000.0,Sedan,101543,1,2014,22.41,Petrol,2014,Comprehensive,5,Manual,5,HYDERABAD
644000.0,Hatchback,66424,1,2016,21.4,Petrol,2016,Comprehensive,5,Manual,5,HYDERABAD
750000.0,SUV,120000,1,2020,18.55,Petrol,2020,Third Party insurance,5,Manual,5,HYDERABAD
519000.0,Hatchback,33433,1,2018,23.84,Petrol,2018,Third Party insurance,5,Manual,5,HYDERABAD
695000.0,Hatchback,72169,1,2016,22.54,Diesel,2016,Third Party insurance,6,Manual,5,HYDERABAD
981000.0,Sedan,48175,1,2018,18.0,Petrol,2018,Third Party,0,Automatic,5,HYDERABAD
425000.0,Hatchback,73452,1,2014,23.1,Petrol,2014,Third Party insurance,5,Manual,5,HYDERABAD
1537000.0,SUV,54807,1,2020,13.96,Petrol,2020,Third Party,6,Automatic,5,HYDERABAD
323000.0,Hatchback,47118,1,2017,22.05,Petrol,2017,Comprehensive,5,Manual,5,HYDERABAD
700000.0,SUV,100000,1,2017,17.0,Petrol,2017,Third Party insurance,6,Manual,5,HYDERABAD
809000.0,SUV,41192,1,2021,18.75,Petrol,2021,Zero Dep,5,Manual,5,HYDERABAD
1785000.0,SUV,70000,1,2019,17.0,Diesel,2019,Third Party insurance,6,Manual,5,HYDERABAD
2650000.0,SUV,105264,1,2016,10.91,Diesel,2016,Third Party insurance,6,Automatic,7,HYDERABAD
1195000.0,SUV,70000,1,2012,11.1,Petrol,2012,Third Party insurance,5,Automatic,5,HYDERABAD
4800000.0,SUV,50380,1,2017,15.68,Diesel,2017,Third Party insurance,9,Automatic,5,HYDERABAD
245000.0,Sedan,80000,2,2010,19.0,Diesel,2010,Third Party insurance,5,Manual,5,HYDERABAD
425000.0,Hatchback,51000,1,2016,23.1,Petrol,2016,Third Party,5,Manual,5,HYDERABAD
385000.0,Hatchback,31846,1,2017,23.01,Petrol,2017,Third Party insurance,5,Manual,5,HYDERABAD
545000.0,Hatchback,63000,1,2015,24.0,Diesel,2015,Third Party insurance,5,Manual,5,HYDERABAD
588000.0,Hatchback,114676,2,2015,22.54,Diesel,2015,Comprehensive,6,Manual,5,HYDERABAD
747000.0,Hatchback,82662,1,2019,22.54,Diesel,2019,Third Party insurance,6,Manual,5,HYDERABAD
280000.0,Hatchback,50000,2,2014,23.95,Petrol,2014,Third Party insurance,5,Manual,5,HYDERABAD
633000.0,MUV,66518,1,2019,20.0,Petrol,2019,Third Party,5,Manual,7,HYDERABAD
814000.0,Sedan,57927,1,2017,17.8,Petrol,2017,Comprehensive,5,Manual,5,HYDERABAD
900000.0,Sedan,40000,1,2019,21.56,Petrol,2019,Third Party insurance,5,Manual,5,HYDERABAD
605000.0,Hatchback,16115,1,2021,19.01,Petrol,2021,Comprehensive,5,Manual,5,HYDERABAD
270000.0,Hatchback,50829,2,2009,20.36,Petrol,2009,Not Available,5,Manual,5,HYDERABAD
622000.0,Hatchback,25467,1,2019,20.7,Petrol,2019,Comprehensive,5,Manual,5,HYDERABAD
317000.0,Hatchback,71071,1,2020,22.05,Petrol,2020,Third Party,5,Manual,5,HYDERABAD
795000.0,Sedan,55000,1,2016,17.01,Petrol,2016,Third Party insurance,5,Manual,5,HYDERABAD
602000.0,Hatchback,55563,2,2017,18.6,Petrol,2017,Comprehensive,5,Manual,5,HYDERABAD
575000.0,Hatchback,54000,1,2015,18.9,Petrol,2015,Third Party insurance,4,Automatic,5,HYDERABAD
675000.0,Hatchback,70000,2,2019,18.6,Petrol,2019,Third Party insurance,5,Manual,5,HYDERABAD
1999000.0,Sedan,54000,1,2017,27.03,Diesel,2017,Third Party insurance,8,Automatic,5,HYDERABAD
750000.0,SUV,41000,1,2016,14.7,Petrol,2016,Third Party insurance,6,Automatic,5,HYDERABAD
350000.0,Hatchback,70000,2,2011,18.5,Petrol,2011,Third Party insurance,5,Manual,5,HYDERABAD
749000.0,Hatchback,62500,1,2020,21.01,Petrol,2020,Third Party,5,Manual,5,HYDERABAD
550000.0,Hatchback,20000,1,2021,20.3,Petrol,2021,Third Party insurance,5,Manual,5,HYDERABAD
599000.0,Hatchback,60350,1,2016,18.6,Petrol,2016,Comprehensive,5,Manual,5,HYDERABAD
570000.0,Hatchback,52266,1,2015,18.6,Petrol,2015,Comprehensive,5,Manual,5,HYDERABAD
895000.0,Sedan,58431,1,2018,28.09,Diesel,2018,Third Party insurance,5,Manual,5,HYDERABAD
1011000.0,Sedan,41372,1,2017,18.0,Petrol,2017,Third Party insurance,0,Automatic,5,HYDERABAD
267000.0,Hatchback,46863,2,2014,22.05,Petrol,2014,Third Party insurance,5,Manual,5,HYDERABAD
570000.0,Sedan,66500,1,2014,17.97,Petrol,2014,Third Party insurance,5,Automatic,5,HYDERABAD
369000.0,Hatchback,49374,2,2014,19.81,Petrol,2014,Third Party insurance,5,Manual,5,HYDERABAD
360000.0,Sedan,120000,2,2012,20.5,Diesel,2012,Third Party insurance,5,Manual,5,HYDERABAD
605000.0,Hatchback,62832,1,2021,19.01,Petrol,2021,Third Party,5,Manual,5,HYDERABAD
585000.0,Hatchback,61155,2,2016,18.6,Petrol,2016,Third Party insurance,5,Manual,5,HYDERABAD
1799000.0,Hatchback,75000,1,2014,20.58,Diesel,2014,Third Party insurance,8,Automatic,5,HYDERABAD
723000.0,Hatchback,12045,2,2021,22.38,Petrol,2021,Third Party insurance,5,Manual,5,HYDERABAD
895000.0,Sedan,60700,1,2020,20.65,Petrol,2020,Third Party,5,Manual,5,HYDERABAD
1350000.0,Sedan,85000,1,2013,14.84,Diesel,2013,Third Party insurance,7,Automatic,5,HYDERABAD
1320000.0,Sedan,44276,1,2020,16.4,Petrol,2020,Third Party insurance,5,Automatic,5,HYDERABAD
1999000.0,Sedan,99000,1,2015,17.11,Diesel,2015,Third Party insurance,8,Automatic,5,HYDERABAD
2499000.0,Sedan,78000,1,2015,17.68,Diesel,2015,Third Party insurance,8,Automatic,5,HYDERABAD
1700000.0,Sedan,70000,2,2013,16.36,Diesel,2013,Third Party insurance,8,Automatic,5,HYDERABAD
1800000.0,Sedan,70000,1,2013,16.36,Diesel,2013,Third Party insurance,8,Automatic,5,HYDERABAD
1750000.0,Sedan,70000,1,2013,16.36,Diesel,2013,Third Party insurance,8,Automatic,5,HYDERABAD
429000.0,Hatchback,22264,1,2021,22.05,Petrol,2021,Third Party,5,Manual,5,HYDERABAD
376000.0,Hatchback,103763,1,2018,20.89,Petrol,2018,Third Party insurance,5,Manual,5,HYDERABAD
1015000.0,SUV,109000,1,2012,14.7,Diesel,2012,Third Party insurance,1,Automatic,5,HYDERABAD
312000.0,Hatchback,49043,2,2012,20.36,Petrol,2012,Third Party insurance,5,Manual,5,HYDERABAD
492000.0,Hatchback,70666,2,2017,23.1,Petrol,2017,Comprehensive,5,Automatic,5,HYDERABAD
3700000.0,SUV,128000,1,2011,14.7,Diesel,2011,Third Party insurance,6,Automatic,5,HYDERABAD
800000.0,Sedan,65815,1,2018,28.4,Diesel,2018,Comprehensive,5,Automatic,5,HYDERABAD
165000.0,Hatchback,79000,1,2010,19.7,Petrol,2010,Third Party insurance,5,Manual,5,HYDERABAD
831000.0,Hatchback,48580,1,2020,21.4,Petrol,2020,Comprehensive,0,Automatic,5,HYDERABAD
691000.0,Hatchback,44646,1,2018,18.6,Petrol,2018,Comprehensive,5,Manual,5,HYDERABAD
175000.0,Hatchback,71963,1,2008,21.79,Petrol,2008,Comprehensive,5,Manual,5,HYDERABAD
493000.0,Hatchback,26678,2,2017,18.9,Petrol,2017,Comprehensive,5,Manual,5,HYDERABAD
599000.0,Sedan,152000,1,2015,26.0,Diesel,2015,Third Party insurance,6,Manual,5,HYDERABAD
2395000.0,SUV,101000,1,2016,12.62,Diesel,2016,Third Party insurance,6,Automatic,7,HYDERABAD
320000.0,Hatchback,41000,1,2012,25.44,Diesel,2012,Third Party insurance,5,Manual,5,HYDERABAD
3150000.0,SUV,109000,1,2018,14.24,Diesel,2018,Third Party insurance,6,Manual,7,HYDERABAD
825000.0,Sedan,83000,1,2017,21.13,Diesel,2017,Third Party insurance,5,Manual,5,HYDERABAD
375000.0,Hatchback,80000,1,2012,23.2,Diesel,2012,Third Party insurance,5,Manual,5,HYDERABAD
323000.0,Hatchback,94514,3,2011,22.9,Diesel,2011,Third Party insurance,5,Manual,5,HYDERABAD
487000.0,Sedan,67037,1,2015,22.41,Petrol,2015,Third Party insurance,5,Manual,5,HYDERABAD
290000.0,SUV,120000,1,2004,10.5,Diesel,2004,Third Party insurance,5,Manual,8,HYDERABAD
709000.0,Hatchback,35540,2,2019,22.35,Petrol,2019,Comprehensive,5,Manual,5,HYDERABAD
983000.0,SUV,47627,1,2019,20.37,Diesel,2019,Comprehensive,6,Manual,5,HYDERABAD
450000.0,Sedan,98000,1,2009,14.53,Petrol,2009,Third Party insurance,7,Automatic,5,HYDERABAD
672000.0,Hatchback,55943,1,2018,18.6,Petrol,2018,Third Party insurance,5,Manual,5,HYDERABAD
1350000.0,SUV,71000,1,2018,17.01,Diesel,2018,Third Party insurance,6,Automatic,5,HYDERABAD
457000.0,Hatchback,117924,1,2018,23.1,Petrol,2018,Third Party insurance,5,Automatic,5,HYDERABAD
311000.0,Hatchback,92195,1,2013,18.9,Petrol,2013,Comprehensive,5,Manual,5,HYDERABAD
150000.0,Sedan,40000,3,2003,11.0,Petrol,2003,Third Party insurance,4,Automatic,5,HYDERABAD
623000.0,Hatchback,49009,1,2018,22.56,Petrol,2018,Comprehensive,5,Automatic,5,HYDERABAD
1090000.0,SUV,31650,1,2020,18.3,Petrol,2020,Comprehensive,7,Automatic,5,HYDERABAD
1600000.0,MUV,20000,1,2022,16.2,Petrol,2022,Third Party insurance,6,Manual,7,HYDERABAD
200000.0,Hatchback,70000,1,2009,20.36,Petrol,2009,Third Party insurance,5,Manual,5,HYDERABAD
925000.0,Sedan,39000,1,2018,18.0,Diesel,2018,Comprehensive,6,Automatic,5,HYDERABAD
1150000.0,SUV,10000,1,2022,16.5,Petrol,2022,Third Party insurance,6,Automatic,5,HYDERABAD
1150000.0,SUV,93615,1,2018,17.01,Diesel,2018,Comprehensive,6,Automatic,5,HYDERABAD
2550000.0,MUV,6400,1,2022,8.0,Petrol,2022,Third Party insurance,5,Manual,7,HYDERABAD
895000.0,Sedan,16727,2,2022,20.65,Petrol,2022,Comprehensive,5,Manual,5,HYDERABAD
1009000.0,SUV,63334,3,2019,15.8,Petrol,2019,Third Party insurance,6,Manual,5,HYDERABAD
1050000.0,SUV,14000,1,2021,20.0,Petrol,2021,Comprehensive,5,Manual,5,HYDERABAD
441000.0,Hatchback,96540,1,2018,20.89,Petrol,2018,Third Party insurance,5,Manual,5,HYDERABAD
759000.0,Sedan,92585,1,2018,17.8,Petrol,2018,Third Party insurance,0,Automatic,5,HYDERABAD
425000.0,SUV,53861,1,2014,15.8,Petrol,2014,Third Party insurance,5,Manual,5,HYDERABAD
306000.0,Hatchback,65761,2,2012,18.9,Petrol,2012,Third Party insurance,5,Manual,5,HYDERABAD
600000.0,Sedan,67000,2,2015,22.27,Diesel,2015,Third Party insurance,5,Manual,5,HYDERABAD
1385000.0,SUV,122100,2,2018,17.1,Diesel,2018,Third Party,6,Manual,5,HYDERABAD
736000.0,Sedan,53873,1,2017,28.4,Diesel,2017,Comprehensive,5,Automatic,5,HYDERABAD
840000.0,SUV,60000,1,2019,24.3,Diesel,2019,Third Party insurance,5,Manual,5,HYDERABAD
426000.0,Hatchback,89197,2,2013,22.9,Diesel,2013,Third Party insurance,5,Manual,5,HYDERABAD
305000.0,Hatchback,30000,1,2020,22.7,Petrol,2020,Third Party insurance,5,Manual,5,HYDERABAD
629000.0,Hatchback,70000,1,2018,18.6,Petrol,2018,Third Party insurance,5,Manual,5,HYDERABAD
869000.0,Hatchback,28700,1,2021,19.56,Petrol,2021,Third Party,0,Automatic,5,HYDERABAD
1850000.0,Sedan,20000,2,2022,18.12,Petrol,2022,Third Party insurance,6,Automatic,5,HYDERABAD
300000.0,Hatchback,91629,1,2012,20.36,Petrol,2012,Comprehensive,5,Manual,5,HYDERABAD
850000.0,Hatchback,30000,1,2021,23.8,Diesel,2021,Third Party insurance,5,Manual,5,HYDERABAD
870000.0,Hatchback,7058,1,2022,21.01,Petrol,2022,Not Available,5,Manual,5,HYDERABAD
775000.0,Sedan,86500,1,2017,28.4,Diesel,2017,Third Party insurance,5,Automatic,5,HYDERABAD
416000.0,Sedan,76438,2,2015,18.0,Petrol,2015,Third Party,5,Manual,5,HYDERABAD
1025000.0,SUV,24489,2,2017,13.0,Petrol,2017,Zero Dep,6,Manual,5,HYDERABAD
790000.0,Hatchback,20000,1,2022,22.56,Petrol,2022,Third Party insurance,5,Automatic,5,HYDERABAD
855000.0,Sedan,110600,1,2017,23.9,Diesel,2017,Comprehensive,6,Manual,5,HYDERABAD
649000.0,Hatchback,63840,2,2019,21.4,Petrol,2019,Third Party insurance,5,Manual,5,HYDERABAD
230000.0,Hatchback,74000,1,2009,20.36,Petrol,2009,Third Party insurance,5,Manual,5,HYDERABAD
599000.0,Hatchback,21314,1,2021,19.01,Petrol,2021,Zero Dep,5,Manual,5,HYDERABAD
900000.0,Sedan,40007,1,2017,18.0,Diesel,2017,Comprehensive,6,Automatic,5,HYDERABAD
622000.0,Sedan,89997,2,2015,26.59,Diesel,2015,Third Party insurance,5,Manual,5,HYDERABAD
362000.0,Hatchback,64736,1,2014,19.4,Petrol,2014,Comprehensive,5,Manual,5,HYDERABAD
1295000.0,SUV,105000,1,2013,15.73,Diesel,2013,Third Party insurance,7,Automatic,5,HYDERABAD
964000.0,SUV,40687,1,2020,18.55,Petrol,2020,Comprehensive,5,Manual,5,HYDERABAD
395000.0,Sedan,33000,2,2012,16.97,Petrol,2012,Third Party insurance,6,Automatic,5,HYDERABAD
460000.0,Hatchback,57000,1,2016,23.1,Petrol,2016,Third Party insurance,5,Automatic,5,HYDERABAD
400000.0,MUV,120000,2,2006,12.8,Diesel,2006,Third Party insurance,5,Manual,8,HYDERABAD
1325000.0,SUV,88000,1,2019,20.8,Diesel,2019,Third Party insurance,6,Manual,5,HYDERABAD
215000.0,Hatchback,80000,3,2009,20.36,Petrol,2009,Third Party insurance,5,Manual,5,HYDERABAD
1050000.0,SUV,49500,1,2020,18.0,Petrol,2020,Third Party insurance,6,Manual,5,HYDERABAD
465000.0,Hatchback,15985,1,2020,21.46,Petrol,2020,Third Party insurance,5,Manual,5,HYDERABAD
574000.0,Sedan,85871,2,2015,17.4,Petrol,2015,Comprehensive,5,Manual,5,HYDERABAD
295000.0,Hatchback,73665,1,2012,20.36,Petrol,2012,Third Party insurance,5,Manual,5,HYDERABAD
26000000.0,SUV,31614,1,2020,13.33,Petrol,2020,Comprehensive,8,Automatic,5,HYDERABAD
707000.0,Sedan,70380,1,2021,19.28,Petrol,2021,Comprehensive,5,Manual,5,HYDERABAD
605000.0,Hatchback,73202,1,2016,18.6,Petrol,2016,Third Party insurance,5,Manual,5,HYDERABAD
565000.0,Sedan,80000,1,2016,18.3,Petrol,2016,Third Party insurance,0,Automatic,5,HYDERABAD
608000.0,Hatchback,58006,1,2017,25.2,Diesel,2017,Comprehensive,5,Manual,5,HYDERABAD
725000.0,Hatchback,64000,1,2019,21.21,Petrol,2019,Third Party insurance,5,Automatic,5,HYDERABAD
369000.0,Hatchback,50670,2,2014,19.4,Petrol,2014,Third Party insurance,5,Manual,5,HYDERABAD
508000.0,Hatchback,41058,2,2020,20.3,Petrol,2020,Third Party insurance,5,Automatic,5,HYDERABAD
360000.0,SUV,120000,1,2013,20.45,Diesel,2013,Third Party insurance,5,Manual,5,HYDERABAD
399000.0,Hatchback,56367,2,2014,20.51,Petrol,2014,Third Party insurance,5,Manual,5,HYDERABAD
920000.0,SUV,41000,1,2019,18.27,Petrol,2019,Third Party insurance,6,Manual,5,HYDERABAD
740000.0,Hatchback,40000,1,2019,18.6,Petrol,2019,Third Party insurance,5,Manual,5,HYDERABAD
625000.0,Hatchback,16000,1,2016,18.9,Petrol,2016,Third Party insurance,4,Automatic,5,HYDERABAD
450000.0,Hatchback,69900,1,2016,23.1,Petrol,2016,Third Party insurance,5,Automatic,5,HYDERABAD
650000.0,Sedan,120000,1,2016,17.8,Petrol,2016,Third Party insurance,5,Manual,5,HYDERABAD
450000.0,Hatchback,95000,1,2016,23.84,Petrol,2016,Third Party insurance,5,Manual,5,HYDERABAD
2445000.0,Sedan,35000,1,2018,20.38,Diesel,2018,Comprehensive,6,Automatic,5,HYDERABAD
675000.0,Sedan,66000,1,2014,18.0,Petrol,2014,Third Party insurance,0,Automatic,5,HYDERABAD
652000.0,Sedan,67905,1,2016,28.09,Diesel,2016,Zero Dep,5,Manual,5,HYDERABAD
496000.0,Hatchback,19348,1,2019,20.3,Petrol,2019,Third Party insurance,5,Manual,5,HYDERABAD
650000.0,Sedan,35000,1,2017,17.8,Petrol,2017,Third Party insurance,5,Manual,5,HYDERABAD
789000.0,Sedan,30811,1,2017,17.01,Petrol,2017,Comprehensive,5,Manual,5,HYDERABAD
458000.0,Hatchback,73227,2,2019,21.63,Petrol,2019,Zero Dep,5,Manual,5,HYDERABAD
200000.0,Sedan,80000,2,2010,19.0,Diesel,2010,Third Party insurance,5,Manual,5,HYDERABAD
311000.0,Hatchback,90184,1,2012,19.4,Petrol,2012,Third Party,5,Manual,5,HYDERABAD
1000000.0,SUV,30000,1,2021,18.55,Petrol,2021,Third Party insurance,5,Manual,5,HYDERABAD
613000.0,Sedan,66039,1,2016,17.01,Petrol,2016,Third Party,5,Manual,5,HYDERABAD
390000.0,Sedan,120000,2,2017,25.4,Diesel,2017,Third Party insurance,5,Manual,5,HYDERABAD
517000.0,Sedan,89205,2,2013,16.8,Petrol,2013,Comprehensive,5,Manual,5,HYDERABAD
999000.0,SUV,50000,1,2020,18.0,Petrol,2020,Third Party insurance,6,Manual,5,HYDERABAD
740000.0,Hatchback,80000,1,2018,21.4,Petrol,2018,Third Party insurance,0,Automatic,5,HYDERABAD
1650000.0,SUV,29000,1,2020,17.41,Diesel,2020,Third Party insurance,6,Manual,5,HYDERABAD
1320000.0,SUV,90000,1,2012,17.05,Diesel,2012,Third Party insurance,8,Automatic,5,HYDERABAD
220000.0,Sedan,120000,1,2011,21.12,Diesel,2011,Third Party insurance,5,Manual,5,HYDERABAD
420000.0,Hatchback,100000,2,2015,20.5,Diesel,2015,Third Party insurance,5,Manual,5,HYDERABAD
550000.0,Hatchback,56962,1,2017,21.4,Petrol,2017,Not Available,0,Automatic,5,HYDERABAD
550000.0,Sedan,90000,1,2015,21.66,Diesel,2015,Third Party insurance,7,Automatic,5,HYDERABAD
502000.0,Hatchback,101739,1,2018,17.74,Petrol,2018,Comprehensive,5,Manual,5,HYDERABAD
552000.0,Hatchback,69049,1,2019,23.84,Petrol,2019,Zero Dep,5,Manual,5,HYDERABAD
830000.0,SUV,110000,1,2018,24.3,Diesel,2018,Third Party insurance,5,Manual,5,HYDERABAD
579000.0,Sedan,56242,1,2017,19.5,Petrol,2017,Zero Dep,5,Manual,5,HYDERABAD
1215000.0,SUV,124281,1,2018,16.0,Diesel,2018,Third Party,6,Manual,7,HYDERABAD
950000.0,SUV,38000,1,2019,18.27,Petrol,2019,Third Party insurance,6,Manual,5,HYDERABAD
1021000.0,SUV,84249,1,2018,18.9,Diesel,2018,Third Party insurance,6,Manual,7,HYDERABAD
2595000.0,Sedan,45000,1,2018,22.69,Diesel,2018,Third Party,8,Automatic,5,HYDERABAD
421000.0,Sedan,122117,2,2013,22.41,Petrol,2013,Comprehensive,5,Manual,5,HYDERABAD
870000.0,SUV,108632,1,2019,23.0,Diesel,2019,Comprehensive,5,Manual,5,HYDERABAD
4500000.0,Sedan,10700,1,2017,18.12,Diesel,2017,Third Party insurance,8,Automatic,5,HYDERABAD
677000.0,SUV,116988,1,2017,22.77,Diesel,2017,Third Party,5,Manual,5,HYDERABAD
725000.0,Sedan,60000,1,2014,18.0,Petrol,2014,Third Party insurance,0,Automatic,5,HYDERABAD
650000.0,Sedan,120000,1,2018,25.8,Diesel,2018,Third Party insurance,5,Manual,5,HYDERABAD
980000.0,SUV,92000,1,2016,19.67,Diesel,2016,Third Party insurance,6,Manual,5,HYDERABAD
1100000.0,MUV,80000,1,2019,17.3,Diesel,2019,Third Party insurance,6,Manual,7,HYDERABAD
290000.0,Sedan,90000,2,2009,14.53,CNG,2009,Third Party insurance,6,Manual,5,HYDERABAD
350000.0,Hatchback,110000,2,2014,20.86,Diesel,2014,Third Party insurance,5,Manual,5,HYDERABAD
290000.0,Hatchback,70000,1,2011,18.06,Petrol,2011,Third Party insurance,5,Manual,5,HYDERABAD
590000.0,Hatchback,72761,1,2018,27.28,Diesel,2018,Third Party insurance,5,Manual,5,HYDERABAD
299000.0,Hatchback,72473,1,2013,20.36,Petrol,2013,Comprehensive,5,Manual,5,HYDERABAD
1252000.0,SUV,18030,1,2022,19.89,Petrol,2022,Third Party,5,Manual,5,HYDERABAD
875000.0,Sedan,63000,1,2018,27.4,Diesel,2018,Third Party insurance,5,Manual,5,HYDERABAD
550000.0,Hatchback,40404,1,2016,19.0,Petrol,2016,Third Party,5,Automatic,5,HYDERABAD
970000.0,Sedan,96407,1,2018,18.0,Petrol,2018,Comprehensive,0,Automatic,5,HYDERABAD
590000.0,Hatchback,20000,1,2017,18.9,Petrol,2017,Third Party insurance,5,Manual,5,HYDERABAD
771000.0,Sedan,53456,1,2017,17.8,Petrol,2017,Comprehensive,5,Manual,5,HYDERABAD
257000.0,Hatchback,91603,2,2016,22.05,Petrol,2016,Comprehensive,5,Manual,5,HYDERABAD
767000.0,Hatchback,28246,1,2021,22.35,Petrol,2021,Zero Dep,5,Manual,5,HYDERABAD
260000.0,Sedan,171000,3,2013,21.64,Diesel,2013,Third Party insurance,5,Manual,5,HYDERABAD
581000.0,Hatchback,30224,1,2021,19.01,Petrol,2021,Third Party,5,Manual,5,HYDERABAD
1025000.0,Sedan,70000,1,2017,25.6,Diesel,2017,Third Party insurance,6,Manual,5,HYDERABAD
400000.0,Hatchback,120000,3,2013,21.27,Diesel,2013,Third Party insurance,6,Manual,5,HYDERABAD
750000.0,SUV,120000,2,2017,24.3,Diesel,2017,Third Party insurance,5,Manual,5,HYDERABAD
1000000.0,Sedan,80000,2,2020,21.13,Diesel,2020,Third Party insurance,5,Manual,5,HYDERABAD
2150000.0,Sedan,49000,1,2019,15.1,Petrol,2019,Third Party insurance,7,Automatic,5,HYDERABAD
660000.0,Hatchback,70000,1,2019,18.6,Petrol,2019,Third Party insurance,5,Manual,5,HYDERABAD
662000.0,SUV,85838,1,2014,22.7,Diesel,2014,Third Party insurance,5,Manual,5,HYDERABAD
395000.0,Hatchback,68000,1,2016,19.69,Petrol,2016,Third Party insurance,5,Manual,5,HYDERABAD
514000.0,Hatchback,38607,2,2018,23.1,Petrol,2018,Comprehensive,5,Automatic,5,HYDERABAD
772000.0,Hatchback,48934,2,2019,17.4,Petrol,2019,Third Party insurance,5,Automatic,5,HYDERABAD
680000.0,Hatchback,73000,1,2018,18.6,Petrol,2018,Third Party insurance,5,Manual,5,HYDERABAD
254000.0,Hatchback,31933,2,2014,22.05,Petrol,2014,Third Party insurance,5,Manual,5,HYDERABAD
311000.0,Hatchback,54959,1,2013,18.9,Petrol,2013,Third Party insurance,5,Manual,5,HYDERABAD
2150000.0,Sedan,49000,1,2014,14.74,Diesel,2014,Third Party insurance,8,Automatic,5,HYDERABAD
1015000.0,Sedan,59261,1,2017,18.0,Petrol,2017,Zero Dep,0,Automatic,5,HYDERABAD
2850000.0,Sedan,42000,1,2019,20.38,Diesel,2019,Third Party insurance,6,Automatic,5,HYDERABAD
461000.0,Hatchback,73889,1,2014,22.38,Petrol,2014,Comprehensive,5,Manual,5,HYDERABAD
372000.0,Hatchback,44363,2,2019,22.3,Petrol,2019,Third Party,5,Manual,5,HYDERABAD
1450000.0,Sedan,54000,1,2011,14.21,Diesel,2011,Third Party insurance,5,Automatic,5,HYDERABAD
803000.0,Sedan,50151,1,2017,17.01,Petrol,2017,Third Party,5,Manual,5,HYDERABAD
220000.0,Hatchback,120000,1,2010,13.45,LPG,2010,Third Party insurance,5,Manual,5,HYDERABAD
1150000.0,Sedan,92000,1,2012,13.2,Diesel,2012,Third Party insurance,6,Automatic,5,HYDERABAD
2995000.0,Sedan,51000,1,2017,19.33,Diesel,2017,Comprehensive,8,Automatic,5,HYDERABAD
6950000.0,SUV,70000,1,2018,8.9,Petrol,2018,Third Party insurance,9,Automatic,5,HYDERABAD
900000.0,SUV,72253,1,2019,18.27,Petrol,2019,Not Available,6,Manual,5,HYDERABAD
1400000.0,SUV,51757,1,2015,16.0,Diesel,2015,Not Available,6,Manual,7,HYDERABAD
295000.0,Hatchback,46000,1,2012,18.6,Petrol,2012,Third Party insurance,5,Manual,5,HYDERABAD
1965000.0,SUV,24648,1,2022,16.35,Diesel,2022,Third Party,6,Manual,5,HYDERABAD
306000.0,Hatchback,61201,1,2013,20.51,Petrol,2013,Comprehensive,5,Manual,5,HYDERABAD
2015000.0,SUV,23000,1,2021,16.35,Diesel,2021,Third Party insurance,6,Manual,5,HYDERABAD
366000.0,Hatchback,46563,2,2016,20.51,Petrol,2016,Third Party,5,Manual,5,HYDERABAD
645000.0,Hatchback,41085,1,2016,18.6,Petrol,2016,Third Party insurance,5,Manual,5,HYDERABAD
299000.0,Hatchback,90000,1,2010,20.0,Diesel,2010,Third Party insurance,5,Manual,5,HYDERABAD
423000.0,Hatchback,50260,1,2013,18.5,Petrol,2013,Comprehensive,5,Manual,5,HYDERABAD
295000.0,Hatchback,55000,1,2010,15.6,Petrol,2010,Third Party insurance,5,Manual,5,HYDERABAD
328000.0,Hatchback,107913,2,2014,25.24,Petrol,2014,Third Party insurance,5,Manual,5,HYDERABAD
565000.0,Hatchback,52858,1,2017,22.38,Petrol,2017,Comprehensive,5,Manual,5,HYDERABAD
2250000.0,Sedan,50000,1,2014,19.59,Diesel,2014,Third Party insurance,8,Automatic,5,HYDERABAD
299000.0,Hatchback,41832,2,2016,23.01,Petrol,2016,Comprehensive,5,Manual,5,HYDERABAD
299000.0,Hatchback,61000,1,2014,20.63,Petrol,2014,Third Party insurance,5,Manual,5,HYDERABAD
490000.0,Sedan,136700,1,2012,17.0,Diesel,2012,Comprehensive,6,Automatic,5,HYDERABAD
340000.0,Hatchback,44000,1,2011,18.5,Petrol,2011,Third Party insurance,5,Manual,5,HYDERABAD
150000.0,Sedan,40000,3,2003,11.0,Petrol,2003,Third Party insurance,4,Automatic,5,HYDERABAD
650000.0,MUV,45430,1,2021,18.2,Petrol,2021,Comprehensive,5,Automatic,7,HYDERABAD
1650000.0,SUV,10000,1,2022,18.41,Petrol,2022,Third Party insurance,6,Automatic,5,HYDERABAD
750000.0,SUV,50000,1,2021,18.75,Petrol,2021,Third Party insurance,5,Manual,5,HYDERABAD
700000.0,SUV,89178,1,2015,16.0,Diesel,2015,Comprehensive,6,Manual,7,HYDERABAD
466000.0,Hatchback,52507,1,2014,22.38,Petrol,2014,Comprehensive,5,Manual,5,HYDERABAD
587000.0,Sedan,47495,1,2019,19.44,Petrol,2019,Third Party insurance,5,Manual,5,HYDERABAD
220000.0,Hatchback,50000,2,2017,22.7,Petrol,2017,Third Party insurance,5,Manual,5,HYDERABAD
677000.0,Hatchback,89899,1,2019,22.56,Petrol,2019,Third Party insurance,5,Automatic,5,HYDERABAD
334000.0,Hatchback,39992,2,2017,23.01,Petrol,2017,Third Party insurance,5,Manual,5,HYDERABAD
150000.0,Hatchback,80000,2,2009,17.3,LPG,2009,Third Party insurance,5,Manual,5,HYDERABAD
315000.0,Hatchback,89791,1,2013,18.9,Petrol,2013,Third Party,5,Manual,5,HYDERABAD
115000.0,Hatchback,83000,1,2006,18.9,Petrol,2006,Third Party insurance,5,Manual,5,HYDERABAD
389000.0,Hatchback,114071,2,2015,18.9,Petrol,2015,Comprehensive,5,Manual,5,HYDERABAD
347000.0,Hatchback,66445,2,2015,20.51,Petrol,2015,Comprehensive,5,Manual,5,HYDERABAD
1450000.0,SUV,30000,1,2021,18.41,Petrol,2021,Third Party insurance,6,Automatic,5,HYDERABAD
800000.0,SUV,96615,1,2018,25.5,Diesel,2018,Third Party insurance,6,Manual,5,HYDERABAD
1550000.0,SUV,60000,1,2020,20.8,Diesel,2020,Third Party insurance,6,Manual,5,HYDERABAD
350000.0,Sedan,120000,2,2016,23.4,Diesel,2016,Third Party insurance,5,Manual,5,HYDERABAD
320000.0,Sedan,90000,2,2016,24.4,Diesel,2016,Third Party insurance,5,Manual,5,HYDERABAD
3000000.0,SUV,24001,1,2021,16.3,Diesel,2021,Third Party insurance,6,Manual,5,HYDERABAD
345000.0,Hatchback,76000,1,2011,18.6,Petrol,2011,Third Party insurance,5,Manual,5,HYDERABAD
750000.0,Hatchback,30000,1,2022,20.7,Petrol,2022,Third Party insurance,5,Manual,5,HYDERABAD
3000000.0,SUV,37821,1,2021,16.3,Diesel,2021,Third Party insurance,6,Manual,5,HYDERABAD
1699000.0,SUV,42000,1,2019,13.96,Petrol,2019,Third Party insurance,6,Automatic,5,HYDERABAD
489000.0,Hatchback,64685,2,2016,22.38,Petrol,2016,Third Party,5,Manual,5,HYDERABAD
331000.0,Hatchback,71003,2,2015,20.51,Petrol,2015,Comprehensive,5,Manual,5,HYDERABAD
1200000.0,MUV,10000,1,2021,19.01,Petrol,2021,Third Party insurance,5,Manual,6,HYDERABAD
401000.0,Hatchback,122617,1,2013,21.9,Diesel,2013,Comprehensive,6,Manual,5,HYDERABAD
347000.0,Hatchback,93593,1,2015,19.81,Petrol,2015,Third Party,5,Manual,5,HYDERABAD
410000.0,Hatchback,76000,2,2012,17.0,Petrol,2012,Third Party insurance,5,Manual,5,HYDERABAD
764000.0,Hatchback,51216,1,2020,18.6,Petrol,2020,Third Party insurance,5,Manual,5,HYDERABAD
1400000.0,SUV,36714,1,2021,18.9,Petrol,2021,Comprehensive,6,Manual,5,HYDERABAD
831000.0,Hatchback,61626,1,2021,23.64,Diesel,2021,Third Party insurance,5,Manual,5,HYDERABAD
535000.0,Hatchback,47741,2,2016,21.4,Petrol,2016,Comprehensive,5,Manual,5,HYDERABAD
465000.0,Hatchback,63000,1,2014,18.9,Petrol,2014,Third Party insurance,5,Manual,5,HYDERABAD
415000.0,Hatchback,60894,1,2020,21.74,Petrol,2020,Zero Dep,5,Manual,5,HYDERABAD
230000.0,Sedan,70000,2,2008,16.9,Petrol,2008,Third Party insurance,5,Manual,5,HYDERABAD
320000.0,Hatchback,51000,1,2012,19.81,Petrol,2012,Third Party insurance,5,Manual,5,HYDERABAD
400000.0,Hatchback,110000,1,2016,23.84,Petrol,2016,Third Party insurance,5,Manual,5,HYDERABAD
1200000.0,SUV,10000,1,2022,18.9,Petrol,2022,Third Party insurance,5,Manual,5,HYDERABAD
1100000.0,SUV,95000,1,2011,17.05,Diesel,2011,Third Party insurance,8,Automatic,5,HYDERABAD
850000.0,Sedan,66000,1,2018,26.82,Diesel,2018,Comprehensive,5,Manual,5,HYDERABAD
390000.0,SUV,80642,1,2011,12.05,Diesel,2011,Third Party insurance,5,Manual,7,HYDERABAD
1225000.0,SUV,70000,1,2018,17.01,Diesel,2018,Third Party insurance,6,Automatic,5,HYDERABAD
749000.0,Hatchback,15700,1,2020,21.01,Petrol,2020,Zero Dep,5,Manual,5,HYDERABAD
1001000.0,SUV,81764,1,2018,13.0,Petrol,2018,Third Party,6,Manual,5,HYDERABAD
781000.0,Sedan,95933,1,2018,19.1,Petrol,2018,Third Party insurance,6,Manual,5,HYDERABAD
1650000.0,SUV,23000,1,2019,16.0,Petrol,2019,Third Party insurance,6,Manual,5,HYDERABAD
426000.0,Hatchback,85589,2,2015,18.7,Petrol,2015,Third Party insurance,5,Manual,5,HYDERABAD
616000.0,Hatchback,72793,2,2017,18.6,Petrol,2017,Comprehensive,5,Manual,5,HYDERABAD
490000.0,Sedan,92000,1,2013,22.32,Diesel,2013,Third Party insurance,4,Automatic,5,HYDERABAD
428000.0,Hatchback,95255,2,2014,22.38,Petrol,2014,Third Party insurance,5,Manual,5,HYDERABAD
2275000.0,MUV,59000,1,2019,13.68,Diesel,2019,Comprehensive,5,Manual,8,HYDERABAD
670000.0,Hatchback,89242,1,2018,21.4,Petrol,2018,Zero Dep,0,Automatic,5,HYDERABAD
337000.0,Hatchback,40503,1,2012,19.4,Petrol,2012,Comprehensive,5,Manual,5,HYDERABAD
1350000.0,Sedan,20000,1,2022,25.0,Diesel,2022,Third Party insurance,6,Manual,5,HYDERABAD
611000.0,Sedan,96863,1,2018,19.5,Petrol,2018,Third Party,5,Manual,5,HYDERABAD
975000.0,SUV,30300,1,2021,16.5,Petrol,2021,Third Party,5,Manual,5,HYDERABAD
825000.0,Sedan,40000,2,2017,17.8,Petrol,2017,Third Party insurance,5,Manual,5,HYDERABAD
400000.0,Sedan,120000,1,2014,25.8,Diesel,2014,Third Party insurance,5,Manual,5,HYDERABAD
900000.0,SUV,27892,1,2013,15.1,Diesel,2013,Not Available,6,Manual,7,HYDERABAD
650000.0,Hatchback,90000,1,2020,21.21,Petrol,2020,Third Party insurance,5,Manual,5,HYDERABAD
225000.0,Hatchback,100000,1,2009,17.3,LPG,2009,Third Party insurance,5,Manual,5,HYDERABAD
400000.0,Hatchback,73000,2,2014,18.9,Petrol,2014,Comprehensive,5,Manual,5,HYDERABAD
2250000.0,Sedan,30000,1,2022,26.5,Petrol,2022,Third Party insurance,5,Automatic,5,HYDERABAD
707000.0,Sedan,32152,1,2018,21.21,Petrol,2018,Zero Dep,5,Automatic,5,HYDERABAD
576000.0,Hatchback,58241,1,2015,25.2,Diesel,2015,Comprehensive,5,Manual,5,HYDERABAD
560000.0,MUV,120000,2,2014,20.77,Diesel,2014,Third Party insurance,5,Manual,7,HYDERABAD
456000.0,Sedan,94141,2,2013,16.8,Petrol,2013,Comprehensive,5,Manual,5,HYDERABAD
685000.0,Sedan,59411,1,2017,21.21,Petrol,2017,Zero Dep,5,Automatic,5,HYDERABAD
1205000.0,Sedan,17105,1,2016,14.69,Petrol,2016,Third Party insurance,6,Manual,5,HYDERABAD
975000.0,Sedan,37100,2,2018,28.09,Diesel,2018,Third Party insurance,5,Manual,5,HYDERABAD
289000.0,Hatchback,103211,2,2012,20.36,Petrol,2012,Third Party,5,Manual,5,HYDERABAD
290000.0,Hatchback,113543,2,2012,18.9,Petrol,2012,Third Party,5,Manual,5,HYDERABAD
425000.0,SUV,120000,2,2010,12.05,Diesel,2010,Third Party insurance,5,Manual,7,HYDERABAD
407000.0,Sedan,99334,1,2012,19.3,Diesel,2012,Third Party,5,Manual,5,HYDERABAD
300000.0,Sedan,156126,1,2014,25.01,Diesel,2014,Comprehensive,5,Manual,5,HYDERABAD
1195000.0,SUV,68000,2,2017,17.01,Diesel,2017,Comprehensive,6,Automatic,5,HYDERABAD
390000.0,Sedan,100000,2,2014,18.0,Petrol,2014,Third Party insurance,5,Manual,5,HYDERABAD
225000.0,Hatchback,54000,1,2008,18.9,Petrol,2008,Third Party insurance,5,Manual,5,HYDERABAD
650000.0,Sedan,110000,2,2019,19.95,Diesel,2019,Third Party insurance,5,Manual,5,HYDERABAD
250000.0,Sedan,110000,2,2010,16.0,Petrol,2010,Third Party insurance,6,Manual,5,HYDERABAD
475000.0,Sedan,76000,1,2011,17.43,Petrol,2011,Third Party insurance,5,Manual,5,HYDERABAD
700000.0,Sedan,60000,2,2020,22.71,Diesel,2020,Third Party insurance,5,Manual,5,HYDERABAD
559000.0,Hatchback,71974,1,2017,21.4,Petrol,2017,Third Party insurance,5,Manual,5,HYDERABAD
789000.0,SUV,105562,1,2016,24.3,Diesel,2016,Third Party insurance,5,Manual,5,HYDERABAD
950000.0,SUV,110000,2,2015,16.0,Diesel,2015,Third Party insurance,6,Manual,7,HYDERABAD
1297000.0,SUV,1330,1,2023,19.89,Petrol,2023,Third Party,5,Manual,5,HYDERABAD
750000.0,Sedan,30973,2,2021,18.6,Petrol,2021,Third Party insurance,5,Manual,5,HYDERABAD
330000.0,Hatchback,100000,2,2011,16.95,Petrol,2011,Third Party insurance,4,Automatic,5,HYDERABAD
691000.0,Hatchback,9351,1,2018,18.6,Petrol,2018,Third Party insurance,5,Manual,5,HYDERABAD
775000.0,SUV,46000,1,2017,13.24,Petrol,2017,Third Party insurance,5,Manual,5,HYDERABAD
214000.0,Hatchback,56133,2,2013,22.05,Petrol,2013,Third Party insurance,5,Manual,5,HYDERABAD
232000.0,Hatchback,92370,1,2013,24.39,Petrol,2013,Comprehensive,5,Manual,5,HYDERABAD
425000.0,Sedan,68000,1,2012,17.6,Petrol,2012,Comprehensive,5,Manual,5,HYDERABAD
281000.0,Hatchback,38313,1,2014,24.39,Petrol,2014,Third Party,5,Manual,5,HYDERABAD
600000.0,Sedan,110000,1,2019,22.95,Diesel,2019,Third Party insurance,5,Manual,5,HYDERABAD
950000.0,Sedan,10000,1,2021,20.65,Petrol,2021,Third Party insurance,5,Manual,5,HYDERABAD
600000.0,Sedan,80000,2,2015,17.01,Petrol,2015,Third Party insurance,5,Manual,5,HYDERABAD
500000.0,SUV,120000,3,2014,19.01,Diesel,2014,Third Party insurance,6,Manual,5,HYDERABAD
555000.0,Sedan,90000,2,2015,20.34,Diesel,2015,Third Party insurance,5,Manual,5,HYDERABAD
449000.0,Sedan,87000,2,2012,20.54,Diesel,2012,Third Party insurance,5,Manual,5,HYDERABAD
640000.0,Hatchback,70000,2,2018,21.4,Petrol,2018,Third Party insurance,5,Manual,5,HYDERABAD
263000.0,Hatchback,53179,2,2014,24.39,Petrol,2014,Third Party insurance,5,Manual,5,HYDERABAD
939000.0,SUV,48902,1,2020,17.0,Petrol,2020,Third Party,6,Manual,5,HYDERABAD
455000.0,Sedan,90000,3,2012,22.32,Diesel,2012,Third Party insurance,4,Automatic,5,HYDERABAD
777000.0,Hatchback,45025,1,2019,17.4,Petrol,2019,Third Party insurance,5,Automatic,5,HYDERABAD
701000.0,Hatchback,22356,1,2017,21.4,Petrol,2017,Third Party insurance,0,Automatic,5,HYDERABAD
625000.0,Sedan,96000,1,2014,22.32,Diesel,2014,Third Party insurance,4,Automatic,5,HYDERABAD
478000.0,Hatchback,35564,2,2019,25.24,Petrol,2019,Comprehensive,5,Manual,5,HYDERABAD
465000.0,Hatchback,72632,1,2016,20.3,Diesel,2016,Third Party insurance,5,Manual,5,HYDERABAD
472000.0,Sedan,57349,1,2015,16.78,Petrol,2015,Comprehensive,5,Manual,5,HYDERABAD
604000.0,Sedan,31915,1,2018,25.8,Diesel,2018,Comprehensive,5,Manual,5,HYDERABAD
1050000.0,Sedan,80000,1,2012,13.2,Diesel,2012,Third Party insurance,1,Automatic,5,HYDERABAD
273000.0,Hatchback,44094,1,2010,18.9,Petrol,2010,Comprehensive,5,Manual,5,HYDERABAD
499000.0,MUV,236000,1,2008,12.8,Diesel,2008,Third Party insurance,5,Manual,8,HYDERABAD
299000.0,Sedan,75000,1,2008,16.8,Diesel,2008,Third Party insurance,5,Manual,5,HYDERABAD
425000.0,Sedan,92000,1,2009,17.0,Diesel,2009,Third Party insurance,6,Automatic,5,HYDERABAD
194000.0,Hatchback,148914,2,2004,13.5,Diesel,2004,Not Available,5,Manual,5,HYDERABAD
499000.0,Hatchback,48000,1,2020,21.7,Petrol,2020,Third Party insurance,5,Automatic,5,HYDERABAD
1650000.0,SUV,10000,1,2022,18.41,Petrol,2022,Third Party insurance,6,Automatic,5,HYDERABAD
750000.0,Sedan,33600,1,2018,27.4,Diesel,2018,Comprehensive,5,Manual,5,HYDERABAD
724000.0,Sedan,68950,2,2018,17.8,Petrol,2018,Comprehensive,0,Automatic,5,HYDERABAD
300000.0,Hatchback,47763,1,2012,18.9,Petrol,2012,Third Party insurance,5,Manual,5,HYDERABAD
800000.0,MUV,8368,1,2022,20.0,Petrol,2022,Third Party insurance,5,Manual,7,HYDERABAD
810000.0,SUV,51897,1,2018,23.22,Diesel,2018,Third Party insurance,6,Manual,5,HYDERABAD
459000.0,Sedan,40274,2,2014,18.0,Petrol,2014,Third Party,5,Manual,5,HYDERABAD
750000.0,Sedan,90000,1,2012,18.88,Diesel,2012,Third Party insurance,8,Automatic,5,HYDERABAD
497000.0,Hatchback,62648,1,2016,22.38,Petrol,2016,Comprehensive,5,Manual,5,HYDERABAD
577000.0,Hatchback,58448,1,2017,21.4,Petrol,2017,Comprehensive,5,Manual,5,HYDERABAD
670000.0,Hatchback,40000,1,2022,20.7,Petrol,2022,Third Party insurance,5,Manual,5,HYDERABAD
690000.0,SUV,88695,1,2017,22.77,Diesel,2017,Third Party insurance,5,Manual,5,HYDERABAD
1700000.0,SUV,20000,1,2021,17.41,Diesel,2021,Third Party insurance,6,Manual,5,HYDERABAD
252000.0,Sedan,99840,1,2014,20.65,Diesel,2014,Not Available,5,Manual,5,HYDERABAD
294000.0,Hatchback,120000,2,2012,22.07,Diesel,2012,Third Party insurance,5,Manual,5,HYDERABAD
1900000.0,Sedan,10000,1,2023,20.0,Petrol,2023,Third Party insurance,6,Manual,5,HYDERABAD
1850000.0,Sedan,20000,2,2022,18.12,Petrol,2022,Third Party insurance,6,Automatic,5,HYDERABAD
700000.0,Sedan,20000,1,2018,18.1,Petrol,2018,Third Party insurance,5,Automatic,5,HYDERABAD
1350000.0,Sedan,31000,1,2021,18.0,Petrol,2021,Third Party insurance,0,Automatic,5,HYDERABAD
470000.0,Hatchback,93407,2,2018,23.84,Petrol,2018,Comprehensive,5,Manual,5,HYDERABAD
320000.0,Hatchback,75932,2,2011,22.38,Petrol,2011,Comprehensive,5,Manual,5,HYDERABAD
650000.0,Hatchback,44000,1,2015,17.21,Petrol,2015,Comprehensive,7,Automatic,5,HYDERABAD
529000.0,Hatchback,62936,1,2019,20.3,Petrol,2019,Third Party insurance,5,Automatic,5,HYDERABAD
646000.0,Hatchback,40841,1,2016,18.6,Petrol,2016,Comprehensive,5,Manual,5,HYDERABAD
480000.0,Sedan,150000,2,2016,26.59,Diesel,2016,Third Party insurance,5,Manual,5,HYDERABAD
607000.0,Hatchback,66561,1,2017,18.6,Petrol,2017,Third Party insurance,5,Manual,5,HYDERABAD
160000.0,Hatchback,114800,2,2016,25.0,Diesel,2016,Third Party insurance,5,Manual,5,HYDERABAD
374000.0,Hatchback,97726,1,2016,25.24,Petrol,2016,Third Party insurance,5,Manual,5,HYDERABAD
817000.0,SUV,81462,1,2019,17.0,Petrol,2019,Third Party insurance,5,Manual,5,HYDERABAD
180000.0,Hatchback,120000,1,2015,25.0,Diesel,2015,Third Party insurance,5,Manual,5,HYDERABAD
680000.0,Hatchback,31286,1,2019,22.56,Petrol,2019,Third Party,5,Automatic,5,HYDERABAD
1000000.0,Hatchback,20000,1,2022,22.35,Petrol,2022,Third Party insurance,5,Manual,5,HYDERABAD
1000000.0,Hatchback,20000,1,2022,22.35,Petrol,2022,Third Party insurance,5,Manual,5,HYDERABAD
1080000.0,Sedan,57600,1,2018,17.0,Petrol,2018,Third Party insurance,6,Automatic,5,HYDERABAD
315000.0,Sedan,54000,1,2013,18.2,Petrol,2013,Third Party insurance,5,Manual,5,HYDERABAD
160000.0,Hatchback,50000,2,2017,16.1,Petrol,1985,Third Party insurance,4,Manual,4,HYDERABAD
760000.0,Hatchback,20000,1,2020,21.01,Petrol,2020,Third Party insurance,5,Manual,5,HYDERABAD
300000.0,MUV,100000,2,2011,13.7,Diesel,2011,Third Party insurance,5,Manual,7,HYDERABAD
825000.0,Sedan,40000,2,2017,17.8,Petrol,2017,Third Party insurance,5,Manual,5,HYDERABAD
741000.0,Sedan,49260,1,2017,28.4,Diesel,2017,Third Party,5,Automatic,5,HYDERABAD
365000.0,Hatchback,73069,1,2015,25.24,Petrol,2015,Third Party insurance,5,Manual,5,HYDERABAD
410000.0,Hatchback,80000,1,2013,18.6,Petrol,2013,Third Party insurance,5,Manual,5,HYDERABAD
475000.0,Sedan,78850,1,2014,22.41,Petrol,2014,Third Party insurance,5,Manual,5,HYDERABAD
561000.0,Hatchback,89224,2,2016,18.6,Petrol,2016,Third Party insurance,5,Manual,5,HYDERABAD
1200000.0,MUV,90000,2,2017,17.6,Diesel,2017,Third Party insurance,6,Automatic,7,HYDERABAD
411000.0,Hatchback,59084,2,2017,20.51,Petrol,2017,Comprehensive,5,Manual,5,HYDERABAD
460000.0,Hatchback,70000,1,2016,20.51,Petrol,2016,Third Party insurance,5,Automatic,5,HYDERABAD
309000.0,Hatchback,59730,2,2013,18.9,Petrol,2013,Third Party insurance,5,Manual,5,HYDERABAD
594000.0,Sedan,50933,1,2015,17.4,Petrol,2015,Third Party,5,Manual,5,HYDERABAD
1800000.0,Hatchback,40000,2,2016,16.8,Diesel,2016,Third Party insurance,6,Automatic,5,HYDERABAD
516000.0,Sedan,94426,1,2016,22.41,Petrol,2016,Comprehensive,5,Manual,5,HYDERABAD
1300000.0,MUV,50000,2,2019,17.6,Diesel,2019,Third Party insurance,6,Manual,7,HYDERABAD
680000.0,SUV,120000,2,2013,15.1,Diesel,2013,Third Party insurance,6,Manual,7,HYDERABAD
760000.0,Hatchback,80000,1,2017,17.21,Petrol,2017,Third Party insurance,7,Automatic,5,HYDERABAD
499000.0,Sedan,75000,1,2012,20.5,Diesel,2012,Third Party insurance,5,Manual,5,HYDERABAD
1300000.0,SUV,78500,1,2018,16.0,Diesel,2018,Third Party insurance,6,Manual,7,HYDERABAD
450000.0,Hatchback,56000,1,2013,23.2,Diesel,2013,Third Party insurance,5,Manual,5,HYDERABAD
295000.0,Hatchback,100000,1,2014,20.3,Diesel,2014,Third Party insurance,5,Manual,5,HYDERABAD
667000.0,Hatchback,32289,2,2017,18.6,Petrol,2017,Third Party insurance,4,Automatic,5,HYDERABAD
790000.0,SUV,106467,1,2018,17.0,Petrol,2018,Comprehensive,6,Automatic,5,HYDERABAD
480000.0,Hatchback,75000,1,2014,22.9,Diesel,2014,Third Party insurance,5,Manual,5,HYDERABAD
464000.0,Sedan,109832,2,2014,17.4,Petrol,2014,Comprehensive,5,Manual,5,HYDERABAD
1228000.0,Sedan,44123,1,2018,14.62,Petrol,2018,Third Party insurance,6,Automatic,5,HYDERABAD
390000.0,Sedan,100000,2,2014,18.0,Petrol,2014,Third Party insurance,5,Manual,5,HYDERABAD
801000.0,SUV,121129,2,2017,24.3,Diesel,2017,Third Party insurance,5,Manual,5,HYDERABAD
560000.0,Hatchback,40000,2,2020,20.89,Petrol,2020,Third Party insurance,5,Manual,5,HYDERABAD
420000.0,SUV,72607,1,2016,25.32,Diesel,2016,Third Party,5,Manual,5,HYDERABAD
472000.0,Hatchback,28467,2,2016,18.9,Petrol,2016,Third Party insurance,5,Manual,5,HYDERABAD
750000.0,Sedan,60000,1,2017,15.41,Petrol,2017,Third Party insurance,5,Manual,5,HYDERABAD
1098000.0,SUV,122474,1,2017,19.67,Diesel,2017,Comprehensive,6,Manual,5,HYDERABAD
650000.0,Hatchback,37665,1,2017,21.4,Petrol,2017,Not Available,0,Automatic,5,HYDERABAD
4550000.0,SUV,152000,1,2017,17.2,Diesel,2017,Third Party insurance,8,Automatic,7,HYDERABAD
320000.0,Hatchback,50000,2,2014,20.51,Petrol,2014,Third Party insurance,5,Manual,5,HYDERABAD
680000.0,Sedan,110000,1,2018,25.8,Diesel,2018,Third Party insurance,5,Manual,5,HYDERABAD
600000.0,SUV,120000,3,2012,15.1,Diesel,2012,Third Party insurance,6,Manual,7,HYDERABAD
2699000.0,Sedan,45000,1,2016,18.53,Diesel,2016,Third Party insurance,7,Automatic,5,HYDERABAD
499000.0,Hatchback,85000,1,2016,24.0,Diesel,2016,Third Party insurance,5,Manual,5,HYDERABAD
1250000.0,Sedan,61000,1,2021,17.4,Petrol,2021,Third Party insurance,0,Automatic,5,HYDERABAD
409000.0,Hatchback,94540,1,2014,22.38,Petrol,2014,Third Party insurance,5,Manual,5,HYDERABAD
991000.0,SUV,96620,1,2018,13.0,Petrol,2018,Comprehensive,6,Manual,5,HYDERABAD
750000.0,MUV,90000,3,2013,12.99,Diesel,2013,Third Party insurance,5,Manual,8,HYDERABAD
496000.0,Hatchback,104436,2,2016,18.9,Petrol,2016,Third Party insurance,4,Automatic,5,HYDERABAD
298000.0,Hatchback,28545,1,2017,22.7,Petrol,2017,Third Party insurance,5,Manual,5,HYDERABAD
720000.0,Hatchback,66500,1,2019,18.78,Petrol,2019,Third Party insurance,5,Manual,5,HYDERABAD
583000.0,Hatchback,80133,1,2017,18.6,Petrol,2017,Third Party insurance,5,Manual,5,HYDERABAD
1125000.0,Sedan,106000,1,2011,14.84,Diesel,2011,Third Party insurance,7,Automatic,5,HYDERABAD
982000.0,SUV,26852,1,2020,18.55,Petrol,2020,Third Party,5,Manual,5,HYDERABAD
458000.0,Hatchback,59990,1,2015,22.38,Petrol,2015,Third Party insurance,5,Manual,5,HYDERABAD
950000.0,SUV,110000,2,2015,16.0,Diesel,2015,Third Party insurance,6,Manual,7,HYDERABAD
853000.0,Sedan,75135,1,2018,25.6,Diesel,2018,Third Party,6,Manual,5,HYDERABAD
600000.0,Hatchback,50000,2,2019,18.9,Petrol,2019,Third Party insurance,5,Manual,5,HYDERABAD
390000.0,Sedan,73000,1,2010,13.5,Petrol,2010,Third Party insurance,5,Manual,5,HYDERABAD
620000.0,Hatchback,70000,2,2018,21.4,Petrol,2018,Third Party insurance,5,Manual,5,HYDERABAD
400000.0,SUV,120000,1,2006,12.7,Diesel,2006,Third Party insurance,5,Manual,8,HYDERABAD
2200000.0,SUV,20000,1,2021,16.14,Diesel,2021,Third Party insurance,6,Manual,7,HYDERABAD
750000.0,MUV,120000,1,2012,12.99,Diesel,2012,Third Party insurance,5,Manual,7,HYDERABAD
975000.0,MUV,120000,2,2013,12.99,Diesel,2013,Third Party insurance,5,Manual,7,HYDERABAD
447000.0,Hatchback,50824,1,2013,22.38,Petrol,2013,Third Party,5,Manual,5,HYDERABAD
410000.0,Hatchback,85507,2,2013,22.9,Diesel,2013,Third Party insurance,5,Manual,5,HYDERABAD
330000.0,Sedan,70000,1,2010,16.8,Diesel,2010,Third Party insurance,5,Manual,5,HYDERABAD
372000.0,Hatchback,75773,2,2014,18.5,Petrol,2014,Comprehensive,5,Manual,5,HYDERABAD
470000.0,Hatchback,62000,1,2016,24.0,Diesel,2016,Third Party insurance,5,Manual,5,HYDERABAD
297000.0,Hatchback,47004,1,2012,20.36,Petrol,2012,Third Party,5,Manual,5,HYDERABAD
420000.0,Hatchback,110000,2,2014,20.14,Diesel,2014,Third Party insurance,5,Manual,5,HYDERABAD
406000.0,Hatchback,97085,2,2013,22.9,Diesel,2013,Comprehensive,5,Manual,5,HYDERABAD
561000.0,Sedan,87449,3,2014,22.32,Diesel,2014,Third Party insurance,6,Manual,5,HYDERABAD
350000.0,Hatchback,100000,1,2016,23.2,Diesel,2016,Third Party insurance,5,Manual,5,HYDERABAD
193000.0,Hatchback,53338,2,2012,19.7,Petrol,2012,Third Party insurance,5,Manual,5,HYDERABAD
400000.0,Sedan,120000,2,2011,17.0,Petrol,2011,Third Party insurance,5,Manual,5,HYDERABAD
765000.0,Hatchback,78000,1,2019,22.54,Diesel,2019,Third Party insurance,6,Manual,5,HYDERABAD
1999000.0,MUV,112000,1,2017,13.68,Diesel,2017,Third Party insurance,5,Manual,7,HYDERABAD
850000.0,SUV,10000,1,2022,18.75,Petrol,2022,Third Party insurance,5,Manual,5,HYDERABAD
1000000.0,SUV,20000,1,2022,17.03,Petrol,2022,Third Party insurance,5,Manual,5,HYDERABAD
556000.0,SUV,89000,2,2012,15.1,Diesel,2012,Third Party insurance,6,Manual,7,HYDERABAD
100000.0,Hatchback,100000,2,2008,19.7,Petrol,2008,Third Party insurance,5,Manual,5,HYDERABAD
1050000.0,MUV,20000,1,2021,19.01,Petrol,2021,Third Party insurance,5,Manual,7,HYDERABAD
909000.0,SUV,13918,1,2022,20.0,Petrol,2022,Third Party insurance,5,Manual,5,HYDERABAD
734000.0,SUV,28839,1,2020,18.75,Petrol,2020,Third Party,5,Manual,5,HYDERABAD
450000.0,Hatchback,30000,1,2017,23.1,Petrol,2017,Third Party insurance,5,Automatic,5,HYDERABAD
356000.0,Hatchback,16097,1,2018,23.0,Petrol,2018,Comprehensive,5,Automatic,5,HYDERABAD
835000.0,Hatchback,23683,1,2021,16.47,Petrol,2021,Third Party,6,Automatic,5,HYDERABAD
3100000.0,MUV,10000,1,2023,18.9,Diesel,2023,Third Party insurance,5,Manual,7,HYDERABAD
233000.0,Hatchback,48471,2,2013,24.39,Petrol,2013,Third Party insurance,5,Manual,5,HYDERABAD
221000.0,Hatchback,62437,2,2013,24.39,Petrol,2013,Third Party insurance,5,Manual,5,HYDERABAD
549000.0,Sedan,45000,1,2018,20.3,Petrol,2018,Third Party insurance,5,Automatic,5,HYDERABAD
881000.0,Sedan,15992,1,2022,20.65,Petrol,2022,Third Party insurance,5,Manual,5,HYDERABAD
325000.0,Hatchback,34000,1,2018,24.7,Petrol,2018,Third Party insurance,5,Manual,5,HYDERABAD
250000.0,Hatchback,45000,1,2008,20.36,Petrol,2008,Third Party insurance,5,Manual,5,HYDERABAD
810000.0,MUV,90000,1,2016,24.2,Diesel,2016,Third Party insurance,6,Manual,7,HYDERABAD
1200000.0,SUV,40000,1,2018,21.5,Diesel,2018,Third Party insurance,6,Automatic,5,HYDERABAD
650000.0,Hatchback,22907,1,2022,22.38,Petrol,2022,Comprehensive,5,Manual,5,HYDERABAD
315000.0,Hatchback,79000,1,2012,33.54,CNG,2012,Third Party insurance,5,Manual,5,HYDERABAD
340000.0,Sedan,90000,2,2016,24.4,Diesel,2016,Third Party insurance,5,Manual,5,HYDERABAD
333000.0,Hatchback,16903,2,2019,24.7,Petrol,2019,Third Party insurance,5,Manual,5,HYDERABAD
568000.0,Hatchback,36874,1,2018,19.15,Petrol,2018,Third Party insurance,0,Automatic,5,HYDERABAD
650000.0,Sedan,60000,1,2017,19.12,Petrol,2017,Third Party insurance,4,Automatic,5,HYDERABAD
329000.0,Hatchback,29994,2,2012,18.9,Petrol,2012,Third Party,5,Manual,5,HYDERABAD
806000.0,Hatchback,26416,2,2019,17.4,Petrol,2019,Third Party insurance,5,Automatic,5,HYDERABAD
775000.0,Sedan,70000,2,2018,21.13,Diesel,2018,Third Party insurance,5,Manual,5,HYDERABAD
655000.0,SUV,27581,2,2018,17.5,Petrol,2018,Third Party insurance,5,Manual,5,HYDERABAD
3250000.0,SUV,80000,1,2018,12.9,Diesel,2018,Third Party insurance,6,Automatic,7,HYDERABAD
672000.0,Sedan,88126,1,2020,21.21,Petrol,2020,Third Party insurance,5,Manual,5,HYDERABAD
981000.0,SUV,72563,1,2019,18.15,Petrol,2019,Third Party insurance,7,Automatic,5,HYDERABAD
220000.0,Hatchback,90000,2,2013,21.1,LPG,2013,Third Party insurance,5,Manual,5,HYDERABAD
804000.0,SUV,88060,1,2016,13.0,Petrol,2016,Third Party insurance,6,Manual,5,HYDERABAD
800000.0,Hatchback,20000,1,2022,22.38,Petrol,2022,Third Party insurance,5,Manual,5,HYDERABAD
950000.0,MUV,119000,2,2015,12.99,Diesel,2015,Comprehensive,5,Manual,7,HYDERABAD
600000.0,Hatchback,60000,1,2017,18.6,Petrol,2017,Third Party insurance,5,Manual,5,HYDERABAD
3595000.0,SUV,45000,1,2020,12.4,Diesel,2020,Third Party,10,Automatic,7,HYDERABAD
2650000.0,MUV,80000,2,2021,14.11,Diesel,2021,Third Party insurance,8,Automatic,7,HYDERABAD
1475000.0,SUV,95315,1,2020,20.5,Diesel,2020,Third Party insurance,6,Manual,5,HYDERABAD
263000.0,Hatchback,100000,2,2013,20.51,Petrol,2013,Third Party insurance,5,Manual,5,HYDERABAD
245000.0,Hatchback,31000,1,2010,17.92,Petrol,2010,Third Party insurance,5,Manual,5,HYDERABAD
777000.0,SUV,109271,1,2019,24.3,Diesel,2019,Comprehensive,5,Manual,5,HYDERABAD
507000.0,Hatchback,47844,2,2019,20.89,Petrol,2019,Zero Dep,5,Automatic,5,HYDERABAD
1050000.0,MUV,80000,2,2021,19.01,Petrol,2021,Third Party insurance,5,Manual,6,HYDERABAD
297000.0,Hatchback,62438,1,2013,18.9,Petrol,2013,Third Party,5,Manual,5,HYDERABAD
411000.0,Hatchback,89318,3,2013,18.5,Petrol,2013,Third Party insurance,5,Manual,5,HYDERABAD
2600000.0,MUV,90000,2,2021,14.11,Diesel,2021,Third Party insurance,8,Automatic,7,HYDERABAD
529000.0,Hatchback,29200,2,2019,20.3,Petrol,2019,Zero Dep,5,Automatic,5,HYDERABAD
1950000.0,SUV,40000,1,2020,13.96,Petrol,2020,Third Party insurance,6,Automatic,5,HYDERABAD
916000.0,Sedan,96940,1,2019,18.4,Petrol,2019,Third Party insurance,0,Automatic,5,HYDERABAD
842000.0,Sedan,65850,1,2018,17.0,Petrol,2018,Comprehensive,6,Manual,5,HYDERABAD
290000.0,Hatchback,90000,1,2011,20.36,Petrol,2011,Third Party insurance,5,Manual,5,HYDERABAD
525000.0,Hatchback,38264,1,2019,20.3,Petrol,2019,Third Party,5,Automatic,5,HYDERABAD
895000.0,SUV,47000,1,2018,14.99,Petrol,2018,Third Party insurance,5,Automatic,5,HYDERABAD
3600000.0,SUV,77027,1,2019,12.9,Diesel,2019,Third Party insurance,6,Automatic,7,HYDERABAD
385000.0,Sedan,78000,1,2009,16.8,Petrol,2009,Third Party insurance,5,Manual,5,HYDERABAD
1000000.0,SUV,70000,2,2019,20.0,Diesel,2019,Third Party insurance,6,Manual,5,HYDERABAD
300000.0,Sedan,112000,1,2008,12.8,Petrol,2008,Third Party insurance,5,Manual,5,HYDERABAD
515000.0,Sedan,138000,1,2013,22.32,Diesel,2013,Third Party insurance,6,Manual,5,HYDERABAD
299000.0,Hatchback,51000,1,2010,20.0,Diesel,2010,Third Party insurance,5,Manual,5,HYDERABAD
268000.0,Hatchback,83462,2,2010,20.36,Petrol,2010,Third Party insurance,5,Manual,5,HYDERABAD
483000.0,Hatchback,26494,1,2021,21.74,Petrol,2021,Third Party,5,Manual,5,HYDERABAD
1299000.0,SUV,82000,1,2011,17.05,Diesel,2011,Third Party insurance,8,Automatic,5,HYDERABAD
618000.0,Hatchback,68101,1,2018,21.4,Petrol,2018,Comprehensive,5,Manual,5,HYDERABAD
691000.0,Hatchback,99105,2,2018,28.4,Diesel,2018,Comprehensive,5,Automatic,5,HYDERABAD
1000000.0,SUV,90000,1,2016,19.67,Diesel,2016,Third Party insurance,6,Manual,5,HYDERABAD
653000.0,Sedan,70424,2,2017,19.12,Petrol,2017,Comprehensive,4,Automatic,5,HYDERABAD
990000.0,SUV,98000,1,2018,24.3,Diesel,2018,Third Party insurance,5,Automatic,5,HYDERABAD
537000.0,Sedan,79189,2,2014,25.1,Diesel,2014,Third Party insurance,6,Manual,5,HYDERABAD
253000.0,Hatchback,115218,1,2011,18.9,Petrol,2011,Comprehensive,5,Manual,5,HYDERABAD
399000.0,Sedan,120000,1,2012,17.01,Petrol,2012,Third Party insurance,5,Manual,5,HYDERABAD
471000.0,Hatchback,119106,2,2015,22.38,Petrol,2015,Third Party insurance,5,Manual,5,HYDERABAD
340000.0,Sedan,60000,2,2011,17.0,Petrol,2011,Third Party insurance,5,Manual,5,HYDERABAD
659000.0,Hatchback,60000,1,2017,28.4,Diesel,2017,Third Party insurance,5,Manual,5,HYDERABAD
370000.0,Hatchback,80000,1,2019,22.05,Petrol,2019,Third Party insurance,5,Manual,5,HYDERABAD
400000.0,Hatchback,143000,2,2012,22.9,Diesel,2012,Third Party insurance,5,Manual,5,HYDERABAD
700000.0,Hatchback,50000,1,2018,25.2,Diesel,2018,Third Party insurance,5,Manual,5,HYDERABAD
750000.0,Sedan,105000,1,2011,14.3,Diesel,2011,Third Party insurance,6,Automatic,5,HYDERABAD
2000000.0,MUV,110000,1,2016,11.36,Diesel,2016,Third Party insurance,6,Automatic,7,HYDERABAD
360000.0,Sedan,80000,1,2011,17.0,Petrol,2011,Third Party insurance,5,Manual,5,HYDERABAD
368000.0,Hatchback,121617,2,2013,22.38,Petrol,2013,Third Party,5,Manual,5,HYDERABAD
556000.0,Sedan,83825,2,2015,15.04,Petrol,2015,Comprehensive,5,Manual,5,HYDERABAD
426000.0,Hatchback,92299,1,2014,18.6,Petrol,2014,Not Available,5,Manual,5,HYDERABAD
961000.0,SUV,50643,2,2018,24.3,Diesel,2018,Zero Dep,5,Automatic,5,HYDERABAD
793000.0,SUV,110243,2,2018,18.49,Diesel,2018,Zero Dep,5,Manual,7,HYDERABAD
990000.0,Sedan,92721,1,2012,14.84,Diesel,2012,Third Party insurance,7,Automatic,5,HYDERABAD
951000.0,SUV,93104,1,2016,13.0,Petrol,2016,Comprehensive,6,Automatic,5,HYDERABAD
300000.0,Sedan,83858,3,2008,14.53,Petrol,2008,Not Available,6,Manual,5,HYDERABAD
567000.0,MUV,48869,1,2021,19.02,Petrol,2021,Third Party,5,Manual,7,HYDERABAD
298000.0,Hatchback,86555,1,2017,24.39,Petrol,2017,Comprehensive,5,Manual,5,HYDERABAD
350000.0,Sedan,60000,2,2011,15.04,Petrol,2011,Third Party insurance,5,Manual,5,HYDERABAD
674000.0,MUV,39316,1,2022,20.0,Petrol,2022,Zero Dep,5,Manual,7,HYDERABAD
450000.0,SUV,110000,2,2014,20.45,Diesel,2014,Third Party insurance,5,Manual,5,HYDERABAD
270000.0,Hatchback,100000,2,2016,22.95,Diesel,2016,Third Party insurance,5,Manual,5,HYDERABAD
1000000.0,SUV,60000,1,2020,18.27,Petrol,2020,Third Party insurance,6,Manual,5,HYDERABAD
1050000.0,SUV,100000,1,2016,16.0,Diesel,2016,Third Party insurance,6,Manual,7,HYDERABAD
450000.0,Sedan,110000,2,2012,20.0,Diesel,2012,Third Party insurance,5,Manual,5,HYDERABAD
1725000.0,SUV,135000,1,2011,18.9,Diesel,2011,Third Party insurance,7,Automatic,5,HYDERABAD
1175000.0,SUV,19500,1,2022,18.76,Petrol,2022,Comprehensive,4,Automatic,5,HYDERABAD
940000.0,Sedan,22127,1,2021,18.3,Petrol,2021,Comprehensive,0,Automatic,5,HYDERABAD
251000.0,Hatchback,78010,2,2015,22.05,Petrol,2015,Comprehensive,5,Manual,5,HYDERABAD
988000.0,SUV,14087,1,2021,15.9,Petrol,2021,Third Party,5,Manual,5,HYDERABAD
2675000.0,SUV,30000,1,2022,18.9,Electric,2022,Third Party insurance,5,Automatic,5,HYDERABAD
1157000.0,SUV,55253,1,2022,21.19,Diesel,2022,Comprehensive,6,Manual,5,HYDERABAD
1598000.0,SUV,63008,1,2020,16.5,Petrol,2020,Zero Dep,7,Automatic,5,HYDERABAD
2675000.0,SUV,22000,1,2022,18.9,Electric,2022,Third Party insurance,5,Automatic,5,HYDERABAD
266000.0,Hatchback,73944,1,2015,22.05,Petrol,2015,Third Party insurance,5,Manual,5,HYDERABAD
3275000.0,Sedan,37000,1,2021,15.1,Petrol,2021,Third Party insurance,7,Automatic,5,HYDERABAD
279000.0,Hatchback,52052,2,2017,22.05,Petrol,2017,Third Party,5,Manual,5,HYDERABAD
465000.0,Hatchback,42399,2,2018,18.9,Petrol,2018,Third Party insurance,5,Manual,5,HYDERABAD
210000.0,Sedan,50000,1,2015,26.59,Diesel,2015,Third Party insurance,5,Manual,5,HYDERABAD
549000.0,Hatchback,64584,1,2020,32.52,CNG,2020,Zero Dep,5,Manual,5,HYDERABAD
345000.0,Minivans,44000,1,2014,15.37,Petrol,2014,Third Party insurance,5,Manual,5,HYDERABAD
300000.0,Hatchback,101434,1,2017,23.01,Petrol,2017,Not Available,5,Automatic,5,HYDERABAD
475000.0,Sedan,75000,2,2017,21.66,Diesel,2017,Third Party insurance,5,Manual,5,HYDERABAD
445000.0,Sedan,75000,1,2012,22.32,Diesel,2012,Comprehensive,6,Manual,5,HYDERABAD
165000.0,Sedan,96402,1,2010,17.0,Petrol,2010,Not Available,5,Manual,5,HYDERABAD
1491000.0,SUV,20225,1,2021,18.9,Petrol,2021,Not Available,0,Automatic,6,HYDERABAD
290000.0,Hatchback,55000,1,2016,19.81,Petrol,2016,Third Party insurance,5,Manual,5,HYDERABAD
860000.0,SUV,44641,1,2021,17.33,Petrol,2021,Comprehensive,6,Manual,5,HYDERABAD
241000.0,Hatchback,83958,1,2010,20.36,Petrol,2010,Third Party,5,Manual,5,HYDERABAD
121000.0,SUV,124406,3,2006,10.5,Diesel,2006,Not Available,5,Manual,7,HYDERABAD
817000.0,SUV,35226,2,2018,17.0,Petrol,2018,Comprehensive,6,Automatic,5,HYDERABAD
330000.0,Hatchback,75552,2,2011,16.95,Petrol,2011,Third Party,4,Automatic,5,HYDERABAD
185000.0,Hatchback,107972,1,2010,20.36,Petrol,2010,Comprehensive,5,Manual,5,HYDERABAD
568000.0,Sedan,46451,1,2019,19.44,Petrol,2019,Third Party insurance,5,Manual,5,HYDERABAD
470000.0,Minivans,28220,1,2021,16.11,Petrol,2021,Not Available,5,Manual,5,HYDERABAD
457000.0,Hatchback,77415,1,2019,21.7,Petrol,2019,Comprehensive,5,Automatic,5,HYDERABAD
1022000.0,SUV,47314,1,2020,18.15,Petrol,2020,Zero Dep,7,Automatic,5,HYDERABAD
312000.0,Hatchback,50000,1,2017,24.04,Petrol,2017,Third Party insurance,5,Automatic,5,HYDERABAD
117000.0,Hatchback,120000,2,2012,19.4,Diesel,2012,Third Party insurance,5,Manual,5,HYDERABAD
870000.0,Sedan,40000,1,2018,21.13,Diesel,2018,Third Party insurance,5,Manual,5,HYDERABAD
285000.0,Hatchback,80000,2,2013,19.4,Petrol,2013,Third Party insurance,5,Manual,5,HYDERABAD
2800000.0,SUV,120000,1,2018,14.24,Diesel,2018,Third Party insurance,6,Manual,7,HYDERABAD
100000.0,Hatchback,110000,2,2008,19.7,Petrol,2008,Third Party insurance,5,Manual,5,HYDERABAD
550000.0,Hatchback,30564,1,2019,20.52,Petrol,2019,Comprehensive,5,Automatic,5,HYDERABAD
185000.0,Hatchback,90000,2,2011,20.0,Diesel,2011,Third Party insurance,5,Manual,5,HYDERABAD
431000.0,MUV,62674,3,2019,19.83,Petrol,2019,Third Party insurance,5,Manual,7,HYDERABAD
631000.0,Hatchback,61710,1,2018,18.2,Petrol,2018,Third Party,5,Automatic,5,HYDERABAD
476000.0,Sedan,95000,1,2012,22.32,Diesel,2012,Third Party insurance,4,Automatic,5,HYDERABAD
1119000.0,SUV,99215,1,2017,17.01,Diesel,2017,Third Party insurance,6,Automatic,5,HYDERABAD
1002000.0,SUV,46034,1,2019,21.5,Diesel,2019,Zero Dep,6,Automatic,5,HYDERABAD
685000.0,MUV,20000,1,2014,16.02,Petrol,2014,Third Party,5,Manual,7,HYDERABAD
347000.0,Hatchback,60993,1,2013,19.4,Petrol,2013,Third Party insurance,5,Manual,5,HYDERABAD
650000.0,SUV,90000,2,2015,16.0,Diesel,2015,Third Party insurance,6,Manual,7,HYDERABAD
756000.0,Sedan,71821,1,2017,28.4,Diesel,2017,Third Party insurance,5,Manual,5,HYDERABAD
1581000.0,SUV,2486,1,2021,15.81,Petrol,2021,Third Party,6,Manual,5,HYDERABAD
230000.0,Sedan,60000,3,2006,12.9,Petrol,2006,Third Party insurance,5,Automatic,5,HYDERABAD
584000.0,Hatchback,12740,1,2020,20.7,Petrol,2020,Comprehensive,5,Manual,5,HYDERABAD
1500000.0,SUV,30000,1,2022,18.9,Electric,2022,Third Party insurance,5,Automatic,5,HYDERABAD
400000.0,Hatchback,79079,2,2018,24.0,Diesel,2018,Not Available,5,Manual,5,HYDERABAD
535000.0,Hatchback,28522,1,2022,19.33,Petrol,2022,Comprehensive,5,Manual,5,HYDERABAD
410000.0,Sedan,67200,1,2018,18.9,Electric,2018,Third Party insurance,1,Automatic,5,HYDERABAD
295000.0,Sedan,50000,1,2018,18.9,Electric,2018,Third Party insurance,1,Automatic,5,HYDERABAD
2200000.0,Sedan,46000,1,2018,27.03,Diesel,2018,Third Party insurance,8,Automatic,5,HYDERABAD
2120000.0,SUV,20000,1,2022,18.9,Diesel,2022,Third Party insurance,6,Manual,7,HYDERABAD
310000.0,SUV,80000,1,2016,25.32,Diesel,2016,Third Party insurance,5,Manual,5,HYDERABAD
337000.0,Hatchback,29011,1,2017,23.01,Petrol,2017,Third Party insurance,5,Manual,5,HYDERABAD
1259000.0,SUV,42372,1,2020,16.8,Petrol,2020,Comprehensive,6,Manual,5,HYDERABAD
1400000.0,SUV,23147,2,2021,18.9,Petrol,2021,Not Available,6,Automatic,4,HYDERABAD
1291000.0,Sedan,22310,1,2022,24.1,Diesel,2022,Comprehensive,6,Manual,5,HYDERABAD
498000.0,Hatchback,18732,1,2016,26.0,Petrol,2016,Comprehensive,5,Automatic,5,HYDERABAD
470000.0,Sedan,95417,1,2016,23.59,Diesel,2016,Not Available,5,Manual,5,HYDERABAD
545000.0,Sedan,62015,2,2014,18.0,Petrol,2014,Comprehensive,0,Automatic,5,HYDERABAD
895000.0,SUV,54000,1,2018,14.7,Petrol,2018,Third Party insurance,6,Automatic,5,HYDERABAD
427000.0,Hatchback,51237,2,2019,23.01,Petrol,2019,Third Party insurance,5,Automatic,5,HYDERABAD
559000.0,Sedan,36140,1,2017,20.14,Petrol,2017,Comprehensive,5,Manual,5,HYDERABAD
650000.0,Hatchback,80000,2,2018,28.4,Diesel,2018,Third Party insurance,5,Manual,5,HYDERABAD
443000.0,Hatchback,70895,2,2016,26.0,Petrol,2016,Third Party insurance,5,Automatic,5,HYDERABAD
480000.0,Hatchback,90000,1,2018,24.0,Diesel,2018,Third Party insurance,5,Manual,5,HYDERABAD
660000.0,Sedan,60000,1,2020,19.28,Petrol,2020,Third Party insurance,5,Manual,5,HYDERABAD
145000.0,Hatchback,70237,1,2007,21.79,Petrol,2007,Third Party insurance,5,Manual,5,HYDERABAD
165000.0,Hatchback,89592,1,2007,17.0,Petrol,2007,Third Party insurance,5,Manual,5,HYDERABAD
380000.0,Sedan,79333,1,2010,18.3,Diesel,2010,Third Party insurance,5,Manual,5,HYDERABAD
450000.0,Sedan,82144,1,2014,23.4,Diesel,2014,Third Party insurance,5,Manual,5,HYDERABAD
2300000.0,Sedan,40000,1,2018,22.69,Diesel,2018,Third Party insurance,8,Automatic,5,HYDERABAD
500000.0,Sedan,129517,2,2015,21.21,Diesel,2015,Not Available,7,Automatic,5,HYDERABAD
531000.0,Hatchback,39881,1,2019,20.3,Petrol,2019,Comprehensive,5,Automatic,5,HYDERABAD
744000.0,Hatchback,12280,1,2021,18.5,Petrol,2021,Comprehensive,5,Manual,5,HYDERABAD
200000.0,Sedan,70000,1,2011,21.12,Diesel,2011,Third Party insurance,5,Manual,5,HYDERABAD
576000.0,Hatchback,49984,1,2020,30.47,CNG,2020,Comprehensive,5,Manual,5,HYDERABAD
760000.0,SUV,51258,1,2017,14.8,Petrol,2017,Comprehensive,6,Automatic,5,HYDERABAD
400000.0,Sedan,90000,2,2019,18.9,CNG,2019,Third Party insurance,5,Manual,5,HYDERABAD
273000.0,Hatchback,95178,2,2012,19.4,Petrol,2012,Comprehensive,5,Manual,5,HYDERABAD
480000.0,Sedan,62000,1,2016,19.44,Petrol,2016,Third Party insurance,5,Manual,5,HYDERABAD
922000.0,SUV,119781,1,2016,19.67,Diesel,2016,Third Party insurance,6,Manual,5,HYDERABAD
746000.0,Hatchback,31750,2,2021,18.5,Petrol,2021,Zero Dep,5,Manual,5,HYDERABAD
2400000.0,MUV,78000,1,2019,11.36,Diesel,2019,Comprehensive,6,Automatic,7,HYDERABAD
490000.0,Sedan,110000,1,2013,22.32,Diesel,2013,Third Party insurance,6,Manual,5,HYDERABAD
460000.0,Hatchback,73400,1,2014,18.9,Petrol,2014,Third Party insurance,4,Automatic,5,HYDERABAD
490000.0,Hatchback,40000,3,2018,23.84,Petrol,2018,Third Party insurance,5,Automatic,5,HYDERABAD
1589000.0,SUV,49500,1,2020,15.1,Diesel,2020,Third Party insurance,6,Automatic,7,HYDERABAD
930000.0,Sedan,14991,1,2022,17.7,Petrol,2022,Not Available,6,Manual,5,HYDERABAD
702000.0,MUV,32363,1,2022,19.01,Petrol,2022,Not Available,5,Manual,7,HYDERABAD
465000.0,Sedan,60000,2,2013,22.32,Diesel,2013,Third Party insurance,6,Manual,5,HYDERABAD
50000.0,Hatchback,99750,2,2002,18.9,Petrol,2002,Not Available,5,Manual,5,HYDERABAD
1008000.0,Sedan,15504,1,2021,18.97,Petrol,2021,Third Party insurance,6,Manual,5,HYDERABAD
813000.0,SUV,20858,1,2018,17.0,Petrol,2018,Third Party,5,Manual,5,HYDERABAD
1485000.0,SUV,30000,1,2019,16.0,Petrol,2019,Third Party insurance,7,Automatic,5,HYDERABAD
744000.0,SUV,90305,2,2018,16.55,Diesel,2018,Third Party insurance,5,Manual,6,HYDERABAD
989000.0,SUV,99128,1,2017,19.67,Diesel,2017,Third Party,6,Manual,5,HYDERABAD
1485000.0,SUV,30000,1,2019,16.0,Petrol,2019,Third Party insurance,7,Automatic,5,HYDERABAD
408000.0,Sedan,52597,2,2014,18.0,Petrol,2014,Comprehensive,5,Manual,5,HYDERABAD
400000.0,Hatchback,112921,3,2015,25.2,Diesel,2015,Not Available,5,Manual,5,HYDERABAD
492000.0,Sedan,73626,1,2014,23.4,Diesel,2014,Third Party insurance,5,Manual,5,HYDERABAD
446000.0,Hatchback,42964,1,2018,24.04,Petrol,2018,Third Party,5,Automatic,5,HYDERABAD
500000.0,Sedan,100000,2,2016,28.09,Diesel,2016,Third Party insurance,5,Manual,5,HYDERABAD
1103000.0,SUV,89906,1,2017,17.1,Diesel,2017,Comprehensive,6,Manual,5,HYDERABAD
960000.0,SUV,80000,2,2018,16.36,Diesel,2018,Third Party insurance,5,Manual,7,HYDERABAD
550000.0,Sedan,110000,1,2019,19.95,Diesel,2019,Third Party insurance,5,Manual,5,HYDERABAD
1500000.0,SUV,40000,1,2019,20.8,Diesel,2019,Third Party insurance,6,Manual,5,HYDERABAD
660000.0,Hatchback,40000,2,2020,19.0,Petrol,2020,Third Party insurance,5,Automatic,5,HYDERABAD
365000.0,Sedan,90000,1,2015,24.4,Diesel,2015,Third Party insurance,5,Manual,5,HYDERABAD
1450000.0,Sedan,30000,1,2018,18.23,Diesel,2018,Third Party insurance,6,Automatic,5,HYDERABAD
900000.0,Hatchback,45416,1,2021,16.47,Petrol,2021,Not Available,6,Automatic,5,HYDERABAD
385000.0,Hatchback,64000,1,2013,18.5,Petrol,2013,Third Party insurance,5,Manual,5,HYDERABAD
1639000.0,SUV,16769,1,2021,18.9,Petrol,2021,Comprehensive,8,Automatic,5,HYDERABAD
765000.0,SUV,30580,1,2021,20.0,Petrol,2021,Comprehensive,5,Manual,5,HYDERABAD
4500000.0,SUV,47000,1,2018,15.68,Diesel,2018,Third Party insurance,9,Automatic,5,HYDERABAD
991000.0,SUV,25596,2,2021,17.05,Petrol,2021,Third Party,6,Automatic,5,HYDERABAD
744000.0,SUV,89681,1,2017,24.3,Diesel,2017,Comprehensive,5,Manual,5,HYDERABAD
825000.0,MUV,42000,1,2018,19.01,Petrol,2018,Third Party insurance,5,Manual,7,HYDERABAD
770000.0,MUV,29302,1,2022,18.2,Petrol,2022,Zero Dep,5,Automatic,7,HYDERABAD
745000.0,Sedan,41200,1,2015,18.0,Petrol,2015,Comprehensive,0,Automatic,5,HYDERABAD
1775000.0,SUV,70076,1,2021,16.35,Diesel,2021,Third Party,6,Manual,5,HYDERABAD
765000.0,SUV,90114,1,2018,23.0,Diesel,2018,Comprehensive,5,Manual,5,HYDERABAD
250000.0,SUV,80000,4,2014,15.96,Diesel,2014,Third Party insurance,5,Manual,9,HYDERABAD
835000.0,SUV,5933,1,2019,14.99,Petrol,2019,Third Party,5,Automatic,5,HYDERABAD
470000.0,Hatchback,30000,1,2017,23.84,Petrol,2017,Third Party insurance,5,Manual,5,HYDERABAD
200000.0,Hatchback,60000,1,2011,20.92,Petrol,2011,Third Party insurance,5,Manual,5,HYDERABAD
7500000.0,SUV,20000,1,2021,18.9,Electric,2021,Third Party insurance,1,Automatic,5,HYDERABAD
1299000.0,Sedan,66000,1,2013,16.55,Diesel,2013,Third Party insurance,7,Automatic,5,HYDERABAD
225000.0,Sedan,135000,1,2002,18.9,Petrol,2002,Third Party insurance,5,Manual,5,HYDERABAD
249000.0,Sedan,110000,1,2007,18.7,Diesel,2007,Third Party insurance,5,Manual,5,HYDERABAD
279000.0,Sedan,133000,1,2007,11.9,Diesel,2007,Third Party insurance,5,Automatic,5,HYDERABAD
310000.0,Hatchback,61000,1,2011,20.0,Diesel,2011,Third Party insurance,5,Manual,5,HYDERABAD
418000.0,Hatchback,29828,1,2021,21.46,Petrol,2021,Third Party,5,Manual,5,HYDERABAD
257000.0,Hatchback,58321,3,2015,21.1,Petrol,2015,Third Party insurance,5,Manual,5,HYDERABAD
799000.0,Sedan,85000,1,2012,18.5,Diesel,2012,Third Party insurance,1,Automatic,5,HYDERABAD
622000.0,Sedan,37566,2,2019,19.5,Petrol,2019,Third Party insurance,5,Manual,5,HYDERABAD
238000.0,Hatchback,60610,2,2016,22.05,Petrol,2016,Third Party insurance,5,Manual,5,HYDERABAD
365000.0,Hatchback,30000,1,2011,16.47,Petrol,2011,Third Party insurance,5,Manual,5,HYDERABAD
753000.0,Hatchback,32098,1,2019,21.4,Petrol,2019,Comprehensive,0,Automatic,5,HYDERABAD
520000.0,Sedan,100000,1,2015,26.0,Diesel,2015,Third Party insurance,6,Manual,5,HYDERABAD
394000.0,Hatchback,48556,1,2018,23.01,Petrol,2018,Third Party,5,Automatic,5,HYDERABAD
991000.0,Sedan,76654,1,2018,22.0,Diesel,2018,Third Party insurance,6,Automatic,5,HYDERABAD
1400000.0,SUV,50000,1,2021,18.9,Diesel,2021,Third Party insurance,6,Manual,5,HYDERABAD
773000.0,Hatchback,39014,1,2019,19.56,Petrol,2019,Third Party insurance,5,Automatic,5,HYDERABAD
475000.0,Hatchback,105000,2,2015,17.1,Petrol,2015,Third Party insurance,5,Manual,5,HYDERABAD
465000.0,Sedan,95000,1,2010,18.3,Diesel,2010,Third Party insurance,5,Manual,5,HYDERABAD
1199000.0,SUV,122000,1,2010,11.5,Diesel,2010,Third Party insurance,5,Manual,7,HYDERABAD
1300000.0,SUV,10000,1,2022,16.5,Petrol,2022,Third Party insurance,6,Automatic,5,HYDERABAD
3575000.0,SUV,45000,1,2020,12.62,Diesel,2020,Third Party,6,Automatic,7,HYDERABAD
700000.0,SUV,80000,1,2017,23.0,Diesel,2017,Third Party insurance,5,Manual,5,HYDERABAD
450000.0,SUV,120000,1,2015,22.77,Diesel,2015,Third Party insurance,5,Manual,5,HYDERABAD
3900000.0,SUV,44989,1,2020,12.4,Diesel,2020,Third Party insurance,10,Automatic,7,HYDERABAD
289000.0,Hatchback,68336,2,2016,21.1,Petrol,2016,Third Party,5,Manual,5,HYDERABAD
403000.0,Hatchback,79202,1,2013,22.38,Petrol,2013,Third Party,5,Manual,5,HYDERABAD
380000.0,MUV,150000,2,2008,12.8,Diesel,2008,Third Party insurance,5,Manual,8,HYDERABAD
617000.0,Hatchback,101883,2,2018,27.3,Diesel,2018,Third Party,6,Manual,5,HYDERABAD
1192000.0,SUV,105405,1,2018,17.6,Diesel,2018,Zero Dep,6,Automatic,5,HYDERABAD
340000.0,Sedan,120000,1,2012,17.01,Petrol,2012,Third Party insurance,5,Manual,5,HYDERABAD
925000.0,Hatchback,55053,1,2021,16.47,Petrol,2021,Third Party insurance,6,Automatic,5,HYDERABAD
850000.0,Hatchback,10000,1,2022,22.35,Petrol,2022,Third Party insurance,5,Manual,5,HYDERABAD
225000.0,Hatchback,111046,1,2015,24.39,Petrol,2015,Third Party insurance,5,Manual,5,HYDERABAD
692000.0,Hatchback,1457,1,2022,35.6,CNG,2022,Zero Dep,5,Manual,5,HYDERABAD
425000.0,Sedan,90000,2,2017,14.0,Petrol,1997,Third Party insurance,5,Manual,5,HYDERABAD
1180000.0,SUV,63752,1,2022,17.29,Diesel,2022,Zero Dep,5,Manual,7,HYDERABAD
195000.0,Sedan,80000,2,2010,19.0,Diesel,2010,Third Party insurance,5,Manual,5,HYDERABAD
420000.0,Sedan,50000,1,2018,25.4,Diesel,2018,Third Party insurance,5,Manual,5,HYDERABAD
350000.0,Hatchback,91543,3,2012,22.9,Diesel,2012,Not Available,5,Manual,5,HYDERABAD
590000.0,Sedan,60000,1,2019,26.1,Diesel,2019,Third Party insurance,5,Manual,5,HYDERABAD
960000.0,SUV,30000,1,2021,23.22,Diesel,2021,Third Party insurance,6,Manual,5,HYDERABAD
750000.0,SUV,74320,1,2017,24.3,Diesel,2017,Not Available,5,Manual,5,HYDERABAD
240000.0,Hatchback,70000,2,2014,25.44,Diesel,2014,Third Party insurance,5,Manual,5,HYDERABAD
1260000.0,SUV,10000,1,2022,19.89,Petrol,2022,Third Party insurance,5,Manual,5,HYDERABAD
617000.0,Sedan,53326,2,2016,17.8,Petrol,2016,Comprehensive,5,Manual,5,HYDERABAD
770000.0,Sedan,97112,1,2019,28.4,Diesel,2019,Third Party insurance,5,Automatic,5,HYDERABAD
1800000.0,SUV,10000,1,2022,18.9,Petrol,2022,Third Party insurance,7,Automatic,5,HYDERABAD
642000.0,Hatchback,8345,1,2018,18.9,Petrol,2018,Comprehensive,4,Automatic,5,HYDERABAD
318000.0,Hatchback,45852,2,2014,20.51,Petrol,2014,Third Party insurance,5,Manual,5,HYDERABAD
620000.0,Hatchback,90000,1,2016,21.49,Diesel,2016,Third Party insurance,5,Manual,5,HYDERABAD
951000.0,SUV,12094,1,2022,17.4,Petrol,2022,Zero Dep,0,Automatic,5,HYDERABAD
900000.0,MUV,20000,1,2021,17.99,Petrol,2021,Third Party insurance,4,Automatic,7,HYDERABAD
1808000.0,SUV,30111,1,2021,20.4,Diesel,2021,Third Party insurance,6,Manual,6,HYDERABAD
669000.0,Hatchback,34840,1,2018,22.56,Petrol,2018,Third Party insurance,5,Automatic,5,HYDERABAD
680000.0,Sedan,100000,2,2018,21.72,Diesel,2018,Third Party insurance,7,Automatic,5,HYDERABAD
376000.0,Sedan,110807,2,2013,20.54,Diesel,2013,Third Party insurance,5,Manual,5,HYDERABAD
1050000.0,SUV,10000,1,2022,18.4,Petrol,2022,Third Party insurance,5,Manual,5,HYDERABAD
96000.0,Hatchback,131561,5,2004,17.0,Petrol,2004,Not Available,5,Manual,5,HYDERABAD
600000.0,Sedan,38370,1,2021,20.5,Petrol,2021,Not Available,5,Manual,5,HYDERABAD
880000.0,SUV,60000,1,2020,17.03,Petrol,2020,Third Party insurance,5,Manual,5,HYDERABAD
640000.0,MUV,30000,1,2020,20.0,Petrol,2020,Third Party insurance,5,Manual,7,HYDERABAD
80000.0,Sedan,120000,2,2003,13.1,Diesel,2003,Third Party insurance,5,Manual,5,HYDERABAD
850000.0,SUV,50000,1,2020,17.0,Petrol,2020,Third Party insurance,6,Manual,5,HYDERABAD
900000.0,Sedan,70000,1,2012,18.88,Diesel,2012,Third Party insurance,8,Automatic,5,HYDERABAD
195000.0,Hatchback,90566,2,2010,17.92,Petrol,2010,Third Party insurance,5,Manual,5,HYDERABAD
1033000.0,Sedan,67370,2,2019,22.0,Diesel,2019,Third Party insurance,6,Automatic,5,HYDERABAD
1700000.0,SUV,20000,1,2021,13.96,Petrol,2021,Third Party insurance,6,Automatic,5,HYDERABAD
1268000.0,MUV,19661,1,2021,17.3,Diesel,2021,Third Party insurance,6,Manual,8,HYDERABAD
1120000.0,SUV,58177,1,2021,23.7,Diesel,2021,Third Party,6,Manual,5,HYDERABAD
850000.0,SUV,40000,1,2020,18.55,Petrol,2020,Third Party insurance,5,Manual,5,HYDERABAD
408000.0,SUV,76134,1,2013,20.46,Diesel,2013,Third Party insurance,5,Manual,5,HYDERABAD
1750000.0,SUV,40000,1,2022,18.9,Diesel,2022,Third Party insurance,6,Manual,5,HYDERABAD
542000.0,Sedan,90102,1,2014,26.0,Diesel,2014,Third Party insurance,6,Manual,5,HYDERABAD
287000.0,Hatchback,32329,2,2019,22.7,Petrol,2019,Third Party insurance,5,Manual,5,HYDERABAD
810000.0,SUV,50000,1,2020,17.0,Petrol,2020,Third Party insurance,6,Manual,5,HYDERABAD
969000.0,SUV,72812,2,2020,16.35,Petrol,2020,Zero Dep,6,Automatic,5,HYDERABAD
280000.0,Sedan,120000,3,2016,24.4,Diesel,2016,Third Party insurance,5,Manual,5,HYDERABAD
700000.0,Hatchback,30000,2,2019,17.4,Petrol,2019,Third Party insurance,5,Automatic,5,HYDERABAD
700000.0,Hatchback,60000,2,2019,22.54,Diesel,2019,Third Party insurance,6,Manual,5,HYDERABAD
200000.0,Sedan,70000,2,2008,15.3,Petrol,2008,Third Party insurance,5,Manual,5,HYDERABAD
600000.0,Sedan,60000,2,2018,25.8,Diesel,2018,Third Party insurance,5,Manual,5,HYDERABAD
875000.0,SUV,30000,2,2022,17.52,Petrol,2022,Third Party insurance,5,Manual,5,HYDERABAD
3180000.0,SUV,24916,1,2022,14.9,Diesel,2022,Comprehensive,9,Automatic,5,HYDERABAD
279000.0,Hatchback,25121,1,2015,21.1,Petrol,2015,Third Party,5,Manual,5,HYDERABAD
244000.0,Hatchback,95916,2,2011,20.36,Petrol,2011,Comprehensive,5,Manual,5,HYDERABAD
300000.0,Hatchback,98076,2,2016,23.2,Diesel,2016,Not Available,5,Manual,5,HYDERABAD
339000.0,Hatchback,84020,1,2018,23.01,Petrol,2018,Third Party insurance,5,Manual,5,HYDERABAD
259000.0,Hatchback,49692,2,2015,22.05,Petrol,2015,Third Party,5,Manual,5,HYDERABAD
150000.0,Hatchback,90000,2,2008,14.2,Petrol,2008,Third Party insurance,5,Manual,5,HYDERABAD
269000.0,Hatchback,96502,1,2011,20.36,Petrol,2011,Third Party insurance,5,Manual,5,HYDERABAD
6300000.0,Sedan,60000,2,2018,14.47,Diesel,2018,Third Party insurance,8,Automatic,5,HYDERABAD
400000.0,Hatchback,37634,1,2019,23.01,Petrol,2019,Third Party insurance,5,Manual,5,HYDERABAD
191000.0,Hatchback,64934,2,2012,19.7,Petrol,2012,Comprehensive,5,Manual,5,HYDERABAD
580000.0,Hatchback,30000,1,2022,24.35,Petrol,2022,Third Party insurance,5,Manual,5,HYDERABAD
324000.0,Hatchback,61609,2,2011,16.95,Petrol,2011,Third Party,4,Automatic,5,HYDERABAD
860000.0,Sedan,80000,1,2018,14.84,Petrol,2018,Third Party insurance,6,Automatic,5,HYDERABAD
2100000.0,SUV,60000,1,2021,16.14,Diesel,2021,Third Party insurance,6,Manual,6,HYDERABAD
790000.0,MUV,70000,2,2016,24.52,Diesel,2016,Third Party insurance,5,Manual,7,HYDERABAD
260000.0,Hatchback,80000,2,2012,26.2,CNG,2012,Third Party insurance,5,Manual,5,HYDERABAD
100000.0,Hatchback,120000,2,2016,25.0,Diesel,2016,Third Party insurance,5,Manual,5,HYDERABAD
1050000.0,SUV,80000,3,2017,17.6,Diesel,2017,Third Party insurance,6,Manual,7,HYDERABAD
270000.0,Hatchback,120000,1,2016,23.2,Diesel,2016,Third Party insurance,5,Manual,5,HYDERABAD
250000.0,Hatchback,120000,2,2009,17.8,Diesel,2009,Third Party insurance,5,Manual,5,HYDERABAD
732000.0,Hatchback,30088,1,2021,17.74,Petrol,2021,Zero Dep,5,Manual,5,HYDERABAD
273000.0,Hatchback,65094,2,2017,22.7,Petrol,2017,Comprehensive,5,Manual,5,HYDERABAD
250000.0,Hatchback,120000,2,2009,17.8,Diesel,2009,Third Party insurance,5,Manual,5,HYDERABAD
175000.0,Hatchback,55024,1,2010,19.7,Petrol,2010,Comprehensive,5,Manual,5,HYDERABAD
702000.0,MUV,21687,2,2020,18.2,Petrol,2020,Third Party insurance,5,Automatic,7,HYDERABAD
1085000.0,MUV,120000,1,2013,12.99,Diesel,2013,Third Party insurance,5,Manual,7,HYDERABAD
279000.0,Hatchback,72762,1,2017,19.02,Petrol,2017,Third Party insurance,5,Manual,5,HYDERABAD
825000.0,Pickup Trucks,30000,1,2021,18.9,Diesel,2021,Third Party insurance,5,Manual,2,HYDERABAD
387000.0,Hatchback,52791,1,2017,20.51,Petrol,2017,Zero Dep,5,Automatic,5,HYDERABAD
383000.0,SUV,67879,1,2012,20.45,Diesel,2012,Third Party,5,Manual,5,HYDERABAD
600000.0,Hatchback,60053,1,2018,21.4,Petrol,2018,Not Available,5,Manual,5,HYDERABAD
813000.0,SUV,23316,1,2021,18.75,Petrol,2021,Third Party insurance,5,Manual,5,HYDERABAD
350000.0,Hatchback,50000,2,2017,24.04,Petrol,2017,Third Party insurance,5,Automatic,5,HYDERABAD
155000.0,Hatchback,100000,2,2007,17.92,Petrol,2007,Third Party insurance,5,Manual,5,HYDERABAD
180000.0,Hatchback,60000,2,2016,21.1,LPG,2016,Third Party insurance,5,Manual,5,HYDERABAD
1050000.0,Sedan,20000,1,2018,18.0,Petrol,2018,Third Party insurance,0,Automatic,5,HYDERABAD
180000.0,Hatchback,120000,1,2015,17.88,Diesel,2015,Third Party insurance,5,Manual,5,HYDERABAD
890000.0,SUV,30000,2,2018,16.0,Petrol,2018,Third Party insurance,6,Manual,5,HYDERABAD
700000.0,Hatchback,70000,1,2019,28.4,Diesel,2019,Third Party insurance,5,Manual,5,HYDERABAD
640000.0,SUV,10000,2,2022,18.75,Petrol,2022,Third Party insurance,5,Manual,5,HYDERABAD
290000.0,Hatchback,42203,2,2016,25.17,Petrol,2016,Third Party insurance,5,Manual,5,HYDERABAD
999000.0,SUV,27653,1,2020,18.43,Petrol,2020,Comprehensive,4,Automatic,5,HYDERABAD
1800000.0,SUV,100000,2,2013,14.16,Diesel,2013,Third Party insurance,7,Automatic,5,HYDERABAD
286000.0,Hatchback,67429,1,2016,19.02,Petrol,2016,Third Party insurance,5,Manual,5,HYDERABAD
293000.0,Hatchback,65192,1,2017,23.01,Petrol,2017,Third Party insurance,5,Manual,5,HYDERABAD
95000.0,Hatchback,120000,2,2003,18.9,Petrol,2003,Third Party insurance,5,Manual,5,HYDERABAD
753000.0,Hatchback,26893,1,2021,23.64,Diesel,2021,Comprehensive,5,Manual,5,HYDERABAD
350000.0,Sedan,90000,2,2010,18.1,Diesel,2010,Third Party insurance,6,Automatic,5,HYDERABAD
688000.0,SUV,70167,2,2018,24.3,Diesel,2018,Third Party insurance,5,Manual,5,HYDERABAD
376000.0,Minivans,84542,2,2016,15.37,Petrol,2016,Third Party insurance,5,Manual,5,HYDERABAD
600000.0,Hatchback,50000,1,2015,17.21,Petrol,2015,Third Party insurance,7,Automatic,5,HYDERABAD
325000.0,Hatchback,36027,1,2017,24.7,Petrol,2017,Third Party,5,Manual,5,HYDERABAD
600000.0,Hatchback,50000,1,2015,17.21,Petrol,2015,Third Party insurance,7,Automatic,5,HYDERABAD
600000.0,Hatchback,50000,1,2015,17.21,Petrol,2015,Third Party insurance,7,Automatic,5,HYDERABAD
400000.0,Hatchback,10000,1,2013,15.6,Petrol,2013,Third Party insurance,5,Manual,5,HYDERABAD
300000.0,Sedan,90000,5,2011,20.54,Diesel,2011,Third Party insurance,5,Manual,5,HYDERABAD
80000.0,MUV,70000,3,2004,12.8,Petrol,2004,Third Party insurance,5,Manual,5,HYDERABAD
1685000.0,SUV,40000,1,2022,18.9,Petrol,2022,Third Party insurance,6,Manual,5,HYDERABAD
200000.0,Hatchback,100000,1,2016,25.0,Diesel,2016,Third Party insurance,5,Manual,5,HYDERABAD
720000.0,Sedan,40000,1,2021,18.6,Petrol,2021,Third Party insurance,5,Manual,5,HYDERABAD
1064000.0,SUV,77687,1,2021,16.5,Petrol,2021,Third Party,5,Manual,5,HYDERABAD
647000.0,Hatchback,52456,1,2016,21.4,Petrol,2016,Comprehensive,5,Manual,5,HYDERABAD
1625000.0,Sedan,24000,1,2022,19.4,Petrol,2022,Third Party insurance,6,Manual,5,HYDERABAD
846000.0,Hatchback,42674,1,2021,17.1,Petrol,2021,Third Party insurance,5,Manual,5,HYDERABAD
458000.0,Hatchback,44903,1,2019,21.7,Petrol,2019,Third Party insurance,5,Manual,5,HYDERABAD
195000.0,Hatchback,65000,1,2008,21.79,Petrol,2008,Third Party insurance,5,Manual,5,HYDERABAD
425000.0,Hatchback,72205,2,2013,22.38,Petrol,2013,Comprehensive,5,Manual,5,HYDERABAD
650000.0,SUV,70000,1,2015,22.77,Diesel,2015,Third Party insurance,5,Manual,5,HYDERABAD
584000.0,Hatchback,101306,2,2019,17.74,Petrol,2019,Third Party,5,Manual,5,HYDERABAD
220000.0,Hatchback,60000,2,2009,20.36,Petrol,2009,Third Party insurance,5,Manual,5,HYDERABAD
619000.0,Hatchback,81028,1,2018,22.38,Petrol,2018,Third Party insurance,5,Manual,5,HYDERABAD
700000.0,SUV,80000,1,2018,25.5,Diesel,2018,Third Party insurance,6,Manual,5,HYDERABAD
2000000.0,SUV,20000,1,2021,14.6,Diesel,2021,Third Party insurance,6,Automatic,5,HYDERABAD
450000.0,Sedan,120000,1,2016,26.59,Diesel,2016,Third Party insurance,5,Manual,5,HYDERABAD
2000000.0,SUV,20000,1,2021,14.6,Diesel,2021,Third Party insurance,6,Automatic,5,HYDERABAD
180000.0,Hatchback,120000,2,2010,18.9,Petrol,2010,Third Party insurance,5,Manual,5,HYDERABAD
224000.0,Hatchback,52442,3,2016,25.17,Petrol,2016,Not Available,5,Manual,5,HYDERABAD
381000.0,SUV,90001,2,2014,19.01,Diesel,2014,Not Available,6,Manual,5,HYDERABAD
459000.0,Hatchback,87966,3,2014,22.38,Petrol,2014,Third Party insurance,5,Manual,5,HYDERABAD
631000.0,Hatchback,105614,1,2019,21.4,Petrol,2019,Third Party insurance,5,Manual,5,HYDERABAD
951000.0,Sedan,11249,1,2020,18.6,Petrol,2020,Not Available,6,Manual,5,HYDERABAD
532000.0,Hatchback,39264,2,2018,18.9,Petrol,2018,Comprehensive,5,Manual,5,HYDERABAD
301000.0,Hatchback,68359,1,2017,24.7,Petrol,2017,Third Party,5,Manual,5,HYDERABAD
245000.0,Hatchback,49500,1,2010,19.81,Petrol,2010,Not Available,5,Manual,5,HYDERABAD
978000.0,Hatchback,51466,2,2021,16.47,Petrol,2021,Third Party,6,Automatic,5,HYDERABAD
315000.0,Sedan,99929,2,2013,20.54,Diesel,2013,Not Available,5,Manual,5,HYDERABAD
345000.0,Hatchback,64628,1,2013,18.9,Petrol,2013,Third Party,5,Manual,5,HYDERABAD
574000.0,Hatchback,79151,1,2018,20.89,Petrol,2018,Third Party insurance,5,Automatic,5,HYDERABAD
405000.0,Hatchback,78131,1,2017,23.1,Petrol,2017,Comprehensive,5,Manual,5,HYDERABAD
828000.0,SUV,103256,1,2017,24.3,Diesel,2017,Zero Dep,5,Manual,5,HYDERABAD
779000.0,SUV,45794,1,2021,17.03,Petrol,2021,Not Available,5,Manual,5,HYDERABAD
600000.0,MUV,60000,1,2016,24.2,Diesel,2016,Third Party insurance,5,Manual,7,HYDERABAD
785000.0,Sedan,20000,1,2022,22.41,Petrol,2022,Third Party insurance,5,Manual,5,HYDERABAD
600000.0,MUV,60000,1,2016,24.2,Diesel,2016,Third Party insurance,5,Manual,7,HYDERABAD
230000.0,Sedan,80000,2,2015,18.2,Petrol,2015,Third Party insurance,5,Manual,5,HYDERABAD
630000.0,SUV,60000,1,2015,16.5,Petrol,2015,Third Party insurance,6,Automatic,5,HYDERABAD
260000.0,Hatchback,60000,2,2010,17.0,Petrol,2010,Third Party insurance,5,Manual,5,HYDERABAD
585000.0,Hatchback,67407,3,2016,18.6,Petrol,2016,Third Party,5,Manual,5,HYDERABAD
442000.0,Hatchback,58713,2,2019,21.7,Petrol,2019,Comprehensive,5,Manual,5,HYDERABAD
1000000.0,Sedan,90000,1,2016,16.96,Diesel,2016,Third Party insurance,6,Automatic,5,HYDERABAD
618000.0,Hatchback,33798,1,2021,20.7,Petrol,2021,Third Party,5,Manual,5,HYDERABAD
490000.0,Hatchback,33190,1,2016,18.9,Petrol,2016,Third Party insurance,5,Manual,5,HYDERABAD
585000.0,Hatchback,30000,1,2020,21.21,Petrol,2020,Third Party insurance,5,Manual,5,HYDERABAD
588000.0,Hatchback,56346,2,2016,18.6,Petrol,2016,Third Party insurance,5,Manual,5,HYDERABAD
850000.0,Sedan,80000,1,2017,28.09,Diesel,2017,Third Party insurance,5,Manual,5,HYDERABAD
704000.0,Hatchback,59512,2,2018,21.4,Petrol,2018,Third Party insurance,0,Automatic,5,HYDERABAD
410000.0,SUV,120000,2,2010,12.12,Diesel,2010,Third Party insurance,6,Automatic,7,HYDERABAD
583000.0,Hatchback,81342,2,2017,26.8,Diesel,2017,Third Party insurance,5,Automatic,5,HYDERABAD
1500000.0,SUV,40000,1,2018,17.1,Diesel,2018,Third Party insurance,6,Manual,5,HYDERABAD
1150000.0,Hatchback,10000,1,2022,20.25,Petrol,2022,Third Party insurance,7,Automatic,5,HYDERABAD
630000.0,SUV,60000,1,2015,16.5,Petrol,2015,Third Party insurance,6,Automatic,5,HYDERABAD
150000.0,Hatchback,120000,2,2011,20.0,Diesel,2011,Third Party insurance,5,Manual,5,HYDERABAD
650000.0,Sedan,110000,1,2017,26.59,Diesel,2017,Third Party insurance,5,Manual,5,HYDERABAD
850000.0,Pickup Trucks,20000,1,2020,18.9,Diesel,2020,Third Party insurance,5,Manual,2,HYDERABAD
720000.0,SUV,30000,1,2017,25.5,Diesel,2017,Third Party insurance,6,Manual,5,HYDERABAD
350000.0,Hatchback,44478,1,2018,24.39,Petrol,2018,Comprehensive,5,Manual,5,HYDERABAD
646000.0,Hatchback,29765,2,2020,20.7,Petrol,2020,Third Party insurance,5,Manual,5,HYDERABAD
2300000.0,SUV,30000,1,2021,14.6,Diesel,2021,Third Party insurance,6,Automatic,5,HYDERABAD
570000.0,Hatchback,83688,1,2017,21.4,Petrol,2017,Comprehensive,5,Manual,5,HYDERABAD
586000.0,Hatchback,52704,2,2018,18.9,Petrol,2018,Comprehensive,4,Automatic,5,HYDERABAD
1250000.0,SUV,40000,2,2017,17.1,Diesel,2017,Third Party insurance,6,Manual,5,HYDERABAD
504000.0,Hatchback,51278,2,2019,20.89,Petrol,2019,Third Party insurance,5,Manual,5,HYDERABAD
450000.0,SUV,110000,1,2013,22.7,Diesel,2013,Third Party insurance,5,Manual,5,HYDERABAD
336000.0,Hatchback,89218,1,2015,20.51,Petrol,2015,Third Party,5,Manual,5,HYDERABAD
798000.0,Sedan,88900,1,2018,28.4,Diesel,2018,Third Party insurance,5,Automatic,5,HYDERABAD
100000.0,Hatchback,70000,1,2009,16.5,Petrol,2009,Third Party insurance,5,Manual,5,HYDERABAD
362000.0,Hatchback,96639,1,2018,23.01,Petrol,2018,Third Party insurance,5,Manual,5,HYDERABAD
750000.0,Sedan,19100,1,2019,19.5,Petrol,2019,Comprehensive,5,Manual,5,HYDERABAD
90000.0,Sedan,100000,2,2004,14.2,Petrol,2004,Third Party insurance,5,Manual,5,HYDERABAD
1030000.0,MUV,70000,2,2021,19.01,Petrol,2021,Third Party insurance,5,Manual,6,HYDERABAD
700000.0,Hatchback,10000,2,2021,19.01,Petrol,2021,Third Party insurance,5,Manual,5,HYDERABAD
395000.0,Hatchback,100000,3,2014,24.0,Diesel,2014,Third Party insurance,5,Manual,5,HYDERABAD
830000.0,Sedan,50000,1,2019,14.3,Petrol,2019,Third Party insurance,5,Manual,5,HYDERABAD
1500000.0,SUV,120000,1,2014,12.55,Diesel,2014,Third Party insurance,5,Automatic,7,HYDERABAD
280000.0,Hatchback,114000,1,2011,18.5,Petrol,2011,Third Party insurance,5,Manual,5,HYDERABAD
485000.0,Hatchback,57435,1,2019,20.3,Petrol,2019,Comprehensive,5,Manual,5,HYDERABAD
495000.0,Hatchback,24978,2,2019,20.3,Petrol,2019,Third Party insurance,5,Manual,5,HYDERABAD
450000.0,Sedan,73322,1,2016,19.1,Petrol,2016,Not Available,4,Automatic,5,HYDERABAD
397000.0,Hatchback,47784,2,2014,19.4,Petrol,2014,Third Party insurance,5,Manual,5,HYDERABAD
716000.0,Hatchback,80643,1,2020,19.56,Petrol,2020,Third Party insurance,5,Automatic,5,HYDERABAD
830000.0,Sedan,48683,1,2019,14.3,Petrol,2019,Not Available,5,Manual,5,HYDERABAD
380000.0,Hatchback,87908,1,2016,20.51,Petrol,2016,Third Party insurance,5,Manual,5,HYDERABAD
200000.0,Sedan,120000,1,2013,18.2,Petrol,2013,Third Party insurance,5,Manual,5,HYDERABAD
460000.0,Hatchback,61822,1,2016,23.1,Petrol,2016,Comprehensive,5,Automatic,5,HYDERABAD
410000.0,Hatchback,23748,1,2021,22.05,Petrol,2021,Third Party,5,Manual,5,HYDERABAD
250000.0,Hatchback,120000,2,2010,16.47,Petrol,2010,Third Party insurance,5,Manual,5,HYDERABAD
408000.0,Hatchback,84484,1,2016,20.51,Petrol,2016,Third Party insurance,5,Automatic,5,HYDERABAD
400000.0,Hatchback,10000,1,2018,24.04,Petrol,2018,Third Party insurance,5,Automatic,5,HYDERABAD
400000.0,Hatchback,10000,1,2018,24.04,Petrol,2018,Third Party insurance,5,Automatic,5,HYDERABAD
1100000.0,Hatchback,60000,1,2014,11.9,Petrol,2014,Third Party insurance,7,Automatic,5,HYDERABAD
310000.0,Hatchback,70000,2,2011,17.0,Petrol,2011,Third Party insurance,5,Manual,5,HYDERABAD
650000.0,Hatchback,50000,2,2018,21.21,Petrol,2018,Third Party insurance,5,Automatic,5,HYDERABAD
350000.0,Hatchback,100000,1,2015,22.95,Diesel,2015,Third Party insurance,5,Manual,5,HYDERABAD
304000.0,MUV,150000,1,2005,12.8,Diesel,2005,Third Party insurance,5,Manual,8,HYDERABAD
750000.0,SUV,40000,2,2018,17.0,Petrol,2018,Third Party insurance,6,Manual,5,HYDERABAD
255000.0,Hatchback,70145,1,2014,22.05,Petrol,2014,Comprehensive,5,Manual,5,HYDERABAD
836000.0,SUV,70226,1,2021,16.5,Petrol,2021,Comprehensive,5,Manual,5,HYDERABAD
1175000.0,SUV,30000,1,2021,16.35,Petrol,2021,Third Party insurance,6,Automatic,5,HYDERABAD
363000.0,Hatchback,67993,2,2015,20.51,Petrol,2015,Third Party insurance,5,Manual,5,HYDERABAD
729000.0,Hatchback,73224,2,2018,21.4,Petrol,2018,Comprehensive,0,Automatic,5,HYDERABAD
1600000.0,MUV,150000,2,2016,13.68,Diesel,2016,Third Party insurance,5,Manual,7,HYDERABAD
773000.0,Sedan,75199,2,2017,17.8,Petrol,2017,Comprehensive,5,Manual,5,HYDERABAD
1450000.0,SUV,40000,1,2018,17.1,Diesel,2018,Third Party insurance,6,Manual,5,HYDERABAD
590000.0,Hatchback,58671,1,2016,22.38,Petrol,2016,Third Party insurance,5,Manual,5,HYDERABAD
582000.0,Hatchback,54187,1,2019,22.38,Petrol,2019,Zero Dep,5,Manual,5,HYDERABAD
4850000.0,Sedan,43000,1,2019,16.1,Diesel,2019,Third Party insurance,9,Automatic,5,HYDERABAD
552000.0,Hatchback,63457,2,2014,18.6,Petrol,2014,Comprehensive,5,Manual,5,HYDERABAD
500000.0,Sedan,117189,1,2014,25.1,Diesel,2014,Not Available,6,Manual,5,HYDERABAD
800000.0,SUV,110000,1,2014,11.18,Diesel,2014,Third Party insurance,5,Automatic,7,HYDERABAD
950000.0,SUV,20000,1,2021,17.03,Petrol,2021,Third Party insurance,5,Manual,5,HYDERABAD
820000.0,SUV,12727,1,2020,15.9,Petrol,2020,Not Available,5,Manual,5,HYDERABAD
1050000.0,SUV,70000,2,2017,17.6,Diesel,2017,Third Party insurance,6,Manual,7,HYDERABAD
180000.0,Hatchback,50000,1,2009,17.92,Petrol,2009,Third Party insurance,5,Manual,5,HYDERABAD
1300000.0,SUV,20000,1,2022,18.2,Petrol,2022,Third Party insurance,6,Manual,5,HYDERABAD
341000.0,Hatchback,58547,2,2019,22.7,Petrol,2019,Comprehensive,5,Manual,5,HYDERABAD
708000.0,Hatchback,70784,1,2018,17.19,Petrol,2018,Third Party,5,Manual,5,HYDERABAD
3600000.0,SUV,80000,2,2018,16.38,Diesel,2018,Third Party insurance,8,Automatic,5,HYDERABAD
367000.0,Hatchback,94681,2,2014,18.5,Petrol,2014,Comprehensive,5,Manual,5,HYDERABAD
522000.0,SUV,37421,2,2013,16.55,Diesel,2013,Comprehensive,5,Manual,6,HYDERABAD
1500000.0,SUV,40000,1,2021,18.9,Petrol,2021,Third Party insurance,6,Automatic,4,HYDERABAD
765000.0,Sedan,100456,1,2016,21.13,Diesel,2016,Third Party,5,Manual,5,HYDERABAD
250000.0,Sedan,80000,2,2008,13.5,Petrol,2008,Third Party insurance,5,Manual,5,HYDERABAD
425000.0,Hatchback,95036,2,2013,22.38,Petrol,2013,Comprehensive,5,Manual,5,HYDERABAD
260000.0,Hatchback,96632,2,2015,21.1,Petrol,2015,Comprehensive,5,Manual,5,HYDERABAD
250000.0,Sedan,80000,2,2008,13.5,Petrol,2008,Third Party insurance,5,Manual,5,HYDERABAD
257000.0,Hatchback,60976,1,2015,22.05,Petrol,2015,Third Party insurance,5,Manual,5,HYDERABAD
69000.0,Hatchback,120000,1,2017,17.3,Petrol,2001,Third Party insurance,5,Manual,5,HYDERABAD
50000.0,Hatchback,88046,3,2008,18.0,Petrol,2008,Not Available,5,Manual,5,HYDERABAD
1625000.0,SUV,103000,1,2016,14.7,Diesel,2016,Third Party insurance,8,Automatic,5,HYDERABAD
1650000.0,SUV,9800,1,2019,16.0,Petrol,2019,Third Party insurance,6,Manual,5,HYDERABAD
1150000.0,SUV,92000,1,2010,9.74,Petrol,2010,Third Party insurance,7,Automatic,5,HYDERABAD
499000.0,MUV,59000,1,2014,17.3,Petrol,2014,Third Party insurance,5,Manual,7,HYDERABAD
315000.0,Sedan,93000,1,2013,22.1,Diesel,2013,Third Party insurance,5,Manual,5,HYDERABAD
980000.0,SUV,10000,1,2022,18.8,Petrol,2022,Third Party insurance,5,Automatic,5,HYDERABAD
821000.0,SUV,70451,2,2017,24.3,Diesel,2017,Third Party insurance,5,Manual,5,HYDERABAD
568000.0,Hatchback,73838,2,2018,22.56,Petrol,2018,Third Party insurance,5,Automatic,5,HYDERABAD
2100000.0,SUV,20000,1,2022,14.2,Petrol,2022,Third Party insurance,6,Automatic,6,HYDERABAD
446000.0,Hatchback,22726,1,2020,22.3,Petrol,2020,Third Party,5,Manual,5,HYDERABAD
555000.0,Hatchback,98700,2,2017,26.8,Diesel,2017,Third Party insurance,5,Automatic,5,HYDERABAD
1850000.0,SUV,20000,1,2022,14.34,Petrol,2022,Third Party insurance,6,Automatic,5,HYDERABAD
559000.0,Hatchback,97909,2,2018,27.39,Diesel,2018,Comprehensive,5,Manual,5,HYDERABAD
1050000.0,SUV,30000,1,2020,21.7,Diesel,2020,Third Party insurance,5,Manual,5,HYDERABAD
412000.0,Hatchback,77945,2,2013,18.9,Petrol,2013,Comprehensive,5,Manual,5,HYDERABAD
615000.0,Sedan,86017,1,2017,21.21,Petrol,2017,Comprehensive,5,Manual,5,HYDERABAD
1810000.0,SUV,20000,1,2021,18.9,Diesel,2021,Third Party insurance,6,Manual,5,HYDERABAD
390000.0,Hatchback,83596,1,2017,20.51,Petrol,2017,Comprehensive,5,Manual,5,HYDERABAD
70000.0,Hatchback,80000,2,2004,16.1,Petrol,2004,Third Party insurance,4,Manual,4,HYDERABAD
70000.0,Sedan,110000,2,2005,17.4,Petrol,2005,Third Party insurance,5,Manual,5,HYDERABAD
560000.0,Hatchback,40000,1,2019,19.0,Petrol,2019,Third Party insurance,5,Manual,5,HYDERABAD
750000.0,Sedan,50000,1,2022,22.41,Petrol,2022,Third Party insurance,5,Manual,5,HYDERABAD
170000.0,SUV,120000,2,2017,13.1,Diesel,2001,Third Party insurance,5,Manual,10,HYDERABAD
1320000.0,SUV,10000,1,2022,16.82,Petrol,2022,Third Party insurance,6,Manual,5,HYDERABAD
220000.0,Hatchback,100000,1,2015,25.83,Diesel,2015,Third Party insurance,5,Manual,5,HYDERABAD
850000.0,SUV,79464,1,2018,25.1,Diesel,2018,Not Available,5,Manual,5,HYDERABAD
523000.0,Sedan,87113,1,2016,22.41,Petrol,2016,Third Party insurance,5,Manual,5,HYDERABAD
583000.0,Sedan,52315,1,2015,22.41,Petrol,2015,Comprehensive,5,Manual,5,HYDERABAD
1750000.0,SUV,10000,1,2020,11.67,Petrol,2020,Third Party insurance,6,Automatic,6,HYDERABAD
451000.0,Hatchback,60817,2,2015,18.9,Petrol,2015,Comprehensive,5,Manual,5,HYDERABAD
668000.0,Sedan,55797,2,2018,25.4,Diesel,2018,Comprehensive,5,Manual,5,HYDERABAD
195000.0,Sedan,110000,2,2006,16.8,Diesel,2006,Third Party insurance,5,Manual,5,HYDERABAD
824000.0,SUV,64285,1,2017,24.3,Diesel,2017,Third Party,5,Manual,5,HYDERABAD
160000.0,Sedan,120000,2,2006,18.7,Diesel,2006,Third Party insurance,5,Manual,5,HYDERABAD
622000.0,Sedan,85948,1,2016,26.59,Diesel,2016,Third Party insurance,5,Automatic,5,HYDERABAD
425000.0,Sedan,105746,3,2013,16.8,Petrol,2013,Comprehensive,5,Manual,5,HYDERABAD
450000.0,MUV,100000,1,2015,17.3,Petrol,2015,Third Party insurance,5,Manual,7,HYDERABAD
1020000.0,Sedan,45949,1,2020,17.69,Petrol,2020,Third Party,6,Manual,5,HYDERABAD
325000.0,Sedan,92000,1,2006,13.4,Petrol,2006,Third Party insurance,5,Manual,5,HYDERABAD
1499000.0,Sedan,83000,1,2012,17.68,Diesel,2012,Third Party insurance,8,Automatic,5,HYDERABAD
249000.0,Hatchback,60000,1,2008,20.36,Petrol,2008,Third Party insurance,5,Manual,5,HYDERABAD
799000.0,Hatchback,75000,1,2018,21.19,Diesel,2018,Third Party insurance,6,Manual,5,HYDERABAD
70000.0,Hatchback,80000,2,2004,16.1,Petrol,2004,Third Party insurance,4,Manual,4,HYDERABAD
390000.0,Hatchback,71000,1,2013,22.9,Diesel,2013,Third Party insurance,5,Manual,5,HYDERABAD
580000.0,Sedan,84000,1,2015,17.01,Petrol,2015,Third Party insurance,5,Manual,5,HYDERABAD
380000.0,Hatchback,110000,1,2018,23.1,Petrol,2018,Third Party insurance,5,Manual,5,HYDERABAD
264000.0,Hatchback,48659,1,2011,20.36,Petrol,2011,Third Party insurance,5,Manual,5,HYDERABAD
531000.0,Hatchback,26970,1,2019,20.3,Petrol,2019,Third Party insurance,5,Automatic,5,HYDERABAD
525000.0,Sedan,92000,1,2007,11.7,Petrol,2007,Third Party insurance,6,Manual,5,HYDERABAD
1024000.0,SUV,29766,1,2022,23.22,Diesel,2022,Third Party,6,Manual,5,HYDERABAD
552000.0,Hatchback,6580,1,2022,21.46,Petrol,2022,Comprehensive,5,Manual,5,HYDERABAD
950000.0,SUV,80000,2,2011,17.05,Diesel,2011,Third Party insurance,8,Automatic,5,HYDERABAD
382000.0,Hatchback,98910,2,2012,22.38,Petrol,2012,Third Party insurance,5,Manual,5,HYDERABAD
950000.0,SUV,80000,2,2011,17.05,Diesel,2011,Third Party insurance,8,Automatic,5,HYDERABAD
715000.0,Sedan,48247,1,2017,19.12,Petrol,2017,Third Party insurance,4,Automatic,5,HYDERABAD
382000.0,Hatchback,54515,2,2016,19.4,Petrol,2016,Third Party insurance,5,Manual,5,HYDERABAD
860000.0,SUV,10000,2,2018,24.3,Diesel,2018,Third Party insurance,5,Manual,5,HYDERABAD
635000.0,Hatchback,80546,1,2017,21.4,Petrol,2017,Comprehensive,5,Manual,5,HYDERABAD
325000.0,Hatchback,10000,2,2013,14.6,LPG,2013,Third Party insurance,5,Manual,5,HYDERABAD
120000.0,Hatchback,20000,2,2008,19.7,Petrol,2008,Third Party insurance,5,Manual,5,HYDERABAD
850000.0,SUV,20000,1,2022,20.09,Petrol,2022,Third Party insurance,5,Manual,5,HYDERABAD
1700000.0,Sedan,10000,1,2022,18.07,Petrol,2022,Third Party insurance,6,Automatic,5,HYDERABAD
170000.0,Sedan,110000,3,2012,13.7,Petrol,2012,Third Party insurance,5,Manual,5,HYDERABAD
200000.0,Sedan,100000,2,2006,11.9,Petrol,2006,Third Party insurance,5,Manual,5,HYDERABAD
400000.0,SUV,20000,2,2012,12.05,Diesel,2012,Third Party insurance,5,Manual,7,HYDERABAD
400000.0,SUV,20000,2,2012,12.05,Diesel,2012,Third Party insurance,5,Manual,7,HYDERABAD
327000.0,Hatchback,87773,1,2014,19.81,Petrol,2014,Comprehensive,5,Manual,5,HYDERABAD
627000.0,Sedan,81854,1,2018,19.5,Petrol,2018,Comprehensive,5,Manual,5,HYDERABAD
350000.0,Hatchback,110000,1,2012,22.9,Diesel,2012,Third Party insurance,5,Manual,5,HYDERABAD
993000.0,SUV,33090,1,2021,17.33,Petrol,2021,Third Party,6,Manual,5,HYDERABAD
550000.0,Sedan,76071,2,2016,20.73,Petrol,2016,Third Party insurance,5,Manual,5,HYDERABAD
250000.0,Hatchback,60000,3,2016,25.17,Petrol,2016,Third Party insurance,5,Manual,5,HYDERABAD
1924000.0,SUV,96529,1,2021,14.08,Diesel,2021,Third Party insurance,6,Automatic,6,HYDERABAD
270000.0,Sedan,110000,2,2011,20.54,Diesel,2011,Third Party insurance,5,Manual,5,HYDERABAD
669000.0,SUV,89576,3,2017,22.77,Diesel,2017,Comprehensive,5,Manual,5,HYDERABAD
1321000.0,Sedan,88178,1,2020,25.0,Diesel,2020,Third Party,6,Manual,5,HYDERABAD
650000.0,MUV,70000,2,2013,20.77,Diesel,2013,Third Party insurance,5,Manual,7,HYDERABAD
706000.0,Sedan,16925,1,2021,18.6,Petrol,2021,Third Party insurance,5,Manual,5,HYDERABAD
245000.0,Hatchback,12000,1,2013,22.05,Petrol,2013,Third Party insurance,5,Manual,5,HYDERABAD
5500000.0,SUV,20000,1,2018,16.55,Diesel,2018,Third Party insurance,8,Automatic,5,HYDERABAD
700000.0,SUV,60000,1,2013,15.1,Diesel,2013,Third Party insurance,6,Manual,7,HYDERABAD
700000.0,SUV,60000,1,2013,15.1,Diesel,2013,Third Party insurance,6,Manual,7,HYDERABAD
2000000.0,Sedan,50000,1,2014,14.74,Diesel,2014,Third Party insurance,8,Automatic,5,HYDERABAD
3500000.0,Sedan,120000,3,2018,20.37,Diesel,2018,Third Party insurance,8,Automatic,5,HYDERABAD
850000.0,SUV,50000,2,2019,21.5,Diesel,2019,Third Party insurance,6,Automatic,5,HYDERABAD
1500000.0,MUV,100000,1,2015,12.99,Diesel,2015,Third Party insurance,5,Manual,7,HYDERABAD
510000.0,Hatchback,120000,2,2015,22.54,Diesel,2015,Third Party insurance,6,Manual,5,JAIPUR
381000.0,Hatchback,66951,1,2012,22.38,Petrol,2012,Third Party,5,Manual,5,JAIPUR
320000.0,Hatchback,80000,2,2016,23.1,Petrol,2016,Third Party insurance,5,Automatic,5,JAIPUR
420000.0,Hatchback,44392,1,2017,18.9,Petrol,2017,Third Party insurance,5,Manual,5,JAIPUR
350000.0,Hatchback,40000,1,2016,20.51,Petrol,2016,Third Party insurance,5,Automatic,5,JAIPUR
150000.0,Sedan,150000,2,2007,16.8,Diesel,2007,Third Party insurance,5,Manual,5,JAIPUR
489000.0,Sedan,91771,2,2016,19.1,Petrol,2016,Comprehensive,5,Manual,5,JAIPUR
425000.0,Sedan,90000,1,2011,17.2,Diesel,2011,Third Party insurance,6,Automatic,5,JAIPUR
1375000.0,SUV,58621,1,2014,17.05,Diesel,2014,Comprehensive,8,Automatic,5,JAIPUR
450000.0,Sedan,90000,1,2011,17.2,Diesel,2011,Third Party insurance,6,Automatic,5,JAIPUR
350000.0,Hatchback,120000,3,2013,21.9,Diesel,2013,Third Party insurance,6,Manual,5,JAIPUR
449000.0,Sedan,120000,1,2017,22.95,Diesel,2017,Third Party insurance,5,Manual,5,JAIPUR
295000.0,Hatchback,53165,1,2011,16.95,Petrol,2011,Comprehensive,4,Automatic,5,JAIPUR
5890000.0,Sedan,13500,1,2020,20.37,Diesel,2020,Comprehensive,8,Automatic,5,JAIPUR
10500000.0,Sedan,44210,1,2020,16.77,Diesel,2020,Comprehensive,8,Automatic,5,JAIPUR
1990000.0,Sedan,63255,1,2017,18.19,Diesel,2017,Comprehensive,6,Automatic,5,JAIPUR
475000.0,Sedan,79215,1,2015,26.59,Diesel,2015,Third Party insurance,5,Manual,5,JAIPUR
2000000.0,SUV,200,1,2023,18.9,Petrol,2023,Third Party insurance,0,Automatic,5,JAIPUR
900000.0,SUV,40000,1,2019,17.0,Petrol,2019,Third Party insurance,6,Manual,5,JAIPUR
950000.0,SUV,40000,1,2021,17.05,Petrol,2021,Third Party insurance,6,Automatic,5,JAIPUR
1900000.0,SUV,60000,1,2020,16.35,Diesel,2020,Third Party insurance,6,Manual,5,JAIPUR
436000.0,Sedan,92721,1,2017,17.0,Petrol,2017,Third Party,5,Manual,5,JAIPUR
1000000.0,SUV,90000,1,2016,19.67,Diesel,2016,Third Party insurance,6,Manual,5,JAIPUR
252000.0,Hatchback,34644,1,2012,16.47,Petrol,2012,Third Party insurance,5,Manual,5,JAIPUR
685000.0,Hatchback,23000,2,2021,21.01,Petrol,2021,Comprehensive,5,Manual,5,JAIPUR
550000.0,Sedan,100000,1,2015,17.4,Petrol,2015,Third Party insurance,5,Manual,5,JAIPUR
699000.0,Sedan,95000,2,2018,23.8,Diesel,2018,Comprehensive,5,Automatic,5,JAIPUR
750000.0,Sedan,69000,1,2018,28.4,Diesel,2018,Comprehensive,5,Manual,5,JAIPUR
325000.0,Hatchback,22000,1,2018,24.7,Petrol,2018,Comprehensive,5,Manual,5,JAIPUR
1300000.0,Sedan,85000,2,2012,18.48,Diesel,2012,Third Party insurance,6,Automatic,5,JAIPUR
2250000.0,SUV,90000,2,2017,16.25,Diesel,2017,Third Party insurance,7,Automatic,7,JAIPUR
4600000.0,SUV,82243,1,2017,15.3,Diesel,2017,Comprehensive,8,Automatic,5,JAIPUR
375000.0,Hatchback,63000,2,2013,18.5,Petrol,2013,Comprehensive,5,Manual,5,JAIPUR
560000.0,Hatchback,77177,1,2016,27.39,Diesel,2016,Comprehensive,5,Manual,5,JAIPUR
590000.0,Sedan,28368,1,2011,20.54,Diesel,2011,Comprehensive,5,Manual,5,JAIPUR
555000.0,SUV,40000,1,2022,19.17,Petrol,2022,Third Party insurance,5,Manual,5,JAIPUR
4200000.0,SUV,9690,1,2022,14.82,Petrol,2022,Comprehensive,7,Automatic,5,JAIPUR
60000.0,Hatchback,40000,2,2011,26.0,Petrol,2011,Third Party insurance,4,Manual,4,JAIPUR
600000.0,Hatchback,40000,1,2019,21.21,Petrol,2019,Third Party insurance,5,Manual,5,JAIPUR
170000.0,Hatchback,80000,2,2011,21.1,Petrol,2011,Third Party insurance,5,Manual,5,JAIPUR
343000.0,Hatchback,62761,1,2014,22.07,Diesel,2014,Comprehensive,5,Manual,5,JAIPUR
544000.0,Hatchback,45075,1,2019,20.52,Petrol,2019,Zero Dep,5,Manual,5,JAIPUR
990000.0,SUV,36882,1,2021,16.82,Petrol,2021,Comprehensive,6,Manual,5,JAIPUR
469000.0,Hatchback,82030,1,2015,18.9,Petrol,2015,Comprehensive,5,Manual,5,JAIPUR
716000.0,Hatchback,31469,1,2017,21.4,Petrol,2017,Third Party insurance,0,Automatic,5,JAIPUR
1000000.0,SUV,20000,1,2022,18.55,Petrol,2022,Third Party insurance,5,Manual,5,JAIPUR
150000.0,Hatchback,70000,3,2010,18.0,Petrol,2010,Third Party insurance,5,Manual,5,JAIPUR
305000.0,Hatchback,120000,1,2014,21.9,Diesel,2014,Third Party insurance,6,Manual,5,JAIPUR
550000.0,Sedan,120000,2,2017,26.59,Diesel,2017,Third Party insurance,5,Manual,5,JAIPUR
1300000.0,SUV,90000,3,2014,15.73,Diesel,2014,Third Party insurance,7,Automatic,5,JAIPUR
290000.0,Hatchback,70000,5,2012,19.4,Petrol,2012,Third Party insurance,5,Manual,5,JAIPUR
550000.0,Sedan,90000,2,2013,22.32,Diesel,2013,Third Party insurance,6,Manual,5,JAIPUR
210000.0,Sedan,100000,2,2011,13.2,LPG,2011,Third Party insurance,5,Manual,5,JAIPUR
910000.0,MUV,70000,1,2020,19.01,Petrol,2020,Third Party insurance,5,Manual,6,JAIPUR
225000.0,Hatchback,80000,1,2010,18.9,Petrol,2010,Third Party insurance,5,Manual,5,JAIPUR
725000.0,Hatchback,43336,1,2018,18.6,Petrol,2018,Comprehensive,5,Manual,5,JAIPUR
570000.0,MUV,120000,2,2018,17.3,Diesel,2018,Third Party insurance,6,Manual,8,JAIPUR
1200000.0,Sedan,40000,2,2020,18.3,Petrol,2020,Third Party insurance,0,Automatic,5,JAIPUR
721000.0,SUV,90000,2,2018,17.0,Petrol,2018,Third Party insurance,6,Manual,5,JAIPUR
775000.0,Hatchback,21659,1,2021,17.1,Petrol,2021,Third Party insurance,5,Manual,5,JAIPUR
740000.0,SUV,80000,1,2017,24.3,Diesel,2017,Third Party insurance,5,Manual,5,JAIPUR
732000.0,Hatchback,63662,1,2018,21.4,Petrol,2018,Third Party insurance,0,Automatic,5,JAIPUR
650000.0,MUV,188000,2,2012,12.99,Diesel,2012,Comprehensive,5,Manual,8,JAIPUR
5890000.0,Sedan,82058,1,2019,14.47,Diesel,2019,Comprehensive,8,Automatic,5,JAIPUR
850000.0,SUV,67847,1,2019,25.1,Diesel,2019,Comprehensive,5,Manual,5,JAIPUR
1650000.0,SUV,59627,1,2020,18.0,Diesel,2020,Comprehensive,6,Automatic,5,JAIPUR
2150000.0,SUV,20000,1,2022,14.6,Diesel,2022,Third Party insurance,6,Automatic,5,JAIPUR
500000.0,SUV,50000,1,2013,15.1,Diesel,2013,Third Party insurance,6,Manual,7,JAIPUR
250000.0,Sedan,110000,2,2011,19.3,Diesel,2011,Third Party insurance,5,Manual,5,JAIPUR
1473000.0,Sedan,20000,1,2022,19.47,Petrol,2022,Third Party insurance,6,Manual,5,JAIPUR
650000.0,Sedan,100000,4,2018,28.4,Diesel,2018,Third Party insurance,5,Manual,5,JAIPUR
175000.0,Sedan,80000,2,2009,15.5,Petrol,2009,Third Party insurance,5,Manual,5,JAIPUR
750000.0,SUV,76800,1,2018,21.7,Diesel,2018,Third Party insurance,5,Manual,5,JAIPUR
690000.0,Hatchback,71711,1,2017,21.4,Petrol,2017,Comprehensive,0,Automatic,5,JAIPUR
714000.0,Hatchback,28406,1,2019,21.4,Petrol,2019,Zero Dep,5,Manual,5,JAIPUR
2680000.0,Sedan,50000,1,2020,14.67,Petrol,2020,Third Party insurance,7,Automatic,5,JAIPUR
492000.0,Hatchback,53615,1,2019,25.24,Petrol,2019,Third Party insurance,5,Manual,5,JAIPUR
401000.0,Hatchback,33959,2,2015,18.9,Petrol,2015,Third Party,5,Manual,5,JAIPUR
475000.0,Hatchback,65300,2,2016,18.7,Petrol,2016,Comprehensive,5,Manual,5,JAIPUR
1700000.0,SUV,49000,1,2020,17.1,Diesel,2020,Comprehensive,6,Manual,5,JAIPUR
525000.0,Sedan,81000,2,2014,19.3,Diesel,2014,Comprehensive,5,Manual,5,JAIPUR
175000.0,Hatchback,70000,3,2014,20.3,Petrol,2014,Third Party insurance,5,Manual,5,JAIPUR
130000.0,Hatchback,150000,3,2010,11.88,CNG,2010,Third Party insurance,5,Manual,5,JAIPUR
1150000.0,SUV,62000,1,2021,18.9,Diesel,2021,Comprehensive,6,Manual,5,JAIPUR
934000.0,SUV,40000,1,2020,24.3,Diesel,2020,Third Party insurance,5,Manual,5,JAIPUR
360000.0,Sedan,110000,1,2013,20.54,Diesel,2013,Third Party insurance,5,Manual,5,JAIPUR
710000.0,SUV,30000,1,2019,17.0,Petrol,2019,Third Party insurance,6,Manual,5,JAIPUR
150000.0,Hatchback,90000,2,2007,24.7,Petrol,2007,Third Party insurance,5,Manual,5,JAIPUR
650000.0,Sedan,120000,1,2017,17.9,Diesel,2017,Third Party insurance,6,Manual,5,JAIPUR
350000.0,Sedan,90000,4,2014,25.8,Diesel,2014,Third Party insurance,5,Manual,5,JAIPUR
2190000.0,Sedan,41521,1,2019,15.1,Petrol,2019,Comprehensive,7,Automatic,5,JAIPUR
1100000.0,MUV,80000,1,2016,12.99,Diesel,2016,Third Party insurance,5,Manual,8,JAIPUR
625000.0,Hatchback,76000,1,2019,22.35,Petrol,2019,Comprehensive,5,Manual,5,JAIPUR
496000.0,Hatchback,100977,2,2018,18.9,Petrol,2018,Comprehensive,5,Manual,5,JAIPUR
899000.0,MUV,23793,1,2015,24.52,Diesel,2015,Comprehensive,5,Manual,7,JAIPUR
675000.0,Sedan,81000,1,2015,25.1,Diesel,2015,Comprehensive,6,Manual,5,JAIPUR
910000.0,SUV,43867,1,2021,17.29,Diesel,2021,Third Party,5,Manual,7,JAIPUR
830000.0,SUV,35000,1,2019,23.22,Diesel,2019,Comprehensive,6,Manual,5,JAIPUR
950000.0,SUV,125000,2,2016,17.01,Diesel,2016,Comprehensive,6,Automatic,5,JAIPUR
470000.0,Hatchback,83000,2,2019,18.9,Petrol,2019,Comprehensive,5,Manual,5,JAIPUR
9000000.0,SUV,300,1,2023,18.9,Petrol,2023,Comprehensive,8,Automatic,5,JAIPUR
850000.0,SUV,84000,1,2017,21.38,Diesel,2017,Third Party insurance,6,Manual,5,JAIPUR
665000.0,Hatchback,10000,1,2023,19.01,Petrol,2023,Third Party insurance,5,Manual,5,JAIPUR
360000.0,Sedan,110000,1,2013,20.54,Diesel,2013,Third Party insurance,5,Manual,5,JAIPUR
1850000.0,SUV,64000,1,2022,18.9,Diesel,2022,Comprehensive,6,Automatic,5,JAIPUR
120000.0,Hatchback,90000,4,2009,19.7,Petrol,2009,Third Party insurance,5,Manual,5,JAIPUR
600000.0,Hatchback,56000,2,2019,18.2,Petrol,2019,Third Party insurance,5,Automatic,5,JAIPUR
360000.0,SUV,120000,2,2013,22.7,Diesel,2013,Third Party insurance,5,Manual,5,JAIPUR
625000.0,Hatchback,75000,1,2015,22.54,Diesel,2015,Comprehensive,6,Manual,5,JAIPUR
740000.0,SUV,26633,1,2019,17.5,Petrol,2019,Comprehensive,5,Manual,5,JAIPUR
142000.0,Hatchback,100000,2,2009,19.7,Petrol,2009,Third Party insurance,5,Manual,5,JAIPUR
1200000.0,Sedan,40000,2,2020,18.3,Petrol,2020,Third Party insurance,0,Automatic,5,JAIPUR
575000.0,Hatchback,4527,1,2022,20.3,Petrol,2022,Third Party,5,Manual,5,JAIPUR
321000.0,Hatchback,25446,1,2017,23.0,Petrol,2017,Comprehensive,5,Automatic,5,JAIPUR
680000.0,SUV,50923,1,2019,17.5,Petrol,2019,Comprehensive,5,Manual,5,JAIPUR
825000.0,SUV,56123,1,2017,24.3,Diesel,2017,Comprehensive,5,Manual,5,JAIPUR
396000.0,Hatchback,64984,1,2015,20.51,Petrol,2015,Comprehensive,5,Manual,5,JAIPUR
742000.0,Hatchback,77561,2,2019,21.4,Petrol,2019,Zero Dep,0,Automatic,5,JAIPUR
851000.0,SUV,90000,1,2018,25.1,Diesel,2018,Third Party insurance,5,Manual,5,JAIPUR
840000.0,SUV,85123,1,2018,24.3,Diesel,2018,Comprehensive,5,Manual,5,JAIPUR
851000.0,Sedan,90456,1,2019,25.6,Diesel,2019,Comprehensive,6,Manual,5,JAIPUR
1300000.0,SUV,94215,1,2017,17.1,Diesel,2017,Comprehensive,6,Manual,5,JAIPUR
970000.0,SUV,76200,2,2016,16.0,Diesel,2016,Comprehensive,6,Manual,7,JAIPUR
775000.0,SUV,59000,1,2019,17.5,Petrol,2019,Comprehensive,5,Manual,5,JAIPUR
1100000.0,MUV,80000,1,2016,12.99,Diesel,2016,Third Party insurance,5,Manual,8,JAIPUR
700000.0,Sedan,112000,1,2017,28.09,Diesel,2017,Comprehensive,5,Manual,5,JAIPUR
1100000.0,SUV,20000,1,2023,17.38,Petrol,2023,Third Party insurance,5,Manual,5,JAIPUR
915000.0,SUV,20000,1,2020,17.0,Petrol,2020,Third Party insurance,6,Automatic,5,JAIPUR
1850000.0,SUV,46100,1,2021,17.88,Petrol,2021,Comprehensive,7,Automatic,5,JAIPUR
600000.0,Hatchback,51374,1,2020,21.01,Petrol,2020,Comprehensive,5,Manual,5,JAIPUR
900000.0,SUV,40000,1,2019,24.3,Diesel,2019,Third Party insurance,5,Manual,5,JAIPUR
400000.0,Hatchback,110000,2,2019,23.1,Petrol,2019,Third Party insurance,5,Manual,5,JAIPUR
540000.0,MUV,120000,4,2015,24.52,Diesel,2015,Third Party insurance,5,Manual,7,JAIPUR
640000.0,SUV,48089,3,2018,17.5,Petrol,2018,Zero Dep,5,Manual,5,JAIPUR
798000.0,Sedan,51046,2,2018,17.4,Petrol,2018,Third Party insurance,5,Manual,5,JAIPUR
385000.0,Hatchback,62134,1,2015,18.9,Petrol,2015,Third Party,5,Manual,5,JAIPUR
485000.0,Hatchback,54256,1,2016,18.7,Petrol,2016,Comprehensive,5,Manual,5,JAIPUR
528000.0,Sedan,118046,2,2017,20.73,Petrol,2017,Third Party,5,Manual,5,JAIPUR
1000000.0,SUV,44461,1,2021,19.2,Petrol,2021,Comprehensive,6,Manual,5,JAIPUR
545000.0,Hatchback,80000,1,2020,18.9,Petrol,2020,Third Party insurance,5,Manual,5,JAIPUR
835000.0,MUV,125000,2,2015,12.8,Diesel,2015,Third Party insurance,5,Manual,8,JAIPUR
635000.0,SUV,120000,2,2013,12.05,Diesel,2013,Third Party insurance,5,Manual,8,JAIPUR
621000.0,Sedan,70123,1,2017,20.73,Petrol,2017,Comprehensive,5,Manual,5,JAIPUR
850000.0,SUV,80000,1,2016,21.38,Diesel,2016,Third Party insurance,6,Manual,5,JAIPUR
980000.0,Sedan,80000,1,2019,17.4,Petrol,2019,Third Party insurance,5,Manual,5,JAIPUR
450000.0,SUV,120000,3,2007,10.5,Diesel,2007,Third Party insurance,5,Manual,6,JAIPUR
3190000.0,SUV,114756,1,2015,15.26,Diesel,2015,Comprehensive,7,Automatic,5,JAIPUR
899000.0,MUV,23793,1,2016,24.52,Diesel,2016,Comprehensive,5,Manual,7,JAIPUR
1200000.0,SUV,100181,2,2011,11.5,Diesel,2011,Comprehensive,5,Manual,7,JAIPUR
360000.0,Hatchback,60000,1,2016,21.63,Petrol,2016,Comprehensive,5,Manual,5,JAIPUR
1395000.0,SUV,16858,1,2019,16.5,Petrol,2019,Comprehensive,6,Manual,5,JAIPUR
600000.0,SUV,80000,2,2017,18.49,Diesel,2017,Third Party insurance,5,Manual,7,JAIPUR
453000.0,Hatchback,7414,1,2022,22.25,Petrol,2022,Third Party,5,Manual,5,JAIPUR
534000.0,Hatchback,18206,1,2020,18.5,Petrol,2020,Third Party,5,Manual,5,JAIPUR
610000.0,Sedan,77000,2,2016,17.8,Petrol,2016,Comprehensive,5,Manual,5,JAIPUR
709000.0,SUV,56569,1,2019,23.0,Diesel,2019,Third Party,5,Manual,5,JAIPUR
1000000.0,Sedan,44461,1,2021,19.47,Petrol,2021,Comprehensive,6,Manual,5,JAIPUR
320000.0,Hatchback,40000,2,2019,22.05,Petrol,2019,Third Party insurance,5,Manual,5,JAIPUR
890000.0,Sedan,20000,1,2022,22.41,Petrol,2022,Third Party insurance,5,Manual,5,JAIPUR
725000.0,Sedan,30000,1,2020,18.6,Petrol,2020,Third Party insurance,5,Manual,5,JAIPUR
1150000.0,SUV,120000,1,2017,17.1,Diesel,2017,Third Party insurance,6,Manual,5,JAIPUR
1010000.0,SUV,90000,2,2017,17.01,Diesel,2017,Third Party insurance,6,Automatic,5,JAIPUR
790000.0,SUV,43919,1,2016,21.9,Diesel,2016,Comprehensive,6,Manual,7,JAIPUR
888000.0,SUV,80000,1,2015,19.67,Diesel,2015,Third Party insurance,6,Manual,5,JAIPUR
695000.0,Sedan,72602,2,2016,19.08,Diesel,2016,Comprehensive,4,Automatic,5,JAIPUR
425000.0,Hatchback,86000,1,2016,18.9,Petrol,2016,Third Party insurance,5,Manual,5,JAIPUR
425000.0,Hatchback,32355,1,2020,21.46,Petrol,2020,Comprehensive,5,Manual,5,JAIPUR
710000.0,Hatchback,40000,2,2021,21.0,Petrol,2021,Third Party insurance,5,Manual,5,JAIPUR
1060000.0,Sedan,30000,1,2020,18.6,Petrol,2020,Third Party insurance,6,Manual,5,JAIPUR
2390000.0,SUV,94724,1,2016,17.05,Diesel,2016,Comprehensive,8,Automatic,5,JAIPUR
2500000.0,Sedan,72916,1,2017,19.6,Diesel,2017,Comprehensive,6,Automatic,5,JAIPUR
400000.0,Hatchback,100000,1,2016,20.51,Petrol,2016,Third Party insurance,5,Manual,5,JAIPUR
2190000.0,Sedan,41521,1,2019,15.1,Petrol,2019,Comprehensive,7,Automatic,5,JAIPUR
723000.0,SUV,76065,2,2019,17.0,Petrol,2019,Comprehensive,6,Manual,5,JAIPUR
450000.0,SUV,120000,3,2007,10.5,Diesel,2007,Third Party insurance,5,Manual,6,JAIPUR
790000.0,Hatchback,9909,2,2022,22.35,Petrol,2022,Zero Dep,5,Manual,5,JAIPUR
795000.0,Sedan,37811,2,2018,17.4,Petrol,2018,Third Party,5,Manual,5,JAIPUR
252000.0,Sedan,60000,3,2014,21.02,Diesel,2014,Third Party insurance,5,Manual,5,JAIPUR
610000.0,Sedan,120000,2,2015,20.34,Diesel,2015,Third Party insurance,5,Manual,5,JAIPUR
2190000.0,Sedan,42840,1,2015,20.38,Diesel,2015,Comprehensive,6,Automatic,5,JAIPUR
1020000.0,SUV,60000,1,2019,17.0,Petrol,2019,Third Party insurance,6,Manual,5,JAIPUR
200000.0,Hatchback,120000,1,2013,18.0,Diesel,2013,Third Party insurance,5,Manual,5,JAIPUR
650000.0,Hatchback,70000,2,2018,21.21,Petrol,2018,Comprehensive,5,Manual,5,JAIPUR
1425000.0,SUV,8401,1,2022,14.82,Petrol,2022,Third Party insurance,0,Automatic,5,JAIPUR
1790000.0,MUV,16275,1,2022,16.5,Petrol,2022,Comprehensive,7,Automatic,6,JAIPUR
630000.0,SUV,30000,1,2019,17.0,Petrol,2019,Third Party insurance,5,Manual,5,JAIPUR
1450000.0,SUV,22289,1,2021,16.8,Petrol,2021,Comprehensive,6,Manual,5,JAIPUR
285000.0,Hatchback,70123,1,2018,23.01,Petrol,2018,Third Party,5,Manual,5,JAIPUR
535000.0,MUV,50123,1,2019,20.0,Petrol,2019,Comprehensive,5,Manual,7,JAIPUR
435000.0,Hatchback,70123,1,2018,21.63,Petrol,2018,Comprehensive,5,Automatic,5,JAIPUR
230000.0,Hatchback,100000,3,2016,21.1,Petrol,2016,Third Party insurance,5,Manual,5,JAIPUR
550000.0,SUV,110000,3,2014,15.1,Diesel,2014,Third Party insurance,6,Manual,7,JAIPUR
574000.0,Sedan,99643,1,2017,21.66,Diesel,2017,Third Party,5,Manual,5,JAIPUR
589000.0,SUV,103116,1,2017,17.5,Petrol,2017,Zero Dep,5,Manual,5,JAIPUR
350000.0,Sedan,120000,1,2017,22.1,Diesel,2017,Third Party insurance,5,Manual,5,JAIPUR
377000.0,Hatchback,43202,1,2017,23.95,Petrol,2017,Comprehensive,5,Automatic,5,JAIPUR
544000.0,Sedan,57671,1,2017,17.0,Petrol,2017,Comprehensive,5,Manual,5,JAIPUR
225000.0,Hatchback,70000,3,2014,20.3,Petrol,2014,Comprehensive,5,Manual,5,JAIPUR
1700000.0,SUV,40000,1,2021,16.56,Petrol,2021,Third Party insurance,0,Automatic,6,JAIPUR
600000.0,Sedan,60000,2,2017,20.73,Petrol,2017,Third Party insurance,5,Manual,5,JAIPUR
870000.0,SUV,60000,1,2021,17.03,Petrol,2021,Third Party insurance,5,Manual,5,JAIPUR
2490000.0,Sedan,74700,1,2019,17.9,Diesel,2019,Comprehensive,7,Automatic,5,JAIPUR
500000.0,Sedan,110000,3,2015,26.59,Diesel,2015,Third Party insurance,5,Manual,5,JAIPUR
180000.0,Hatchback,100000,4,2010,19.81,Petrol,2010,Third Party insurance,5,Manual,5,JAIPUR
800000.0,Sedan,60000,1,2020,20.65,Petrol,2020,Third Party insurance,5,Manual,5,JAIPUR
1500000.0,SUV,62000,1,2018,17.1,Diesel,2018,Comprehensive,6,Manual,5,JAIPUR
850000.0,SUV,120000,2,2012,16.09,Diesel,2012,Third Party insurance,8,Automatic,5,JAIPUR
270000.0,Sedan,90000,2,2014,21.64,Diesel,2014,Third Party insurance,5,Manual,5,JAIPUR
410000.0,Sedan,120000,3,2013,22.32,Diesel,2013,Third Party insurance,4,Manual,5,JAIPUR
725000.0,Sedan,40000,1,2019,21.56,Petrol,2019,Third Party insurance,5,Manual,5,JAIPUR
900000.0,SUV,60000,2,2020,17.03,Petrol,2020,Third Party insurance,5,Manual,5,JAIPUR
625000.0,Hatchback,50000,1,2018,21.4,Petrol,2018,Third Party insurance,5,Manual,5,JAIPUR
665000.0,Hatchback,42811,1,2019,21.4,Petrol,2019,Comprehensive,5,Manual,5,JAIPUR
453000.0,Hatchback,82558,1,2018,21.63,Petrol,2018,Zero Dep,5,Manual,5,JAIPUR
750000.0,Sedan,40000,1,2019,21.56,Petrol,2019,Third Party insurance,5,Manual,5,JAIPUR
692000.0,SUV,104521,1,2018,23.0,Diesel,2018,Comprehensive,5,Manual,5,JAIPUR
525000.0,Hatchback,95745,1,2018,21.4,Petrol,2018,Comprehensive,5,Manual,5,JAIPUR
480000.0,Hatchback,78000,1,2018,24.0,Diesel,2018,Third Party insurance,5,Manual,5,JAIPUR
1100000.0,Sedan,90000,3,2013,18.88,Diesel,2013,Third Party insurance,8,Automatic,5,JAIPUR
250000.0,Sedan,150000,3,2009,17.0,Diesel,2009,Third Party insurance,5,Manual,5,JAIPUR
680000.0,Hatchback,70000,2,2020,21.01,Petrol,2020,Third Party insurance,5,Manual,5,JAIPUR
680000.0,Hatchback,70000,2,2020,21.01,Petrol,2020,Third Party insurance,5,Manual,5,JAIPUR
550000.0,Sedan,90000,2,2014,26.0,Diesel,2014,Third Party insurance,6,Manual,5,JAIPUR
270000.0,Sedan,100000,2,2006,11.9,Petrol,2006,Third Party insurance,5,Manual,5,JAIPUR
1025000.0,SUV,80000,2,2013,11.1,Petrol,2013,Third Party insurance,5,Automatic,5,JAIPUR
3600000.0,SUV,150000,1,2017,14.75,Diesel,2017,Third Party insurance,8,Automatic,7,JAIPUR
650000.0,Sedan,90000,3,2016,23.9,Diesel,2016,Third Party insurance,6,Manual,5,JAIPUR
1750000.0,SUV,60091,1,2013,14.16,Diesel,2013,Third Party insurance,7,Automatic,5,JAIPUR
1325000.0,SUV,170000,1,2012,12.55,Diesel,2012,Comprehensive,5,Manual,7,JAIPUR
265000.0,Hatchback,42000,2,2016,24.7,Petrol,2016,Third Party insurance,5,Manual,5,JAIPUR
675000.0,SUV,37724,1,2022,19.17,Petrol,2022,Third Party,5,Manual,5,JAIPUR
100000.0,Hatchback,120000,1,2011,20.0,Diesel,2011,Third Party insurance,5,Manual,5,JAIPUR
634000.0,MUV,100227,1,2014,20.77,Diesel,2014,Third Party,5,Manual,7,JAIPUR
458000.0,Sedan,94112,1,2017,20.14,Petrol,2017,Comprehensive,5,Manual,5,JAIPUR
940000.0,SUV,23848,1,2021,17.03,Petrol,2021,Third Party,5,Manual,5,JAIPUR
327000.0,Hatchback,43349,3,2015,20.51,Petrol,2015,Third Party insurance,5,Manual,5,JAIPUR
459000.0,MUV,64394,3,2012,20.77,Diesel,2012,Third Party,5,Manual,7,JAIPUR
1390000.0,SUV,17353,1,2021,16.8,Petrol,2021,Comprehensive,6,Manual,5,JAIPUR
160000.0,Hatchback,30000,2,2009,18.9,Petrol,2009,Third Party insurance,5,Manual,5,JAIPUR
105000.0,Hatchback,80000,3,2006,17.0,Petrol,2006,Third Party insurance,5,Manual,5,JAIPUR
295000.0,Hatchback,70000,1,2016,26.8,Diesel,2016,Third Party insurance,5,Manual,5,JAIPUR
445000.0,Hatchback,10000,1,2021,22.3,Petrol,2021,Third Party insurance,5,Manual,5,JAIPUR
1525000.0,SUV,49017,1,2020,20.8,Diesel,2020,Comprehensive,6,Manual,5,JAIPUR
700000.0,SUV,120000,1,2015,21.38,Diesel,2015,Third Party insurance,6,Manual,5,JAIPUR
1300000.0,SUV,80000,1,2019,16.8,Petrol,2019,Third Party insurance,6,Manual,5,JAIPUR
390000.0,Hatchback,50000,1,2018,20.51,Petrol,2018,Third Party insurance,5,Manual,5,JAIPUR
350000.0,Hatchback,40000,1,2016,20.51,Petrol,2016,Third Party insurance,5,Automatic,5,JAIPUR
450000.0,Hatchback,60000,1,2021,22.3,Petrol,2021,Third Party insurance,5,Manual,5,JAIPUR
450000.0,Hatchback,70000,2,2014,25.2,Diesel,2014,Third Party insurance,5,Manual,5,JAIPUR
950000.0,SUV,87000,1,2019,23.7,Diesel,2019,Comprehensive,6,Manual,5,JAIPUR
2990000.0,Sedan,96330,1,2017,18.12,Diesel,2017,Comprehensive,8,Automatic,5,JAIPUR
446000.0,Hatchback,81040,2,2015,25.2,Diesel,2015,Third Party,5,Manual,5,JAIPUR
672000.0,Hatchback,112625,1,2018,17.21,Petrol,2018,Third Party,7,Automatic,5,JAIPUR
500000.0,Hatchback,58374,1,2018,18.9,Petrol,2018,Comprehensive,5,Manual,5,JAIPUR
409000.0,Hatchback,31733,2,2014,18.9,Petrol,2014,Third Party,5,Manual,5,JAIPUR
759000.0,Hatchback,49616,1,2019,27.39,Diesel,2019,Zero Dep,5,Manual,5,JAIPUR
825000.0,Sedan,70000,1,2018,17.4,Petrol,2018,Third Party insurance,5,Manual,5,JAIPUR
670000.0,Sedan,68000,1,2016,26.21,Diesel,2016,Comprehensive,5,Manual,5,JAIPUR
200000.0,Sedan,120000,1,2011,23.57,Diesel,2011,Third Party insurance,5,Manual,5,JAIPUR
600000.0,SUV,50000,2,2015,15.85,Petrol,2015,Third Party insurance,5,Manual,5,JAIPUR
600000.0,Sedan,120000,2,2014,22.7,Diesel,2014,Third Party insurance,6,Manual,5,JAIPUR
5890000.0,SUV,116544,1,2019,11.0,Diesel,2019,Comprehensive,9,Automatic,7,JAIPUR
325000.0,Hatchback,49580,1,2010,16.0,Petrol,2010,Comprehensive,1,Manual,5,JAIPUR
1195000.0,SUV,56031,2,2017,16.0,Diesel,2017,Third Party insurance,6,Manual,7,JAIPUR
1790000.0,MUV,15285,1,2022,18.9,Diesel,2022,Comprehensive,6,Automatic,7,JAIPUR
590000.0,Hatchback,4437,1,2022,19.01,Petrol,2022,Third Party insurance,5,Manual,5,JAIPUR
410000.0,Hatchback,24590,1,2018,20.51,Petrol,2018,Third Party insurance,5,Manual,5,JAIPUR
700000.0,Hatchback,20000,1,2022,21.01,Petrol,2022,Third Party insurance,5,Manual,5,JAIPUR
325000.0,Hatchback,70456,1,2013,18.5,Petrol,2013,Comprehensive,5,Manual,5,JAIPUR
1490000.0,Sedan,20000,1,2022,19.47,Petrol,2022,Third Party insurance,6,Manual,5,JAIPUR
311000.0,Hatchback,120000,1,2013,18.5,Petrol,2013,Third Party insurance,5,Manual,5,JAIPUR
701000.0,Sedan,50889,2,2016,23.9,Diesel,2016,Third Party insurance,6,Manual,5,JAIPUR
371000.0,Hatchback,76043,1,2012,22.38,Petrol,2012,Comprehensive,5,Manual,5,JAIPUR
5400000.0,SUV,10200,1,2019,11.5,Petrol,2019,Comprehensive,9,Automatic,5,JAIPUR
349000.0,Hatchback,55890,1,2014,18.9,Petrol,2014,Comprehensive,5,Manual,5,JAIPUR
475000.0,Hatchback,81984,2,2016,18.7,Petrol,2016,Third Party,5,Manual,5,JAIPUR
290000.0,Hatchback,70123,2,2014,19.4,Petrol,2014,Comprehensive,5,Manual,5,JAIPUR
445000.0,Hatchback,60000,1,2021,22.3,Petrol,2021,Third Party insurance,5,Manual,5,JAIPUR
180000.0,Hatchback,100000,4,2010,19.81,Petrol,2010,Third Party insurance,5,Manual,5,JAIPUR
150000.0,Hatchback,110000,3,2010,19.7,Petrol,2010,Third Party insurance,5,Manual,5,JAIPUR
690000.0,Sedan,40000,1,2019,21.56,Petrol,2019,Third Party insurance,5,Manual,5,JAIPUR
3000000.0,SUV,90000,1,2018,14.24,Diesel,2018,Third Party insurance,6,Manual,7,JAIPUR
360000.0,Hatchback,50000,1,2017,23.01,Petrol,2017,Third Party insurance,5,Manual,5,JAIPUR
750000.0,Sedan,50000,1,2020,21.21,Petrol,2020,Third Party insurance,5,Automatic,5,JAIPUR
475000.0,Sedan,56805,1,2013,23.4,Diesel,2013,Comprehensive,5,Manual,5,JAIPUR
425000.0,Hatchback,120000,2,2016,20.14,Diesel,2016,Third Party insurance,5,Manual,5,JAIPUR
320000.0,Sedan,120000,2,2011,17.0,Petrol,2011,Third Party insurance,5,Manual,5,JAIPUR
500000.0,Hatchback,90000,2,2019,24.0,Diesel,2019,Third Party insurance,5,Manual,5,JAIPUR
435000.0,Sedan,100000,2,2014,20.54,Diesel,2014,Third Party insurance,5,Manual,5,JAIPUR
2750000.0,Sedan,70705,1,2015,15.0,Diesel,2015,Comprehensive,7,Automatic,5,JAIPUR
525000.0,Sedan,75000,1,2014,19.3,Diesel,2014,Comprehensive,5,Manual,5,JAIPUR
362000.0,Hatchback,17587,1,2020,21.7,Petrol,2020,Third Party,5,Manual,5,JAIPUR
455000.0,Hatchback,27153,2,2019,20.3,Petrol,2019,Comprehensive,5,Manual,5,JAIPUR
500000.0,SUV,90000,2,2011,16.55,Diesel,2011,Third Party insurance,5,Manual,6,JAIPUR
380000.0,Sedan,104243,1,2012,19.3,Diesel,2012,Comprehensive,5,Manual,5,JAIPUR
851000.0,Sedan,25791,1,2017,18.0,Petrol,2017,Comprehensive,0,Automatic,5,JAIPUR
815000.0,SUV,120000,2,2010,11.5,Diesel,2010,Third Party insurance,5,Manual,7,JAIPUR
1400000.0,Sedan,70000,2,2013,16.36,Diesel,2013,Third Party insurance,8,Automatic,5,JAIPUR
690000.0,SUV,60000,1,2021,17.52,Petrol,2021,Third Party insurance,5,Manual,5,JAIPUR
890000.0,SUV,17580,1,2021,17.03,Petrol,2021,Comprehensive,5,Manual,5,JAIPUR
330000.0,SUV,120000,2,2012,15.1,Diesel,2012,Third Party insurance,6,Manual,7,JAIPUR
811000.0,SUV,39109,1,2020,17.03,Petrol,2020,Third Party insurance,5,Manual,5,JAIPUR
895000.0,SUV,20000,1,2022,17.03,Petrol,2022,Third Party insurance,5,Manual,5,JAIPUR
650000.0,SUV,80000,1,2018,25.5,Diesel,2018,Third Party insurance,6,Manual,5,JAIPUR
590000.0,Hatchback,20000,1,2022,25.24,Petrol,2022,Third Party insurance,5,Manual,5,JAIPUR
300000.0,MUV,120000,2,2007,12.8,Diesel,2007,Third Party insurance,5,Manual,8,JAIPUR
445000.0,Hatchback,70000,2,2015,22.0,Petrol,2015,Third Party insurance,5,Manual,5,JAIPUR
650000.0,Sedan,70000,2,2016,18.0,Petrol,2016,Third Party insurance,0,Automatic,5,JAIPUR
150000.0,Hatchback,110000,3,2010,19.7,Petrol,2010,Third Party insurance,5,Manual,5,JAIPUR
300000.0,Hatchback,70000,1,2011,16.47,Petrol,2011,Third Party insurance,5,Manual,5,JAIPUR
1890000.0,SUV,9106,1,2019,17.1,Diesel,2019,Comprehensive,6,Manual,5,JAIPUR
579000.0,Sedan,90239,1,2019,19.5,Petrol,2019,Third Party insurance,5,Manual,5,JAIPUR
298000.0,Hatchback,31608,2,2014,20.3,Petrol,2014,Comprehensive,5,Manual,5,JAIPUR
595000.0,Sedan,58740,1,2019,19.5,Petrol,2019,Third Party insurance,5,Manual,5,JAIPUR
544000.0,Hatchback,73398,2,2018,18.6,Petrol,2018,Third Party,5,Manual,5,JAIPUR
895000.0,Sedan,29393,1,2019,20.28,Petrol,2019,Third Party,4,Automatic,5,JAIPUR
425000.0,Hatchback,100000,2,2016,20.14,Diesel,2016,Third Party insurance,5,Manual,5,JAIPUR
244000.0,Sedan,150000,2,2008,12.8,Petrol,2008,Third Party insurance,5,Manual,5,JAIPUR
1555000.0,SUV,150000,1,2013,13.0,Diesel,2013,Third Party insurance,5,Manual,7,JAIPUR
1450000.0,Sedan,40000,2,2013,17.68,Diesel,2013,Third Party insurance,8,Automatic,5,JAIPUR
370000.0,Hatchback,30000,2,2019,23.01,Petrol,2019,Third Party insurance,5,Automatic,5,JAIPUR
1525000.0,SUV,44354,1,2019,18.0,Diesel,2019,Comprehensive,6,Automatic,5,JAIPUR
290000.0,Hatchback,65000,2,2016,23.01,Petrol,2016,Comprehensive,5,Manual,5,JAIPUR
525000.0,Hatchback,79700,1,2016,28.4,Diesel,2016,Comprehensive,5,Manual,5,JAIPUR
285000.0,MUV,120000,2,2007,12.8,Diesel,2007,Third Party insurance,5,Manual,8,JAIPUR
650000.0,Hatchback,30000,1,2019,21.4,Petrol,2019,Third Party insurance,5,Manual,5,JAIPUR
1325000.0,SUV,45204,1,2021,18.9,Diesel,2021,Comprehensive,6,Automatic,5,JAIPUR
575000.0,Hatchback,81000,1,2017,22.54,Diesel,2017,Comprehensive,6,Manual,5,JAIPUR
170000.0,Sedan,120000,1,2008,17.7,Petrol,2008,Third Party insurance,5,Manual,5,JAIPUR
590000.0,Hatchback,40000,2,2020,20.7,Petrol,2020,Third Party insurance,5,Manual,5,JAIPUR
753000.0,Hatchback,33236,2,2019,17.4,Petrol,2019,Zero Dep,5,Automatic,5,JAIPUR
425000.0,Hatchback,50000,2,2014,18.9,Petrol,2014,Third Party insurance,4,Automatic,5,JAIPUR
587000.0,Hatchback,47214,1,2019,21.4,Petrol,2019,Comprehensive,5,Manual,5,JAIPUR
580000.0,Hatchback,54670,2,2019,20.7,Petrol,2019,Third Party insurance,5,Manual,5,JAIPUR
530000.0,Sedan,30000,2,2018,17.8,Petrol,2018,Third Party insurance,5,Manual,5,JAIPUR
400000.0,SUV,120000,1,2013,15.96,Diesel,2013,Third Party insurance,5,Manual,7,JAIPUR
300000.0,Sedan,120000,2,2016,17.57,Petrol,2016,Third Party insurance,5,Manual,5,JAIPUR
1595000.0,SUV,125000,1,2015,12.55,Diesel,2015,Comprehensive,5,Automatic,7,JAIPUR
380000.0,Sedan,100000,1,2017,25.83,Diesel,2017,Third Party insurance,5,Manual,5,JAIPUR
625000.0,Hatchback,57000,2,2017,18.6,Petrol,2017,Comprehensive,5,Manual,5,JAIPUR
160000.0,Hatchback,70000,2,2011,16.0,LPG,2011,Third Party insurance,5,Manual,5,JAIPUR
525000.0,Hatchback,120000,1,2017,20.14,Diesel,2017,Third Party insurance,5,Manual,5,JAIPUR
850000.0,Hatchback,30000,1,2022,22.35,Petrol,2022,Third Party insurance,5,Manual,5,JAIPUR
390000.0,SUV,120000,2,2008,11.4,Diesel,2008,Third Party insurance,5,Manual,5,JAIPUR
1490000.0,SUV,3844,1,2021,16.8,Petrol,2021,Third Party insurance,6,Manual,5,JAIPUR
190000.0,Sedan,120000,4,2011,18.3,Diesel,2011,Third Party insurance,5,Manual,5,JAIPUR
375000.0,Hatchback,50000,1,2020,21.46,Petrol,2020,Comprehensive,5,Manual,5,JAIPUR
180000.0,SUV,120000,3,2008,13.1,Petrol,2008,Third Party insurance,6,Manual,5,JAIPUR
950000.0,SUV,80000,2,2015,16.0,Diesel,2015,Third Party insurance,6,Manual,7,JAIPUR
383000.0,Sedan,94554,1,2012,22.41,Petrol,2012,Comprehensive,5,Manual,5,JAIPUR
713000.0,Hatchback,15991,1,2021,21.01,Petrol,2021,Zero Dep,5,Manual,5,JAIPUR
520000.0,SUV,70000,3,2013,12.05,Diesel,2013,Third Party insurance,5,Manual,7,JAIPUR
655000.0,Sedan,72918,1,2017,28.4,Diesel,2017,Third Party insurance,5,Automatic,5,JAIPUR
313000.0,Hatchback,22982,1,2018,22.5,Petrol,2018,Comprehensive,5,Automatic,5,JAIPUR
575000.0,Hatchback,76000,1,2015,22.54,Diesel,2015,Comprehensive,6,Manual,5,JAIPUR
675000.0,Sedan,115000,1,2017,21.13,Diesel,2017,Third Party insurance,5,Manual,5,JAIPUR
825000.0,SUV,73000,1,2018,24.3,Diesel,2018,Comprehensive,5,Manual,5,JAIPUR
2075000.0,SUV,90000,2,2016,12.62,Diesel,2016,Third Party insurance,6,Automatic,7,JAIPUR
445000.0,Hatchback,30000,1,2019,20.3,Petrol,2019,Third Party insurance,5,Manual,5,JAIPUR
350000.0,Hatchback,80000,2,2014,24.0,Diesel,2014,Third Party insurance,5,Manual,5,JAIPUR
9000000.0,SUV,23200,1,2022,18.9,Petrol,2022,Comprehensive,5,Automatic,5,JAIPUR
1300000.0,SUV,10000,1,2022,19.2,Petrol,2022,Third Party insurance,6,Manual,5,JAIPUR
330000.0,SUV,120000,2,2012,15.1,Diesel,2012,Third Party insurance,6,Manual,7,JAIPUR
750000.0,Hatchback,10000,1,2022,20.7,Petrol,2022,Third Party insurance,5,Automatic,5,JAIPUR
750000.0,Hatchback,10000,1,2022,20.7,Petrol,2022,Third Party insurance,5,Automatic,5,JAIPUR
670000.0,MUV,30000,1,2020,20.0,Petrol,2020,Third Party insurance,5,Manual,7,JAIPUR
895000.0,SUV,20000,1,2022,17.03,Petrol,2022,Third Party insurance,5,Manual,5,JAIPUR
90000.0,Hatchback,60000,1,2007,15.26,Petrol,2007,Third Party insurance,5,Manual,5,JAIPUR
365000.0,Hatchback,107963,1,2017,26.0,Petrol,2017,Comprehensive,5,Automatic,5,JAIPUR
347000.0,SUV,121243,2,2012,19.01,Diesel,2012,Third Party,6,Manual,5,JAIPUR
1470000.0,SUV,100000,1,2020,17.0,Diesel,2020,Third Party insurance,6,Manual,5,JAIPUR
309000.0,Hatchback,67194,1,2015,19.4,Petrol,2015,Comprehensive,5,Manual,5,JAIPUR
586000.0,Sedan,69236,2,2016,17.8,Petrol,2016,Comprehensive,5,Manual,5,JAIPUR
900000.0,SUV,80000,1,2019,25.5,Diesel,2019,Third Party insurance,6,Manual,5,JAIPUR
900000.0,SUV,90000,2,2018,16.0,Petrol,2018,Third Party insurance,6,Manual,5,JAIPUR
1550000.0,SUV,60000,1,2020,17.41,Diesel,2020,Third Party insurance,6,Manual,5,JAIPUR
2300000.0,SUV,80000,2,2017,12.83,Diesel,2017,Third Party insurance,9,Automatic,7,JAIPUR
3200000.0,SUV,81317,2,2016,15.68,Diesel,2016,Comprehensive,9,Automatic,5,JAIPUR
255000.0,Hatchback,60000,2,2015,20.36,Petrol,2015,Third Party insurance,5,Manual,5,JAIPUR
355000.0,SUV,80000,1,2015,19.87,Diesel,2015,Third Party insurance,5,Manual,5,JAIPUR
650000.0,SUV,60000,2,2018,19.87,Diesel,2018,Third Party insurance,5,Manual,5,JAIPUR
275000.0,Hatchback,110000,3,2014,24.0,Diesel,2014,Third Party insurance,5,Manual,5,JAIPUR
150000.0,Sedan,120000,2,2011,19.68,Diesel,2011,Third Party insurance,5,Manual,5,JAIPUR
900000.0,SUV,110000,2,2017,17.01,Diesel,2017,Third Party insurance,6,Automatic,5,JAIPUR
2500000.0,Sedan,100000,1,2017,20.37,Diesel,2017,Third Party insurance,8,Automatic,5,JAIPUR
600000.0,Hatchback,57000,1,2018,22.0,Petrol,2018,Comprehensive,5,Manual,5,JAIPUR
975000.0,Sedan,70000,2,2013,18.88,Diesel,2013,Third Party insurance,8,Automatic,5,JAIPUR
475000.0,Hatchback,76000,1,2014,28.4,Diesel,2014,Comprehensive,5,Manual,5,JAIPUR
801000.0,Hatchback,7183,2,2021,22.56,Petrol,2021,Zero Dep,5,Automatic,5,JAIPUR
1574000.0,SUV,6165,3,2021,18.9,Petrol,2021,Third Party,7,Automatic,5,JAIPUR
350000.0,Sedan,85000,2,2012,20.5,Diesel,2012,Comprehensive,5,Manual,5,JAIPUR
590000.0,Hatchback,4437,1,2022,26.49,CNG,2022,Third Party,5,Manual,5,JAIPUR
532000.0,Hatchback,34217,1,2016,18.6,Petrol,2016,Comprehensive,5,Manual,5,JAIPUR
525000.0,Hatchback,80101,1,2017,16.47,Petrol,2017,Comprehensive,5,Manual,5,JAIPUR
170000.0,Sedan,150000,3,2007,13.5,Petrol,2007,Third Party insurance,5,Manual,5,JAIPUR
225000.0,Hatchback,50000,1,2012,19.0,Petrol,2012,Third Party insurance,5,Manual,5,JAIPUR
1600000.0,SUV,100000,2,2019,16.36,Diesel,2019,Third Party insurance,6,Manual,7,JAIPUR
250000.0,Hatchback,72580,1,2011,21.79,Petrol,2011,Comprehensive,5,Manual,5,JAIPUR
300000.0,Sedan,120000,4,2012,22.32,Diesel,2012,Third Party insurance,6,Manual,5,JAIPUR
1000000.0,Sedan,120000,1,2020,22.0,Diesel,2020,Third Party insurance,6,Manual,5,JAIPUR
420000.0,Hatchback,30000,1,2019,20.3,Petrol,2019,Third Party insurance,5,Manual,5,JAIPUR
300000.0,Hatchback,100000,1,2012,22.07,Diesel,2012,Third Party insurance,5,Manual,5,JAIPUR
675000.0,Hatchback,69000,1,2018,22.54,Diesel,2018,Comprehensive,6,Manual,5,JAIPUR
625000.0,Hatchback,50040,1,2017,25.2,Diesel,2017,Comprehensive,5,Manual,5,JAIPUR
1290000.0,SUV,48350,1,2015,12.0,Petrol,2015,Comprehensive,5,Automatic,5,JAIPUR
110000.0,Hatchback,40000,2,2011,18.6,Petrol,2011,Third Party insurance,5,Manual,5,JAIPUR
217000.0,Sedan,120000,4,2011,18.3,Diesel,2011,Third Party insurance,5,Manual,5,JAIPUR
250000.0,SUV,120000,1,2011,13.93,Diesel,2011,Third Party insurance,5,Manual,7,JAIPUR
715000.0,Sedan,74573,1,2017,18.0,Petrol,2017,Third Party insurance,0,Automatic,5,JAIPUR
356000.0,Hatchback,64715,1,2018,23.01,Petrol,2018,Zero Dep,5,Automatic,5,JAIPUR
525000.0,Sedan,76000,1,2014,26.0,Diesel,2014,Comprehensive,6,Manual,5,JAIPUR
341000.0,Hatchback,99348,2,2017,20.51,Petrol,2017,Third Party insurance,5,Manual,5,JAIPUR
443000.0,Hatchback,39176,1,2017,18.9,Petrol,2017,Zero Dep,5,Manual,5,JAIPUR
225000.0,Hatchback,50000,1,2012,19.0,Petrol,2012,Third Party insurance,5,Manual,5,JAIPUR
300000.0,Hatchback,80000,2,2017,19.49,Petrol,2017,Third Party insurance,5,Manual,5,JAIPUR
750000.0,SUV,50000,1,2020,17.03,Petrol,2020,Third Party insurance,5,Manual,5,JAIPUR
490000.0,Sedan,120000,3,2016,26.59,Diesel,2016,Third Party insurance,5,Manual,5,JAIPUR
450000.0,MUV,70000,3,2012,20.77,Diesel,2012,Third Party insurance,5,Manual,7,JAIPUR
425000.0,Hatchback,40000,1,2016,18.9,Petrol,2016,Third Party insurance,5,Manual,5,JAIPUR
65000.0,Hatchback,70000,1,2017,18.9,Petrol,2001,Third Party insurance,5,Manual,5,JAIPUR
490000.0,SUV,100000,3,2017,15.63,Petrol,2017,Third Party insurance,6,Automatic,5,JAIPUR
150000.0,Sedan,60000,2,2012,17.0,Diesel,2012,Third Party insurance,5,Manual,5,JAIPUR
895000.0,Sedan,29905,1,2019,17.0,Petrol,2019,Comprehensive,6,Manual,5,JAIPUR
490000.0,Sedan,70000,1,2015,26.59,Diesel,2015,Third Party insurance,5,Manual,5,JAIPUR
875000.0,Hatchback,80000,4,2013,20.0,Diesel,2013,Third Party insurance,7,Automatic,5,JAIPUR
1450000.0,SUV,70000,2,2019,16.35,Diesel,2019,Comprehensive,6,Manual,5,JAIPUR
625000.0,Sedan,80000,1,2018,25.8,Diesel,2018,Third Party insurance,5,Manual,5,JAIPUR
850000.0,SUV,40000,1,2020,16.82,Petrol,2020,Third Party insurance,6,Manual,5,JAIPUR
859000.0,Sedan,88069,2,2021,18.97,Petrol,2021,Third Party insurance,6,Manual,5,JAIPUR
278000.0,Hatchback,50789,3,2014,19.81,Petrol,2014,Third Party insurance,5,Manual,5,JAIPUR
550000.0,Sedan,76000,2,2014,22.32,Diesel,2014,Comprehensive,6,Manual,5,JAIPUR
304000.0,Hatchback,42212,1,2019,22.05,Petrol,2019,Comprehensive,5,Manual,5,JAIPUR
371000.0,Sedan,105227,1,2015,18.0,Petrol,2015,Third Party insurance,5,Manual,5,JAIPUR
125000.0,Sedan,150000,3,2006,17.5,Diesel,2006,Third Party insurance,5,Manual,5,JAIPUR
1250000.0,SUV,92700,2,2019,17.6,Diesel,2019,Comprehensive,6,Automatic,5,JAIPUR
339000.0,Sedan,120000,2,2011,18.3,Diesel,2011,Third Party insurance,5,Manual,5,JAIPUR
70000.0,Hatchback,30000,1,2006,19.7,Petrol,2006,Third Party insurance,5,Manual,5,JAIPUR
695000.0,Hatchback,12168,1,2021,22.0,Petrol,2021,Comprehensive,5,Manual,5,JAIPUR
685000.0,Hatchback,10000,1,2022,26.2,Diesel,2022,Third Party insurance,5,Manual,5,JAIPUR
60000.0,Hatchback,30000,3,2011,26.0,Petrol,2011,Third Party insurance,4,Manual,4,JAIPUR
1600000.0,SUV,75000,1,2021,18.9,Electric,2021,Third Party insurance,1,Automatic,5,JAIPUR
1560000.0,SUV,73500,1,2020,18.9,Petrol,2020,Comprehensive,0,Automatic,5,JAIPUR
1600000.0,SUV,4140,0,2023,18.9,Electric,2023,Comprehensive,5,Automatic,5,JAIPUR
2450000.0,SUV,10371,1,2022,18.9,Electric,2022,Third Party insurance,5,Automatic,5,JAIPUR
1490000.0,Pickup Trucks,75210,1,2016,12.4,Diesel,2016,Comprehensive,5,Manual,5,JAIPUR
379000.0,Hatchback,69159,1,2017,20.51,Petrol,2017,Third Party insurance,5,Automatic,5,JAIPUR
253000.0,Hatchback,56992,1,2011,16.98,Petrol,2011,Third Party insurance,4,Automatic,5,JAIPUR
295000.0,Sedan,120000,2,2015,26.59,Diesel,2015,Third Party insurance,5,Manual,5,JAIPUR
495000.0,Hatchback,28500,1,2017,18.9,Petrol,2017,Comprehensive,5,Manual,5,JAIPUR
200000.0,Hatchback,100000,2,2010,17.5,Petrol,2010,Third Party insurance,5,Manual,5,JAIPUR
175000.0,Hatchback,90000,5,2012,21.9,Diesel,2012,Third Party insurance,5,Manual,5,JAIPUR
175000.0,Hatchback,90000,5,2012,21.9,Diesel,2012,Third Party insurance,5,Manual,5,JAIPUR
322000.0,Hatchback,76164,2,2014,24.0,Diesel,2014,Comprehensive,5,Manual,5,JAIPUR
338000.0,Hatchback,75196,1,2016,23.95,Petrol,2016,Third Party insurance,5,Automatic,5,JAIPUR
680000.0,SUV,50000,3,2016,16.0,Diesel,2016,Third Party insurance,6,Automatic,7,JAIPUR
273000.0,Hatchback,51759,1,2017,22.05,Petrol,2017,Third Party,5,Manual,5,JAIPUR
473000.0,Hatchback,105021,2,2019,23.84,Petrol,2019,Third Party insurance,5,Manual,5,JAIPUR
150000.0,Sedan,120000,1,2010,16.2,Petrol,2010,Third Party insurance,1,Manual,5,JAIPUR
600000.0,SUV,90000,2,2016,14.1,Diesel,2016,Third Party insurance,5,Manual,7,JAIPUR
1000000.0,SUV,80000,1,2021,18.9,Diesel,2021,Third Party insurance,6,Manual,7,JAIPUR
1370000.0,SUV,30000,2,2021,15.2,Petrol,2021,Third Party insurance,6,Manual,4,JAIPUR
925000.0,SUV,10000,1,2022,18.2,Petrol,2022,Third Party insurance,6,Manual,5,JAIPUR
1350000.0,SUV,20000,1,2022,20.08,Petrol,2022,Third Party insurance,6,Manual,5,JAIPUR
60000.0,Hatchback,110000,3,2007,15.3,Petrol,2007,Third Party insurance,5,Manual,5,JAIPUR
650000.0,Sedan,40000,2,2020,22.41,Petrol,2020,Third Party insurance,5,Manual,5,JAIPUR
350000.0,Sedan,100000,1,2012,16.8,Petrol,2012,Third Party insurance,5,Manual,5,JAIPUR
1370000.0,SUV,10000,1,2022,20.1,Diesel,2022,Third Party insurance,6,Manual,5,JAIPUR
295000.0,Hatchback,60000,1,2013,17.71,Petrol,2013,Third Party insurance,5,Manual,5,JAIPUR
75000.0,Hatchback,50000,1,2008,16.1,Petrol,2008,Third Party insurance,4,Manual,4,JAIPUR
50000.0,Sedan,120000,2,2007,15.0,Petrol,2007,Third Party insurance,5,Manual,5,JAIPUR
240000.0,Hatchback,70000,3,2013,22.07,Diesel,2013,Third Party insurance,5,Manual,5,JAIPUR
320000.0,Sedan,100000,4,2016,27.4,Diesel,2016,Third Party insurance,5,Manual,5,JAIPUR
1500000.0,Sedan,67896,1,2019,15.1,Petrol,2019,Third Party insurance,7,Automatic,5,JAIPUR
745000.0,SUV,9862,2,2021,20.5,Petrol,2021,Third Party,5,Manual,5,JAIPUR
225000.0,Hatchback,40000,1,2017,23.01,Petrol,2017,Third Party insurance,5,Manual,5,JAIPUR
332000.0,Hatchback,37478,1,2019,22.25,Petrol,2019,Third Party insurance,5,Manual,5,JAIPUR
415000.0,Hatchback,32972,1,2021,31.59,CNG,2021,Third Party insurance,5,Manual,4,JAIPUR
655000.0,Minivans,30000,1,2022,20.88,CNG,2022,Third Party insurance,5,Manual,5,JAIPUR
775000.0,Hatchback,3120,1,2022,22.56,Petrol,2022,Comprehensive,5,Automatic,5,JAIPUR
1050000.0,Sedan,20972,1,2022,17.69,Petrol,2022,Comprehensive,6,Manual,5,JAIPUR
475000.0,Hatchback,60000,1,2018,18.78,Petrol,2018,Third Party insurance,5,Manual,5,JAIPUR
325000.0,Sedan,120000,1,2012,24.8,Diesel,2012,Third Party insurance,6,Manual,5,JAIPUR
1400000.0,SUV,20000,1,2018,16.0,Petrol,2018,Third Party insurance,7,Automatic,5,JAIPUR
145000.0,Hatchback,70000,2,2013,21.1,Petrol,2013,Third Party insurance,5,Manual,5,JAIPUR
250000.0,Sedan,80000,3,2012,19.1,Petrol,2012,Third Party insurance,5,Manual,5,JAIPUR
1025000.0,SUV,38323,1,2021,16.35,Petrol,2021,Comprehensive,6,Automatic,5,JAIPUR
500000.0,Sedan,120000,1,2020,22.41,Petrol,2020,Third Party insurance,5,Manual,5,JAIPUR
300000.0,Hatchback,40000,1,2019,25.17,Petrol,2019,Third Party insurance,5,Manual,5,JAIPUR
3000000.0,Sedan,50000,1,2020,15.1,Petrol,2020,Third Party insurance,7,Automatic,5,JAIPUR
1000000.0,SUV,60000,1,2019,20.0,Diesel,2019,Third Party insurance,6,Manual,5,JAIPUR
750000.0,SUV,90000,1,2014,13.01,Diesel,2014,Third Party insurance,6,Automatic,7,JAIPUR
460000.0,Hatchback,72842,1,2016,18.9,Petrol,2016,Zero Dep,4,Automatic,5,JAIPUR
430000.0,Hatchback,16338,2,2018,20.51,Petrol,2018,Third Party insurance,5,Manual,5,JAIPUR
1525000.0,SUV,49017,1,2020,20.8,Diesel,2020,Comprehensive,6,Manual,5,JAIPUR
140000.0,Hatchback,80000,2,2010,17.3,LPG,2010,Third Party insurance,5,Manual,5,JAIPUR
55000.0,Hatchback,30000,3,2011,26.0,Petrol,2011,Third Party insurance,4,Manual,4,JAIPUR
650000.0,MUV,120000,1,2014,12.99,Diesel,2014,Third Party insurance,5,Manual,7,JAIPUR
1140000.0,Sedan,79828,1,2019,22.0,Diesel,2019,Comprehensive,6,Automatic,5,JAIPUR
190000.0,Hatchback,120000,2,2014,20.0,Diesel,2014,Third Party insurance,5,Manual,5,JAIPUR
450000.0,Hatchback,59000,2,2016,16.2,Petrol,2016,Third Party insurance,5,Manual,5,JAIPUR
100000.0,Hatchback,120000,4,2011,18.6,Petrol,2011,Third Party insurance,5,Manual,5,JAIPUR
200000.0,Hatchback,90000,2,2010,21.1,Diesel,2010,Third Party insurance,5,Manual,5,JAIPUR
245000.0,Hatchback,40000,2,2012,20.92,Petrol,2012,Third Party insurance,5,Manual,5,JAIPUR
340000.0,Sedan,70000,1,2010,17.0,Petrol,2010,Comprehensive,5,Manual,5,JAIPUR
1040000.0,Pickup Trucks,10000,1,2022,18.9,Diesel,2022,Third Party insurance,5,Manual,5,JAIPUR
600000.0,SUV,120000,2,2015,15.4,Diesel,2015,Third Party insurance,5,Manual,9,JAIPUR
334000.0,Sedan,52034,1,2013,18.0,Petrol,2013,Comprehensive,5,Manual,5,JAIPUR
243000.0,Hatchback,45979,2,2015,25.17,Petrol,2015,Comprehensive,5,Manual,5,JAIPUR
610000.0,Sedan,10000,1,2019,19.5,Petrol,2019,Third Party insurance,5,Manual,5,JAIPUR
349000.0,Hatchback,68551,1,2013,18.5,Petrol,2013,Comprehensive,5,Manual,5,JAIPUR
514000.0,Hatchback,68766,1,2019,23.84,Petrol,2019,Zero Dep,5,Manual,5,JAIPUR
300000.0,SUV,80000,1,2012,11.57,Diesel,2012,Third Party insurance,5,Manual,7,JAIPUR
725000.0,Sedan,20000,2,2020,22.41,Petrol,2020,Third Party insurance,5,Manual,5,JAIPUR
460000.0,Sedan,120000,2,2016,23.9,Diesel,2016,Third Party insurance,6,Manual,5,JAIPUR
450000.0,Sedan,120000,2,2015,22.32,Diesel,2015,Third Party insurance,6,Manual,5,JAIPUR
320000.0,MUV,120000,5,2010,13.6,Diesel,2010,Third Party insurance,5,Manual,7,JAIPUR
850000.0,SUV,71000,1,2019,21.7,Diesel,2019,Comprehensive,5,Manual,5,JAIPUR
500000.0,Sedan,53000,1,2014,20.54,Diesel,2014,Comprehensive,5,Manual,5,JAIPUR
550000.0,Hatchback,75000,2,2017,20.14,Diesel,2017,Comprehensive,5,Manual,5,JAIPUR
560000.0,Hatchback,23573,1,2020,21.79,Petrol,2020,Comprehensive,5,Manual,5,JAIPUR
800000.0,SUV,76200,1,2018,21.7,Diesel,2018,Comprehensive,5,Manual,5,JAIPUR
180000.0,Hatchback,85000,1,2007,17.8,Petrol,2007,Comprehensive,5,Automatic,5,JAIPUR
270000.0,Hatchback,62000,1,2014,24.39,Petrol,2014,Comprehensive,5,Manual,5,JAIPUR
735000.0,Sedan,16603,1,2020,20.1,Petrol,2020,Comprehensive,5,Automatic,5,JAIPUR
308000.0,Hatchback,43571,1,2018,21.1,Petrol,2018,Third Party,5,Manual,5,JAIPUR
380000.0,Hatchback,28328,1,2020,22.05,Petrol,2020,Zero Dep,5,Manual,5,JAIPUR
460000.0,Hatchback,115000,1,2014,28.4,Diesel,2014,Comprehensive,5,Manual,5,JAIPUR
657000.0,SUV,40282,1,2017,17.5,Petrol,2017,Comprehensive,5,Manual,5,JAIPUR
255000.0,Hatchback,57826,1,2016,22.05,Petrol,2016,Comprehensive,5,Manual,5,JAIPUR
450000.0,Hatchback,85400,1,2016,18.78,Petrol,2016,Comprehensive,5,Manual,5,JAIPUR
480000.0,Hatchback,74000,2,2014,18.6,Petrol,2014,Comprehensive,5,Manual,5,JAIPUR
825000.0,SUV,66000,1,2018,16.5,Diesel,2018,Comprehensive,5,Manual,7,JAIPUR
895000.0,SUV,65580,1,2018,24.3,Diesel,2018,Comprehensive,5,Automatic,5,JAIPUR
450000.0,Hatchback,91200,2,2014,20.14,Diesel,2014,Comprehensive,5,Manual,5,JAIPUR
590000.0,SUV,65000,2,2015,21.7,Diesel,2015,Comprehensive,5,Manual,5,JAIPUR
670000.0,Hatchback,84250,2,2017,22.54,Diesel,2017,Comprehensive,6,Manual,5,JAIPUR
230000.0,Hatchback,93155,3,2007,17.8,Diesel,2007,Comprehensive,5,Manual,5,JAIPUR
1425000.0,Sedan,79412,2,2014,19.59,Diesel,2014,Comprehensive,8,Automatic,5,JAIPUR
810000.0,Sedan,68140,1,2019,21.13,Diesel,2019,Not Available,5,Manual,5,JAIPUR
1790000.0,MUV,16293,1,2022,16.5,Petrol,2022,Comprehensive,7,Automatic,6,JAIPUR
189000.0,Hatchback,79883,2,2014,23.2,Diesel,2014,Not Available,5,Manual,5,JAIPUR
1890000.0,SUV,9000,1,2020,17.1,Diesel,2020,Comprehensive,6,Manual,5,JAIPUR
28001.0,Hatchback,100048,1,2007,15.0,Petrol,2007,Not Available,5,Manual,5,JAIPUR
270000.0,Sedan,110712,1,2014,25.8,Diesel,2014,Not Available,5,Manual,5,JAIPUR
410000.0,Hatchback,67653,1,2017,23.84,Petrol,2017,Comprehensive,5,Automatic,5,JAIPUR
296000.0,Hatchback,58066,1,2015,19.81,Petrol,2015,Third Party insurance,5,Manual,5,JAIPUR
2350000.0,Sedan,83000,2,2017,16.36,Diesel,2017,Comprehensive,8,Automatic,5,JAIPUR
576000.0,Sedan,71053,1,2019,19.5,Petrol,2019,Comprehensive,5,Manual,5,JAIPUR
623000.0,Hatchback,76977,2,2018,20.14,Diesel,2018,Comprehensive,5,Manual,5,JAIPUR
80000.0,Hatchback,150729,1,2009,18.0,Diesel,2009,Not Available,5,Manual,5,JAIPUR
3190000.0,SUV,115000,1,2016,15.26,Diesel,2016,Comprehensive,7,Automatic,5,JAIPUR
1750000.0,MUV,15000,1,2022,18.9,Diesel,2022,Comprehensive,6,Automatic,6,JAIPUR
35840.0,Sedan,144103,1,2007,11.9,Petrol,2007,Not Available,5,Manual,5,JAIPUR
750000.0,Sedan,19726,1,2022,18.6,Petrol,2022,Not Available,5,Manual,5,JAIPUR
1765000.0,SUV,60267,1,2013,14.16,Diesel,2013,Third Party insurance,7,Automatic,5,JAIPUR
900000.0,Sedan,120931,1,2013,22.7,Diesel,2013,Not Available,6,Manual,5,JAIPUR
950000.0,SUV,12111,1,2022,17.33,Petrol,2022,Not Available,6,Manual,5,JAIPUR
450000.0,Sedan,121671,1,2016,17.9,Diesel,2016,Not Available,6,Manual,5,JAIPUR
895000.0,SUV,65573,1,2019,24.3,Diesel,2019,Third Party insurance,5,Automatic,5,JAIPUR
250000.0,Hatchback,52887,1,2009,20.36,Petrol,2009,Not Available,5,Manual,5,JAIPUR
1285000.0,SUV,48457,1,2015,12.0,Petrol,2015,Comprehensive,5,Automatic,5,JAIPUR
325000.0,Hatchback,51088,1,2013,19.49,Petrol,2013,Not Available,5,Manual,5,JAIPUR
1390000.0,SUV,22000,1,2021,16.8,Petrol,2021,Comprehensive,6,Manual,5,JAIPUR
823000.0,Sedan,45316,1,2018,17.0,Petrol,2018,Zero Dep,6,Manual,5,JAIPUR
1395000.0,SUV,16858,1,2019,16.5,Petrol,2019,Comprehensive,7,Automatic,5,JAIPUR
790000.0,MUV,105000,1,2014,12.99,Diesel,2014,Comprehensive,5,Manual,7,JAIPUR
342000.0,Hatchback,31850,1,2019,22.25,Petrol,2019,Third Party,5,Manual,5,JAIPUR
270000.0,Sedan,135213,1,2013,25.8,Diesel,2013,Not Available,5,Manual,5,JAIPUR
358000.0,Sedan,88378,1,2014,25.8,Diesel,2014,Not Available,5,Manual,5,JAIPUR
500000.0,Sedan,191867,1,2016,26.59,Diesel,2016,Not Available,5,Manual,5,JAIPUR
410000.0,Sedan,65808,1,2012,23.4,Diesel,2012,Not Available,5,Manual,5,JAIPUR
650000.0,SUV,20135,1,2021,18.75,Petrol,2021,Not Available,5,Manual,5,JAIPUR
2290000.0,Sedan,29882,1,2019,15.1,Petrol,2019,Comprehensive,7,Automatic,5,JAIPUR
1500000.0,SUV,33831,1,2020,13.96,Petrol,2020,Not Available,6,Automatic,5,JAIPUR
380000.0,Hatchback,61334,1,2018,20.51,Petrol,2018,Not Available,5,Manual,5,JAIPUR
1700000.0,Sedan,69383,3,2017,22.69,Diesel,2017,Not Available,8,Automatic,5,JAIPUR
450000.0,SUV,157312,4,2009,12.05,Diesel,2009,Not Available,5,Manual,9,JAIPUR
500000.0,Hatchback,51531,1,2017,18.6,Petrol,2017,Not Available,5,Manual,5,JAIPUR
945000.0,SUV,88098,1,2019,20.8,Diesel,2019,Not Available,6,Manual,5,JAIPUR
525000.0,SUV,96000,1,2016,21.9,Diesel,2016,Comprehensive,6,Manual,7,JAIPUR
975000.0,SUV,77901,1,2019,23.7,Diesel,2019,Comprehensive,6,Manual,5,JAIPUR
564000.0,Sedan,133946,1,2008,17.5,Diesel,2008,Not Available,5,Manual,5,JAIPUR
326000.0,Hatchback,70593,1,2016,19.81,Petrol,2016,Third Party insurance,5,Manual,5,JAIPUR
465000.0,Hatchback,82556,1,2015,18.6,Petrol,2015,Zero Dep,5,Manual,5,JAIPUR
180000.0,Hatchback,42160,1,2009,18.9,Petrol,2009,Not Available,5,Manual,5,JAIPUR
710000.0,Sedan,99367,1,2018,28.4,Diesel,2018,Third Party,5,Manual,5,JAIPUR
794000.0,Sedan,95329,1,2018,17.0,Petrol,2018,Zero Dep,6,Manual,5,JAIPUR
465000.0,Sedan,72000,1,2015,20.85,Petrol,2015,Comprehensive,5,Manual,5,JAIPUR
150000.0,Hatchback,137537,4,2011,21.9,Diesel,2011,Not Available,5,Manual,5,JAIPUR
520000.0,Sedan,98000,1,2014,26.0,Diesel,2014,Comprehensive,6,Manual,5,JAIPUR
361000.0,Sedan,152098,3,2010,18.3,Diesel,2010,Not Available,5,Manual,5,JAIPUR
390000.0,Sedan,88329,1,2013,21.64,Diesel,2013,Comprehensive,5,Manual,5,JAIPUR
2450000.0,SUV,126000,2,2016,11.5,Diesel,2016,Comprehensive,4,Automatic,7,JAIPUR
93982.0,Hatchback,114866,2,2009,21.1,Petrol,2009,Comprehensive,5,Manual,5,JAIPUR
600000.0,Hatchback,27723,1,2021,21.01,Petrol,2021,Not Available,5,Manual,5,JAIPUR
395000.0,Sedan,57847,1,2009,14.53,Petrol,2009,Comprehensive,7,Automatic,5,JAIPUR
980000.0,Sedan,46557,1,2021,17.7,Petrol,2021,Not Available,6,Manual,5,JAIPUR
360000.0,Hatchback,37983,1,2016,20.51,Petrol,2016,Not Available,5,Manual,5,JAIPUR
68063.0,Hatchback,152783,4,2010,19.7,Petrol,2010,Not Available,5,Manual,5,JAIPUR
1250000.0,Sedan,69856,1,2012,14.84,Diesel,2012,Third Party insurance,7,Automatic,5,JAIPUR
1850000.0,SUV,60091,1,2013,14.16,Diesel,2013,Third Party insurance,7,Automatic,5,JAIPUR
450000.0,Hatchback,50501,1,2017,20.4,Petrol,2017,Not Available,5,Manual,5,JAIPUR
735000.0,Sedan,16603,1,2020,20.1,Petrol,2020,Comprehensive,5,Automatic,5,JAIPUR
500000.0,Hatchback,40960,1,2020,35.6,CNG,2020,Zero Dep,5,Manual,5,JAIPUR
485000.0,Hatchback,65000,1,2018,18.9,Petrol,2018,Comprehensive,5,Manual,5,JAIPUR
429000.0,Hatchback,74232,1,2014,22.9,Diesel,2014,Third Party,5,Manual,5,JAIPUR
347000.0,Hatchback,38892,1,2015,20.51,Petrol,2015,Third Party insurance,5,Manual,5,JAIPUR
695000.0,Sedan,72602,2,2016,19.08,Diesel,2016,Comprehensive,4,Automatic,5,JAIPUR
2450000.0,SUV,82882,1,2014,11.7,Diesel,2014,Third Party insurance,8,Automatic,5,JAIPUR
2325000.0,SUV,79329,2,2017,17.32,Diesel,2017,Third Party insurance,6,Manual,5,JAIPUR
400000.0,Sedan,63959,1,2013,19.1,Petrol,2013,Not Available,5,Manual,5,JAIPUR
900000.0,Hatchback,10801,1,2022,19.33,Petrol,2022,Not Available,5,Manual,5,JAIPUR
1300000.0,SUV,86580,2,2015,13.0,Diesel,2015,Not Available,5,Manual,7,JAIPUR
330000.0,Sedan,30751,2,2015,14.3,Petrol,2015,Not Available,6,Automatic,5,JAIPUR
250000.0,Hatchback,151231,1,2014,20.51,Petrol,2014,Not Available,5,Manual,5,JAIPUR
1575000.0,SUV,49000,1,2020,20.8,Diesel,2020,Comprehensive,6,Manual,5,JAIPUR
1475000.0,SUV,49000,1,2019,16.5,Petrol,2019,Comprehensive,7,Automatic,5,JAIPUR
225000.0,Sedan,147640,3,2006,14.84,Diesel,2006,Not Available,7,Automatic,5,JAIPUR
1370000.0,Sedan,55000,1,2013,15.2,Diesel,2013,Comprehensive,6,Automatic,5,JAIPUR
900000.0,SUV,17284,1,2022,16.5,Petrol,2022,Not Available,5,Manual,5,JAIPUR
300000.0,Sedan,100076,3,2014,24.4,Diesel,2014,Not Available,5,Manual,5,JAIPUR
60000.0,Hatchback,105180,2,2011,18.0,Petrol,2011,Not Available,5,Manual,5,JAIPUR
272000.0,Hatchback,85648,1,2018,22.05,Petrol,2018,Third Party,5,Manual,5,JAIPUR
509000.0,Hatchback,97229,1,2018,22.38,Petrol,2018,Third Party,5,Manual,5,JAIPUR
470000.0,Hatchback,74850,1,2016,27.39,Diesel,2016,Not Available,5,Manual,5,JAIPUR
539000.0,Hatchback,18484,1,2022,31.2,CNG,2022,Comprehensive,5,Manual,4,JAIPUR
544000.0,Hatchback,52509,1,2018,22.38,Petrol,2018,Third Party,5,Manual,5,JAIPUR
142000.0,Sedan,94970,2,2006,13.2,Petrol,2006,Not Available,5,Manual,5,JAIPUR
345000.0,Hatchback,57000,2,2016,20.36,Petrol,2016,Comprehensive,5,Manual,5,JAIPUR
965000.0,Sedan,91547,1,2018,21.13,Diesel,2018,Third Party insurance,5,Manual,5,JAIPUR
280000.0,Sedan,42601,1,2011,17.5,Petrol,2011,Not Available,5,Manual,5,JAIPUR
450000.0,MUV,208978,1,2013,20.77,Diesel,2013,Not Available,5,Manual,7,JAIPUR
1130000.0,SUV,31262,1,2019,17.8,Diesel,2019,Not Available,6,Automatic,5,JAIPUR
775000.0,SUV,72000,1,2018,23.0,Diesel,2018,Comprehensive,5,Manual,5,JAIPUR
216000.0,SUV,152633,1,2014,20.45,Diesel,2014,Not Available,5,Manual,5,JAIPUR
600000.0,Hatchback,70000,1,2017,18.6,Petrol,2017,Comprehensive,5,Manual,5,JAIPUR
2090000.0,Sedan,54737,1,2018,19.2,Petrol,2018,Comprehensive,7,Automatic,5,JAIPUR
1012000.0,SUV,97845,1,2020,15.1,Diesel,2020,Not Available,6,Manual,7,JAIPUR
630000.0,Hatchback,18240,1,2022,22.38,Petrol,2022,Not Available,5,Manual,5,JAIPUR
66000.0,Hatchback,81700,3,2017,18.9,Petrol,1999,Not Available,5,Manual,5,JAIPUR
590000.0,SUV,90000,2,2015,14.1,Diesel,2015,Comprehensive,5,Manual,7,JAIPUR
3800000.0,Sedan,65262,1,2014,14.47,Diesel,2014,Comprehensive,8,Automatic,5,JAIPUR
875000.0,Sedan,86703,1,2018,17.0,Petrol,2018,Zero Dep,6,Manual,5,JAIPUR
1110000.0,Sedan,16000,1,2022,19.47,Petrol,2022,Third Party insurance,6,Manual,5,JAIPUR
280000.0,Hatchback,48409,1,2018,21.1,Petrol,2018,Not Available,5,Manual,5,JAIPUR
364000.0,Hatchback,102912,1,2012,22.38,Petrol,2012,Comprehensive,5,Manual,5,JAIPUR
352000.0,Hatchback,37025,1,2019,22.25,Petrol,2019,Third Party insurance,5,Manual,5,JAIPUR
215000.0,Hatchback,164910,1,2015,19.49,Petrol,2015,Not Available,5,Manual,5,JAIPUR
300000.0,Sedan,68243,2,2012,20.54,Diesel,2012,Not Available,5,Manual,5,JAIPUR
231000.0,Hatchback,110728,1,2012,20.36,Petrol,2012,Not Available,5,Manual,5,JAIPUR
1156000.0,Sedan,69492,1,2020,25.0,Diesel,2020,Not Available,6,Manual,5,JAIPUR
400000.0,Hatchback,72480,1,2013,22.9,Diesel,2013,Not Available,5,Manual,5,JAIPUR
500000.0,Hatchback,120094,1,2016,18.6,Petrol,2016,Not Available,5,Manual,5,JAIPUR
350000.0,Hatchback,118149,3,2013,22.9,Diesel,2013,Not Available,5,Manual,5,JAIPUR
1420000.0,SUV,29000,1,2020,18.9,Petrol,2020,Comprehensive,0,Automatic,5,JAIPUR
385000.0,Hatchback,68000,3,2015,16.5,Petrol,2015,Third Party,5,Automatic,5,JAIPUR
1200000.0,SUV,55463,1,2021,18.9,Electric,2021,Zero Dep,5,Automatic,5,JAIPUR
1400000.0,SUV,26455,1,2022,18.9,Electric,2022,Not Available,5,Automatic,5,JAIPUR
94353.0,Minivans,45663,3,2014,16.8,Petrol,2014,Not Available,4,Manual,8,JAIPUR
96295.0,Hatchback,62626,1,2012,22.74,Petrol,2012,Not Available,5,Manual,5,JAIPUR
570000.0,Minivans,32317,1,2022,20.88,CNG,2022,Not Available,5,Manual,5,JAIPUR
117000.0,Hatchback,65733,2,2010,18.5,Petrol,2010,Not Available,5,Manual,5,JAIPUR
537000.0,Hatchback,21388,1,2020,19.33,Petrol,2020,Third Party,5,Manual,5,JAIPUR
678000.0,Sedan,71448,3,2019,28.4,Diesel,2019,Third Party insurance,5,Automatic,5,JAIPUR
2450000.0,SUV,10371,1,2022,18.9,Electric,2022,Comprehensive,5,Automatic,5,JAIPUR
541000.0,Sedan,63385,1,2018,19.5,Petrol,2018,Third Party insurance,5,Manual,5,JAIPUR
578000.0,Hatchback,60048,1,2019,18.6,Petrol,2019,Third Party insurance,5,Manual,5,JAIPUR
1490000.0,Sedan,44351,1,2022,18.9,Electric,2022,Third Party,1,Automatic,5,JAIPUR
200000.0,Hatchback,45926,1,2015,21.1,Petrol,2015,Not Available,5,Manual,5,JAIPUR
750000.0,SUV,19876,1,2021,17.03,Petrol,2021,Not Available,5,Manual,5,JAIPUR
675000.0,Hatchback,69000,1,2017,22.54,Diesel,2017,Comprehensive,6,Manual,5,JAIPUR
895000.0,SUV,65000,1,2021,17.03,Petrol,2021,Comprehensive,5,Manual,5,JAIPUR
420000.0,Hatchback,37386,1,2015,18.9,Petrol,2015,Not Available,5,Manual,5,JAIPUR
550000.0,Hatchback,104590,1,2020,21.01,Petrol,2020,Not Available,5,Manual,5,JAIPUR
725000.0,Sedan,57794,1,2021,22.41,Petrol,2021,Not Available,5,Manual,5,JAIPUR
420000.0,SUV,105072,1,2015,22.7,Diesel,2015,Not Available,5,Manual,5,JAIPUR
150000.0,Sedan,176550,3,2007,13.5,Petrol,2007,Not Available,5,Manual,5,JAIPUR
785000.0,Sedan,52000,1,2016,23.9,Diesel,2016,Comprehensive,6,Manual,5,JAIPUR
460000.0,Hatchback,26124,1,2020,19.33,Petrol,2020,Not Available,5,Manual,5,JAIPUR
750000.0,Sedan,35925,1,2018,20.73,Petrol,2018,Not Available,5,Manual,5,JAIPUR
73000.0,Sedan,64816,2,2008,13.0,Petrol,2008,Not Available,5,Manual,5,JAIPUR
108000.0,MUV,92701,4,2008,13.6,Diesel,2008,Not Available,5,Manual,7,JAIPUR
419000.0,Hatchback,38439,1,2019,25.24,Petrol,2019,Third Party insurance,5,Manual,5,JAIPUR
549000.0,SUV,45531,1,2017,15.85,Petrol,2017,Comprehensive,5,Manual,5,JAIPUR
710000.0,Sedan,33000,1,2021,22.41,Petrol,2021,Comprehensive,5,Manual,5,JAIPUR
426000.0,Hatchback,71098,2,2015,22.38,Petrol,2015,Comprehensive,5,Manual,5,JAIPUR
633000.0,SUV,99432,1,2014,15.1,Diesel,2014,Comprehensive,6,Manual,7,JAIPUR
110000.0,Sedan,44777,2,2005,15.9,Petrol,2005,Not Available,5,Manual,5,JAIPUR
440000.0,Hatchback,24068,2,2020,22.0,Petrol,2020,Not Available,5,Automatic,5,JAIPUR
250000.0,Hatchback,85445,3,2013,20.0,Diesel,2013,Not Available,5,Manual,5,JAIPUR
477000.0,Sedan,112097,4,2008,15.5,Diesel,2008,Not Available,6,Automatic,5,JAIPUR
470000.0,Hatchback,80008,1,2017,24.0,Diesel,2017,Not Available,5,Manual,5,JAIPUR
400000.0,Sedan,96496,2,2013,20.54,Diesel,2013,Not Available,5,Manual,5,JAIPUR
550000.0,SUV,75744,1,2014,19.01,Diesel,2014,Not Available,6,Manual,5,JAIPUR
545000.0,Hatchback,70000,1,2017,26.8,Diesel,2017,Comprehensive,5,Automatic,5,JAIPUR
565000.0,Hatchback,85000,1,2015,21.19,Diesel,2015,Comprehensive,6,Manual,5,JAIPUR
410000.0,Hatchback,15092,1,2022,22.05,Petrol,2022,Not Available,5,Manual,5,JAIPUR
380000.0,Sedan,117131,3,2014,18.0,Petrol,2014,Not Available,5,Manual,5,JAIPUR
400000.0,Hatchback,32802,2,2016,20.51,Petrol,2016,Not Available,5,Automatic,5,JAIPUR
650000.0,Hatchback,39201,1,2016,21.4,Petrol,2016,Not Available,5,Manual,5,JAIPUR
1260000.0,SUV,101884,1,2019,17.8,Diesel,2019,Not Available,6,Automatic,5,JAIPUR
450000.0,Hatchback,152702,2,2014,25.2,Diesel,2014,Not Available,5,Manual,5,JAIPUR
210000.0,Hatchback,74729,1,2014,21.1,Petrol,2014,Third Party,5,Manual,5,JAIPUR
990000.0,SUV,9009,1,2022,17.33,Petrol,2022,Not Available,6,Manual,5,JAIPUR
1059000.0,SUV,10785,1,2020,18.55,Petrol,2020,Zero Dep,5,Manual,5,JAIPUR
426000.0,Hatchback,85374,1,2017,18.9,Petrol,2017,Third Party insurance,5,Manual,5,JAIPUR
175000.0,Hatchback,36495,1,2011,20.36,Petrol,2011,Not Available,5,Manual,5,JAIPUR
220000.0,Hatchback,57095,2,2012,22.07,Diesel,2012,Not Available,5,Manual,5,JAIPUR
1000000.0,Hatchback,20199,1,2022,25.0,Diesel,2022,Not Available,6,Manual,5,JAIPUR
530000.0,Hatchback,1782,1,2022,21.46,Petrol,2022,Not Available,5,Manual,5,JAIPUR
700000.0,SUV,182946,1,2017,15.29,Petrol,2017,Not Available,6,Manual,5,JAIPUR
299000.0,Hatchback,20685,1,2019,25.17,Petrol,2019,Not Available,5,Manual,5,JAIPUR
250000.0,Hatchback,51284,1,2015,21.1,Petrol,2015,Not Available,5,Manual,5,JAIPUR
895000.0,MUV,83000,1,2020,19.34,Petrol,2020,Comprehensive,5,Manual,7,JAIPUR
322000.0,Hatchback,36661,1,2019,24.7,Petrol,2019,Not Available,5,Manual,5,JAIPUR
1400000.0,SUV,44143,1,2022,15.2,Petrol,2022,Not Available,6,Manual,4,JAIPUR
150000.0,Sedan,108168,4,2006,17.7,Petrol,2006,Not Available,5,Manual,5,JAIPUR
310000.0,Hatchback,69475,1,2018,23.95,Petrol,2018,Not Available,5,Automatic,5,JAIPUR
500000.0,SUV,96294,2,2013,15.1,Diesel,2013,Not Available,6,Manual,7,JAIPUR
825000.0,SUV,48000,1,2017,15.8,Petrol,2017,Comprehensive,6,Manual,5,JAIPUR
810000.0,SUV,34970,1,2018,24.3,Diesel,2018,Third Party insurance,5,Manual,5,JAIPUR
649000.0,Sedan,49931,1,2020,20.5,Petrol,2020,Third Party,5,Manual,5,JAIPUR
670000.0,Hatchback,49500,1,2018,21.4,Petrol,2018,Comprehensive,5,Manual,5,JAIPUR
1525000.0,SUV,44376,1,2019,18.0,Diesel,2019,Comprehensive,6,Automatic,5,JAIPUR
655000.0,Hatchback,49225,1,2018,28.4,Diesel,2018,Comprehensive,5,Manual,5,JAIPUR
493000.0,Hatchback,68843,1,2020,19.01,Petrol,2020,Comprehensive,5,Manual,5,JAIPUR
325000.0,Hatchback,60318,1,2009,21.79,Petrol,2009,Comprehensive,5,Manual,5,JAIPUR
550000.0,Hatchback,101014,1,2018,28.4,Diesel,2018,Zero Dep,5,Automatic,5,JAIPUR
376000.0,Hatchback,44319,2,2020,22.0,Petrol,2020,Not Available,5,Automatic,5,JAIPUR
337000.0,Hatchback,49422,1,2017,16.2,Petrol,2017,Not Available,5,Manual,5,JAIPUR
1045000.0,SUV,44934,1,2021,16.35,Petrol,2021,Not Available,6,Automatic,5,JAIPUR
118000.0,Sedan,251066,1,2011,19.3,Diesel,2011,Not Available,5,Manual,5,JAIPUR
436000.0,Sedan,208708,1,2017,28.09,Diesel,2017,Not Available,5,Manual,5,JAIPUR
75697.0,Hatchback,75426,1,2009,18.9,LPG,2009,Not Available,5,Manual,5,JAIPUR
861000.0,SUV,36107,1,2020,18.15,Petrol,2020,Not Available,7,Automatic,5,JAIPUR
590000.0,SUV,50854,1,2019,17.5,Petrol,2019,Third Party,5,Manual,5,JAIPUR
553000.0,Hatchback,7985,1,2020,20.7,Petrol,2020,Not Available,5,Manual,5,JAIPUR
429000.0,SUV,47913,1,2017,18.49,Diesel,2017,Not Available,5,Manual,7,JAIPUR
500000.0,Hatchback,138907,1,2017,21.4,Petrol,2017,Not Available,5,Manual,5,JAIPUR
108000.0,Hatchback,201161,1,2010,21.1,Diesel,2010,Not Available,5,Manual,5,JAIPUR
482000.0,SUV,124143,1,2015,15.1,Diesel,2015,Not Available,6,Manual,7,JAIPUR
422000.0,Sedan,65396,2,2017,19.5,Petrol,2017,Third Party insurance,5,Manual,5,JAIPUR
206000.0,Hatchback,45746,1,2011,20.36,Petrol,2011,Third Party insurance,5,Manual,5,JAIPUR
630000.0,Sedan,90560,1,2017,20.73,Petrol,2017,Not Available,5,Manual,5,JAIPUR
1390000.0,SUV,48350,1,2015,12.0,Petrol,2015,Comprehensive,5,Automatic,5,JAIPUR
525000.0,Sedan,66000,1,2017,25.8,Diesel,2017,Comprehensive,5,Manual,5,JAIPUR
364000.0,Hatchback,1989,1,2022,22.05,Petrol,2022,Not Available,5,Manual,5,JAIPUR
200000.0,Hatchback,110818,1,2014,21.1,Petrol,2014,Not Available,5,Manual,5,JAIPUR
975000.0,SUV,89000,2,2017,17.6,Diesel,2017,Comprehensive,6,Automatic,5,JAIPUR
250000.0,Hatchback,67225,1,2018,18.15,Petrol,2018,Not Available,5,Manual,6,JAIPUR
1300000.0,SUV,96937,1,2020,17.0,Diesel,2020,Not Available,6,Manual,5,JAIPUR
200000.0,Hatchback,160145,1,2010,17.8,Diesel,2010,Not Available,5,Manual,5,JAIPUR
450000.0,MUV,85017,1,2015,17.3,Petrol,2015,Not Available,5,Manual,7,JAIPUR
150000.0,Hatchback,86719,1,2009,19.81,Petrol,2009,Not Available,5,Manual,5,JAIPUR
55000.0,Hatchback,85254,3,2006,18.9,Petrol,2006,Not Available,5,Manual,5,JAIPUR
244000.0,Sedan,106311,2,2012,19.0,Diesel,2012,Comprehensive,5,Manual,5,JAIPUR
350000.0,Hatchback,66328,1,2018,18.5,Petrol,2018,Not Available,5,Manual,5,JAIPUR
100000.0,Sedan,132528,1,2017,13.0,Petrol,1999,Third Party,5,Manual,5,JAIPUR
3100000.0,Sedan,62285,1,2019,19.33,Diesel,2019,Third Party insurance,8,Automatic,5,JAIPUR
179000.0,Hatchback,183619,1,2011,21.9,Diesel,2011,Not Available,5,Manual,5,JAIPUR
900000.0,SUV,27019,1,2019,16.5,Diesel,2019,Not Available,5,Manual,7,JAIPUR
190000.0,Hatchback,46848,1,2011,20.36,Petrol,2011,Comprehensive,5,Manual,5,JAIPUR
547000.0,SUV,16424,1,2021,20.5,Petrol,2021,Not Available,5,Manual,5,JAIPUR
510000.0,Sedan,89525,2,2015,20.73,Petrol,2015,Not Available,5,Manual,5,JAIPUR
1650000.0,SUV,39657,1,2020,18.5,Diesel,2020,Not Available,6,Automatic,5,JAIPUR
1000000.0,SUV,44516,1,2021,19.2,Petrol,2021,Comprehensive,6,Manual,5,JAIPUR
580000.0,Sedan,129267,1,2016,26.59,Diesel,2016,Not Available,5,Manual,5,JAIPUR
250000.0,Hatchback,77497,1,2017,21.1,Petrol,2017,Not Available,5,Manual,5,JAIPUR
310000.0,Hatchback,74953,4,2015,25.2,Diesel,2015,Not Available,5,Manual,5,JAIPUR
400000.0,Sedan,153007,2,2016,28.09,Diesel,2016,Not Available,5,Manual,5,JAIPUR
94723.0,Hatchback,75415,2,2008,19.7,Petrol,2008,Not Available,5,Manual,5,JAIPUR
602000.0,MUV,32516,1,2022,20.51,Petrol,2022,Not Available,5,Manual,7,JAIPUR
70000.0,Hatchback,110833,2,2005,18.9,Petrol,2005,Not Available,5,Manual,5,JAIPUR
900000.0,SUV,49972,1,2022,18.4,Petrol,2022,Third Party,5,Manual,5,JAIPUR
54000.0,Hatchback,174077,1,2006,19.7,Petrol,2006,Not Available,5,Manual,5,JAIPUR
110000.0,Hatchback,72434,3,2011,19.7,Petrol,2011,Not Available,5,Manual,5,JAIPUR
300000.0,Sedan,34185,3,2015,18.16,Petrol,2015,Not Available,5,Manual,5,JAIPUR
417000.0,SUV,29336,2,2021,18.75,Petrol,2021,Not Available,5,Manual,5,JAIPUR
325000.0,Hatchback,71501,1,2015,18.9,Petrol,2015,Not Available,5,Manual,5,JAIPUR
1200000.0,SUV,68279,1,2019,16.5,Petrol,2019,Not Available,6,Manual,5,JAIPUR
211000.0,Sedan,99761,2,2012,23.4,Diesel,2012,Not Available,5,Manual,5,JAIPUR
1450000.0,SUV,46865,1,2021,16.5,Petrol,2021,Not Available,7,Automatic,5,JAIPUR
270000.0,Hatchback,158924,1,2014,24.0,Diesel,2014,Not Available,5,Manual,5,JAIPUR
300000.0,Hatchback,94905,1,2014,21.9,Diesel,2014,Not Available,6,Manual,5,JAIPUR
442000.0,Sedan,80607,2,2014,26.0,Diesel,2014,Not Available,6,Manual,5,JAIPUR
508000.0,Hatchback,33055,2,2020,21.21,Petrol,2020,Not Available,5,Automatic,5,JAIPUR
400000.0,SUV,91873,2,2012,15.1,Diesel,2012,Not Available,6,Manual,7,JAIPUR
62000.0,Sedan,72117,1,2007,12.9,Petrol,2007,Not Available,5,Manual,5,JAIPUR
415000.0,SUV,160351,1,2012,15.1,Diesel,2012,Not Available,6,Manual,7,JAIPUR
755000.0,SUV,68280,1,2018,24.3,Diesel,2018,Not Available,5,Manual,5,JAIPUR
340000.0,Hatchback,47008,1,2018,23.95,Petrol,2018,Not Available,5,Manual,5,JAIPUR
900000.0,Sedan,104782,1,2018,22.0,Diesel,2018,Not Available,6,Manual,5,JAIPUR
381000.0,MUV,107598,2,2017,17.03,Petrol,2017,Not Available,4,Automatic,7,JAIPUR
950000.0,SUV,90150,1,2019,22.1,Diesel,2019,Not Available,6,Manual,5,JAIPUR
500000.0,Sedan,77074,2,2016,28.09,Diesel,2016,Not Available,5,Manual,5,JAIPUR
731000.0,Sedan,32293,1,2021,18.3,Petrol,2021,Not Available,0,Automatic,5,JAIPUR
1200000.0,SUV,69510,1,2018,16.0,Petrol,2018,Not Available,7,Automatic,5,JAIPUR
1000000.0,SUV,131511,1,2018,17.1,Diesel,2018,Not Available,6,Manual,5,JAIPUR
300000.0,Hatchback,145716,2,2012,22.9,Diesel,2012,Not Available,5,Manual,5,JAIPUR
607000.0,Sedan,38943,1,2017,20.73,Petrol,2017,Not Available,5,Manual,5,JAIPUR
69000.0,Hatchback,96598,2,2005,17.3,Petrol,2005,Not Available,5,Manual,5,JAIPUR
1600000.0,SUV,28807,1,2021,18.9,Petrol,2021,Not Available,0,Automatic,5,JAIPUR
1275000.0,Sedan,107000,1,2012,16.73,Diesel,2012,Comprehensive,8,Automatic,5,JAIPUR
3675000.0,SUV,79331,2,2016,12.7,Diesel,2016,Comprehensive,9,Automatic,5,JAIPUR
995000.0,SUV,49503,1,2020,18.9,Diesel,2020,Third Party,6,Manual,5,JAIPUR
1350000.0,MUV,137029,1,2014,12.99,Diesel,2014,Third Party insurance,5,Manual,7,JAIPUR
1490000.0,SUV,34576,1,2018,16.0,Petrol,2018,Third Party insurance,7,Automatic,5,JAIPUR
750000.0,SUV,40220,1,2016,18.49,Diesel,2016,1,5,Manual,7,JAIPUR
675000.0,Hatchback,83083,1,2018,27.39,Diesel,2018,Comprehensive,5,Manual,5,JAIPUR
1050000.0,SUV,139208,1,2010,11.5,Diesel,2010,Third Party insurance,5,Manual,7,JAIPUR
276000.0,Hatchback,40000,1,2023,24.39,Petrol,2023,Third Party insurance,5,Manual,5,JAIPUR
182000.0,Hatchback,50000,1,2016,20.51,Petrol,2016,Third Party insurance,5,Manual,5,JAIPUR
50000.0,Sedan,60000,1,2005,15.9,Petrol,2005,Third Party insurance,5,Manual,5,JAIPUR
600000.0,MUV,50000,1,2023,20.0,Petrol,2023,Third Party insurance,5,Manual,7,JAIPUR
130000.0,Hatchback,100000,1,2011,21.1,Petrol,2011,Third Party insurance,5,Manual,5,JAIPUR
130000.0,Hatchback,120000,1,2012,21.1,Petrol,2012,Third Party insurance,5,Manual,5,JAIPUR
110000.0,Hatchback,70000,2,2011,15.6,Petrol,2011,Third Party insurance,5,Manual,5,JAIPUR
55000.0,Hatchback,50000,2,2008,18.2,Petrol,2008,Third Party insurance,5,Manual,5,JAIPUR
130000.0,Hatchback,120000,1,2011,21.1,Petrol,2011,Third Party insurance,5,Manual,5,JAIPUR
650000.0,SUV,20000,1,2022,18.75,Petrol,2022,Third Party insurance,5,Manual,5,JAIPUR
250000.0,Hatchback,40000,1,2016,25.17,Petrol,2016,Third Party insurance,5,Manual,5,JAIPUR
110000.0,Hatchback,100000,1,2010,19.0,Petrol,2010,Third Party insurance,5,Manual,5,JAIPUR
730000.0,SUV,10000,1,2021,20.0,Petrol,2021,Third Party insurance,5,Manual,5,JAIPUR
130000.0,Hatchback,60000,1,2012,26.83,CNG,2012,Third Party insurance,1,Manual,5,JAIPUR
330000.0,Hatchback,20000,1,2021,22.05,Petrol,2021,Third Party insurance,5,Manual,5,JAIPUR
600000.0,Sedan,30000,1,2020,21.21,Petrol,2020,Third Party insurance,5,Manual,5,JAIPUR
600000.0,MUV,70000,1,2020,20.0,Petrol,2020,Third Party insurance,5,Manual,7,JAIPUR
600000.0,MUV,70000,1,2020,20.0,Petrol,2020,Third Party insurance,5,Manual,7,JAIPUR
100000.0,Hatchback,50000,2,2009,17.3,Petrol,2009,Third Party insurance,5,Manual,5,JAIPUR
335000.0,Hatchback,70000,1,2013,18.6,Petrol,2013,Third Party insurance,5,Manual,5,JAIPUR
1100000.0,SUV,30000,1,2023,17.29,Diesel,2023,Third Party insurance,5,Manual,7,JAIPUR
400000.0,SUV,50000,3,2014,16.5,Petrol,2014,Third Party insurance,6,Automatic,5,JAIPUR
300000.0,Hatchback,30000,1,2011,17.0,Petrol,2011,Third Party insurance,5,Manual,5,JAIPUR
180000.0,Hatchback,20000,1,2011,17.92,Petrol,2011,Third Party insurance,5,Manual,5,JAIPUR
1100000.0,SUV,20000,1,2022,20.0,Diesel,2022,Third Party insurance,6,Manual,5,JAIPUR
900000.0,SUV,50000,1,2019,15.81,Petrol,2019,Third Party insurance,6,Manual,5,JAIPUR
230000.0,Hatchback,90000,1,2012,17.0,Petrol,2012,Third Party insurance,5,Manual,5,JAIPUR
150000.0,Hatchback,60000,3,2011,20.0,Diesel,2011,Third Party insurance,5,Manual,5,JAIPUR
400000.0,Hatchback,100000,1,2018,23.1,Petrol,2018,Third Party insurance,5,Automatic,5,JAIPUR
700000.0,Hatchback,10000,1,2022,19.3,Petrol,2022,Third Party insurance,6,Manual,5,JAIPUR
600000.0,SUV,60000,1,2017,23.0,Diesel,2017,Third Party insurance,5,Manual,5,JAIPUR
745000.0,SUV,40000,1,2021,17.03,Petrol,2021,Third Party insurance,5,Manual,5,JAIPUR
150000.0,Hatchback,120000,2,2013,20.0,Diesel,2013,Third Party insurance,5,Manual,5,JAIPUR
150000.0,Hatchback,120000,2,2013,20.0,Diesel,2013,Third Party insurance,5,Manual,5,JAIPUR
1166000.0,SUV,70000,1,2020,20.8,Diesel,2020,Third Party insurance,6,Manual,5,JAIPUR
500000.0,Hatchback,10000,1,2021,21.79,Petrol,2021,Third Party insurance,5,Manual,5,JAIPUR
350000.0,Hatchback,50000,2,2018,23.95,Petrol,2018,Third Party insurance,5,Automatic,5,JAIPUR
600000.0,SUV,50000,2,2018,21.5,Diesel,2018,Third Party insurance,6,Manual,5,JAIPUR
225000.0,Hatchback,50000,1,2016,20.63,Petrol,2016,Third Party insurance,5,Manual,5,JAIPUR
1000000.0,SUV,30000,1,2021,16.0,Diesel,2021,Third Party insurance,5,Manual,7,JAIPUR
190000.0,Sedan,150000,2,2010,19.3,Diesel,2010,Third Party insurance,5,Manual,5,JAIPUR
15000000.0,Coupe,30000,2,2020,9.0,Petrol,2020,Third Party insurance,8,Automatic,4,JAIPUR
950000.0,SUV,70000,1,2021,17.29,Diesel,2021,Third Party insurance,5,Manual,7,JAIPUR
150000.0,Hatchback,90000,1,2010,19.0,Petrol,2010,Third Party insurance,5,Manual,5,JAIPUR
185000.0,Hatchback,50000,1,2010,19.7,Petrol,2010,Third Party insurance,5,Manual,5,JAIPUR
50000.0,Hatchback,80000,4,2017,16.1,Petrol,1998,Third Party insurance,4,Manual,4,JAIPUR
150000.0,Hatchback,120000,2,2014,25.44,Diesel,2014,Third Party insurance,5,Manual,5,JAIPUR
800000.0,Sedan,20000,1,2021,18.6,Petrol,2021,Third Party insurance,5,Manual,5,JAIPUR
450000.0,SUV,60000,4,2017,16.55,Diesel,2017,Third Party insurance,5,Manual,6,JAIPUR
430000.0,Sedan,60000,2,2016,25.8,Diesel,2016,Third Party insurance,5,Manual,5,JAIPUR
225000.0,Sedan,70000,2,2011,17.5,Petrol,2011,Third Party insurance,5,Manual,5,JAIPUR
70000.0,Hatchback,150000,3,2008,19.7,Petrol,2008,Third Party insurance,5,Manual,5,JAIPUR
175000.0,Hatchback,30000,2,2010,20.36,Petrol,2010,Third Party insurance,5,Manual,5,JAIPUR
100000.0,Sedan,60000,1,2008,13.2,Petrol,2008,Third Party insurance,5,Manual,5,JAIPUR
600000.0,MUV,120000,2,2017,24.52,Diesel,2017,Third Party insurance,5,Manual,7,JAIPUR
200000.0,Sedan,100000,1,2011,17.5,Petrol,2011,Third Party insurance,5,Manual,5,JAIPUR
1600000.0,SUV,50000,1,2020,15.4,Diesel,2020,Third Party insurance,6,Manual,7,JAIPUR
100000.0,Hatchback,70000,1,2007,17.8,Petrol,2007,Third Party insurance,5,Manual,5,JAIPUR
1200000.0,SUV,10000,1,2022,16.82,Petrol,2022,Third Party insurance,6,Manual,5,JAIPUR
1070000.0,SUV,50000,1,2020,16.82,Petrol,2020,Third Party insurance,6,Manual,5,JAIPUR
248000.0,Hatchback,80000,1,2015,21.1,Petrol,2015,Third Party insurance,5,Manual,5,JAIPUR
400000.0,Hatchback,40000,1,2020,22.05,Petrol,2020,Third Party insurance,5,Manual,5,JAIPUR
125000.0,Hatchback,70000,2,2007,19.7,Petrol,2007,Third Party insurance,5,Manual,5,JAIPUR
400000.0,Hatchback,150000,1,2016,27.3,Diesel,2016,Third Party insurance,6,Manual,5,JAIPUR
900000.0,Sedan,40000,1,2021,21.0,Diesel,2021,Third Party insurance,0,Automatic,5,JAIPUR
310000.0,Hatchback,30000,1,2020,22.05,Petrol,2020,Third Party insurance,5,Manual,5,JAIPUR
350000.0,Sedan,80000,1,2014,19.1,Petrol,2014,Third Party insurance,5,Manual,5,JAIPUR
1300000.0,SUV,80000,1,2017,17.1,Diesel,2017,Third Party insurance,6,Manual,5,JAIPUR
850000.0,SUV,20000,1,2021,16.5,Petrol,2021,Third Party insurance,5,Manual,5,JAIPUR
90000.0,Hatchback,70000,2,2009,18.0,Petrol,2009,Third Party insurance,5,Manual,5,JAIPUR
500000.0,SUV,120000,1,2012,15.1,Diesel,2012,Third Party insurance,6,Manual,7,JAIPUR
950000.0,SUV,20000,1,2022,16.5,Petrol,2022,Third Party insurance,5,Manual,5,JAIPUR
1214000.0,SUV,150000,1,2018,17.1,Diesel,2018,Third Party insurance,6,Manual,5,JAIPUR
670000.0,Sedan,20000,1,2021,20.5,Petrol,2021,Third Party insurance,5,Manual,5,JAIPUR
50000.0,Hatchback,80000,2,2004,16.1,Petrol,2004,Third Party insurance,4,Manual,4,JAIPUR
850000.0,SUV,90000,1,2017,24.3,Diesel,2017,Third Party insurance,5,Manual,5,JAIPUR
300000.0,Hatchback,30000,1,2017,25.17,Petrol,2017,Third Party insurance,5,Manual,5,JAIPUR
330000.0,Hatchback,30000,1,2020,22.05,Petrol,2020,Third Party insurance,5,Manual,5,JAIPUR
750000.0,SUV,40000,3,2018,24.3,Diesel,2018,Third Party insurance,5,Manual,5,JAIPUR
70000.0,Sedan,120000,4,2005,13.2,Petrol,2005,Third Party insurance,5,Manual,5,JAIPUR
80000.0,Hatchback,120000,4,2006,18.9,Petrol,2006,Third Party insurance,5,Manual,5,JAIPUR
125000.0,Hatchback,60000,2,2009,18.9,Petrol,2009,Third Party insurance,5,Manual,5,JAIPUR
250000.0,Sedan,150000,2,2009,19.3,Diesel,2009,Third Party insurance,5,Manual,5,JAIPUR
370000.0,Hatchback,60000,1,2019,24.7,Petrol,2019,Third Party insurance,5,Manual,5,JAIPUR
325000.0,SUV,150000,1,2013,19.01,Diesel,2013,Third Party insurance,6,Manual,5,JAIPUR
45000.0,Hatchback,80000,2,2006,16.1,Petrol,2006,Third Party insurance,4,Manual,4,JAIPUR
170000.0,SUV,100000,2,2009,13.93,Diesel,2009,Third Party insurance,5,Manual,7,JAIPUR
800000.0,SUV,50000,1,2019,16.5,Diesel,2019,Third Party insurance,5,Manual,7,JAIPUR
122000.0,Hatchback,50000,3,2012,25.44,Diesel,2012,Third Party insurance,5,Manual,5,JAIPUR
150000.0,Hatchback,60000,2,2008,20.36,Petrol,2008,Third Party insurance,5,Manual,5,JAIPUR
325000.0,Hatchback,30000,1,2020,22.05,Petrol,2020,Third Party insurance,5,Manual,5,JAIPUR
50000.0,Hatchback,80000,4,2003,16.1,Petrol,2003,Third Party insurance,4,Manual,4,JAIPUR
1100000.0,SUV,10000,2,2022,18.0,Petrol,2022,Third Party insurance,6,Manual,5,JAIPUR
100000.0,Sedan,150000,2,2009,13.2,LPG,2009,Third Party insurance,5,Manual,5,JAIPUR
700000.0,Coupe,40000,4,2006,7.94,Petrol,2006,Third Party insurance,8,Automatic,4,JAIPUR
125000.0,Hatchback,150000,2,2009,18.9,Petrol,2009,Third Party insurance,5,Manual,5,JAIPUR
800000.0,SUV,60000,1,2019,17.0,Petrol,2019,Third Party insurance,6,Manual,5,JAIPUR
780000.0,MUV,30000,1,2021,20.0,Petrol,2021,Third Party insurance,5,Manual,7,JAIPUR
225000.0,Sedan,120000,2,2009,17.0,Petrol,2009,Third Party insurance,5,Manual,5,JAIPUR
950000.0,SUV,50000,1,2021,17.05,Petrol,2021,Third Party insurance,6,Automatic,5,JAIPUR
380000.0,Hatchback,150000,2,2014,25.2,Diesel,2014,Third Party insurance,5,Manual,5,JAIPUR
90000.0,Hatchback,150000,2,2007,18.2,Petrol,2007,Third Party insurance,5,Manual,5,JAIPUR
425000.0,Hatchback,10000,1,2022,22.05,Petrol,2022,Third Party insurance,5,Manual,5,JAIPUR
1450000.0,SUV,30000,1,2021,16.8,Petrol,2021,Third Party insurance,6,Manual,5,JAIPUR
590000.0,Hatchback,60000,2,2018,21.4,Petrol,2018,Third Party insurance,5,Manual,5,JAIPUR
590000.0,Hatchback,60000,2,2018,21.4,Petrol,2018,Third Party insurance,5,Manual,5,JAIPUR
280000.0,Hatchback,50000,1,2018,24.7,Petrol,2018,Third Party insurance,5,Manual,5,JAIPUR
250000.0,Hatchback,120000,2,2014,23.1,Petrol,2014,Third Party insurance,5,Manual,5,JAIPUR
500000.0,SUV,70000,1,2013,15.1,Diesel,2013,Third Party insurance,6,Manual,7,JAIPUR
500000.0,SUV,150000,1,2017,25.1,Diesel,2017,Third Party insurance,5,Manual,5,JAIPUR
142000.0,Hatchback,50000,1,2016,25.4,Petrol,2016,Third Party insurance,4,Manual,4,JAIPUR
300000.0,SUV,70000,1,2016,18.15,Petrol,2016,Third Party insurance,5,Manual,6,JAIPUR
650000.0,Hatchback,40000,1,2021,22.38,Petrol,2021,Third Party insurance,5,Manual,5,JAIPUR
150000.0,Hatchback,120000,3,2006,16.1,Petrol,2006,Third Party insurance,5,Manual,5,JAIPUR
500000.0,Sedan,60000,2,2019,20.3,Petrol,2019,Third Party insurance,5,Manual,5,JAIPUR
150000.0,Hatchback,150000,4,2010,16.98,Petrol,2010,Third Party insurance,4,Automatic,5,JAIPUR
161000.0,Sedan,90000,2,2011,23.57,Diesel,2011,Third Party insurance,5,Manual,5,JAIPUR
1000000.0,SUV,10000,2,2023,16.5,Petrol,2023,Third Party insurance,5,Manual,5,JAIPUR
520000.0,Hatchback,50000,1,2020,20.09,Petrol,2020,Third Party insurance,5,Manual,5,JAIPUR
725000.0,SUV,90000,2,2016,18.49,Diesel,2016,Third Party insurance,5,Manual,7,JAIPUR
750000.0,MUV,30000,1,2021,20.0,Petrol,2021,Third Party insurance,5,Manual,7,JAIPUR
250000.0,Hatchback,40000,1,2013,20.92,Petrol,2013,Third Party insurance,5,Manual,5,JAIPUR
350000.0,SUV,150000,1,2013,19.01,Diesel,2013,Third Party insurance,6,Manual,5,JAIPUR
400000.0,Hatchback,120000,1,2017,19.2,LPG,2017,Third Party insurance,5,Manual,5,JAIPUR
150000.0,Hatchback,100000,3,2012,19.7,Petrol,2012,Third Party insurance,5,Manual,5,JAIPUR
460000.0,Sedan,90000,1,2016,26.59,Diesel,2016,Third Party insurance,5,Manual,5,JAIPUR
40000.0,Hatchback,70000,4,2004,16.1,Petrol,2004,Third Party insurance,4,Manual,4,JAIPUR
425000.0,Sedan,150000,1,2017,22.1,Diesel,2017,Third Party insurance,5,Manual,5,JAIPUR
100000.0,Hatchback,120000,2,2005,18.9,Petrol,2005,Third Party insurance,5,Manual,5,JAIPUR
650000.0,Hatchback,60000,1,2019,21.1,Petrol,2019,Third Party insurance,5,Manual,5,JAIPUR
750000.0,MUV,100000,2,2017,24.52,Diesel,2017,Third Party insurance,5,Manual,7,JAIPUR
456000.0,Hatchback,10000,1,2022,22.05,Petrol,2022,Third Party insurance,5,Manual,5,JAIPUR
350000.0,SUV,120000,1,2013,19.01,Diesel,2013,Third Party insurance,6,Manual,5,JAIPUR
375000.0,Sedan,150000,1,2015,26.59,Diesel,2015,Third Party insurance,5,Manual,5,JAIPUR
305000.0,SUV,120000,2,2005,15.96,Diesel,2005,Third Party insurance,5,Manual,9,JAIPUR
400000.0,Sedan,150000,2,2012,22.32,Diesel,2012,Third Party insurance,6,Manual,5,JAIPUR
400000.0,Sedan,150000,1,2016,25.8,Diesel,2016,Third Party insurance,5,Manual,5,JAIPUR
230000.0,Hatchback,120000,2,2017,21.1,Petrol,2017,Third Party insurance,5,Manual,5,JAIPUR
725000.0,Hatchback,20000,2,2021,19.33,Petrol,2021,Third Party insurance,5,Manual,5,JAIPUR
425000.0,MUV,100000,2,2009,12.8,Diesel,2009,Third Party insurance,5,Manual,7,JAIPUR
450000.0,Sedan,30000,1,2014,15.04,Petrol,2014,Third Party insurance,5,Manual,5,JAIPUR
300000.0,Hatchback,120000,2,2016,23.08,Diesel,2016,Third Party insurance,5,Manual,5,JAIPUR
160000.0,Hatchback,90000,3,2011,18.6,Petrol,2011,Third Party insurance,5,Manual,5,JAIPUR
640000.0,Hatchback,10000,1,2023,22.38,Petrol,2023,Third Party insurance,5,Manual,5,JAIPUR
675000.0,Sedan,30000,1,2021,20.5,Petrol,2021,Third Party insurance,5,Manual,5,JAIPUR
300000.0,SUV,150000,1,2012,20.45,Diesel,2012,Third Party insurance,5,Manual,5,JAIPUR
250000.0,Hatchback,40000,2,2015,22.74,Petrol,2015,Third Party insurance,5,Manual,5,JAIPUR
450000.0,Sedan,120000,3,2017,22.95,Diesel,2017,Third Party insurance,5,Manual,5,JAIPUR
260000.0,Hatchback,60000,1,2017,21.1,Petrol,2017,Third Party insurance,5,Manual,5,JAIPUR
850000.0,Hatchback,10000,1,2023,21.0,Petrol,2023,Third Party insurance,5,Manual,5,JAIPUR
450000.0,SUV,150000,1,2014,22.7,Diesel,2014,Third Party insurance,5,Manual,5,JAIPUR
380000.0,Sedan,70000,2,2013,17.3,Diesel,2013,Third Party insurance,6,Manual,5,JAIPUR
450000.0,Sedan,80000,1,2015,26.0,Diesel,2015,Third Party insurance,6,Manual,5,JAIPUR
300000.0,Hatchback,60000,1,2017,25.17,Petrol,2017,Third Party insurance,5,Manual,5,JAIPUR
225000.0,Hatchback,120000,1,2011,18.0,Diesel,2011,Third Party insurance,5,Manual,5,JAIPUR
150000.0,Hatchback,70000,3,2009,19.7,Petrol,2009,Third Party insurance,5,Manual,5,JAIPUR
200000.0,Hatchback,90000,2,2012,20.36,Petrol,2012,Third Party insurance,5,Manual,5,JAIPUR
40000.0,Hatchback,120000,1,2017,17.3,Petrol,2001,Third Party insurance,5,Manual,5,JAIPUR
400000.0,Hatchback,40000,1,2017,20.51,Petrol,2017,Third Party insurance,5,Manual,5,JAIPUR
350000.0,Hatchback,70000,1,2015,20.51,Petrol,2015,Third Party insurance,5,Automatic,5,JAIPUR
250000.0,Hatchback,60000,1,2015,21.1,Petrol,2015,Third Party insurance,5,Manual,5,JAIPUR
350000.0,Sedan,80000,1,2011,17.6,Petrol,2011,Third Party insurance,5,Manual,5,JAIPUR
300000.0,Hatchback,50000,1,2012,18.9,Petrol,2012,Third Party insurance,5,Manual,5,JAIPUR
200000.0,Hatchback,120000,4,2011,20.0,Diesel,2011,Third Party insurance,5,Manual,5,JAIPUR
300000.0,Hatchback,150000,3,2009,21.1,Diesel,2009,Third Party insurance,5,Manual,5,JAIPUR
300000.0,Hatchback,120000,2,2013,23.2,Diesel,2013,Third Party insurance,5,Manual,5,JAIPUR
250000.0,Hatchback,40000,2,2015,22.74,Petrol,2015,Third Party insurance,5,Manual,5,JAIPUR
300000.0,Hatchback,40000,2,2020,20.71,Petrol,2020,Third Party insurance,5,Manual,5,JAIPUR
1000000.0,SUV,40000,1,2021,18.27,Petrol,2021,Third Party insurance,6,Manual,5,JAIPUR
200000.0,Hatchback,70000,2,2013,19.49,Petrol,2013,Third Party insurance,5,Manual,5,JAIPUR
350000.0,Sedan,120000,2,2013,16.8,Petrol,2013,Third Party insurance,5,Automatic,5,JAIPUR
100000.0,Hatchback,150000,2,2010,19.0,Petrol,2010,Third Party insurance,5,Manual,5,JAIPUR
500000.0,Sedan,100000,3,2015,26.0,Diesel,2015,Third Party insurance,6,Manual,5,JAIPUR
700000.0,Sedan,80000,1,2017,28.4,Diesel,2017,Third Party insurance,5,Automatic,5,JAIPUR
800000.0,Sedan,40000,1,2021,18.3,Petrol,2021,Third Party insurance,0,Automatic,5,JAIPUR
820000.0,Sedan,30000,1,2022,26.49,CNG,2022,Third Party insurance,5,Manual,5,JAIPUR
675000.0,Hatchback,90000,1,2020,18.53,Petrol,2020,Third Party insurance,5,Manual,5,JAIPUR
1100000.0,MUV,100000,3,2019,25.47,Diesel,2019,Third Party insurance,5,Manual,7,JAIPUR
350000.0,SUV,70000,1,2014,17.21,Diesel,2014,Third Party insurance,5,Manual,7,JAIPUR
500000.0,Sedan,150000,1,2015,26.0,Diesel,2015,Third Party insurance,6,Manual,5,JAIPUR
500000.0,SUV,30000,3,2013,15.96,Diesel,2013,Third Party insurance,5,Manual,7,JAIPUR
320000.0,Hatchback,40000,1,2018,24.7,Petrol,2018,Third Party insurance,5,Manual,5,JAIPUR
420000.0,Sedan,120000,4,2013,20.54,Diesel,2013,Third Party insurance,5,Manual,5,JAIPUR
325000.0,Sedan,150000,1,2014,25.8,Diesel,2014,Third Party insurance,5,Manual,5,JAIPUR
950000.0,SUV,30000,1,2020,17.03,Petrol,2020,Third Party insurance,5,Manual,5,JAIPUR
950000.0,SUV,30000,1,2020,17.03,Petrol,2020,Third Party insurance,5,Manual,5,JAIPUR
300000.0,Hatchback,120000,1,2017,22.7,Petrol,2017,Third Party insurance,5,Manual,5,JAIPUR
400000.0,Hatchback,90000,1,2015,24.0,Diesel,2015,Third Party insurance,5,Manual,5,JAIPUR
350000.0,Hatchback,60000,2,2014,20.36,Petrol,2014,Third Party insurance,5,Manual,5,JAIPUR
280000.0,MUV,150000,2,2007,13.6,Diesel,2007,Third Party insurance,5,Manual,7,JAIPUR
500000.0,Sedan,120000,1,2012,13.7,Petrol,2012,Third Party insurance,7,Automatic,5,JAIPUR
500000.0,Sedan,120000,1,2012,13.7,Petrol,2012,Third Party insurance,7,Automatic,5,JAIPUR
500000.0,Sedan,120000,1,2012,13.7,Petrol,2012,Third Party insurance,7,Automatic,5,JAIPUR
250000.0,Sedan,70000,1,2010,15.5,Petrol,2010,Third Party insurance,5,Manual,5,JAIPUR
300000.0,MUV,90000,3,2007,13.6,Diesel,2007,Third Party insurance,5,Manual,7,JAIPUR
400000.0,Sedan,90000,1,2013,25.8,Diesel,2013,Third Party insurance,5,Manual,5,JAIPUR
420000.0,Sedan,90000,4,2016,25.8,Diesel,2016,Third Party insurance,5,Manual,5,JAIPUR
400000.0,SUV,150000,1,2014,20.45,Diesel,2014,Third Party insurance,5,Manual,5,JAIPUR
800000.0,Hatchback,30000,2,2021,21.01,Petrol,2021,Third Party insurance,5,Manual,5,JAIPUR
500000.0,Hatchback,40000,1,2019,21.79,Petrol,2019,Third Party insurance,5,Manual,5,JAIPUR
725000.0,Hatchback,20000,1,2022,22.38,Petrol,2022,Third Party insurance,5,Manual,5,JAIPUR
300000.0,Sedan,120000,3,2011,22.32,Diesel,2011,Third Party insurance,6,Manual,5,JAIPUR
400000.0,Sedan,120000,1,2014,23.4,Diesel,2014,Third Party insurance,5,Manual,5,JAIPUR
800000.0,Hatchback,30000,1,2021,21.01,Petrol,2021,Third Party insurance,5,Manual,5,JAIPUR
450000.0,Hatchback,120000,1,2014,22.9,Diesel,2014,Third Party insurance,5,Manual,5,JAIPUR
450000.0,Sedan,121000,1,2013,22.7,Diesel,2013,Third Party insurance,6,Manual,5,JAIPUR
500000.0,Sedan,120000,1,2013,23.4,Diesel,2013,Third Party insurance,5,Manual,5,JAIPUR
900000.0,SUV,120000,3,2013,13.5,Diesel,2013,Third Party insurance,5,Manual,7,JAIPUR
165000.0,Hatchback,150000,3,2011,18.5,Petrol,2011,Third Party insurance,5,Manual,5,JAIPUR
700000.0,Sedan,60000,1,2018,28.09,Diesel,2018,Third Party insurance,5,Manual,5,JAIPUR
62000.0,Hatchback,60000,4,2017,17.3,Petrol,2001,Third Party insurance,5,Manual,5,JAIPUR
550000.0,Hatchback,20000,1,2022,21.46,Petrol,2022,Third Party insurance,5,Manual,5,JAIPUR
1525000.0,Sedan,30000,1,2021,18.3,Petrol,2021,Third Party insurance,0,Automatic,5,JAIPUR
400000.0,Sedan,150000,1,2014,26.0,Diesel,2014,Third Party insurance,6,Manual,5,JAIPUR
100000.0,Hatchback,150000,2,2007,18.2,Petrol,2007,Third Party insurance,5,Manual,5,JAIPUR
220000.0,Hatchback,120000,2,2015,22.74,Petrol,2015,Third Party insurance,5,Manual,5,JAIPUR
630000.0,Sedan,120000,1,2018,28.4,Diesel,2018,Third Party insurance,5,Manual,5,JAIPUR
350000.0,Hatchback,90000,2,2013,20.36,Petrol,2013,Third Party insurance,5,Manual,5,JAIPUR
350000.0,Hatchback,150000,3,2012,22.9,Diesel,2012,Third Party insurance,5,Manual,5,JAIPUR
450000.0,Sedan,90000,2,2014,23.4,Diesel,2014,Third Party insurance,5,Manual,5,JAIPUR
450000.0,Sedan,90000,2,2014,23.4,Diesel,2014,Third Party insurance,5,Manual,5,JAIPUR
200000.0,Hatchback,150000,1,2011,20.36,Petrol,2011,Third Party insurance,5,Manual,5,JAIPUR
225000.0,Hatchback,120000,2,2015,22.74,Petrol,2015,Third Party insurance,5,Manual,5,JAIPUR
370000.0,Sedan,100000,1,2013,23.4,Diesel,2013,Third Party insurance,5,Manual,5,JAIPUR
730000.0,Hatchback,90000,2,2023,19.3,Petrol,2023,Third Party insurance,6,Manual,5,JAIPUR
610000.0,Sedan,60000,2,2017,20.73,Petrol,2017,Third Party insurance,5,Manual,5,JAIPUR
670000.0,Sedan,90000,4,2018,28.4,Diesel,2018,Third Party insurance,5,Manual,5,JAIPUR
4000000.0,SUV,150000,1,2019,11.2,Diesel,2019,Third Party insurance,8,Automatic,5,JAIPUR
800000.0,SUV,150000,1,2019,25.1,Diesel,2019,Third Party insurance,5,Manual,5,JAIPUR
700000.0,SUV,80000,3,2017,15.96,Diesel,2017,Third Party insurance,5,Manual,9,JAIPUR
400000.0,SUV,120000,2,2013,19.64,Diesel,2013,Third Party insurance,6,Manual,5,JAIPUR
150000.0,Hatchback,120000,3,2009,19.7,Petrol,2009,Third Party insurance,5,Manual,5,JAIPUR
300000.0,Hatchback,120000,1,2016,19.81,Petrol,2016,Third Party insurance,5,Manual,5,JAIPUR
700000.0,Sedan,70000,1,2020,22.41,Petrol,2020,Third Party insurance,5,Manual,5,JAIPUR
650000.0,Sedan,30000,1,2020,20.5,Petrol,2020,Third Party insurance,5,Manual,5,JAIPUR
800000.0,MUV,150000,1,2019,17.3,Diesel,2019,Third Party insurance,6,Manual,7,JAIPUR
800000.0,SUV,80000,1,2017,15.96,Diesel,2017,Third Party insurance,5,Manual,7,JAIPUR
200000.0,Hatchback,100000,2,2012,18.9,Petrol,2012,Third Party insurance,5,Manual,5,JAIPUR
700000.0,Hatchback,40000,1,2020,19.33,Petrol,2020,Third Party insurance,5,Manual,5,JAIPUR
340000.0,Hatchback,100000,2,2016,18.9,Petrol,2016,Third Party insurance,5,Manual,5,JAIPUR
420000.0,Sedan,120000,2,2018,19.95,Diesel,2018,Third Party insurance,5,Manual,5,JAIPUR
500000.0,MUV,150000,2,2012,11.4,Diesel,2012,Third Party insurance,5,Manual,7,JAIPUR
750000.0,Hatchback,40000,1,2020,21.0,Petrol,2020,Third Party insurance,5,Manual,5,JAIPUR
900000.0,SUV,150000,1,2018,24.3,Diesel,2018,Third Party insurance,5,Manual,5,JAIPUR
730000.0,Sedan,150000,1,2019,20.28,Petrol,2019,Third Party insurance,4,Automatic,5,JAIPUR
730000.0,Sedan,150000,1,2019,20.28,Petrol,2019,Third Party insurance,4,Automatic,5,JAIPUR
810000.0,Hatchback,20000,1,2022,22.38,Petrol,2022,Third Party insurance,5,Manual,5,JAIPUR
500000.0,Sedan,150000,1,2016,20.85,Petrol,2016,Third Party insurance,5,Manual,5,JAIPUR
500000.0,Hatchback,60000,2,2016,24.0,Diesel,2016,Third Party insurance,5,Manual,5,JAIPUR
3200000.0,Sedan,60000,1,2019,13.5,Diesel,2019,Third Party insurance,8,Automatic,5,JAIPUR
150000.0,Hatchback,150000,2,2011,16.1,Petrol,2011,Third Party insurance,4,Manual,4,JAIPUR
250000.0,Hatchback,90000,2,2014,20.92,Petrol,2014,Third Party insurance,5,Manual,5,JAIPUR
200000.0,Hatchback,120000,1,2012,23.08,Diesel,2012,Third Party insurance,5,Manual,5,JAIPUR
600000.0,Hatchback,60000,1,2021,18.9,CNG,2021,Third Party insurance,5,Manual,4,JAIPUR
400000.0,Sedan,120000,1,2014,17.57,Petrol,2014,Third Party insurance,5,Manual,5,JAIPUR
200000.0,Hatchback,90000,2,2011,19.7,Petrol,2011,Third Party insurance,5,Manual,5,JAIPUR
2000000.0,Sedan,30000,5,2021,14.62,Diesel,2021,Third Party insurance,6,Automatic,5,JAIPUR
350000.0,Hatchback,120000,1,2015,20.5,Diesel,2015,Third Party insurance,5,Manual,5,JAIPUR
700000.0,SUV,120000,1,2013,15.1,Diesel,2013,Third Party insurance,6,Manual,7,JAIPUR
450000.0,Sedan,120000,1,2015,26.0,Diesel,2015,Third Party insurance,6,Manual,5,JAIPUR
600000.0,Sedan,120000,1,2015,25.1,Diesel,2015,Third Party insurance,6,Manual,5,JAIPUR
400000.0,Sedan,60000,1,2014,19.1,Petrol,2014,Third Party insurance,5,Manual,5,JAIPUR
302000.0,Hatchback,60000,3,2016,23.95,Petrol,2016,Third Party insurance,5,Manual,5,JAIPUR
830000.0,Sedan,20000,1,2022,20.5,Petrol,2022,Third Party insurance,5,Manual,5,JAIPUR
500000.0,Sedan,150000,1,2014,23.4,Diesel,2014,Third Party insurance,5,Manual,5,JAIPUR
180000.0,Hatchback,120000,2,2010,21.1,Diesel,2010,Third Party insurance,5,Manual,5,JAIPUR
250000.0,Hatchback,120000,4,2011,20.0,Diesel,2011,Third Party insurance,5,Manual,5,JAIPUR
300000.0,Sedan,70000,1,2011,16.36,Petrol,2011,Third Party insurance,5,Manual,5,JAIPUR
320000.0,Hatchback,50000,3,2016,23.95,Petrol,2016,Third Party insurance,5,Manual,5,JAIPUR
450000.0,Sedan,120000,1,2013,22.32,Diesel,2013,Third Party insurance,4,Manual,5,JAIPUR
225000.0,Hatchback,150000,2,2010,23.0,Diesel,2010,Third Party insurance,6,Manual,5,JAIPUR
225000.0,Hatchback,150000,2,2010,23.0,Diesel,2010,Third Party insurance,6,Manual,5,JAIPUR
450000.0,Hatchback,70000,1,2020,23.95,Petrol,2020,Third Party insurance,5,Manual,5,JAIPUR
320000.0,Hatchback,60000,3,2016,23.95,Petrol,2016,Third Party insurance,5,Manual,5,JAIPUR
300000.0,Hatchback,50000,1,2011,17.0,Petrol,2011,Third Party insurance,5,Manual,5,JAIPUR
200000.0,Hatchback,120000,3,2011,15.6,Petrol,2011,Third Party insurance,5,Manual,5,JAIPUR
680000.0,Sedan,150000,1,2013,18.33,Diesel,2013,Third Party insurance,6,Manual,5,JAIPUR
350000.0,Sedan,120000,4,2008,14.53,Petrol,2008,Third Party insurance,6,Manual,5,JAIPUR
350000.0,Hatchback,150000,2,2014,22.07,Diesel,2014,Third Party insurance,5,Manual,5,JAIPUR
350000.0,Hatchback,150000,1,2011,22.9,Diesel,2011,Third Party insurance,5,Manual,5,JAIPUR
200000.0,Hatchback,150000,2,2008,19.7,Petrol,2008,Third Party insurance,5,Manual,5,JAIPUR
450000.0,Sedan,80000,1,2011,17.0,Petrol,2011,Third Party insurance,5,Manual,5,JAIPUR
350000.0,Hatchback,100000,3,2014,22.0,Petrol,2014,Third Party insurance,5,Manual,5,JAIPUR
525000.0,Hatchback,120000,1,2013,22.9,Diesel,2013,Third Party insurance,5,Manual,5,JAIPUR
520000.0,Hatchback,60000,2,2011,18.5,Petrol,2011,Third Party insurance,5,Manual,5,JAIPUR
450000.0,Hatchback,120000,2,2013,22.9,Diesel,2013,Third Party insurance,5,Manual,5,JAIPUR
600000.0,Hatchback,80000,1,2015,20.5,Diesel,2015,Third Party insurance,5,Manual,5,JAIPUR
79000.0,Hatchback,50000,1,2010,20.36,Petrol,2010,Third Party insurance,5,Manual,5,JAIPUR
500000.0,Sedan,10000,1,2023,22.41,Petrol,2023,Third Party insurance,5,Manual,5,JAIPUR
800000.0,SUV,50000,2,2023,16.39,Petrol,2023,Third Party insurance,4,Automatic,4,JAIPUR
160000.0,Hatchback,80000,2,2012,18.6,Petrol,2012,Third Party insurance,5,Manual,5,JAIPUR
220000.0,Hatchback,90000,2,2016,23.01,Petrol,2016,Third Party insurance,5,Automatic,5,JAIPUR
700000.0,SUV,30000,1,2022,20.09,Petrol,2022,Third Party insurance,5,Manual,5,JAIPUR
200000.0,Hatchback,70000,1,2014,23.95,Petrol,2014,Third Party insurance,5,Manual,5,JAIPUR
200000.0,Hatchback,70000,1,2014,23.95,Petrol,2014,Third Party insurance,5,Manual,5,JAIPUR
150000.0,Sedan,100000,2,2010,17.5,Petrol,2010,Third Party insurance,5,Manual,5,JAIPUR
600000.0,MUV,70000,1,2020,20.0,Petrol,2020,Third Party insurance,5,Manual,7,JAIPUR
130000.0,Hatchback,70000,1,2012,19.7,Petrol,2012,Third Party insurance,5,Manual,5,JAIPUR
150000.0,Hatchback,60000,1,2012,19.7,Petrol,2012,Third Party insurance,5,Manual,5,JAIPUR
72000.0,Hatchback,150000,1,2008,18.9,Petrol,2008,Third Party insurance,5,Manual,5,JAIPUR
160000.0,Hatchback,150000,1,2014,21.1,Petrol,2014,Third Party insurance,5,Manual,5,JAIPUR
200000.0,Hatchback,120000,2,2012,22.07,Diesel,2012,Third Party insurance,5,Manual,5,JAIPUR
40000.0,Hatchback,150000,1,2002,19.7,Petrol,2002,Third Party insurance,5,Manual,5,JAIPUR
350000.0,SUV,100000,1,2014,22.7,Diesel,2014,Third Party insurance,5,Manual,5,JAIPUR
108000.0,Hatchback,120000,1,2011,18.6,Petrol,2011,Third Party insurance,5,Manual,5,JAIPUR
105000.0,Hatchback,70000,1,2007,19.7,Petrol,2007,Third Party insurance,5,Manual,5,JAIPUR
850000.0,SUV,20000,1,2022,19.17,Petrol,2022,Third Party insurance,5,Manual,5,JAIPUR
100000.0,Hatchback,40000,1,2009,19.7,Petrol,2009,Third Party insurance,5,Manual,5,JAIPUR
500000.0,Hatchback,80000,1,2018,21.4,Petrol,2018,Third Party insurance,5,Manual,5,JAIPUR
975000.0,Sedan,70000,3,2014,19.16,Petrol,2014,Third Party insurance,6,Automatic,5,KOLKATA
266000.0,Hatchback,23981,1,2017,22.7,Petrol,2017,Comprehensive,5,Manual,5,KOLKATA
595000.0,SUV,7100,1,2021,19.03,Petrol,2021,Comprehensive,5,Automatic,5,KOLKATA
223000.0,Hatchback,71574,2,2011,17.0,Petrol,2011,Third Party,5,Manual,5,KOLKATA
1200000.0,SUV,50000,2,2014,15.73,Diesel,2014,Third Party insurance,7,Automatic,5,KOLKATA
425000.0,Hatchback,35629,1,2018,20.52,Petrol,2018,Comprehensive,5,Automatic,5,KOLKATA
596000.0,Hatchback,11476,2,2020,20.3,Petrol,2020,Comprehensive,5,Automatic,5,KOLKATA
250000.0,Hatchback,31000,1,2018,25.17,Petrol,2018,Third Party insurance,5,Manual,5,KOLKATA
221000.0,Sedan,41005,2,2011,17.5,Petrol,2011,Comprehensive,5,Manual,5,KOLKATA
208000.0,Hatchback,60055,1,2010,18.9,Petrol,2010,Third Party,5,Manual,5,KOLKATA
311000.0,Hatchback,65005,1,2013,18.6,Petrol,2013,Comprehensive,5,Manual,5,KOLKATA
464000.0,Hatchback,2657,1,2022,22.3,Petrol,2022,Third Party,5,Manual,5,KOLKATA
205000.0,Hatchback,16000,1,2011,19.81,Petrol,2011,Comprehensive,5,Manual,5,KOLKATA
2175000.0,SUV,7426,1,2023,14.6,Diesel,2023,Comprehensive,6,Automatic,5,KOLKATA
643000.0,Hatchback,27046,1,2018,21.4,Petrol,2018,Comprehensive,0,Automatic,5,KOLKATA
3750000.0,SUV,30100,1,2021,15.04,Diesel,2021,Third Party insurance,6,Automatic,7,KOLKATA
545000.0,Hatchback,9000,1,2022,24.35,Petrol,2022,Comprehensive,5,Manual,5,KOLKATA
750000.0,Hatchback,17000,1,2022,21.0,Petrol,2022,Third Party insurance,5,Manual,5,KOLKATA
1650000.0,SUV,49200,1,2021,17.1,Diesel,2021,Comprehensive,9,Automatic,5,KOLKATA
225000.0,Hatchback,35000,2,2009,19.81,Petrol,2009,Comprehensive,5,Manual,5,KOLKATA
5990000.0,SUV,30000,2,2020,18.9,Diesel,2020,Third Party insurance,9,Automatic,5,KOLKATA
315000.0,Hatchback,54044,1,2017,23.95,Petrol,2017,Third Party,5,Manual,5,KOLKATA
799000.0,SUV,6500,1,2021,17.33,Petrol,2021,Third Party insurance,6,Manual,5,KOLKATA
526000.0,Sedan,29159,1,2017,20.73,Petrol,2017,Zero Dep,5,Manual,5,KOLKATA
5990000.0,SUV,30000,2,2020,18.9,Diesel,2020,Third Party insurance,9,Automatic,5,KOLKATA
675000.0,Sedan,31968,1,2016,18.0,Petrol,2016,Comprehensive,0,Automatic,5,KOLKATA
612000.0,Hatchback,44150,2,2019,20.7,Petrol,2019,Third Party,5,Manual,5,KOLKATA
189000.0,Hatchback,60000,1,2010,17.0,Petrol,2010,Third Party insurance,5,Manual,5,KOLKATA
990000.0,SUV,25009,1,2018,14.8,Petrol,2018,Comprehensive,6,Automatic,5,KOLKATA
534000.0,Hatchback,46469,1,2020,22.38,Petrol,2020,Zero Dep,5,Manual,5,KOLKATA
800000.0,SUV,45000,1,2018,13.0,Petrol,2018,Third Party insurance,6,Manual,5,KOLKATA
983000.0,Sedan,31577,1,2020,17.7,Petrol,2020,Third Party,6,Manual,5,KOLKATA
281000.0,Hatchback,56005,1,2014,23.1,Petrol,2014,Comprehensive,5,Automatic,5,KOLKATA
535000.0,Hatchback,10005,1,2021,21.79,Petrol,2021,Comprehensive,5,Manual,5,KOLKATA
475000.0,Hatchback,41163,1,2017,18.9,Petrol,2017,Comprehensive,5,Manual,5,KOLKATA
5300000.0,Sedan,17839,1,2020,16.1,Diesel,2020,Comprehensive,9,Automatic,5,KOLKATA
695000.0,Sedan,3800,1,2019,17.1,Petrol,2019,Comprehensive,6,Manual,5,KOLKATA
395000.0,Hatchback,34124,1,2018,21.79,Petrol,2018,Comprehensive,5,Manual,5,KOLKATA
200000.0,Hatchback,50000,2,2012,21.9,Diesel,2012,Third Party insurance,5,Manual,5,KOLKATA
750000.0,Sedan,48168,1,2018,17.4,Petrol,2018,Comprehensive,5,Manual,5,KOLKATA
975000.0,MUV,20000,3,2019,17.3,Diesel,2019,Third Party insurance,6,Manual,8,KOLKATA
480000.0,Sedan,56357,1,2018,19.0,Petrol,2018,Third Party insurance,5,Manual,5,KOLKATA
245000.0,Sedan,60000,1,2010,17.5,Petrol,2010,Third Party insurance,5,Manual,5,KOLKATA
719000.0,Hatchback,10585,1,2022,21.01,Petrol,2022,Comprehensive,5,Manual,5,KOLKATA
375000.0,Sedan,50000,2,2012,13.1,Petrol,2012,Third Party insurance,5,Automatic,5,KOLKATA
245000.0,Sedan,60000,1,2010,17.5,Petrol,2010,Third Party insurance,5,Manual,5,KOLKATA
1214000.0,SUV,17642,1,2020,18.9,Petrol,2020,Zero Dep,6,Manual,5,KOLKATA
439000.0,Hatchback,20000,1,2018,27.28,Diesel,2018,Third Party insurance,5,Manual,5,KOLKATA
753000.0,Hatchback,9157,1,2021,20.7,Petrol,2021,Third Party,5,Manual,5,KOLKATA
362000.0,Sedan,65979,2,2016,18.0,Petrol,2016,Comprehensive,5,Manual,5,KOLKATA
300000.0,Sedan,65000,1,2014,20.5,Diesel,2014,Third Party insurance,5,Manual,5,KOLKATA
389000.0,Hatchback,7940,2,2020,22.5,Petrol,2020,Comprehensive,5,Manual,5,KOLKATA
115000.0,Hatchback,100000,4,2010,18.9,Petrol,2010,Third Party insurance,5,Manual,5,KOLKATA
865000.0,Sedan,40000,1,2011,16.07,Diesel,2011,Comprehensive,6,Automatic,5,KOLKATA
185000.0,Sedan,60000,2,2011,14.6,Petrol,2011,Third Party insurance,5,Manual,5,KOLKATA
3950000.0,Sedan,19859,1,2019,20.37,Diesel,2019,Comprehensive,8,Automatic,5,KOLKATA
6250000.0,SUV,7405,1,2023,12.1,Petrol,2023,Comprehensive,8,Automatic,5,KOLKATA
620000.0,SUV,52922,1,2016,15.4,Petrol,2016,Comprehensive,6,Manual,7,KOLKATA
350000.0,SUV,60000,1,2015,15.85,Petrol,2015,Third Party insurance,5,Manual,5,KOLKATA
464000.0,Hatchback,32000,1,2019,18.9,Petrol,2019,Comprehensive,5,Manual,5,KOLKATA
412000.0,Hatchback,47739,2,2017,18.7,Petrol,2017,Comprehensive,5,Manual,5,KOLKATA
375000.0,Hatchback,10717,2,2019,23.95,Petrol,2019,Third Party,5,Automatic,5,KOLKATA
621000.0,Sedan,41000,1,2015,25.1,Diesel,2015,Comprehensive,6,Manual,5,KOLKATA
443000.0,Hatchback,17619,2,2020,20.3,Petrol,2020,Comprehensive,5,Manual,5,KOLKATA
422000.0,Hatchback,9221,1,2021,21.74,Petrol,2021,Comprehensive,5,Manual,5,KOLKATA
550000.0,SUV,70000,1,2019,17.5,Petrol,2019,Third Party,5,Manual,5,KOLKATA
545000.0,Hatchback,10519,1,2019,22.38,Petrol,2019,Third Party,5,Manual,5,KOLKATA
450000.0,Sedan,50000,2,2014,17.1,Petrol,2014,Third Party insurance,5,Manual,5,KOLKATA
597000.0,Hatchback,19907,1,2022,35.6,CNG,2022,Comprehensive,5,Manual,5,KOLKATA
330000.0,Hatchback,84771,2,2015,22.38,Petrol,2015,Comprehensive,5,Manual,5,KOLKATA
595000.0,Hatchback,7000,2,2015,16.5,Petrol,2015,Comprehensive,5,Automatic,5,KOLKATA
500000.0,Sedan,50000,1,2017,17.4,Petrol,2017,Third Party insurance,5,Manual,5,KOLKATA
1075000.0,Sedan,52000,1,2013,17.68,Diesel,2013,Comprehensive,8,Automatic,5,KOLKATA
835000.0,SUV,15407,1,2021,17.33,Petrol,2021,Comprehensive,6,Manual,5,KOLKATA
175000.0,Hatchback,50000,2,2009,20.36,Petrol,2009,Third Party insurance,5,Manual,5,KOLKATA
495000.0,Sedan,80000,1,2017,12.8,Petrol,1985,Comprehensive,5,Manual,5,KOLKATA
550000.0,Sedan,58000,1,2017,17.4,Petrol,2017,Third Party insurance,5,Manual,5,KOLKATA
1025000.0,Sedan,14000,1,2021,17.7,Petrol,2021,Third Party insurance,6,Manual,5,KOLKATA
350000.0,Sedan,80000,3,2014,16.3,Petrol,2014,Third Party insurance,6,Manual,5,KOLKATA
775000.0,Sedan,45000,1,2017,14.59,Petrol,2017,Third Party insurance,6,Manual,5,KOLKATA
306000.0,Sedan,119236,1,2014,22.41,Petrol,2014,Third Party insurance,5,Manual,5,KOLKATA
432000.0,Hatchback,98074,1,2016,21.4,Petrol,2016,Comprehensive,5,Manual,5,KOLKATA
1080000.0,Sedan,40330,1,2013,14.84,Diesel,2013,Comprehensive,7,Automatic,5,KOLKATA
314000.0,Sedan,84989,2,2014,22.41,Petrol,2014,Comprehensive,5,Manual,5,KOLKATA
269000.0,Hatchback,72017,2,2014,20.51,Petrol,2014,Comprehensive,5,Manual,5,KOLKATA
521000.0,MUV,65002,1,2015,20.77,Diesel,2015,Comprehensive,5,Manual,7,KOLKATA
342000.0,Sedan,85862,1,2015,22.41,Petrol,2015,Comprehensive,5,Manual,5,KOLKATA
150000.0,Hatchback,70000,2,2011,19.7,Petrol,2011,Third Party insurance,5,Manual,5,KOLKATA
407000.0,Hatchback,48005,1,2017,18.15,Petrol,2017,Third Party,5,Manual,6,KOLKATA
460000.0,Hatchback,8625,1,2019,20.3,Petrol,2019,Zero Dep,5,Manual,5,KOLKATA
725000.0,Hatchback,10000,1,2020,19.33,Petrol,2020,Third Party insurance,5,Manual,5,KOLKATA
340000.0,Sedan,67000,1,2012,20.0,Diesel,2012,Third Party insurance,5,Manual,5,KOLKATA
735000.0,Hatchback,10000,1,2020,19.33,Petrol,2020,Third Party insurance,5,Manual,5,KOLKATA
1200000.0,SUV,50000,1,2018,19.67,Diesel,2018,Third Party insurance,6,Manual,5,KOLKATA
145000.0,Hatchback,60000,3,2011,19.0,Petrol,2011,Third Party insurance,5,Manual,5,KOLKATA
350000.0,Hatchback,60000,3,2017,23.1,Petrol,2017,Third Party insurance,5,Manual,5,KOLKATA
1950000.0,SUV,34000,1,2014,14.16,Diesel,2014,Comprehensive,7,Automatic,5,KOLKATA
300000.0,Hatchback,60000,1,2012,19.0,Petrol,2012,Third Party insurance,5,Manual,5,KOLKATA
695000.0,MUV,152000,1,2014,12.99,Diesel,2014,Comprehensive,5,Manual,7,KOLKATA
5600000.0,SUV,45000,1,2014,12.65,Diesel,2014,Third Party,8,Automatic,5,KOLKATA
399000.0,Sedan,56766,3,2013,14.53,Petrol,2013,Third Party insurance,6,Manual,5,KOLKATA
2109000.0,SUV,7114,1,2022,14.08,Diesel,2022,Third Party,6,Automatic,6,KOLKATA
2000000.0,SUV,25508,1,2021,14.08,Diesel,2021,Comprehensive,6,Automatic,6,KOLKATA
217000.0,Hatchback,39369,1,2012,18.9,Petrol,2012,Comprehensive,5,Manual,5,KOLKATA
886000.0,SUV,96707,1,2018,18.9,Diesel,2018,Comprehensive,6,Manual,7,KOLKATA
550000.0,Hatchback,50000,1,2016,17.19,Petrol,2016,Third Party insurance,5,Manual,5,KOLKATA
327000.0,Hatchback,30345,1,2019,22.25,Petrol,2019,Third Party,5,Manual,5,KOLKATA
1775000.0,SUV,128232,1,2016,12.55,Diesel,2016,Comprehensive,5,Automatic,7,KOLKATA
487000.0,SUV,54018,1,2017,17.5,Petrol,2017,Third Party,5,Manual,5,KOLKATA
612000.0,Sedan,32007,1,2016,23.9,Diesel,2016,Zero Dep,6,Manual,5,KOLKATA
310000.0,Hatchback,100000,1,2015,19.81,Petrol,2015,Third Party insurance,5,Manual,5,KOLKATA
245000.0,Hatchback,30000,2,2014,17.92,Petrol,2014,Third Party insurance,5,Manual,5,KOLKATA
1980000.0,Sedan,66452,1,2018,19.6,Diesel,2018,Comprehensive,6,Automatic,5,KOLKATA
4500000.0,SUV,38706,1,2021,11.2,Diesel,2021,Comprehensive,6,Automatic,5,KOLKATA
650000.0,Sedan,80000,1,2018,17.4,Petrol,2018,Third Party insurance,5,Manual,5,KOLKATA
750000.0,Sedan,60000,1,2015,17.01,Petrol,2015,Third Party insurance,5,Manual,5,KOLKATA
500000.0,Hatchback,120000,1,2016,17.19,Petrol,2016,Third Party insurance,5,Manual,5,KOLKATA
720000.0,MUV,150000,2,2012,12.2,Diesel,2012,Third Party insurance,5,Manual,10,KOLKATA
790000.0,Sedan,19000,1,2017,26.0,Diesel,2017,Third Party insurance,6,Manual,5,KOLKATA
645000.0,MUV,260000,1,2012,12.8,Diesel,2012,Comprehensive,5,Manual,7,KOLKATA
403000.0,Sedan,71552,1,2014,17.4,Petrol,2014,Comprehensive,5,Manual,5,KOLKATA
301000.0,Hatchback,65039,2,2015,18.9,Petrol,2015,Third Party,5,Manual,5,KOLKATA
40000.0,Hatchback,60000,2,2007,17.92,Petrol,2007,Third Party insurance,5,Manual,5,KOLKATA
359000.0,Hatchback,73578,1,2019,23.01,Petrol,2019,Zero Dep,5,Manual,5,KOLKATA
511000.0,Hatchback,27160,1,2021,20.3,Petrol,2021,Third Party,5,Automatic,5,KOLKATA
425000.0,Hatchback,36000,1,2017,18.6,Petrol,2017,Comprehensive,5,Manual,5,KOLKATA
277000.0,Hatchback,84367,1,2014,18.9,Petrol,2014,Comprehensive,5,Manual,5,KOLKATA
750000.0,MUV,32599,1,2019,19.01,Petrol,2019,Third Party insurance,5,Manual,7,KOLKATA
551000.0,SUV,47530,1,2017,13.06,Petrol,2017,Third Party,5,Manual,5,KOLKATA
254000.0,Hatchback,35457,1,2014,19.4,Petrol,2014,Comprehensive,5,Manual,5,KOLKATA
1275000.0,SUV,28134,1,2020,18.9,Petrol,2020,Comprehensive,0,Automatic,5,KOLKATA
1320000.0,SUV,5000,0,2022,16.5,Petrol,2022,Comprehensive,6,Automatic,5,KOLKATA
270000.0,Hatchback,28000,1,2011,16.95,Petrol,2011,Comprehensive,4,Automatic,5,KOLKATA
2000000.0,SUV,20000,1,2023,18.9,Diesel,2023,Third Party insurance,9,Automatic,5,KOLKATA
7900000.0,SUV,33582,2,2020,15.8,Petrol,2020,Comprehensive,8,Automatic,5,KOLKATA
255000.0,Hatchback,46005,1,2014,20.36,Petrol,2014,Comprehensive,5,Manual,5,KOLKATA
3450000.0,SUV,2565,1,2021,12.4,Diesel,2021,Comprehensive,8,Automatic,6,KOLKATA
535000.0,Hatchback,28000,1,2018,22.0,Petrol,2018,Comprehensive,5,Automatic,5,KOLKATA
440000.0,Hatchback,32000,1,2015,18.2,Petrol,2015,Comprehensive,5,Automatic,5,KOLKATA
225000.0,Sedan,45000,1,2009,17.5,Petrol,2009,Comprehensive,5,Manual,5,KOLKATA
1295000.0,SUV,78565,1,2019,15.1,Diesel,2019,Comprehensive,6,Manual,7,KOLKATA
1792000.0,SUV,10197,1,2022,18.9,Petrol,2022,Third Party,8,Automatic,5,KOLKATA
180000.0,Hatchback,60000,2,2014,21.1,Petrol,2014,Third Party insurance,5,Manual,5,KOLKATA
602000.0,Sedan,32844,1,2017,17.8,Petrol,2017,Comprehensive,5,Manual,5,KOLKATA
743000.0,Hatchback,5198,1,2022,26.49,CNG,2022,Comprehensive,5,Manual,5,KOLKATA
335000.0,Hatchback,40000,1,2013,18.5,Petrol,2013,Comprehensive,5,Manual,5,KOLKATA
750000.0,Sedan,19355,1,2019,14.84,Petrol,2019,Comprehensive,6,Automatic,5,KOLKATA
240000.0,Sedan,60000,1,2010,17.5,Petrol,2010,Third Party insurance,5,Manual,5,KOLKATA
474000.0,Hatchback,31197,1,2019,21.79,Petrol,2019,Third Party,5,Manual,5,KOLKATA
346000.0,Hatchback,6651,1,2021,21.7,Petrol,2021,Third Party,5,Manual,5,KOLKATA
70000.0,Hatchback,60000,3,2009,18.0,Petrol,2009,Third Party insurance,5,Manual,5,KOLKATA
745000.0,SUV,35000,1,2018,15.4,Petrol,2018,Comprehensive,6,Manual,7,KOLKATA
335000.0,Sedan,57000,1,2013,16.8,Petrol,2013,Comprehensive,5,Manual,5,KOLKATA
550000.0,Sedan,50469,1,2016,18.0,Petrol,2016,Third Party insurance,0,Automatic,5,KOLKATA
524000.0,Hatchback,32000,1,2018,22.0,Petrol,2018,Comprehensive,5,Manual,5,KOLKATA
850000.0,Sedan,36000,1,2016,14.28,Petrol,2016,Comprehensive,7,Automatic,5,KOLKATA
210000.0,Hatchback,30000,1,2018,22.7,Petrol,2018,Third Party insurance,5,Manual,5,KOLKATA
999000.0,SUV,68042,1,2018,16.0,Diesel,2018,Comprehensive,6,Automatic,7,KOLKATA
230000.0,Hatchback,65000,2,2014,20.36,Petrol,2014,Comprehensive,5,Manual,5,KOLKATA
549000.0,Hatchback,24000,1,2020,20.4,Petrol,2020,Comprehensive,5,Manual,5,KOLKATA
520000.0,Sedan,82948,1,2016,28.09,Diesel,2016,Comprehensive,5,Manual,5,KOLKATA
141000.0,Hatchback,23162,2,2010,19.0,Petrol,2010,Comprehensive,5,Manual,5,KOLKATA
129000.0,Hatchback,45000,1,2010,18.5,Petrol,2010,Comprehensive,5,Manual,5,KOLKATA
641000.0,SUV,7281,2,2020,17.5,Petrol,2020,Comprehensive,5,Manual,5,KOLKATA
466000.0,Hatchback,29428,1,2016,17.19,Petrol,2016,Third Party insurance,5,Manual,5,KOLKATA
845000.0,SUV,64000,1,2018,15.8,Petrol,2018,Comprehensive,6,Manual,5,KOLKATA
215000.0,Hatchback,62202,1,2016,22.05,Petrol,2016,Comprehensive,5,Manual,5,KOLKATA
725000.0,Sedan,47000,1,2018,17.4,Petrol,2018,Third Party insurance,5,Manual,5,KOLKATA
772000.0,Sedan,13145,1,2022,26.49,CNG,2022,Comprehensive,5,Manual,5,KOLKATA
255000.0,Hatchback,119490,1,2017,21.1,Petrol,2017,Third Party,5,Manual,5,KOLKATA
1674000.0,SUV,8000,1,2021,15.1,Diesel,2021,Comprehensive,6,Manual,7,KOLKATA
525000.0,Sedan,45000,1,2015,25.1,Diesel,2015,Third Party insurance,6,Manual,5,KOLKATA
295000.0,Hatchback,46422,1,2016,20.51,Petrol,2016,Comprehensive,5,Manual,5,KOLKATA
235000.0,Hatchback,64000,3,2014,20.36,Petrol,2014,Comprehensive,5,Manual,5,KOLKATA
495000.0,Sedan,52000,1,2020,21.66,Diesel,2020,Comprehensive,5,Manual,5,KOLKATA
685000.0,Sedan,25000,1,2019,16.8,Petrol,2019,Comprehensive,5,Manual,5,KOLKATA
186000.0,Hatchback,15000,2,2013,21.1,Petrol,2013,Third Party,5,Manual,5,KOLKATA
1265000.0,SUV,45000,1,2020,16.5,Petrol,2020,Comprehensive,6,Manual,5,KOLKATA
895000.0,SUV,65000,1,2018,14.8,Petrol,2018,Comprehensive,6,Automatic,5,KOLKATA
950000.0,SUV,65000,1,2018,17.1,Diesel,2018,Third Party,6,Manual,5,KOLKATA
727000.0,Sedan,21628,1,2019,17.4,Petrol,2019,Comprehensive,5,Manual,5,KOLKATA
427000.0,Hatchback,8347,1,2016,22.38,Petrol,2016,Third Party,5,Manual,5,KOLKATA
875000.0,SUV,72057,2,2016,15.4,Diesel,2016,Comprehensive,5,Manual,7,KOLKATA
349000.0,Hatchback,52549,1,2017,18.9,Petrol,2017,Third Party insurance,5,Manual,5,KOLKATA
450000.0,Sedan,44540,2,2014,18.0,Petrol,2014,Third Party,0,Automatic,5,KOLKATA
320000.0,Hatchback,44000,2,2014,18.6,Petrol,2014,Comprehensive,5,Manual,5,KOLKATA
646000.0,Hatchback,53084,1,2019,26.2,Diesel,2019,Third Party insurance,5,Manual,5,KOLKATA
950000.0,MUV,10000,2,2021,19.01,Petrol,2021,Third Party insurance,5,Manual,6,KOLKATA
1124000.0,Sedan,34339,2,2018,14.28,Petrol,2018,Comprehensive,7,Automatic,5,KOLKATA
1057000.0,SUV,15456,1,2020,16.8,Petrol,2020,Third Party insurance,6,Manual,5,KOLKATA
950000.0,MUV,10000,2,2021,19.01,Petrol,2021,Third Party insurance,5,Manual,6,KOLKATA
385000.0,Hatchback,68000,1,2018,20.3,Petrol,2018,Comprehensive,5,Manual,5,KOLKATA
875000.0,SUV,10000,1,2021,18.55,Petrol,2021,Third Party insurance,5,Manual,5,KOLKATA
520000.0,SUV,100000,1,2017,18.49,Diesel,2017,Third Party insurance,5,Manual,7,KOLKATA
675000.0,SUV,59639,1,2019,18.49,Diesel,2019,Comprehensive,5,Manual,7,KOLKATA
360000.0,Hatchback,50000,1,2017,23.1,Petrol,2017,Third Party insurance,5,Manual,5,KOLKATA
1795000.0,Sedan,37000,1,2016,15.26,Petrol,2016,Comprehensive,7,Automatic,5,KOLKATA
235000.0,Sedan,60000,2,2013,16.95,Petrol,2013,Third Party insurance,5,Manual,5,KOLKATA
900000.0,Hatchback,8000,1,2022,20.0,Petrol,2022,Third Party insurance,6,Manual,5,KOLKATA
800000.0,MUV,31000,1,2017,24.52,Diesel,2017,Third Party insurance,5,Manual,7,KOLKATA
357000.0,Sedan,44890,1,2016,18.0,Petrol,2016,Comprehensive,5,Manual,5,KOLKATA
620000.0,SUV,48752,2,2017,22.1,Diesel,2017,Comprehensive,6,Manual,5,KOLKATA
2350000.0,SUV,10000,1,2022,14.08,Diesel,2022,Third Party insurance,6,Automatic,6,KOLKATA
372000.0,SUV,5151,1,2017,18.15,Petrol,2017,Third Party,5,Manual,5,KOLKATA
275000.0,Hatchback,28807,1,2017,22.05,Petrol,2017,Zero Dep,5,Manual,5,KOLKATA
220000.0,Hatchback,30000,2,2014,17.92,Petrol,2014,Third Party insurance,5,Manual,5,KOLKATA
763000.0,Sedan,20593,1,2019,17.4,Petrol,2019,Third Party,5,Manual,5,KOLKATA
735000.0,Hatchback,10000,1,2020,19.33,Petrol,2020,Third Party insurance,5,Manual,5,KOLKATA
260000.0,Sedan,82879,2,2015,18.0,Petrol,2015,Third Party,5,Manual,5,KOLKATA
1015000.0,Sedan,13407,1,2022,18.6,Petrol,2022,Comprehensive,6,Manual,5,KOLKATA
410000.0,Hatchback,100000,1,2019,20.89,Petrol,2019,Third Party insurance,5,Manual,5,KOLKATA
791000.0,MUV,66000,1,2018,25.47,Diesel,2018,Comprehensive,5,Manual,7,KOLKATA
745000.0,MUV,177000,1,2015,12.99,Diesel,2015,Comprehensive,5,Manual,7,KOLKATA
1850000.0,MUV,21100,1,2021,12.0,Diesel,2021,Third Party insurance,5,Manual,7,KOLKATA
110000.0,MUV,120000,1,2005,12.2,Diesel,2005,Third Party insurance,5,Manual,10,KOLKATA
310000.0,Hatchback,100000,1,2015,19.81,Petrol,2015,Third Party insurance,5,Manual,5,KOLKATA
3900000.0,Sedan,44227,1,2018,17.09,Diesel,2018,Comprehensive,8,Automatic,4,KOLKATA
1350000.0,SUV,70000,3,2015,12.55,Diesel,2015,Third Party insurance,5,Automatic,7,KOLKATA
650000.0,SUV,45000,1,2019,17.5,Petrol,2019,Third Party,5,Manual,5,KOLKATA
1600000.0,SUV,50000,1,2021,14.5,Petrol,2021,Third Party insurance,6,Manual,6,KOLKATA
449000.0,Hatchback,77042,1,2019,22.38,Petrol,2019,Comprehensive,5,Manual,5,KOLKATA
517000.0,Sedan,42325,1,2021,19.28,Petrol,2021,Third Party,5,Manual,5,KOLKATA
500000.0,Hatchback,50000,1,2017,16.2,Petrol,2017,Third Party insurance,5,Manual,5,KOLKATA
400000.0,Hatchback,37196,1,2015,22.38,Petrol,2015,Comprehensive,5,Manual,5,KOLKATA
460000.0,Hatchback,61530,1,2017,27.39,Diesel,2017,Third Party insurance,5,Manual,5,KOLKATA
580000.0,Hatchback,48000,1,2016,17.19,Petrol,2016,Third Party insurance,5,Manual,5,KOLKATA
643000.0,SUV,74444,1,2017,24.3,Diesel,2017,Comprehensive,5,Manual,5,KOLKATA
200000.0,Hatchback,120000,1,2011,16.25,Petrol,2011,Third Party insurance,5,Manual,5,KOLKATA
411000.0,Hatchback,11768,1,2020,21.7,Petrol,2020,Comprehensive,5,Manual,5,KOLKATA
384000.0,Hatchback,19715,2,2020,22.3,Petrol,2020,Third Party,5,Manual,5,KOLKATA
500000.0,SUV,54581,1,2018,17.5,Petrol,2018,Third Party insurance,5,Manual,5,KOLKATA
1475000.0,Sedan,34000,1,2014,17.68,Diesel,2014,Comprehensive,8,Automatic,5,KOLKATA
500000.0,Hatchback,50000,2,2016,18.6,Petrol,2016,Third Party insurance,5,Manual,5,KOLKATA
360000.0,Hatchback,40000,2,2014,16.47,Petrol,2014,Third Party insurance,5,Manual,5,KOLKATA
1450000.0,SUV,70000,4,2015,12.55,Diesel,2015,Third Party insurance,5,Automatic,7,KOLKATA
4200000.0,SUV,19600,3,2016,13.6,Petrol,2016,Third Party insurance,7,Automatic,5,KOLKATA
350000.0,MUV,120000,1,2011,14.8,Diesel,2011,Third Party insurance,5,Manual,7,KOLKATA
1199000.0,SUV,68000,1,2012,16.09,Diesel,2012,Comprehensive,8,Automatic,5,KOLKATA
220000.0,Sedan,70000,2,2014,21.02,Diesel,2014,Third Party insurance,5,Manual,5,KOLKATA
330000.0,Hatchback,50000,4,2016,24.0,Diesel,2016,Third Party insurance,5,Manual,5,KOLKATA
518000.0,Sedan,70179,1,2021,19.28,Petrol,2021,Third Party,5,Manual,5,KOLKATA
141000.0,Hatchback,54501,1,2010,19.0,Petrol,2010,Comprehensive,5,Manual,5,KOLKATA
800000.0,SUV,20000,1,2018,20.37,Diesel,2018,Third Party insurance,6,Manual,5,KOLKATA
227000.0,Hatchback,28651,1,2016,22.05,Petrol,2016,Third Party,5,Manual,5,KOLKATA
372000.0,Sedan,64787,2,2014,17.4,Petrol,2014,Third Party,5,Manual,5,KOLKATA
1300000.0,SUV,138726,1,2014,13.0,Diesel,2014,Comprehensive,5,Manual,7,KOLKATA
437000.0,Hatchback,24147,1,2019,21.79,Petrol,2019,Comprehensive,5,Manual,5,KOLKATA
950000.0,Sedan,65000,1,2017,14.28,Petrol,2017,Third Party,7,Automatic,5,KOLKATA
421000.0,Sedan,79513,1,2015,17.4,Petrol,2015,Comprehensive,5,Manual,5,KOLKATA
193000.0,Hatchback,87845,1,2010,18.5,Petrol,2010,Third Party insurance,5,Manual,5,KOLKATA
750000.0,MUV,20000,1,2015,16.02,Petrol,2015,Third Party insurance,5,Manual,7,KOLKATA
599000.0,Sedan,55000,1,2015,14.69,Petrol,2015,Third Party insurance,6,Manual,5,KOLKATA
470000.0,Hatchback,60000,2,2020,18.15,Petrol,2020,Third Party insurance,5,Manual,6,KOLKATA
335000.0,Hatchback,47183,1,2014,19.4,Petrol,2014,Third Party insurance,5,Manual,5,KOLKATA
1050000.0,MUV,150000,1,2015,12.99,Diesel,2015,Third Party insurance,5,Manual,7,KOLKATA
2199000.0,Sedan,41510,2,2015,14.21,Diesel,2015,Comprehensive,5,Automatic,5,KOLKATA
843000.0,Sedan,54600,1,2017,22.54,Diesel,2017,Comprehensive,6,Manual,5,KOLKATA
50000.0,Hatchback,20000,1,2007,18.9,Petrol,2007,Third Party insurance,5,Manual,5,KOLKATA
650000.0,MUV,4000,1,2022,20.0,Petrol,2022,Comprehensive,5,Manual,7,KOLKATA
180000.0,Sedan,70000,1,2015,18.2,Petrol,2015,Third Party insurance,5,Manual,5,KOLKATA
673000.0,SUV,29882,1,2021,17.03,Petrol,2021,Zero Dep,5,Manual,5,KOLKATA
198000.0,Hatchback,55314,1,2011,18.3,Petrol,2011,Third Party,5,Manual,5,KOLKATA
250000.0,Sedan,69000,1,2013,22.32,Diesel,2013,Third Party insurance,4,Manual,5,KOLKATA
338000.0,Sedan,41565,2,2015,22.41,Petrol,2015,Comprehensive,5,Manual,5,KOLKATA
198000.0,Hatchback,46624,2,2011,18.5,Petrol,2011,Comprehensive,5,Manual,5,KOLKATA
1400000.0,SUV,56312,1,2021,18.0,Diesel,2021,Comprehensive,6,Automatic,5,KOLKATA
283000.0,Hatchback,22950,1,2019,22.05,Petrol,2019,Third Party,5,Manual,5,KOLKATA
214000.0,Hatchback,42000,2,2014,19.81,Petrol,2014,Comprehensive,5,Manual,5,KOLKATA
215000.0,Hatchback,26135,1,2014,21.1,Petrol,2014,Third Party,5,Manual,5,KOLKATA
749000.0,Hatchback,20913,1,2020,18.78,Petrol,2020,Comprehensive,5,Manual,5,KOLKATA
185000.0,Hatchback,14000,2,2013,21.1,Petrol,2013,Comprehensive,5,Manual,5,KOLKATA
421000.0,Hatchback,3000,1,2020,24.76,Petrol,2020,Comprehensive,5,Manual,5,KOLKATA
465000.0,Hatchback,52002,1,2018,27.39,Diesel,2018,Comprehensive,5,Manual,5,KOLKATA
200000.0,Hatchback,60000,2,2010,18.5,Petrol,2010,Third Party insurance,5,Manual,5,KOLKATA
1321000.0,SUV,50000,1,2021,20.8,Diesel,2021,Third Party insurance,6,Manual,5,KOLKATA
450000.0,Sedan,59000,1,2014,14.28,Petrol,2014,Third Party insurance,6,Manual,5,KOLKATA
1199000.0,SUV,15000,1,2022,18.9,Diesel,2022,Comprehensive,6,Manual,5,KOLKATA
210000.0,Hatchback,22393,2,2014,21.1,Petrol,2014,Comprehensive,5,Manual,5,KOLKATA
345000.0,Sedan,53483,1,2016,25.8,Diesel,2016,Comprehensive,5,Manual,5,KOLKATA
421000.0,Sedan,49000,1,2011,11.7,Petrol,2011,Third Party insurance,5,Automatic,5,KOLKATA
171000.0,Hatchback,38420,1,2011,24.39,Petrol,2011,Comprehensive,5,Manual,5,KOLKATA
172000.0,Hatchback,60585,1,2010,20.36,Petrol,2010,Comprehensive,5,Manual,5,KOLKATA
6600000.0,Sedan,12809,1,2021,15.0,Petrol,2021,Comprehensive,9,Automatic,5,KOLKATA
794000.0,Sedan,37243,1,2019,21.72,Diesel,2019,Zero Dep,7,Automatic,5,KOLKATA
881000.0,SUV,25796,1,2022,17.03,Petrol,2022,Comprehensive,5,Manual,5,KOLKATA
1735000.0,MUV,34000,1,2018,13.68,Diesel,2018,Comprehensive,5,Manual,8,KOLKATA
853000.0,SUV,29717,1,2019,18.15,Petrol,2019,Comprehensive,7,Automatic,5,KOLKATA
325000.0,Hatchback,42000,1,2018,19.49,Petrol,2018,Comprehensive,5,Manual,5,KOLKATA
284000.0,Hatchback,24425,1,2014,20.51,Petrol,2014,Comprehensive,5,Manual,5,KOLKATA
936000.0,Sedan,14323,1,2020,16.24,Petrol,2020,Comprehensive,6,Automatic,5,KOLKATA
800000.0,SUV,9700,1,2019,18.49,Diesel,2019,Comprehensive,5,Manual,7,KOLKATA
250000.0,Sedan,50000,2,2011,17.01,Petrol,2011,Third Party insurance,5,Manual,5,KOLKATA
650000.0,Sedan,51097,1,2017,18.0,Petrol,2017,Third Party insurance,0,Automatic,5,KOLKATA
165000.0,Hatchback,60000,2,2010,19.81,Petrol,2010,Third Party insurance,5,Manual,5,KOLKATA
850000.0,Sedan,23684,1,2022,22.41,Petrol,2022,Comprehensive,5,Manual,5,KOLKATA
161000.0,Hatchback,40000,1,2009,19.81,Petrol,2009,Third Party insurance,5,Manual,5,KOLKATA
2750000.0,SUV,60002,1,2017,17.9,Diesel,2017,Comprehensive,9,Automatic,5,KOLKATA
795000.0,SUV,39000,1,2018,15.4,Petrol,2018,Third Party,6,Manual,7,KOLKATA
900000.0,MUV,40000,1,2020,19.01,Petrol,2020,Third Party insurance,5,Manual,7,KOLKATA
1800000.0,Hatchback,16001,1,2017,16.8,Diesel,2017,Comprehensive,6,Automatic,5,KOLKATA
361000.0,Sedan,51000,2,2014,17.01,Petrol,2014,Comprehensive,5,Manual,5,KOLKATA
510000.0,Hatchback,10143,1,2021,21.79,Petrol,2021,Comprehensive,5,Manual,5,KOLKATA
415000.0,Hatchback,53657,2,2019,21.7,Petrol,2019,Third Party insurance,5,Manual,5,KOLKATA
266000.0,Hatchback,88532,1,2014,25.24,Petrol,2014,Comprehensive,5,Manual,5,KOLKATA
150000.0,Hatchback,60000,1,2013,20.51,Petrol,2013,Third Party insurance,5,Manual,5,KOLKATA
1375000.0,SUV,12059,1,2021,19.2,Petrol,2021,Comprehensive,6,Manual,5,KOLKATA
520000.0,Hatchback,10000,1,2021,19.01,Petrol,2021,Third Party insurance,5,Manual,5,KOLKATA
925000.0,SUV,47000,1,2018,15.4,Diesel,2018,Third Party insurance,5,Manual,9,KOLKATA
650000.0,SUV,20000,1,2018,19.6,Diesel,2018,Comprehensive,6,Manual,5,KOLKATA
285000.0,Sedan,37000,1,2013,19.1,Petrol,2013,Comprehensive,5,Manual,5,KOLKATA
728000.0,Hatchback,9520,1,2022,20.7,Petrol,2022,Comprehensive,5,Manual,5,KOLKATA
210000.0,Sedan,100000,1,2016,18.2,Petrol,2016,Third Party insurance,5,Manual,5,KOLKATA
535000.0,Hatchback,22577,1,2022,30.48,CNG,2022,Comprehensive,5,Manual,5,KOLKATA
824000.0,Hatchback,9902,1,2021,20.0,Petrol,2021,Comprehensive,6,Manual,5,KOLKATA
500000.0,SUV,70000,1,2016,17.0,Petrol,2016,Third Party insurance,5,Manual,5,KOLKATA
526000.0,Hatchback,20101,1,2020,18.9,Petrol,2020,Comprehensive,5,Manual,5,KOLKATA
180000.0,Hatchback,120000,1,2011,16.25,Petrol,2011,Third Party insurance,5,Manual,5,KOLKATA
970000.0,SUV,15258,1,2021,17.33,Petrol,2021,Comprehensive,6,Manual,5,KOLKATA
951000.0,SUV,36397,1,2020,18.15,Petrol,2020,Third Party,7,Automatic,5,KOLKATA
180000.0,Hatchback,120000,1,2011,16.25,Petrol,2011,Third Party insurance,5,Manual,5,KOLKATA
975000.0,Sedan,52000,1,2012,16.07,Diesel,2012,Comprehensive,6,Automatic,5,KOLKATA
2250000.0,SUV,51900,1,2019,17.9,Diesel,2019,Third Party insurance,7,Automatic,5,KOLKATA
750000.0,Sedan,70000,1,2017,18.0,Petrol,2017,Third Party insurance,0,Automatic,5,KOLKATA
2650000.0,SUV,10000,1,2022,14.1,Petrol,2022,Third Party insurance,7,Automatic,5,KOLKATA
1950000.0,SUV,30000,1,2016,17.05,Diesel,2016,Third Party insurance,8,Automatic,5,KOLKATA
930000.0,SUV,23303,2,2019,13.0,Petrol,2019,Comprehensive,6,Manual,5,KOLKATA
1499000.0,SUV,30000,2,2020,13.96,Petrol,2020,Third Party insurance,6,Automatic,5,KOLKATA
850000.0,SUV,70000,2,2017,16.0,Diesel,2017,Third Party insurance,6,Manual,7,KOLKATA
1020000.0,SUV,50000,2,2019,13.0,Petrol,2019,Third Party insurance,6,Manual,5,KOLKATA
614000.0,Hatchback,11326,1,2019,21.21,Petrol,2019,Comprehensive,5,Manual,5,KOLKATA
630000.0,Hatchback,23609,1,2020,21.21,Petrol,2020,Comprehensive,5,Manual,5,KOLKATA
320000.0,Hatchback,30000,2,2016,23.1,Petrol,2016,Third Party insurance,5,Manual,5,KOLKATA
241000.0,Hatchback,60533,1,2014,17.92,Petrol,2014,Third Party insurance,5,Manual,5,KOLKATA
513000.0,Sedan,46328,1,2016,20.73,Petrol,2016,Third Party,5,Manual,5,KOLKATA
1550000.0,SUV,60000,1,2020,11.67,Petrol,2020,Third Party insurance,6,Automatic,6,KOLKATA
1006000.0,SUV,31745,1,2019,18.15,Petrol,2019,Zero Dep,7,Automatic,5,KOLKATA
1075000.0,SUV,78668,3,2012,12.55,Diesel,2012,Comprehensive,5,Automatic,7,KOLKATA
718000.0,SUV,3115,1,2021,19.17,Petrol,2021,Comprehensive,5,Manual,5,KOLKATA
635000.0,Hatchback,8940,1,2022,26.0,Petrol,2022,Comprehensive,5,Automatic,5,KOLKATA
475000.0,Hatchback,10000,1,2015,18.9,Petrol,2015,Third Party insurance,5,Manual,5,KOLKATA
305000.0,Sedan,40000,3,2014,19.1,Petrol,2014,Third Party insurance,5,Manual,5,KOLKATA
755000.0,Sedan,45652,1,2018,17.8,Petrol,2018,Comprehensive,5,Manual,5,KOLKATA
800000.0,Sedan,30000,1,2019,21.56,Petrol,2019,Third Party insurance,5,Manual,5,KOLKATA
1800000.0,Sedan,85033,4,2015,9.4,Petrol,2015,Comprehensive,8,Automatic,5,KOLKATA
450000.0,Hatchback,30000,1,2017,18.9,Petrol,2017,Third Party insurance,5,Manual,5,KOLKATA
290000.0,Hatchback,70000,1,2011,18.5,Petrol,2011,Third Party insurance,5,Manual,5,KOLKATA
580000.0,Hatchback,17200,1,2019,22.0,Petrol,2019,Comprehensive,5,Manual,5,KOLKATA
600000.0,Sedan,18255,1,2015,17.4,Petrol,2015,Third Party insurance,5,Manual,5,KOLKATA
595000.0,Sedan,80000,2,2015,14.28,Petrol,2015,Third Party insurance,6,Manual,5,KOLKATA
546000.0,Hatchback,6398,1,2022,25.24,Petrol,2022,Comprehensive,5,Manual,5,KOLKATA
588000.0,Hatchback,45739,1,2020,20.7,Petrol,2020,Comprehensive,5,Automatic,5,KOLKATA
2300000.0,SUV,46000,1,2016,12.55,Diesel,2016,Third Party insurance,5,Manual,7,KOLKATA
499000.0,SUV,35254,1,2016,15.4,Petrol,2016,Comprehensive,6,Manual,7,KOLKATA
623000.0,Sedan,41334,1,2018,17.1,Petrol,2018,Comprehensive,6,Manual,5,KOLKATA
300000.0,Hatchback,51463,1,2014,19.4,Petrol,2014,Third Party insurance,5,Manual,5,KOLKATA
338000.0,Hatchback,29478,1,2019,24.7,Petrol,2019,Comprehensive,5,Manual,5,KOLKATA
1750000.0,MUV,85101,1,2019,13.68,Diesel,2019,Comprehensive,5,Manual,7,KOLKATA
443000.0,Hatchback,6903,1,2022,21.7,Petrol,2022,Comprehensive,5,Manual,5,KOLKATA
213000.0,Hatchback,57602,2,2013,20.36,Petrol,2013,Comprehensive,5,Manual,5,KOLKATA
3150000.0,Sedan,52047,2,2013,7.5,Diesel,2013,Third Party insurance,6,Automatic,4,KOLKATA
3700000.0,SUV,71742,1,2017,17.9,Diesel,2017,Comprehensive,9,Automatic,5,KOLKATA
4450000.0,SUV,413,1,2023,12.18,Petrol,2023,Comprehensive,8,Automatic,5,KOLKATA
234000.0,Hatchback,10000,1,2015,22.74,Petrol,2015,Comprehensive,5,Manual,5,KOLKATA
140000.0,Hatchback,50000,1,2009,19.81,Petrol,2009,Third Party insurance,5,Manual,5,KOLKATA
534000.0,Hatchback,18000,1,2018,21.4,Petrol,2018,Comprehensive,0,Automatic,5,KOLKATA
380000.0,Hatchback,32000,1,2018,20.51,Petrol,2018,Comprehensive,5,Automatic,5,KOLKATA
565000.0,SUV,42000,1,2018,23.0,Diesel,2018,Third Party insurance,5,Manual,5,KOLKATA
381000.0,Sedan,45000,1,2014,17.4,Petrol,2014,Comprehensive,5,Manual,5,KOLKATA
749000.0,Sedan,29000,1,2018,18.4,Petrol,2018,Third Party insurance,0,Automatic,5,KOLKATA
426000.0,MUV,19675,2,2012,20.51,Petrol,2012,Third Party,5,Manual,7,KOLKATA
877000.0,Hatchback,20378,1,2021,20.28,Petrol,2021,Comprehensive,7,Automatic,5,KOLKATA
1400000.0,SUV,10000,1,2022,17.2,Petrol,2022,Third Party insurance,6,Automatic,5,KOLKATA
335000.0,Hatchback,33683,1,2015,19.81,Petrol,2015,Comprehensive,5,Manual,5,KOLKATA
414000.0,Hatchback,18518,1,2021,21.7,Petrol,2021,Comprehensive,5,Manual,5,KOLKATA
321000.0,Hatchback,36000,1,2016,18.9,Petrol,2016,Comprehensive,5,Manual,5,KOLKATA
323000.0,Hatchback,30791,2,2019,23.95,Petrol,2019,Comprehensive,5,Manual,5,KOLKATA
925000.0,MUV,18000,1,2021,19.01,Petrol,2021,Comprehensive,5,Manual,7,KOLKATA
345000.0,Hatchback,14447,1,2020,22.05,Petrol,2020,Comprehensive,5,Manual,5,KOLKATA
454000.0,Hatchback,19991,2,2019,18.9,Petrol,2019,Comprehensive,5,Manual,5,KOLKATA
259000.0,Hatchback,24000,1,2016,21.1,Petrol,2016,Comprehensive,5,Manual,5,KOLKATA
675000.0,SUV,41000,1,2019,15.96,Diesel,2019,Comprehensive,5,Manual,7,KOLKATA
1095000.0,SUV,45000,1,2015,17.32,Diesel,2015,Comprehensive,6,Manual,5,KOLKATA
1875000.0,SUV,10177,1,2021,14.2,Petrol,2021,Comprehensive,6,Automatic,7,KOLKATA
325000.0,Hatchback,35444,1,2013,18.9,Petrol,2013,Third Party,5,Manual,5,KOLKATA
415000.0,Hatchback,35000,1,2017,18.9,Petrol,2017,Third Party insurance,5,Manual,5,KOLKATA
1695000.0,MUV,40000,1,2019,13.68,Diesel,2019,Comprehensive,5,Manual,7,KOLKATA
365000.0,Hatchback,49040,1,2016,24.0,Diesel,2016,Comprehensive,5,Manual,5,KOLKATA
98000.0,Hatchback,40000,2,2007,19.7,Petrol,2007,Third Party insurance,5,Manual,5,KOLKATA
333000.0,Hatchback,49546,1,2019,23.95,Petrol,2019,Comprehensive,5,Manual,5,KOLKATA
406000.0,Sedan,38698,1,2014,22.41,Petrol,2014,Comprehensive,5,Manual,5,KOLKATA
675000.0,Sedan,32814,1,2018,17.4,Petrol,2018,Comprehensive,5,Manual,5,KOLKATA
329000.0,Sedan,14642,1,2015,19.1,Petrol,2015,Third Party,5,Manual,5,KOLKATA
279000.0,Hatchback,33429,1,2017,24.7,Petrol,2017,Comprehensive,5,Manual,5,KOLKATA
299000.0,Sedan,36448,2,2012,13.44,Petrol,2012,Comprehensive,6,Manual,5,KOLKATA
622000.0,Hatchback,30739,1,2022,20.7,Petrol,2022,Comprehensive,5,Manual,5,KOLKATA
798000.0,Hatchback,21300,1,2021,21.0,Petrol,2021,Comprehensive,5,Manual,5,KOLKATA
618000.0,Hatchback,13463,1,2020,20.7,Petrol,2020,Comprehensive,5,Manual,5,KOLKATA
431000.0,Hatchback,15477,1,2019,21.7,Petrol,2019,Third Party insurance,5,Automatic,5,KOLKATA
415000.0,Hatchback,33000,1,2018,20.51,Petrol,2018,Third Party insurance,5,Automatic,5,KOLKATA
180000.0,Hatchback,50000,2,2010,20.36,Petrol,2010,Third Party insurance,5,Manual,5,KOLKATA
3700000.0,SUV,15766,1,2021,18.9,Petrol,2021,Comprehensive,7,Automatic,5,KOLKATA
1675000.0,SUV,28895,1,2021,18.1,Diesel,2021,Comprehensive,6,Automatic,6,KOLKATA
620000.0,Hatchback,10000,1,2019,21.4,Petrol,2019,Third Party insurance,5,Manual,5,KOLKATA
380000.0,Sedan,50000,1,2015,20.34,Diesel,2015,Third Party insurance,5,Manual,5,KOLKATA
840000.0,SUV,70000,2,2016,16.0,Diesel,2016,Third Party insurance,6,Automatic,7,KOLKATA
3500000.0,Sedan,24600,1,2020,12.6,Diesel,2020,Third Party insurance,9,Automatic,5,KOLKATA
1550000.0,SUV,10711,1,2023,15.2,Diesel,2023,Comprehensive,6,Manual,4,KOLKATA
600000.0,MUV,90000,1,2018,17.5,Petrol,2018,Third Party insurance,5,Manual,7,KOLKATA
868000.0,SUV,19712,1,2020,18.27,Petrol,2020,Comprehensive,6,Manual,5,KOLKATA
917000.0,Sedan,31772,1,2019,18.0,Petrol,2019,Comprehensive,0,Automatic,5,KOLKATA
100000.0,Sedan,150000,1,2013,12.8,Diesel,2013,Third Party insurance,5,Manual,5,KOLKATA
867000.0,Sedan,31055,1,2019,17.0,Petrol,2019,Third Party insurance,6,Manual,5,KOLKATA
827000.0,SUV,25695,1,2021,16.42,Petrol,2021,Comprehensive,5,Manual,5,KOLKATA
420000.0,Hatchback,20000,1,2021,21.7,Petrol,2021,Third Party insurance,5,Manual,5,KOLKATA
942000.0,SUV,24181,1,2019,20.0,Diesel,2019,Comprehensive,6,Manual,5,KOLKATA
1300000.0,SUV,70000,1,2020,18.0,Diesel,2020,Third Party insurance,6,Automatic,5,KOLKATA
804000.0,SUV,42970,1,2020,16.42,Petrol,2020,Comprehensive,5,Manual,5,KOLKATA
179000.0,Hatchback,12541,2,2012,19.7,Petrol,2012,Comprehensive,5,Manual,5,KOLKATA
550000.0,Hatchback,10000,1,2019,18.6,Petrol,2019,Third Party insurance,5,Manual,5,KOLKATA
650000.0,Hatchback,10000,2,2021,20.7,Petrol,2021,Third Party insurance,5,Manual,5,KOLKATA
449000.0,Sedan,49817,1,2015,16.8,Petrol,2015,Comprehensive,5,Manual,5,KOLKATA
650000.0,Hatchback,10000,2,2021,20.7,Petrol,2021,Third Party insurance,5,Manual,5,KOLKATA
250000.0,Hatchback,30000,2,2016,23.01,Petrol,2016,Third Party insurance,5,Manual,5,KOLKATA
821000.0,SUV,10000,2,2022,17.33,Petrol,2022,Third Party insurance,6,Manual,5,KOLKATA
300000.0,Hatchback,20000,1,2013,24.0,Diesel,2013,Third Party insurance,5,Manual,5,KOLKATA
950000.0,MUV,10000,2,2021,19.01,Petrol,2021,Third Party insurance,5,Manual,6,KOLKATA
700000.0,SUV,80000,2,2015,16.0,Diesel,2015,Third Party insurance,6,Manual,7,KOLKATA
280000.0,Sedan,70000,2,2014,24.4,Diesel,2014,Third Party insurance,5,Manual,5,KOLKATA
663000.0,Hatchback,6347,1,2020,21.21,Petrol,2020,Comprehensive,5,Manual,5,KOLKATA
559000.0,Hatchback,19437,2,2019,20.89,Petrol,2019,Comprehensive,5,Automatic,5,KOLKATA
500000.0,Hatchback,61262,1,2019,28.4,Diesel,2019,Third Party insurance,5,Manual,5,KOLKATA
934000.0,SUV,6059,1,2021,17.33,Petrol,2021,Comprehensive,6,Manual,5,KOLKATA
914000.0,Hatchback,9134,1,2022,23.64,Diesel,2022,Comprehensive,5,Manual,5,KOLKATA
840000.0,Hatchback,23092,1,2022,21.4,Petrol,2022,Comprehensive,5,Manual,5,KOLKATA
684000.0,Hatchback,33937,1,2020,23.64,Diesel,2020,Comprehensive,5,Manual,5,KOLKATA
524000.0,Sedan,20000,1,2015,20.73,Petrol,2015,Third Party insurance,5,Manual,5,KOLKATA
442000.0,Hatchback,49134,1,2017,17.71,Petrol,2017,Comprehensive,5,Manual,5,KOLKATA
192000.0,Hatchback,71900,2,2010,21.1,Petrol,2010,Comprehensive,5,Manual,5,KOLKATA
580000.0,Hatchback,20000,1,2020,21.79,Petrol,2020,Third Party insurance,5,Manual,5,KOLKATA
3800000.0,Sedan,20000,1,2019,18.12,Diesel,2019,Third Party insurance,8,Automatic,5,KOLKATA
829000.0,Sedan,10000,1,2021,18.3,Petrol,2021,Third Party insurance,0,Automatic,5,KOLKATA
2649000.0,SUV,22336,1,2017,10.91,Diesel,2017,Comprehensive,6,Automatic,7,KOLKATA
1950000.0,SUV,30000,1,2016,20.68,Diesel,2016,Third Party insurance,8,Automatic,5,KOLKATA
600000.0,Hatchback,10000,2,2019,18.6,Petrol,2019,Third Party insurance,5,Manual,5,KOLKATA
775000.0,Sedan,48384,1,2019,17.4,Petrol,2019,Comprehensive,5,Manual,5,KOLKATA
1365000.0,SUV,32000,1,2019,13.96,Petrol,2019,Third Party insurance,6,Automatic,5,KOLKATA
850000.0,Sedan,20000,1,2020,14.3,Petrol,2020,Third Party insurance,5,Manual,5,KOLKATA
435000.0,Sedan,56023,1,2015,16.78,Petrol,2015,Comprehensive,5,Manual,5,KOLKATA
956000.0,Sedan,60840,2,2019,22.54,Diesel,2019,Comprehensive,6,Manual,5,KOLKATA
431000.0,Hatchback,18984,1,2017,19.34,Petrol,2017,Comprehensive,0,Automatic,5,KOLKATA
575000.0,MUV,50000,1,2014,16.02,Petrol,2014,Third Party insurance,5,Manual,7,KOLKATA
432000.0,Sedan,115173,1,2017,22.95,Diesel,2017,Comprehensive,5,Manual,5,KOLKATA
255000.0,Hatchback,26251,1,2014,20.92,Petrol,2014,Third Party insurance,5,Manual,5,KOLKATA
1675000.0,SUV,35700,2,2015,17.9,Diesel,2015,Third Party insurance,7,Automatic,5,KOLKATA
479000.0,Hatchback,6230,2,2021,21.7,Petrol,2021,Comprehensive,5,Automatic,5,KOLKATA
763000.0,SUV,30000,1,2020,17.33,Petrol,2020,Third Party insurance,6,Manual,5,KOLKATA
846000.0,Sedan,25228,1,2022,18.3,Petrol,2022,Third Party insurance,0,Automatic,5,KOLKATA
999000.0,SUV,46717,1,2019,15.8,Petrol,2019,Comprehensive,6,Manual,5,KOLKATA
280000.0,Hatchback,20000,1,2013,20.36,Petrol,2013,Third Party insurance,5,Manual,5,KOLKATA
775000.0,MUV,120000,1,2018,18.69,Petrol,2018,Third Party insurance,4,Automatic,7,KOLKATA
350000.0,Sedan,65000,1,2014,20.5,Diesel,2014,Third Party,5,Manual,5,KOLKATA
445000.0,Sedan,91000,1,2018,19.5,Petrol,2018,Comprehensive,5,Manual,5,KOLKATA
500000.0,Hatchback,45000,1,2017,17.19,Petrol,2017,Third Party,5,Manual,5,KOLKATA
21000000.0,Coupe,30000,1,2016,12.65,Petrol,2016,Third Party insurance,7,Automatic,2,KOLKATA
825000.0,Sedan,30000,1,2019,21.56,Petrol,2019,Third Party insurance,5,Manual,5,KOLKATA
510000.0,Hatchback,60000,1,2017,21.4,Petrol,2017,Third Party insurance,5,Manual,5,KOLKATA
325000.0,Sedan,56000,1,2014,16.78,Petrol,2014,Third Party,5,Manual,5,KOLKATA
500000.0,Sedan,54419,1,2016,17.01,Petrol,2016,Third Party insurance,5,Manual,5,KOLKATA
640000.0,MUV,22746,1,2020,18.2,Petrol,2020,Comprehensive,5,Automatic,7,KOLKATA
334000.0,Hatchback,5385,1,2020,22.05,Petrol,2020,Third Party insurance,5,Manual,5,KOLKATA
1250000.0,Sedan,40375,1,2014,17.68,Diesel,2014,Comprehensive,8,Automatic,5,KOLKATA
774000.0,Hatchback,10837,1,2020,20.28,Petrol,2020,Comprehensive,7,Automatic,5,KOLKATA
326000.0,Hatchback,4521,1,2020,22.05,Petrol,2020,Comprehensive,5,Manual,5,KOLKATA
2400000.0,Sedan,25990,2,2019,22.69,Diesel,2019,Comprehensive,8,Automatic,5,KOLKATA
634000.0,Sedan,6805,1,2021,22.41,Petrol,2021,Comprehensive,5,Manual,5,KOLKATA
825000.0,Sedan,47000,1,2011,14.94,Diesel,2011,Third Party insurance,7,Automatic,5,KOLKATA
458000.0,Hatchback,23733,1,2021,21.7,Petrol,2021,Comprehensive,5,Automatic,5,KOLKATA
414000.0,Hatchback,9473,1,2021,21.7,Petrol,2021,Comprehensive,5,Manual,5,KOLKATA
310000.0,SUV,150000,1,2013,19.01,Diesel,2013,Third Party insurance,6,Manual,5,KOLKATA
450000.0,Sedan,70000,2,2015,16.9,Petrol,2015,Third Party insurance,4,Automatic,5,KOLKATA
4495000.0,SUV,38200,2,2019,11.2,Diesel,2019,Third Party insurance,8,Automatic,5,KOLKATA
2025000.0,SUV,76187,1,2020,12.05,Diesel,2020,Comprehensive,7,Automatic,7,KOLKATA
2460000.0,SUV,40000,1,2016,16.55,Diesel,2016,Third Party insurance,8,Automatic,5,KOLKATA
500000.0,Sedan,89398,3,2008,11.7,Petrol,2008,Comprehensive,5,Automatic,5,KOLKATA
900000.0,Sedan,50000,1,2018,17.0,Petrol,2018,Third Party insurance,6,Manual,5,KOLKATA
1200000.0,Sedan,70000,3,2014,19.16,Petrol,2014,Third Party insurance,6,Automatic,5,KOLKATA
400000.0,SUV,37000,1,2017,18.49,Diesel,2017,Third Party insurance,5,Manual,7,KOLKATA
149000.0,Hatchback,42000,2,2011,15.6,Petrol,2011,Comprehensive,5,Manual,5,KOLKATA
324000.0,Hatchback,19392,1,2016,23.95,Petrol,2016,Comprehensive,5,Automatic,5,KOLKATA
356000.0,Hatchback,9522,1,2021,22.05,Petrol,2021,Comprehensive,5,Manual,5,KOLKATA
295000.0,Sedan,28880,1,2014,18.0,Petrol,2014,Comprehensive,5,Manual,5,KOLKATA
230000.0,Hatchback,19003,1,2016,18.6,Petrol,2016,Comprehensive,5,Manual,5,KOLKATA
268000.0,Hatchback,28329,1,2016,22.74,Petrol,2016,Comprehensive,5,Manual,5,KOLKATA
690000.0,Hatchback,9326,1,2022,21.0,Petrol,2022,Third Party insurance,5,Manual,5,KOLKATA
549000.0,Hatchback,47584,1,2020,21.21,Petrol,2020,Comprehensive,5,Manual,5,KOLKATA
1600000.0,SUV,10000,2,2022,16.5,Petrol,2022,Third Party insurance,6,Manual,5,KOLKATA
487000.0,Hatchback,24021,1,2019,18.9,Petrol,2019,Comprehensive,5,Manual,5,KOLKATA
302000.0,Hatchback,44094,2,2019,23.95,Petrol,2019,Comprehensive,5,Manual,5,KOLKATA
1750000.0,SUV,45107,1,2020,17.1,Diesel,2020,Comprehensive,6,Automatic,5,KOLKATA
425000.0,Sedan,9470,1,2015,18.5,Petrol,2015,Comprehensive,4,Automatic,5,KOLKATA
284000.0,MUV,125000,1,2007,12.99,Diesel,2007,Comprehensive,5,Manual,8,KOLKATA
430000.0,Hatchback,7000,1,2021,21.7,Petrol,2021,Comprehensive,5,Manual,5,KOLKATA
445000.0,Hatchback,73000,1,2018,27.39,Diesel,2018,Comprehensive,5,Manual,5,KOLKATA
1199000.0,SUV,11000,1,2022,19.89,Petrol,2022,Comprehensive,5,Manual,5,KOLKATA
170000.0,Hatchback,30000,1,2010,20.36,Petrol,2010,Third Party insurance,5,Manual,5,KOLKATA
350000.0,SUV,35500,1,2013,20.45,Diesel,2013,Comprehensive,5,Manual,5,KOLKATA
525000.0,Hatchback,10000,1,2019,22.0,Petrol,2019,Third Party insurance,5,Automatic,5,KOLKATA
385000.0,Hatchback,43000,2,2017,24.0,Diesel,2017,Comprehensive,5,Manual,5,KOLKATA
498000.0,Hatchback,34144,1,2021,32.52,CNG,2021,Comprehensive,5,Manual,5,KOLKATA
625000.0,Hatchback,6669,1,2021,20.7,Petrol,2021,Third Party insurance,5,Manual,5,KOLKATA
494000.0,Hatchback,22618,1,2019,18.9,Petrol,2019,Third Party insurance,5,Manual,5,KOLKATA
462000.0,Hatchback,27042,1,2019,32.52,CNG,2019,Comprehensive,5,Manual,5,KOLKATA
710000.0,SUV,38224,1,2016,13.0,Petrol,2016,Comprehensive,6,Manual,5,KOLKATA
889000.0,Sedan,23379,1,2018,18.0,Petrol,2018,Comprehensive,0,Automatic,5,KOLKATA
2099000.0,Sedan,47000,1,2018,17.9,Diesel,2018,Comprehensive,7,Automatic,5,KOLKATA
304000.0,Hatchback,21388,1,2019,22.05,Petrol,2019,Comprehensive,5,Manual,5,KOLKATA
308000.0,Hatchback,23005,1,2015,18.9,Petrol,2015,Comprehensive,5,Manual,5,KOLKATA
1550000.0,Sedan,7308,1,2021,14.62,Petrol,2021,Comprehensive,6,Automatic,5,KOLKATA
500000.0,Sedan,90000,1,2008,13.2,Diesel,2008,Third Party insurance,6,Automatic,5,KOLKATA
150000.0,Hatchback,60000,1,2013,18.6,Petrol,2013,Third Party insurance,5,Manual,5,KOLKATA
395000.0,Hatchback,60000,1,2016,16.2,Petrol,2016,Third Party insurance,5,Manual,5,KOLKATA
1400000.0,SUV,36674,1,2020,16.5,Petrol,2020,Comprehensive,7,Automatic,5,KOLKATA
450000.0,Hatchback,20000,1,2019,21.79,Petrol,2019,Third Party insurance,5,Automatic,5,KOLKATA
495000.0,Sedan,17153,1,2018,19.0,Petrol,2018,Comprehensive,5,Manual,5,KOLKATA
1078000.0,SUV,39000,1,2018,16.0,Diesel,2018,Comprehensive,6,Manual,7,KOLKATA
460000.0,Hatchback,32165,1,2020,21.79,Petrol,2020,Comprehensive,5,Manual,5,KOLKATA
560000.0,Sedan,27447,1,2018,15.41,Petrol,2018,Third Party insurance,5,Manual,5,KOLKATA
259000.0,Hatchback,26305,1,2015,22.74,Petrol,2015,Comprehensive,5,Manual,5,KOLKATA
130000.0,Hatchback,20000,1,2008,19.7,Petrol,2008,Third Party insurance,5,Manual,5,KOLKATA
272000.0,Hatchback,17024,2,2018,22.7,Petrol,2018,Comprehensive,5,Manual,5,KOLKATA
982000.0,Sedan,9243,1,2020,18.3,Petrol,2020,Third Party insurance,0,Automatic,5,KOLKATA
425000.0,Sedan,100000,1,2017,15.41,Petrol,2017,Comprehensive,5,Manual,5,KOLKATA
297000.0,Hatchback,19280,1,2017,20.63,Petrol,2017,Comprehensive,5,Manual,5,KOLKATA
750000.0,SUV,10000,1,2019,18.27,Petrol,2019,Third Party insurance,6,Manual,5,KOLKATA
658000.0,Sedan,9646,1,2021,22.41,Petrol,2021,Comprehensive,5,Manual,5,KOLKATA
750000.0,SUV,11344,1,2020,18.55,Petrol,2020,Third Party insurance,5,Manual,5,KOLKATA
4600000.0,Sedan,17899,1,2021,16.13,Petrol,2021,Comprehensive,8,Automatic,5,KOLKATA
449000.0,Hatchback,6000,0,2021,23.01,Petrol,2021,Comprehensive,5,Manual,5,KOLKATA
150000.0,Hatchback,80000,1,2010,18.6,Petrol,2010,Third Party insurance,5,Manual,5,KOLKATA
99703.0,Hatchback,50000,1,2006,17.88,Diesel,2006,Third Party insurance,5,Manual,5,KOLKATA
450000.0,Hatchback,35000,2,2014,22.54,Diesel,2014,Third Party,6,Manual,5,KOLKATA
565000.0,MUV,31244,2,2015,17.5,Petrol,2015,Third Party insurance,5,Manual,7,KOLKATA
410000.0,Hatchback,40000,1,2017,18.9,Petrol,2017,Third Party insurance,5,Manual,5,KOLKATA
170000.0,Hatchback,30000,2,2012,18.6,Petrol,2012,Third Party insurance,5,Manual,5,KOLKATA
178000.0,Sedan,60000,1,2012,23.03,Diesel,2012,Third Party insurance,5,Manual,5,KOLKATA
895000.0,Sedan,70000,1,2010,16.73,Diesel,2010,Comprehensive,8,Automatic,5,KOLKATA
239000.0,Hatchback,65440,1,2015,21.1,Petrol,2015,Comprehensive,5,Manual,5,KOLKATA
652000.0,Hatchback,35884,1,2021,19.33,Petrol,2021,Comprehensive,5,Manual,5,KOLKATA
550000.0,Sedan,77500,1,2015,14.28,Petrol,2015,Third Party insurance,6,Manual,5,KOLKATA
599000.0,Sedan,59729,1,2015,14.28,Petrol,2015,Comprehensive,6,Manual,5,KOLKATA
199000.0,Hatchback,64854,1,2014,22.74,Petrol,2014,Comprehensive,5,Manual,5,KOLKATA
575000.0,Sedan,29836,2,2018,22.0,Petrol,2018,Comprehensive,5,Manual,5,KOLKATA
445000.0,Sedan,74094,1,2017,25.83,Diesel,2017,Comprehensive,5,Manual,5,KOLKATA
620000.0,Hatchback,11590,1,2021,22.38,Petrol,2021,Comprehensive,5,Manual,5,KOLKATA
706000.0,Hatchback,9461,1,2021,17.1,Petrol,2021,Comprehensive,5,Manual,5,KOLKATA
363000.0,Sedan,59006,3,2014,21.64,Diesel,2014,Comprehensive,5,Manual,5,KOLKATA
2400000.0,MUV,10000,1,2022,12.0,Diesel,2022,Third Party insurance,5,Manual,7,KOLKATA
492000.0,Sedan,150000,2,2017,26.59,Diesel,2017,Third Party insurance,5,Manual,5,KOLKATA
360000.0,Sedan,40000,3,2016,17.8,Petrol,2016,Third Party insurance,5,Manual,5,KOLKATA
280000.0,Sedan,80000,2,2009,19.3,Diesel,2009,Third Party insurance,5,Manual,5,KOLKATA
1640000.0,SUV,90000,1,2016,12.55,Diesel,2016,Third Party insurance,5,Automatic,7,KOLKATA
950000.0,SUV,80000,2,2012,12.35,Diesel,2012,Third Party insurance,6,Automatic,5,KOLKATA
1299000.0,SUV,73000,2,2014,12.55,Diesel,2014,Comprehensive,5,Manual,7,KOLKATA
250000.0,Hatchback,150000,1,2010,18.9,Petrol,2010,Third Party insurance,5,Manual,5,KOLKATA
3950000.0,Sedan,33600,1,2018,18.0,Diesel,2018,Third Party insurance,9,Automatic,5,KOLKATA
250000.0,Hatchback,60000,3,2011,23.59,Diesel,2011,Third Party insurance,5,Manual,5,KOLKATA
373000.0,Hatchback,82286,1,2016,18.7,Petrol,2016,Third Party,5,Manual,5,KOLKATA
415000.0,SUV,59880,2,2010,14.0,Petrol,2010,Third Party,5,Manual,5,KOLKATA
2200000.0,MUV,29841,1,2021,12.0,Diesel,2021,Comprehensive,5,Manual,8,KOLKATA
517000.0,Hatchback,10518,1,2022,25.24,Petrol,2022,Comprehensive,5,Manual,5,KOLKATA
456000.0,Hatchback,6204,1,2020,23.1,Petrol,2020,Comprehensive,5,Manual,5,KOLKATA
1250000.0,MUV,20000,1,2020,17.3,Diesel,2020,Third Party insurance,6,Manual,8,KOLKATA
311000.0,Hatchback,23696,1,2013,18.5,Petrol,2013,Third Party,5,Manual,5,KOLKATA
950000.0,MUV,112000,1,2016,12.99,Diesel,2016,Third Party insurance,5,Manual,8,KOLKATA
305000.0,Hatchback,7569,1,2020,22.05,Petrol,2020,Comprehensive,5,Manual,5,KOLKATA
583000.0,Hatchback,18800,1,2019,21.21,Petrol,2019,Comprehensive,5,Automatic,5,KOLKATA
250000.0,Hatchback,32147,1,2018,24.04,Petrol,2018,Third Party insurance,5,Automatic,5,KOLKATA
430000.0,SUV,27000,1,2016,17.0,Petrol,2016,Comprehensive,5,Manual,5,KOLKATA
150000.0,Hatchback,35100,1,2010,18.6,Petrol,2010,Third Party,5,Manual,5,KOLKATA
650000.0,SUV,20000,1,2022,17.33,Petrol,2022,Third Party insurance,6,Manual,5,KOLKATA
330000.0,Hatchback,31458,1,2014,18.9,Petrol,2014,Comprehensive,5,Manual,5,KOLKATA
1499000.0,Sedan,12000,1,2015,15.64,Petrol,2015,Third Party,8,Automatic,5,KOLKATA
675000.0,Sedan,10000,1,2021,18.6,Petrol,2021,Third Party insurance,5,Manual,5,KOLKATA
775000.0,SUV,32000,1,2018,24.3,Diesel,2018,Comprehensive,5,Automatic,5,KOLKATA
280000.0,Hatchback,37659,1,2012,22.9,Diesel,2012,Comprehensive,5,Manual,5,KOLKATA
588000.0,Sedan,31479,1,2020,22.61,Petrol,2020,Comprehensive,5,Automatic,5,KOLKATA
329000.0,Hatchback,10998,1,2019,22.05,Petrol,2019,Comprehensive,5,Manual,5,KOLKATA
460000.0,Hatchback,10000,1,2021,22.0,Petrol,2021,Third Party insurance,5,Automatic,5,KOLKATA
479000.0,Hatchback,27370,1,2021,32.52,CNG,2021,Comprehensive,5,Manual,5,KOLKATA
380000.0,Hatchback,39714,1,2016,20.4,Petrol,2016,Comprehensive,5,Manual,5,KOLKATA
235000.0,Hatchback,34000,1,2015,21.1,Petrol,2015,Comprehensive,5,Manual,5,KOLKATA
309000.0,Hatchback,41469,2,2015,20.36,Petrol,2015,Comprehensive,5,Manual,5,KOLKATA
670000.0,Hatchback,6033,1,2019,21.4,Petrol,2019,Comprehensive,5,Manual,5,KOLKATA
269000.0,Hatchback,28036,1,2017,24.7,Petrol,2017,Comprehensive,5,Manual,5,KOLKATA
248000.0,Hatchback,19631,1,2014,22.74,Petrol,2014,Comprehensive,5,Manual,5,KOLKATA
300000.0,SUV,70000,1,2016,25.32,Diesel,2016,Third Party insurance,5,Manual,6,KOLKATA
460000.0,Sedan,50000,1,2015,17.8,Petrol,2015,Comprehensive,5,Manual,5,KOLKATA
1075000.0,SUV,33197,1,2020,15.1,Diesel,2020,Comprehensive,6,Manual,7,KOLKATA
570000.0,Hatchback,29000,1,2018,21.4,Petrol,2018,Third Party insurance,5,Manual,5,KOLKATA
975000.0,SUV,60000,1,2021,16.35,Petrol,2021,Comprehensive,6,Automatic,5,KOLKATA
330000.0,Hatchback,48000,1,2018,20.51,Petrol,2018,Third Party insurance,5,Manual,5,KOLKATA
220000.0,Hatchback,10000,1,2013,21.1,Petrol,2013,Third Party insurance,5,Manual,5,KOLKATA
495000.0,Hatchback,41000,1,2018,22.0,Petrol,2018,Comprehensive,5,Manual,5,KOLKATA
890000.0,SUV,79955,2,2017,15.4,Diesel,2017,Comprehensive,5,Manual,9,KOLKATA
3500000.0,Sedan,25910,1,2020,19.27,Diesel,2020,Comprehensive,7,Automatic,5,KOLKATA
279000.0,Hatchback,44446,2,2018,21.1,Petrol,2018,Comprehensive,5,Manual,5,KOLKATA
424000.0,Hatchback,30658,1,2018,27.28,Diesel,2018,Comprehensive,5,Manual,5,KOLKATA
595000.0,Sedan,44000,1,2017,17.8,Petrol,2017,Third Party insurance,5,Manual,5,KOLKATA
352000.0,Hatchback,55073,1,2017,23.84,Petrol,2017,Third Party,5,Manual,5,KOLKATA
481000.0,Sedan,43886,1,2012,14.53,Petrol,2012,Comprehensive,7,Automatic,5,KOLKATA
1090000.0,MUV,20000,1,2022,17.3,Diesel,2022,Third Party insurance,6,Manual,8,KOLKATA
464000.0,Sedan,118569,2,2016,17.8,Petrol,2016,Comprehensive,5,Manual,5,KOLKATA
340000.0,Sedan,30000,1,2014,20.34,Diesel,2014,Third Party insurance,5,Manual,5,KOLKATA
352000.0,Hatchback,18060,1,2019,24.7,Petrol,2019,Zero Dep,5,Manual,5,KOLKATA
319000.0,Sedan,94042,1,2014,18.0,Petrol,2014,Comprehensive,5,Manual,5,KOLKATA
1075000.0,SUV,90438,1,2017,15.4,Diesel,2017,Comprehensive,5,Manual,8,KOLKATA
140000.0,Hatchback,120000,2,2009,18.9,Petrol,2009,Third Party insurance,5,Manual,5,KOLKATA
125000.0,Hatchback,80000,1,2009,17.92,Petrol,2009,Third Party insurance,5,Manual,5,KOLKATA
1200000.0,SUV,50000,1,2018,17.1,Diesel,2018,Third Party insurance,6,Manual,5,KOLKATA
160000.0,Hatchback,60000,3,2010,18.5,Petrol,2010,Third Party insurance,5,Manual,5,KOLKATA
120000.0,Hatchback,70000,2,2010,19.5,Petrol,2010,Third Party insurance,5,Manual,5,KOLKATA
1499000.0,SUV,30000,2,2020,13.96,Petrol,2020,Third Party insurance,6,Automatic,5,KOLKATA
975000.0,SUV,975000,1,2021,18.2,Petrol,2021,Third Party,6,Manual,5,KOLKATA
999000.0,SUV,55000,1,2018,19.67,Diesel,2018,Comprehensive,6,Manual,5,KOLKATA
2500000.0,Sedan,30000,1,2017,19.27,Diesel,2017,Third Party insurance,7,Automatic,5,KOLKATA
196000.0,Hatchback,104900,1,2010,20.36,Petrol,2010,Comprehensive,5,Manual,5,KOLKATA
683000.0,Sedan,24092,2,2018,17.1,Petrol,2018,Third Party,6,Manual,5,KOLKATA
500000.0,Sedan,90000,2,2017,26.59,Diesel,2017,Third Party insurance,5,Manual,5,KOLKATA
649000.0,Hatchback,28519,1,2020,19.33,Petrol,2020,Comprehensive,5,Manual,5,KOLKATA
386000.0,Hatchback,88785,1,2016,18.7,Petrol,2016,Third Party insurance,5,Manual,5,KOLKATA
300000.0,Hatchback,90000,2,2015,16.2,Petrol,2015,Third Party insurance,5,Manual,5,KOLKATA
888000.0,MUV,79755,1,2019,17.6,Diesel,2019,Comprehensive,6,Manual,7,KOLKATA
560000.0,Hatchback,80000,2,2017,18.6,Petrol,2017,Third Party insurance,5,Manual,5,KOLKATA
436000.0,Hatchback,68832,2,2017,18.15,Petrol,2017,Third Party,5,Manual,5,KOLKATA
1032000.0,SUV,70857,2,2017,16.3,Diesel,2017,Comprehensive,6,Manual,5,KOLKATA
270000.0,Sedan,50000,3,2010,17.0,Petrol,2010,Third Party insurance,5,Manual,5,KOLKATA
475000.0,Sedan,80000,1,2015,26.21,Diesel,2015,Third Party insurance,5,Manual,5,KOLKATA
140000.0,Hatchback,110000,2,2010,21.1,Diesel,2010,Third Party insurance,5,Manual,5,KOLKATA
320000.0,Hatchback,60000,1,2013,20.51,Petrol,2013,Third Party insurance,5,Manual,5,KOLKATA
340000.0,Hatchback,70000,2,2014,18.9,Petrol,2014,Third Party insurance,5,Manual,5,KOLKATA
250000.0,Sedan,100000,2,2011,17.5,Petrol,2011,Third Party insurance,5,Manual,5,KOLKATA
325000.0,Sedan,38000,1,2014,19.1,Petrol,2014,Comprehensive,5,Manual,5,KOLKATA
260000.0,Hatchback,60000,5,2013,18.5,Petrol,2013,Third Party insurance,5,Manual,5,KOLKATA
799000.0,MUV,55000,2,2014,12.99,Diesel,2014,Comprehensive,5,Manual,8,KOLKATA
400000.0,Sedan,60000,1,2015,19.1,Petrol,2015,Third Party insurance,5,Manual,5,KOLKATA
956000.0,SUV,4034,1,2022,18.27,Petrol,2022,Comprehensive,6,Manual,5,KOLKATA
210000.0,Hatchback,28614,2,2014,25.44,Diesel,2014,Comprehensive,5,Manual,5,KOLKATA
240000.0,Hatchback,60000,1,2010,18.9,Petrol,2010,Third Party insurance,5,Manual,5,KOLKATA
239000.0,Hatchback,34895,1,2015,22.74,Petrol,2015,Comprehensive,5,Manual,5,KOLKATA
861000.0,Hatchback,5891,1,2021,19.56,Petrol,2021,Comprehensive,0,Automatic,5,KOLKATA
3500000.0,Sedan,28204,2,2017,12.0,Petrol,2017,Comprehensive,7,Automatic,5,KOLKATA
598000.0,Hatchback,17776,2,2020,20.89,Petrol,2020,Comprehensive,5,Automatic,5,KOLKATA
750000.0,Sedan,66000,1,2017,26.0,Diesel,2017,Third Party insurance,6,Manual,5,KOLKATA
559000.0,Hatchback,10667,1,2020,20.52,Petrol,2020,Comprehensive,5,Automatic,5,KOLKATA
1035000.0,SUV,27218,1,2021,18.4,Diesel,2021,Comprehensive,6,Manual,5,KOLKATA
5895000.0,Coupe,170,1,2023,15.39,Petrol,2023,Third Party insurance,8,Automatic,5,KOLKATA
259000.0,Hatchback,28000,1,2015,18.16,Petrol,2015,Comprehensive,5,Manual,5,KOLKATA
5950000.0,Coupe,12300,2,2021,18.9,Petrol,2021,Third Party insurance,8,Automatic,5,KOLKATA
1300000.0,SUV,10372,2,2020,18.9,Petrol,2020,Comprehensive,0,Automatic,5,KOLKATA
650000.0,Hatchback,6000,1,2019,21.4,Petrol,2019,Comprehensive,5,Manual,5,KOLKATA
1099000.0,SUV,30022,1,2018,14.1,Petrol,2018,Comprehensive,7,Automatic,5,KOLKATA
999000.0,SUV,47000,1,2018,16.0,Petrol,2018,Third Party insurance,7,Automatic,5,KOLKATA
5400000.0,SUV,50247,2,2021,18.9,Diesel,2021,Comprehensive,9,Automatic,5,KOLKATA
553000.0,Hatchback,2704,1,2022,21.7,Petrol,2022,Zero Dep,5,Manual,5,KOLKATA
632000.0,Hatchback,14425,1,2022,24.97,Petrol,2022,Zero Dep,5,Manual,5,KOLKATA
330000.0,Hatchback,40000,1,2018,20.89,Petrol,2018,Third Party insurance,5,Manual,5,KOLKATA
690000.0,Sedan,32488,2,2017,18.19,Petrol,2017,Third Party,7,Automatic,5,KOLKATA
219000.0,Hatchback,73949,2,2012,19.4,Petrol,2012,Comprehensive,5,Manual,5,KOLKATA
350000.0,Hatchback,40000,1,2018,23.1,Petrol,2018,Third Party insurance,5,Automatic,5,KOLKATA
338000.0,Hatchback,55920,2,2014,18.9,Petrol,2014,Comprehensive,5,Manual,5,KOLKATA
500000.0,SUV,30000,1,2017,17.0,Petrol,2017,Third Party insurance,5,Manual,5,KOLKATA
408000.0,Hatchback,33805,1,2014,22.38,Petrol,2014,Comprehensive,5,Manual,5,KOLKATA
289000.0,Sedan,73781,1,2014,19.1,Petrol,2014,Comprehensive,5,Manual,5,KOLKATA
230000.0,Hatchback,50000,2,2015,22.74,Petrol,2015,Third Party insurance,5,Manual,5,KOLKATA
395000.0,Hatchback,65000,1,2014,18.6,Petrol,2014,Third Party insurance,5,Manual,5,KOLKATA
220000.0,Hatchback,48072,2,2011,18.5,Petrol,2011,Third Party,5,Manual,5,KOLKATA
1200000.0,SUV,75420,1,2020,16.5,Petrol,2020,Third Party insurance,7,Automatic,5,KOLKATA
3050000.0,Sedan,16100,2,2019,12.6,Diesel,2019,Third Party insurance,9,Automatic,5,KOLKATA
725000.0,SUV,40722,1,2018,24.3,Diesel,2018,Comprehensive,5,Manual,5,KOLKATA
430000.0,Hatchback,40000,1,2015,21.21,Petrol,2015,Third Party insurance,5,Manual,5,KOLKATA
200000.0,Hatchback,50000,1,2008,16.1,Petrol,2008,Third Party insurance,5,Manual,5,KOLKATA
120000.0,Hatchback,50000,2,2009,19.5,Petrol,2009,Third Party insurance,5,Manual,5,KOLKATA
470000.0,Sedan,40000,3,2017,17.0,Petrol,2017,Third Party insurance,5,Manual,5,KOLKATA
296000.0,Hatchback,3188,1,2017,22.05,Petrol,2017,Comprehensive,5,Manual,5,KOLKATA
527000.0,Hatchback,34233,1,2019,18.6,Petrol,2019,Comprehensive,5,Manual,5,KOLKATA
140000.0,Hatchback,50000,2,2010,18.9,Petrol,2010,Third Party insurance,5,Manual,5,KOLKATA
591000.0,Sedan,51767,1,2016,18.0,Petrol,2016,Third Party,0,Automatic,5,KOLKATA
480000.0,Hatchback,40965,1,2018,18.6,Petrol,2018,Comprehensive,5,Manual,5,KOLKATA
250000.0,Sedan,70000,2,2011,17.01,Petrol,2011,Third Party insurance,5,Manual,5,KOLKATA
822000.0,SUV,8176,2,2022,17.33,Petrol,2022,Third Party,6,Manual,5,KOLKATA
510000.0,Hatchback,10000,1,2022,21.74,Petrol,2022,Third Party insurance,5,Manual,5,KOLKATA
681000.0,Sedan,13327,2,2018,17.1,Petrol,2018,Comprehensive,6,Manual,5,KOLKATA
735000.0,SUV,57167,2,2019,14.8,Petrol,2019,Comprehensive,6,Automatic,5,KOLKATA
590000.0,Sedan,35100,1,2018,16.09,Petrol,2018,Third Party insurance,5,Manual,5,KOLKATA
170000.0,Hatchback,120000,1,2010,20.36,Petrol,2010,Third Party insurance,5,Manual,5,KOLKATA
130000.0,Hatchback,60000,2,2010,18.9,Petrol,2010,Third Party insurance,5,Manual,5,KOLKATA
170000.0,Sedan,60000,1,2008,14.4,Petrol,2008,Third Party insurance,5,Manual,5,KOLKATA
3980000.0,Sedan,30000,1,2020,12.6,Diesel,2020,Third Party insurance,9,Automatic,5,KOLKATA
2220000.0,SUV,14000,0,2022,18.9,Diesel,2022,Comprehensive,6,Manual,7,KOLKATA
450000.0,Hatchback,10000,1,2018,20.51,Petrol,2018,Third Party insurance,5,Manual,5,KOLKATA
4700000.0,SUV,19500,2,2020,11.2,Diesel,2020,Third Party insurance,8,Automatic,5,KOLKATA
450000.0,Sedan,55000,1,2015,26.21,Diesel,2015,Third Party,5,Manual,5,KOLKATA
190000.0,Sedan,50000,1,2011,16.36,Petrol,2011,Third Party insurance,5,Manual,5,KOLKATA
494000.0,Sedan,46980,2,2015,23.9,Diesel,2015,Third Party insurance,6,Manual,5,KOLKATA
535000.0,Hatchback,40535,1,2019,22.38,Petrol,2019,Third Party,5,Manual,5,KOLKATA
155000.0,Hatchback,60020,1,2010,17.92,Petrol,2010,Third Party insurance,5,Manual,5,KOLKATA
557000.0,Hatchback,787,1,2022,22.3,Petrol,2022,Comprehensive,5,Automatic,5,KOLKATA
674000.0,Hatchback,5870,1,2022,34.05,CNG,2022,Third Party,5,Manual,5,KOLKATA
180000.0,Hatchback,50000,1,2013,23.08,Diesel,2013,Third Party insurance,5,Manual,5,KOLKATA
318000.0,Hatchback,50714,1,2014,26.68,Petrol,2014,Comprehensive,5,Automatic,5,KOLKATA
500000.0,Sedan,40000,1,2019,20.14,Petrol,2019,Third Party insurance,5,Manual,5,KOLKATA
403000.0,Hatchback,4187,1,2020,22.05,Petrol,2020,Comprehensive,5,Manual,5,KOLKATA
1513000.0,SUV,10164,1,2020,13.96,Petrol,2020,Zero Dep,6,Automatic,5,KOLKATA
1030000.0,Sedan,13269,1,2022,17.7,Petrol,2022,Comprehensive,6,Manual,5,KOLKATA
1530000.0,SUV,90000,1,2020,15.4,Diesel,2020,Third Party insurance,6,Manual,7,KOLKATA
1050000.0,Sedan,16000,1,2021,17.7,Petrol,2021,Comprehensive,6,Manual,5,KOLKATA
810000.0,Sedan,60000,1,2021,17.4,Petrol,2021,Third Party insurance,5,Manual,5,KOLKATA
235000.0,Sedan,47114,2,2010,17.0,Petrol,2010,Comprehensive,5,Manual,5,KOLKATA
439000.0,Sedan,50000,2,2014,17.4,Petrol,2014,Third Party insurance,5,Manual,5,KOLKATA
439000.0,Sedan,50000,2,2014,17.4,Petrol,2014,Third Party insurance,5,Manual,5,KOLKATA
200000.0,Hatchback,50000,2,2011,15.6,Petrol,2011,Third Party insurance,5,Manual,5,KOLKATA
210000.0,Hatchback,20000,1,2012,16.2,Petrol,2012,Third Party insurance,5,Manual,5,KOLKATA
225000.0,Hatchback,41424,2,2013,19.4,Petrol,2013,Third Party,5,Manual,5,KOLKATA
378000.0,Hatchback,23829,2,2020,22.05,Petrol,2020,Comprehensive,5,Manual,5,KOLKATA
684000.0,Sedan,44199,1,2019,17.4,Petrol,2019,Third Party,5,Manual,5,KOLKATA
800000.0,Sedan,40000,1,2018,17.0,Petrol,2018,Third Party insurance,6,Manual,5,KOLKATA
419000.0,SUV,55625,1,2015,18.88,Petrol,2015,Third Party,5,Manual,5,KOLKATA
309000.0,Hatchback,29230,1,2015,20.51,Petrol,2015,Comprehensive,5,Manual,5,KOLKATA
525000.0,Sedan,30000,1,2017,22.0,Petrol,2017,Third Party insurance,5,Manual,5,KOLKATA
510000.0,Hatchback,25152,1,2019,17.74,Petrol,2019,Comprehensive,5,Manual,5,KOLKATA
2000000.0,Sedan,52224,1,2020,20.38,Diesel,2020,Comprehensive,6,Automatic,5,KOLKATA
289000.0,Sedan,62665,1,2012,22.41,Petrol,2012,Comprehensive,5,Manual,5,KOLKATA
273000.0,Hatchback,76800,1,2014,20.51,Petrol,2014,Comprehensive,5,Manual,5,KOLKATA
600000.0,SUV,80000,1,2017,17.5,Petrol,2017,Third Party insurance,5,Manual,5,KOLKATA
510000.0,SUV,37833,2,2016,15.9,Petrol,2016,Comprehensive,5,Manual,5,KOLKATA
300000.0,Hatchback,40000,1,2015,22.74,Petrol,2015,Third Party insurance,5,Manual,5,KOLKATA
970000.0,SUV,72000,2,2012,12.35,Diesel,2012,Third Party insurance,6,Automatic,5,KOLKATA
1400000.0,Sedan,30000,1,2018,14.62,Petrol,2018,Third Party insurance,6,Automatic,5,KOLKATA
300000.0,Sedan,80000,2,2014,24.4,Diesel,2014,Third Party insurance,5,Manual,5,KOLKATA
1500000.0,Sedan,30000,1,2018,14.62,Petrol,2018,Third Party insurance,6,Automatic,5,KOLKATA
290000.0,Hatchback,90000,2,2014,16.47,Petrol,2014,Third Party insurance,5,Manual,5,KOLKATA
750000.0,MUV,113000,1,2014,12.99,Diesel,2014,Third Party insurance,5,Manual,7,KOLKATA
350000.0,Sedan,90000,2,2012,14.8,Petrol,2012,Third Party insurance,5,Manual,5,KOLKATA
296000.0,Hatchback,92202,1,2013,22.9,Diesel,2013,Third Party,5,Manual,5,KOLKATA
376000.0,Hatchback,79783,2,2018,18.9,Petrol,2018,Third Party insurance,5,Manual,5,KOLKATA
1399000.0,Sedan,10000,1,2022,18.6,Petrol,2022,Third Party insurance,6,Manual,5,KOLKATA
690000.0,Sedan,23227,2,2021,22.41,Petrol,2021,Third Party insurance,5,Manual,5,KOLKATA
714000.0,Sedan,3089,3,2019,21.56,Petrol,2019,Third Party,5,Manual,5,KOLKATA
600000.0,Sedan,28546,1,2019,18.6,Petrol,2019,Third Party insurance,5,Manual,5,KOLKATA
342000.0,Hatchback,85435,1,2016,18.9,Petrol,2016,Third Party,5,Manual,5,KOLKATA
5000000.0,Sedan,20000,2,2016,17.85,Diesel,2016,Third Party insurance,8,Automatic,5,KOLKATA
208000.0,Hatchback,83124,2,2012,19.4,Petrol,2012,Comprehensive,5,Manual,5,KOLKATA
279000.0,Sedan,87859,2,2014,16.78,Petrol,2014,Third Party,5,Manual,5,KOLKATA
600000.0,Sedan,65000,1,2017,26.0,Diesel,2017,Third Party insurance,6,Manual,5,KOLKATA
1450000.0,SUV,50000,1,2018,11.18,Diesel,2018,Third Party insurance,5,Automatic,7,KOLKATA
225000.0,Sedan,80000,3,2012,17.6,Petrol,2012,Third Party insurance,5,Manual,5,KOLKATA
400000.0,Hatchback,25000,1,2018,18.9,Petrol,2018,Comprehensive,5,Manual,5,KOLKATA
120000.0,Sedan,120000,1,2014,12.8,Diesel,2014,Third Party insurance,5,Manual,5,KOLKATA
625000.0,Hatchback,3000,1,2019,18.6,Petrol,2019,Comprehensive,5,Manual,5,KOLKATA
385000.0,Hatchback,37001,1,2018,18.9,Petrol,2018,Comprehensive,5,Manual,5,KOLKATA
335000.0,Hatchback,39000,1,2013,18.6,Petrol,2013,Comprehensive,5,Manual,5,KOLKATA
985000.0,Sedan,20000,1,2020,17.4,Petrol,2020,Third Party insurance,0,Automatic,5,KOLKATA
271000.0,Sedan,103033,3,2015,24.4,Diesel,2015,Third Party,5,Manual,5,KOLKATA
481000.0,Hatchback,25968,1,2017,18.9,Petrol,2017,Comprehensive,5,Manual,5,KOLKATA
75000.0,Hatchback,150000,2,2004,18.9,Petrol,2004,Third Party insurance,5,Manual,5,KOLKATA
555000.0,Hatchback,11798,1,2020,20.52,Petrol,2020,Third Party,5,Manual,5,KOLKATA
430000.0,Sedan,65814,1,2017,17.0,Petrol,2017,Third Party,5,Manual,5,KOLKATA
1200000.0,SUV,69007,1,2021,16.8,Petrol,2021,Comprehensive,6,Manual,5,KOLKATA
286000.0,Hatchback,71420,1,2012,22.9,Diesel,2012,Comprehensive,5,Manual,5,KOLKATA
680000.0,Hatchback,10000,1,2021,20.7,Petrol,2021,Third Party insurance,5,Manual,5,KOLKATA
349000.0,Hatchback,9817,1,2020,20.71,Petrol,2020,Comprehensive,5,Manual,5,KOLKATA
347000.0,Hatchback,124206,2,2018,25.24,Petrol,2018,Comprehensive,5,Manual,5,KOLKATA
48000.0,Hatchback,50000,2,2002,17.3,Petrol,2002,Third Party insurance,5,Manual,5,KOLKATA
125000.0,Hatchback,50000,2,2009,18.9,Petrol,2009,Third Party insurance,5,Manual,5,KOLKATA
785000.0,SUV,1062,1,2023,19.03,Petrol,2023,Comprehensive,5,Automatic,5,KOLKATA
490000.0,Hatchback,10000,1,2018,18.9,Petrol,2018,Third Party insurance,5,Manual,5,KOLKATA
1700000.0,MUV,10000,1,2019,13.68,Diesel,2019,Third Party insurance,5,Manual,7,KOLKATA
350000.0,Hatchback,20000,1,2015,18.9,Petrol,2015,Third Party insurance,5,Manual,5,KOLKATA
400000.0,Sedan,68000,1,2015,26.0,Diesel,2015,Third Party insurance,6,Manual,5,KOLKATA
365000.0,Hatchback,65000,1,2016,16.2,Petrol,2016,Third Party,5,Manual,5,KOLKATA
400000.0,Hatchback,30000,2,2016,20.4,Petrol,2016,Third Party insurance,5,Manual,5,KOLKATA
255000.0,Hatchback,60000,2,2016,21.1,Petrol,2016,Third Party insurance,5,Manual,5,KOLKATA
601000.0,Sedan,45699,2,2017,21.21,Petrol,2017,Third Party,5,Automatic,5,KOLKATA
216000.0,Hatchback,81575,1,2011,20.36,Petrol,2011,Comprehensive,5,Manual,5,KOLKATA
670000.0,Sedan,42000,1,2017,18.0,Petrol,2017,Comprehensive,0,Automatic,5,KOLKATA
719000.0,Sedan,32092,1,2018,19.1,Petrol,2018,Comprehensive,6,Manual,5,KOLKATA
142000.0,Hatchback,65916,3,2010,18.9,Petrol,2010,Third Party,5,Manual,5,KOLKATA
3200000.0,Sedan,30000,1,2019,12.6,Diesel,2019,Third Party insurance,9,Automatic,5,KOLKATA
1820000.0,SUV,8559,1,2023,18.9,Diesel,2023,Comprehensive,6,Manual,5,KOLKATA
750000.0,MUV,50000,1,2017,24.52,Diesel,2017,Third Party insurance,5,Manual,7,KOLKATA
827000.0,SUV,9169,1,2022,20.09,Petrol,2022,Third Party,5,Manual,5,KOLKATA
475000.0,Sedan,45275,1,2018,21.21,Petrol,2018,Comprehensive,5,Manual,5,KOLKATA
120000.0,Hatchback,70000,2,2010,18.9,Petrol,2010,Third Party insurance,5,Manual,5,KOLKATA
145000.0,Hatchback,90000,4,2011,18.9,Petrol,2011,Third Party insurance,5,Manual,5,KOLKATA
210000.0,Hatchback,70000,2,2015,22.74,Petrol,2015,Third Party insurance,5,Manual,5,KOLKATA
2490000.0,Sedan,50000,1,2017,21.76,Diesel,2017,Third Party insurance,8,Automatic,5,KOLKATA
330000.0,Hatchback,30000,1,2019,22.05,Petrol,2019,Third Party insurance,5,Manual,5,KOLKATA
1400000.0,Sedan,10000,1,2021,18.3,Petrol,2021,Third Party insurance,0,Automatic,5,KOLKATA
525000.0,SUV,80000,2,2017,22.77,Diesel,2017,Third Party insurance,5,Manual,5,KOLKATA
280000.0,Hatchback,40000,1,2012,20.36,Petrol,2012,Third Party insurance,5,Manual,5,KOLKATA
430000.0,Hatchback,30000,1,2017,18.9,Petrol,2017,Third Party insurance,5,Manual,5,KOLKATA
115000.0,Sedan,80000,1,2009,19.61,Diesel,2009,Third Party insurance,5,Manual,5,KOLKATA
598000.0,Hatchback,65180,2,2019,18.6,Petrol,2019,Comprehensive,5,Manual,5,KOLKATA
271000.0,Hatchback,110190,1,2015,18.9,Petrol,2015,Comprehensive,5,Manual,5,KOLKATA
276000.0,Hatchback,50000,2,2019,24.7,Petrol,2019,Third Party insurance,5,Manual,5,KOLKATA
248000.0,Hatchback,45550,2,2014,18.5,Petrol,2014,Comprehensive,5,Manual,5,KOLKATA
592000.0,Hatchback,14756,1,2021,22.38,Petrol,2021,Comprehensive,5,Manual,5,KOLKATA
290000.0,Hatchback,30000,2,2017,23.95,Petrol,2017,Third Party insurance,5,Manual,5,KOLKATA
341000.0,Hatchback,63179,1,2015,18.9,Petrol,2015,Comprehensive,5,Manual,5,KOLKATA
3600000.0,Sedan,32344,1,2017,20.37,Diesel,2017,Comprehensive,8,Automatic,5,KOLKATA
547000.0,Hatchback,17436,1,2019,17.74,Petrol,2019,Third Party,5,Manual,5,KOLKATA
566000.0,Sedan,52130,1,2018,21.56,Petrol,2018,Third Party insurance,5,Manual,5,KOLKATA
280000.0,Hatchback,60000,1,2018,24.7,Petrol,2018,Third Party insurance,5,Manual,5,KOLKATA
285000.0,Sedan,46315,1,2014,25.01,Diesel,2014,Comprehensive,5,Manual,5,KOLKATA
299000.0,Sedan,65000,1,2015,19.1,Petrol,2015,Third Party,5,Manual,5,KOLKATA
270000.0,Hatchback,90000,1,2014,24.0,Diesel,2014,Third Party insurance,5,Manual,5,KOLKATA
699000.0,Sedan,32395,1,2017,17.4,Petrol,2017,Comprehensive,5,Manual,5,KOLKATA
850000.0,SUV,89331,1,2016,16.0,Diesel,2016,Third Party insurance,6,Manual,7,KOLKATA
1250000.0,Sedan,10000,1,2020,17.4,Petrol,2020,Third Party insurance,0,Automatic,5,KOLKATA
400000.0,SUV,20000,1,2016,18.15,Petrol,2016,Third Party insurance,5,Manual,6,KOLKATA
354000.0,Hatchback,10000,1,2020,21.7,Petrol,2020,Third Party insurance,5,Manual,5,KOLKATA
850000.0,SUV,36374,1,2019,23.7,Diesel,2019,Third Party insurance,6,Manual,5,KOLKATA
669000.0,SUV,20801,1,2021,20.0,Petrol,2021,Comprehensive,5,Manual,5,KOLKATA
481000.0,Hatchback,43214,1,2019,18.6,Petrol,2019,Comprehensive,5,Manual,5,KOLKATA
2400000.0,SUV,20000,1,2021,17.1,Diesel,2021,Third Party insurance,6,Manual,5,KOLKATA
1170000.0,SUV,31584,1,2021,18.9,Diesel,2021,Third Party,6,Manual,7,KOLKATA
619000.0,SUV,88755,1,2016,21.38,Diesel,2016,Comprehensive,6,Manual,5,KOLKATA
875000.0,MUV,50000,1,2018,17.03,Petrol,2018,Third Party insurance,4,Automatic,7,KOLKATA
518000.0,Hatchback,7277,1,2020,22.0,Petrol,2020,Third Party,5,Automatic,5,KOLKATA
450000.0,Sedan,44200,1,2014,26.0,Diesel,2014,Third Party insurance,6,Manual,5,KOLKATA
235000.0,Hatchback,36920,3,2014,19.4,Petrol,2014,Comprehensive,5,Manual,5,KOLKATA
620000.0,Hatchback,14567,1,2021,22.38,Petrol,2021,Third Party,5,Manual,5,KOLKATA
3950000.0,Sedan,19858,1,2019,18.12,Diesel,2019,Comprehensive,8,Automatic,5,KOLKATA
450000.0,Hatchback,40000,1,2018,25.32,Diesel,2018,Third Party insurance,5,Manual,6,KOLKATA
250000.0,Hatchback,30000,2,2012,18.9,Petrol,2012,Third Party insurance,5,Manual,5,KOLKATA
880000.0,Sedan,50000,1,2018,17.0,Petrol,2018,Third Party insurance,6,Manual,5,KOLKATA
425000.0,Hatchback,19000,1,2018,21.63,Petrol,2018,Comprehensive,5,Manual,5,KOLKATA
1100000.0,SUV,86331,2,2014,12.8,Diesel,2014,Comprehensive,7,Automatic,5,KOLKATA
6200000.0,SUV,15215,1,2021,18.9,Diesel,2021,Comprehensive,9,Automatic,5,KOLKATA
5799000.0,Sedan,5700,2,2022,20.37,Diesel,2022,Third Party insurance,8,Automatic,5,KOLKATA
1950000.0,SUV,22887,1,2022,18.9,Petrol,2022,Comprehensive,6,Automatic,5,KOLKATA
580000.0,Hatchback,10000,1,2022,20.09,Petrol,2022,Third Party insurance,5,Manual,5,KOLKATA
890000.0,SUV,4603,1,2021,17.33,Petrol,2021,Zero Dep,6,Manual,5,KOLKATA
626000.0,Hatchback,7291,1,2022,24.97,Petrol,2022,Third Party,5,Manual,5,KOLKATA
753000.0,Hatchback,2179,1,2022,20.7,Petrol,2022,Comprehensive,5,Manual,5,KOLKATA
355000.0,Hatchback,26226,1,2017,18.9,Petrol,2017,Third Party insurance,5,Manual,5,KOLKATA
399000.0,Hatchback,35000,1,2016,20.14,Diesel,2016,Comprehensive,5,Manual,5,KOLKATA
209000.0,Hatchback,24622,3,2014,21.1,Petrol,2014,Third Party,5,Manual,5,KOLKATA
125000.0,Sedan,60000,1,2009,19.2,Diesel,2009,Third Party insurance,5,Manual,5,KOLKATA
199000.0,Hatchback,37647,1,2011,20.36,Petrol,2011,Third Party,5,Manual,5,KOLKATA
354000.0,SUV,57321,1,2014,20.45,Diesel,2014,Third Party,5,Manual,5,KOLKATA
725000.0,MUV,67020,1,2017,17.6,Diesel,2017,Comprehensive,6,Automatic,7,KOLKATA
1050000.0,SUV,20000,1,2022,18.24,Petrol,2022,Third Party insurance,0,Automatic,5,KOLKATA
500000.0,SUV,65000,1,2015,19.67,Diesel,2015,Third Party insurance,6,Manual,5,KOLKATA
550000.0,SUV,60000,1,2015,15.29,Petrol,2015,Third Party insurance,6,Manual,5,KOLKATA
225000.0,Hatchback,30000,1,2014,21.1,Petrol,2014,Third Party insurance,5,Manual,5,KOLKATA
180000.0,Hatchback,70000,1,2014,22.74,Petrol,2014,Third Party insurance,5,Manual,5,KOLKATA
165000.0,Hatchback,50000,1,2010,15.6,Petrol,2010,Third Party insurance,5,Manual,5,KOLKATA
499000.0,MUV,24000,1,2016,17.3,Petrol,2016,Third Party,5,Manual,7,KOLKATA
170000.0,Hatchback,50000,2,2010,20.36,Petrol,2010,Third Party insurance,5,Manual,5,KOLKATA
570000.0,SUV,40000,1,2017,17.5,Petrol,2017,Third Party insurance,5,Manual,5,KOLKATA
627000.0,SUV,71521,1,2016,15.29,Petrol,2016,Third Party,6,Manual,5,KOLKATA
471000.0,Hatchback,42267,1,2020,19.33,Petrol,2020,Third Party,5,Manual,5,KOLKATA
165000.0,Hatchback,80000,4,2010,16.1,Petrol,2010,Third Party insurance,5,Manual,5,KOLKATA
728000.0,Sedan,57986,1,2018,19.12,Petrol,2018,Comprehensive,4,Automatic,5,KOLKATA
659000.0,Hatchback,17252,1,2022,20.09,Petrol,2022,Comprehensive,5,Automatic,5,KOLKATA
120000.0,Hatchback,70000,2,2010,19.0,Petrol,2010,Third Party insurance,5,Manual,5,KOLKATA
820000.0,SUV,20817,1,2017,16.0,Diesel,2017,Third Party insurance,6,Manual,7,KOLKATA
2600000.0,SUV,10000,1,2022,14.1,Petrol,2022,Third Party insurance,7,Automatic,5,KOLKATA
222000.0,Sedan,39579,1,2010,22.41,Petrol,2010,Comprehensive,5,Manual,5,KOLKATA
206000.0,Hatchback,21477,3,2014,21.1,Petrol,2014,Comprehensive,5,Manual,5,KOLKATA
1850000.0,Sedan,36899,1,2017,17.9,Diesel,2017,Comprehensive,7,Automatic,5,KOLKATA
625000.0,MUV,55000,1,2016,24.52,Diesel,2016,Third Party insurance,5,Manual,7,KOLKATA
650000.0,Hatchback,9000,1,2021,20.7,Petrol,2021,Third Party,5,Manual,5,KOLKATA
175000.0,Hatchback,40000,1,2010,15.6,Petrol,2010,Third Party insurance,5,Manual,5,KOLKATA
899000.0,Sedan,20000,1,2019,17.0,Petrol,2019,Comprehensive,6,Manual,5,KOLKATA
850000.0,SUV,120000,2,2016,15.4,Diesel,2016,Third Party insurance,5,Manual,7,KOLKATA
280000.0,Hatchback,30000,2,2017,23.95,Petrol,2017,Third Party insurance,5,Manual,5,KOLKATA
900000.0,SUV,60000,1,2021,16.35,Petrol,2021,Third Party insurance,6,Automatic,5,KOLKATA
2550000.0,SUV,10000,1,2021,17.1,Diesel,2021,Third Party insurance,6,Manual,5,KOLKATA
1170000.0,SUV,55330,1,2017,16.3,Diesel,2017,Comprehensive,6,Manual,5,KOLKATA
384000.0,Sedan,32152,1,2015,22.41,Petrol,2015,Comprehensive,5,Manual,5,KOLKATA
292000.0,Hatchback,66906,2,2014,18.9,Petrol,2014,Third Party,5,Manual,5,KOLKATA
700000.0,SUV,56000,1,2016,19.67,Diesel,2016,Third Party insurance,6,Manual,5,KOLKATA
647000.0,Hatchback,23055,1,2020,18.24,Petrol,2020,Third Party,6,Manual,5,KOLKATA
686000.0,SUV,68132,1,2018,20.37,Diesel,2018,Comprehensive,6,Manual,5,KOLKATA
140000.0,Hatchback,60000,2,2011,18.4,Diesel,2011,Third Party insurance,5,Manual,5,KOLKATA
375000.0,Sedan,76932,1,2014,22.41,Petrol,2014,Third Party,5,Manual,5,KOLKATA
1400000.0,SUV,60000,1,2020,13.96,Petrol,2020,Third Party insurance,6,Automatic,5,KOLKATA
703000.0,SUV,89912,1,2019,24.3,Diesel,2019,Comprehensive,5,Automatic,5,KOLKATA
364000.0,Sedan,102813,1,2014,26.0,Diesel,2014,Comprehensive,6,Manual,5,KOLKATA
450000.0,Sedan,55155,1,2015,26.0,Diesel,2015,Third Party insurance,6,Manual,5,KOLKATA
400000.0,SUV,20000,1,2016,18.15,Petrol,2016,Third Party insurance,5,Manual,6,KOLKATA
392000.0,Hatchback,70000,1,2018,18.9,Petrol,2018,Third Party,5,Manual,5,KOLKATA
2700000.0,SUV,123153,2,2018,15.04,Diesel,2018,Comprehensive,6,Automatic,7,KOLKATA
300000.0,Hatchback,40000,2,2013,20.36,Petrol,2013,Third Party insurance,5,Manual,5,KOLKATA
2475000.0,SUV,10830,1,2021,17.1,Diesel,2021,Comprehensive,6,Manual,5,KOLKATA
860000.0,Sedan,50000,1,2018,17.0,Petrol,2018,Third Party insurance,6,Manual,5,KOLKATA
2000000.0,Sedan,64846,2,2017,18.25,Diesel,2017,Comprehensive,7,Automatic,5,KOLKATA
2850000.0,Sedan,49100,1,2018,18.53,Diesel,2018,Comprehensive,7,Automatic,5,KOLKATA
2500000.0,SUV,90089,1,2014,11.3,Diesel,2014,Comprehensive,7,Automatic,7,KOLKATA
372000.0,Sedan,63950,1,2014,17.4,Petrol,2014,Comprehensive,5,Manual,5,KOLKATA
915000.0,Sedan,22990,2,2018,18.0,Petrol,2018,Comprehensive,0,Automatic,5,KOLKATA
2749000.0,Sedan,15077,2,2016,13.0,Diesel,2016,Comprehensive,7,Automatic,5,KOLKATA
323000.0,Sedan,69273,1,2014,22.41,Petrol,2014,Comprehensive,5,Manual,5,KOLKATA
422000.0,SUV,75865,1,2014,18.88,Petrol,2014,Comprehensive,5,Manual,5,KOLKATA
1299000.0,MUV,4066,1,2022,18.9,Petrol,2022,Comprehensive,6,Manual,7,KOLKATA
1052000.0,SUV,67092,1,2019,16.8,Petrol,2019,Third Party,6,Manual,5,KOLKATA
228000.0,Hatchback,38000,1,2012,18.6,Petrol,2012,Comprehensive,5,Manual,5,KOLKATA
312000.0,Sedan,78121,1,2012,22.32,Diesel,2012,Third Party insurance,4,Manual,5,KOLKATA
276000.0,Sedan,99103,1,2014,25.8,Diesel,2014,Third Party insurance,5,Manual,5,KOLKATA
300000.0,Hatchback,40000,1,2016,23.84,Petrol,2016,Third Party insurance,5,Manual,5,KOLKATA
1599000.0,SUV,9000,1,2022,18.9,Diesel,2022,Comprehensive,6,Manual,5,KOLKATA
3499000.0,SUV,10100,1,2020,17.05,Diesel,2020,Third Party insurance,8,Automatic,5,KOLKATA
425000.0,Hatchback,27119,1,2018,18.9,Petrol,2018,Comprehensive,5,Manual,5,KOLKATA
1000000.0,SUV,10000,1,2022,18.15,Petrol,2022,Third Party insurance,7,Automatic,5,KOLKATA
399000.0,MUV,57000,1,2014,24.2,Diesel,2014,Comprehensive,5,Manual,7,KOLKATA
395000.0,Hatchback,38000,1,2017,18.9,Petrol,2017,Comprehensive,5,Manual,5,KOLKATA
1350000.0,SUV,50000,1,2019,15.1,Diesel,2019,Third Party insurance,6,Automatic,7,KOLKATA
168000.0,Hatchback,70000,1,2010,15.6,Petrol,2010,Third Party insurance,5,Manual,5,KOLKATA
1600000.0,SUV,40000,2,2020,16.5,Petrol,2020,Third Party insurance,7,Automatic,5,KOLKATA
978000.0,SUV,10891,1,2022,17.29,Diesel,2022,Zero Dep,5,Manual,7,KOLKATA
415000.0,Hatchback,29558,1,2021,19.01,Petrol,2021,Third Party,5,Manual,5,KOLKATA
1700000.0,SUV,18000,1,2020,17.1,Diesel,2020,Third Party insurance,9,Automatic,5,KOLKATA
489000.0,Hatchback,29412,1,2018,21.4,Petrol,2018,Third Party insurance,5,Manual,5,KOLKATA
287000.0,Hatchback,59037,1,2015,24.0,Diesel,2015,Third Party,5,Manual,5,KOLKATA
5300000.0,Sedan,10000,2,2022,23.0,Diesel,2022,Third Party insurance,9,Automatic,5,KOLKATA
951000.0,SUV,73072,1,2020,22.07,Diesel,2020,Third Party,6,Automatic,5,KOLKATA
255000.0,Hatchback,37100,2,2014,21.79,Petrol,2014,Comprehensive,5,Manual,5,KOLKATA
663000.0,Hatchback,61113,1,2019,21.4,Petrol,2019,Zero Dep,0,Automatic,5,KOLKATA
179000.0,Hatchback,47606,1,2013,22.05,Petrol,2013,Third Party,5,Manual,5,KOLKATA
1350000.0,SUV,30000,1,2019,19.67,Diesel,2019,Third Party insurance,6,Manual,5,KOLKATA
300000.0,Hatchback,80000,1,2015,23.1,Petrol,2015,Third Party insurance,5,Automatic,5,KOLKATA
900000.0,Sedan,40000,1,2013,19.27,Diesel,2013,Third Party insurance,7,Automatic,5,KOLKATA
1550000.0,SUV,27000,1,2019,17.1,Diesel,2019,Third Party,6,Manual,5,KOLKATA
1350000.0,SUV,80000,1,2019,15.1,Diesel,2019,Third Party insurance,6,Manual,7,KOLKATA
325000.0,Sedan,30000,1,2015,17.57,Petrol,2015,Third Party insurance,5,Manual,5,KOLKATA
1250000.0,SUV,70000,1,2018,15.1,Diesel,2018,Third Party insurance,6,Manual,7,KOLKATA
270000.0,Hatchback,90000,1,2014,24.0,Diesel,2014,Third Party insurance,5,Manual,5,KOLKATA
760000.0,Sedan,20000,1,2021,22.41,Petrol,2021,Third Party insurance,5,Manual,5,KOLKATA
1000000.0,Sedan,86947,2,2014,16.55,Diesel,2014,Comprehensive,7,Automatic,5,KOLKATA
754000.0,SUV,17466,1,2020,17.0,Petrol,2020,Third Party,6,Manual,5,KOLKATA
591000.0,SUV,32844,2,2017,17.5,Petrol,2017,Third Party,5,Manual,5,KOLKATA
1050000.0,MUV,30000,1,2020,19.01,Petrol,2020,Third Party insurance,5,Manual,6,KOLKATA
192000.0,Hatchback,78075,1,2011,18.3,Petrol,2011,Comprehensive,5,Manual,5,KOLKATA
679000.0,Sedan,36937,1,2019,17.4,Petrol,2019,Comprehensive,5,Manual,5,KOLKATA
600000.0,SUV,50000,1,2017,17.5,Petrol,2017,Third Party insurance,5,Manual,5,KOLKATA
810000.0,Sedan,25314,2,2018,17.0,Petrol,2018,Third Party,6,Automatic,5,KOLKATA
3400000.0,SUV,51620,2,2018,15.68,Diesel,2018,Third Party,9,Automatic,5,KOLKATA
287000.0,Sedan,93097,1,2012,15.04,Petrol,2012,Third Party,5,Manual,5,KOLKATA
140000.0,Hatchback,76672,3,2010,18.9,Petrol,2010,Third Party,5,Manual,5,KOLKATA
525000.0,Sedan,42000,2,2015,25.1,Diesel,2015,Third Party,6,Manual,5,KOLKATA
3900000.0,Sedan,44226,3,2018,17.09,Diesel,2018,Comprehensive,8,Automatic,4,KOLKATA
120000.0,Sedan,30000,2,2009,15.3,Petrol,2009,Third Party insurance,5,Manual,5,KOLKATA
200000.0,Hatchback,40000,1,2013,16.47,Petrol,2013,Third Party insurance,5,Manual,5,KOLKATA
3250000.0,SUV,13400,1,2022,15.7,Diesel,2022,Third Party insurance,9,Automatic,7,KOLKATA
340000.0,Hatchback,19720,1,2019,23.01,Petrol,2019,Comprehensive,5,Manual,5,KOLKATA
1900000.0,SUV,4732,1,2023,27.97,Petrol,2023,Comprehensive,0,Automatic,5,KOLKATA
1500000.0,SUV,38380,1,2021,11.67,Petrol,2021,Comprehensive,6,Automatic,6,KOLKATA
295000.0,SUV,67357,1,2010,12.05,Diesel,2010,Comprehensive,5,Manual,9,KOLKATA
99000.0,Hatchback,40000,1,2010,19.0,Petrol,2010,Third Party insurance,5,Manual,5,KOLKATA
357000.0,Hatchback,35912,1,2019,23.84,Petrol,2019,Third Party insurance,5,Manual,5,KOLKATA
544000.0,Hatchback,22343,1,2019,21.4,Petrol,2019,Third Party,5,Manual,5,KOLKATA
210000.0,Hatchback,10000,1,2013,21.1,Petrol,2013,Third Party insurance,5,Manual,5,KOLKATA
413000.0,SUV,85735,2,2015,19.64,Diesel,2015,Third Party,6,Manual,5,KOLKATA
140000.0,Hatchback,42792,1,2011,24.39,Petrol,2011,Comprehensive,5,Manual,5,KOLKATA
1195000.0,SUV,42503,1,2020,18.9,Diesel,2020,Comprehensive,6,Manual,7,KOLKATA
140000.0,Hatchback,96609,2,2011,18.5,Petrol,2011,Comprehensive,5,Manual,5,KOLKATA
250000.0,Hatchback,78990,1,2015,27.3,Diesel,2015,Third Party insurance,6,Manual,5,KOLKATA
429000.0,Sedan,51618,2,2016,17.8,Petrol,2016,Comprehensive,5,Manual,5,KOLKATA
1111000.0,SUV,83508,2,2019,15.1,Diesel,2019,Third Party insurance,6,Manual,7,KOLKATA
100000.0,Hatchback,40000,1,2007,17.92,Petrol,2007,Third Party insurance,5,Manual,5,KOLKATA
265000.0,Sedan,60000,2,2010,12.6,Petrol,2010,Third Party insurance,7,Automatic,5,KOLKATA
1025000.0,SUV,25000,1,2021,16.5,Petrol,2021,Third Party insurance,6,Automatic,5,KOLKATA
855000.0,Hatchback,14636,1,2022,21.0,Petrol,2022,Comprehensive,5,Manual,5,KOLKATA
700000.0,SUV,80000,2,2016,16.0,Diesel,2016,Third Party insurance,6,Manual,7,KOLKATA
830000.0,Sedan,20000,1,2021,18.3,Petrol,2021,Third Party insurance,0,Automatic,5,KOLKATA
691000.0,Sedan,20000,1,2020,20.5,Petrol,2020,Third Party insurance,5,Manual,5,KOLKATA
799000.0,Sedan,13000,1,2018,17.0,Petrol,2018,Third Party,6,Manual,5,KOLKATA
1550000.0,SUV,22000,1,2019,17.1,Diesel,2019,Third Party,6,Manual,5,KOLKATA
750000.0,Sedan,20000,1,2021,22.41,Petrol,2021,Third Party insurance,5,Manual,5,KOLKATA
178000.0,Hatchback,59005,1,2014,17.92,Petrol,2014,Third Party,5,Manual,5,KOLKATA
163000.0,Hatchback,71156,2,2010,22.38,Petrol,2010,Third Party,5,Manual,5,KOLKATA
662000.0,Sedan,50000,1,2018,17.4,Petrol,2018,Comprehensive,5,Manual,5,KOLKATA
280000.0,Hatchback,2707,1,2019,22.05,Petrol,2019,Third Party insurance,5,Manual,5,KOLKATA
372000.0,Hatchback,78211,1,2020,20.3,Petrol,2020,Third Party,5,Manual,5,KOLKATA
600000.0,Sedan,67793,1,2017,22.0,Diesel,2017,Third Party insurance,6,Manual,5,KOLKATA
311000.0,Hatchback,48548,1,2017,27.28,Diesel,2017,Third Party,5,Manual,5,KOLKATA
200000.0,Sedan,150000,1,2013,19.68,Diesel,2013,Third Party insurance,5,Manual,5,KOLKATA
162000.0,Hatchback,46559,1,2010,19.0,Petrol,2010,Third Party,5,Manual,5,KOLKATA
527000.0,SUV,93177,1,2015,15.29,Petrol,2015,Comprehensive,6,Manual,5,KOLKATA
800000.0,Sedan,60000,3,2017,18.23,Diesel,2017,Third Party insurance,6,Automatic,5,KOLKATA
2750000.0,SUV,60001,1,2017,17.9,Diesel,2017,Comprehensive,9,Automatic,5,KOLKATA
299000.0,Hatchback,45000,1,2014,18.6,Petrol,2014,Comprehensive,5,Manual,5,KOLKATA
725000.0,Sedan,10000,1,2022,20.1,Petrol,2022,Third Party insurance,5,Automatic,5,KOLKATA
600000.0,Sedan,40000,3,2018,19.1,Petrol,2018,Third Party insurance,6,Manual,5,KOLKATA
900000.0,Sedan,38506,1,2019,22.0,Diesel,2019,Third Party insurance,6,Automatic,5,KOLKATA
275000.0,Sedan,60000,1,2015,18.0,Petrol,2015,Third Party insurance,5,Manual,5,KOLKATA
480000.0,Hatchback,10000,1,2021,22.0,Petrol,2021,Third Party insurance,5,Automatic,5,KOLKATA
130000.0,Hatchback,50000,1,2008,19.81,Petrol,2008,Third Party insurance,5,Manual,5,KOLKATA
325000.0,Hatchback,28000,1,2017,23.1,Petrol,2017,Comprehensive,5,Manual,5,KOLKATA
157000.0,Hatchback,49342,2,2011,19.81,Petrol,2011,Third Party,5,Manual,5,KOLKATA
177000.0,Hatchback,76725,2,2010,20.36,Petrol,2010,Third Party,5,Manual,5,KOLKATA
100000.0,Hatchback,80000,2,2009,19.0,Petrol,2009,Third Party insurance,5,Manual,5,KOLKATA
510000.0,SUV,83234,1,2018,21.5,Diesel,2018,Third Party insurance,6,Manual,5,KOLKATA
712000.0,SUV,9595,1,2021,19.17,Petrol,2021,Third Party insurance,5,Manual,5,KOLKATA
500000.0,Hatchback,30000,1,2018,21.4,Petrol,2018,Third Party insurance,5,Manual,5,KOLKATA
811000.0,SUV,6948,1,2021,20.5,Petrol,2021,Comprehensive,5,Manual,5,KOLKATA
425000.0,SUV,45000,1,2015,18.88,Petrol,2015,Comprehensive,5,Manual,5,KOLKATA
694000.0,Hatchback,9943,1,2022,20.7,Petrol,2022,Comprehensive,5,Automatic,5,KOLKATA
170000.0,Hatchback,31062,3,2013,22.74,Petrol,2013,Comprehensive,5,Manual,5,KOLKATA
255000.0,Hatchback,40000,2,2017,23.01,Petrol,2017,Third Party insurance,5,Manual,5,KOLKATA
185000.0,Hatchback,57000,2,2010,20.36,Petrol,2010,Third Party insurance,5,Manual,5,KOLKATA
350000.0,Sedan,60000,1,2011,18.1,Diesel,2011,Third Party insurance,6,Automatic,5,KOLKATA
1025000.0,SUV,23000,1,2019,15.29,Petrol,2019,Comprehensive,6,Manual,5,KOLKATA
430000.0,Hatchback,50000,1,2018,24.0,Diesel,2018,Third Party insurance,5,Manual,5,KOLKATA
850000.0,Sedan,30000,2,2020,17.4,Petrol,2020,Third Party insurance,0,Automatic,5,KOLKATA
1049000.0,SUV,55000,1,2018,16.0,Diesel,2018,Comprehensive,6,Manual,7,KOLKATA
900000.0,Hatchback,20000,1,2021,21.0,Petrol,2021,Third Party insurance,5,Manual,5,KOLKATA
300000.0,Hatchback,50000,1,2015,17.71,Petrol,2015,Third Party insurance,5,Manual,5,KOLKATA
392000.0,Sedan,46940,1,2016,27.4,Diesel,2016,Comprehensive,5,Manual,5,KOLKATA
578000.0,Hatchback,12315,1,2022,23.56,Petrol,2022,Comprehensive,5,Manual,5,KOLKATA
210000.0,Hatchback,15584,1,2013,22.74,Petrol,2013,Comprehensive,5,Manual,5,KOLKATA
410000.0,Sedan,64400,1,2014,26.0,Diesel,2014,Comprehensive,6,Manual,5,KOLKATA
616000.0,Hatchback,13067,1,2018,21.21,Petrol,2018,Comprehensive,5,Automatic,5,KOLKATA
332000.0,Hatchback,15264,1,2021,22.05,Petrol,2021,Comprehensive,5,Manual,5,KOLKATA
1825000.0,SUV,11853,1,2022,18.0,Diesel,2022,Comprehensive,6,Automatic,5,KOLKATA
379000.0,Hatchback,7843,1,2019,23.95,Petrol,2019,Comprehensive,5,Manual,5,KOLKATA
850000.0,Hatchback,2501,1,2021,19.65,Petrol,2021,Third Party insurance,0,Automatic,5,KOLKATA
379000.0,Hatchback,9285,1,2022,22.05,Petrol,2022,Comprehensive,5,Manual,5,KOLKATA
210000.0,Hatchback,51215,1,2014,22.74,Petrol,2014,Comprehensive,5,Manual,5,KOLKATA
2299000.0,SUV,23400,1,2022,18.9,Diesel,2022,Third Party insurance,6,Automatic,7,KOLKATA
1350000.0,SUV,11000,1,2021,16.8,Petrol,2021,Comprehensive,6,Manual,5,KOLKATA
1450000.0,SUV,10000,1,2021,15.1,Diesel,2021,Third Party insurance,6,Manual,7,KOLKATA
650000.0,SUV,40000,1,2021,17.52,Petrol,2021,Third Party insurance,5,Manual,5,KOLKATA
400000.0,MUV,25000,1,2014,17.3,Petrol,2014,Comprehensive,5,Manual,7,KOLKATA
1270000.0,SUV,55000,1,2021,18.9,Diesel,2021,Comprehensive,6,Manual,7,KOLKATA
165000.0,Hatchback,80000,4,2010,16.1,Petrol,2010,Third Party insurance,5,Manual,5,KOLKATA
970000.0,SUV,8126,1,2021,18.27,Petrol,2021,Comprehensive,6,Manual,5,KOLKATA
330000.0,Hatchback,42000,1,2016,20.51,Petrol,2016,Comprehensive,5,Automatic,5,KOLKATA
370000.0,Sedan,32000,2,2013,23.4,Diesel,2013,Comprehensive,5,Manual,5,KOLKATA
308000.0,Hatchback,11736,1,2019,24.7,Petrol,2019,Comprehensive,5,Manual,5,KOLKATA
285000.0,Hatchback,21679,1,2014,20.36,Petrol,2014,Comprehensive,5,Manual,5,KOLKATA
700000.0,SUV,39000,1,2017,24.3,Diesel,2017,Third Party insurance,5,Manual,5,KOLKATA
367000.0,Hatchback,11333,1,2021,22.05,Petrol,2021,Comprehensive,5,Manual,5,KOLKATA
319000.0,Hatchback,13440,1,2019,22.05,Petrol,2019,Comprehensive,5,Manual,5,KOLKATA
1695000.0,Sedan,46900,2,2019,18.19,Diesel,2019,Third Party insurance,6,Automatic,5,KOLKATA
499000.0,Hatchback,18930,1,2020,32.52,CNG,2020,Comprehensive,5,Manual,5,KOLKATA
1000000.0,SUV,80000,1,2018,16.0,Diesel,2018,Third Party insurance,6,Manual,7,KOLKATA
470000.0,Hatchback,17851,1,2020,32.52,CNG,2020,Comprehensive,5,Manual,5,KOLKATA
340000.0,Hatchback,22392,1,2021,22.05,Petrol,2021,Comprehensive,5,Manual,5,KOLKATA
1450000.0,MUV,29017,1,2022,16.2,Petrol,2022,Comprehensive,6,Manual,7,KOLKATA
1595000.0,SUV,9000,1,2021,14.1,Petrol,2021,Comprehensive,6,Manual,5,KOLKATA
50000.0,Hatchback,30000,1,2003,17.3,Petrol,2003,Third Party insurance,5,Manual,5,KOLKATA
270000.0,Hatchback,10000,1,2017,21.1,Petrol,2017,Third Party insurance,5,Manual,5,KOLKATA
875000.0,SUV,30559,1,2021,18.27,Petrol,2021,Comprehensive,6,Manual,5,KOLKATA
850000.0,SUV,60000,2,2018,17.6,Diesel,2018,Third Party insurance,6,Automatic,5,KOLKATA
300000.0,Sedan,50000,1,2016,18.16,Petrol,2016,Third Party insurance,5,Manual,5,KOLKATA
250000.0,Hatchback,20000,1,2012,18.5,Petrol,2012,Third Party insurance,5,Manual,5,KOLKATA
540000.0,Hatchback,10000,1,2022,22.0,Petrol,2022,Third Party insurance,5,Automatic,5,KOLKATA
330000.0,Hatchback,19830,1,2014,18.16,Petrol,2014,Comprehensive,5,Manual,5,KOLKATA
409000.0,Hatchback,24670,1,2020,21.7,Petrol,2020,Comprehensive,5,Manual,5,KOLKATA
484000.0,Hatchback,14327,1,2019,18.9,Petrol,2019,Comprehensive,5,Manual,5,KOLKATA
1400000.0,SUV,50000,1,2018,17.1,Diesel,2018,Third Party insurance,6,Manual,5,KOLKATA
239000.0,Hatchback,18987,1,2014,20.92,Petrol,2014,Comprehensive,5,Manual,5,KOLKATA
335000.0,Hatchback,55973,1,2019,23.95,Petrol,2019,Comprehensive,5,Manual,5,KOLKATA
1065000.0,Sedan,9000,2,2021,18.45,Petrol,2021,Comprehensive,0,Automatic,5,KOLKATA
315000.0,Hatchback,27094,1,2019,24.7,Petrol,2019,Comprehensive,5,Manual,5,KOLKATA
80000.0,Hatchback,60000,2,2008,19.7,Petrol,2008,Third Party insurance,5,Manual,5,KOLKATA
614000.0,Hatchback,4914,1,2020,20.7,Petrol,2020,Comprehensive,5,Manual,5,KOLKATA
251000.0,Hatchback,25171,1,2013,19.0,Petrol,2013,Comprehensive,5,Manual,5,KOLKATA
575000.0,SUV,40000,1,2018,17.0,Petrol,2018,Third Party insurance,6,Manual,5,KOLKATA
999000.0,SUV,42000,1,2018,17.1,Diesel,2018,Comprehensive,6,Manual,5,KOLKATA
699000.0,SUV,28400,1,2020,18.27,Petrol,2020,Third Party,6,Manual,5,KOLKATA
1750000.0,SUV,20857,1,2021,18.9,Diesel,2021,Comprehensive,6,Automatic,4,KOLKATA
175000.0,Sedan,61000,1,2009,16.8,Diesel,2009,Third Party,5,Manual,5,KOLKATA
599000.0,SUV,75760,1,2015,15.1,Diesel,2015,Comprehensive,6,Manual,7,KOLKATA
335000.0,Hatchback,31000,1,2015,18.9,Petrol,2015,Third Party insurance,5,Manual,5,KOLKATA
450000.0,Sedan,54000,1,2015,19.08,Diesel,2015,Third Party insurance,4,Automatic,5,KOLKATA
300000.0,Hatchback,60000,2,2014,16.47,Petrol,2014,Third Party insurance,5,Manual,5,KOLKATA
199000.0,Hatchback,68943,1,2013,19.4,Petrol,2013,Third Party insurance,5,Manual,5,KOLKATA
399000.0,Hatchback,8582,1,2022,22.05,Petrol,2022,Comprehensive,5,Manual,5,KOLKATA
329000.0,Hatchback,22868,1,2019,22.05,Petrol,2019,Comprehensive,5,Manual,5,KOLKATA
550000.0,SUV,76165,1,2016,24.3,Diesel,2016,Comprehensive,5,Manual,5,KOLKATA
574000.0,Hatchback,27047,1,2020,20.7,Petrol,2020,Comprehensive,5,Manual,5,KOLKATA
522000.0,Sedan,35538,1,2017,21.21,Petrol,2017,Comprehensive,5,Automatic,5,KOLKATA
1400000.0,SUV,8700,1,2023,18.9,Diesel,2023,Comprehensive,6,Automatic,5,KOLKATA
399000.0,Hatchback,76293,1,2016,22.0,Petrol,2016,Comprehensive,5,Manual,5,KOLKATA
185000.0,Hatchback,34000,1,2018,20.63,Petrol,2018,Comprehensive,5,Manual,5,KOLKATA
1299000.0,Sedan,12113,1,2022,18.3,Petrol,2022,Comprehensive,0,Automatic,5,KOLKATA
828000.0,SUV,87172,1,2018,15.8,Petrol,2018,Comprehensive,6,Manual,5,KOLKATA
300000.0,Hatchback,20000,1,2021,18.9,Petrol,2021,Third Party insurance,5,Manual,5,KOLKATA
395000.0,Sedan,55000,1,2014,26.0,Diesel,2014,Third Party insurance,6,Manual,5,KOLKATA
280000.0,Hatchback,51321,1,2013,21.9,Diesel,2013,Comprehensive,6,Manual,5,KOLKATA
4899000.0,SUV,29781,1,2019,15.68,Petrol,2019,Comprehensive,9,Automatic,5,KOLKATA
1250000.0,SUV,15400,0,2022,19.2,Petrol,2022,Third Party insurance,6,Manual,5,KOLKATA
899000.0,SUV,21000,2,2021,21.7,Diesel,2021,Comprehensive,5,Manual,5,KOLKATA
850000.0,SUV,34000,1,2019,20.5,Diesel,2019,Third Party insurance,6,Manual,5,KOLKATA
3200000.0,SUV,19000,1,2021,12.4,Diesel,2021,Third Party insurance,8,Automatic,6,KOLKATA
246000.0,Hatchback,65595,1,2015,21.1,Petrol,2015,Comprehensive,5,Manual,5,KOLKATA
480000.0,SUV,10000,1,2014,22.7,Diesel,2014,Third Party insurance,5,Manual,5,KOLKATA
1121000.0,SUV,51441,1,2018,15.1,Diesel,2018,Comprehensive,6,Manual,7,KOLKATA
419000.0,SUV,70057,3,2014,22.7,Diesel,2014,Comprehensive,5,Manual,5,KOLKATA
1050000.0,SUV,14000,1,2020,16.8,Petrol,2020,Third Party,6,Manual,5,KOLKATA
734000.0,Sedan,35984,1,2020,18.97,Petrol,2020,Comprehensive,6,Manual,5,KOLKATA
565000.0,SUV,80443,1,2017,20.37,Diesel,2017,Comprehensive,6,Manual,5,KOLKATA
200000.0,MUV,150000,2,2008,12.8,Diesel,2008,Third Party insurance,5,Manual,8,KOLKATA
629000.0,SUV,87893,2,2014,15.1,Diesel,2014,Comprehensive,6,Manual,7,KOLKATA
65000.0,Hatchback,120000,2,2009,17.3,LPG,2009,Third Party insurance,5,Manual,5,KOLKATA
519000.0,Hatchback,49441,1,2015,21.19,Diesel,2015,Comprehensive,6,Manual,5,KOLKATA
1607000.0,SUV,6015,1,2022,14.34,Petrol,2022,Comprehensive,6,Automatic,5,KOLKATA
1300000.0,SUV,30908,2,2021,18.9,Petrol,2021,Comprehensive,6,Manual,5,KOLKATA
1100000.0,SUV,34441,1,2017,17.1,Diesel,2017,Third Party insurance,6,Manual,5,KOLKATA
200000.0,SUV,74000,1,2010,14.0,Petrol,2010,Third Party insurance,5,Manual,5,KOLKATA
850000.0,MUV,30000,1,2019,19.34,Petrol,2019,Third Party insurance,5,Manual,7,KOLKATA
1000000.0,SUV,68000,1,2014,15.73,Diesel,2014,Third Party insurance,7,Automatic,5,KOLKATA
150000.0,Hatchback,55000,1,2014,15.6,Petrol,2014,Third Party insurance,5,Manual,5,KOLKATA
239000.0,Hatchback,37000,1,2014,20.36,Petrol,2014,Comprehensive,5,Manual,5,KOLKATA
280000.0,MUV,40000,1,2016,20.62,Petrol,2016,Third Party insurance,5,Manual,7,KOLKATA
2050000.0,SUV,40300,1,2021,14.9,Diesel,2021,Third Party insurance,9,Automatic,5,KOLKATA
450000.0,MUV,125000,1,2011,12.8,Diesel,2011,Third Party insurance,5,Manual,8,KOLKATA
316000.0,Hatchback,43317,1,2020,22.05,Petrol,2020,Comprehensive,5,Manual,5,KOLKATA
336000.0,Hatchback,21298,1,2020,22.05,Petrol,2020,Comprehensive,5,Manual,5,KOLKATA
1600000.0,SUV,10000,1,2023,18.9,Electric,2023,Third Party insurance,5,Automatic,5,KOLKATA
687000.0,SUV,33393,1,2020,16.5,Petrol,2020,Comprehensive,5,Manual,5,KOLKATA
327000.0,Hatchback,34622,1,2014,24.0,Diesel,2014,Comprehensive,5,Manual,5,KOLKATA
895000.0,SUV,126254,1,2019,17.6,Diesel,2019,Comprehensive,6,Automatic,5,KOLKATA
6400000.0,Convertibles,31828,3,2014,15.15,Petrol,2014,Comprehensive,8,Automatic,2,KOLKATA
274000.0,Hatchback,43595,1,2016,20.63,Petrol,2016,Comprehensive,5,Manual,5,KOLKATA
420000.0,Sedan,22276,1,2015,20.73,Petrol,2015,Comprehensive,5,Manual,5,KOLKATA
1350000.0,Sedan,10000,1,2023,18.9,Electric,2023,Third Party insurance,1,Automatic,5,KOLKATA
150000.0,Minivans,100000,3,2010,15.37,Petrol,2010,Third Party insurance,5,Manual,7,KOLKATA
140000.0,Minivans,60000,3,2010,15.37,Petrol,2010,Third Party insurance,5,Manual,7,KOLKATA
290000.0,Hatchback,10415,1,2016,20.36,Petrol,2016,Comprehensive,5,Manual,5,KOLKATA
160000.0,Minivans,20000,1,2013,15.37,Petrol,2013,Third Party insurance,5,Manual,5,KOLKATA
590000.0,SUV,10000,2,2022,20.09,Petrol,2022,Third Party insurance,5,Manual,5,KOLKATA
3600000.0,SUV,60000,1,2021,18.9,Diesel,2021,Third Party insurance,6,Automatic,7,KOLKATA
28000.0,Hatchback,30000,2,2007,24.7,Petrol,2007,Third Party insurance,5,Manual,5,KOLKATA
40000.0,Hatchback,60000,1,2005,18.9,Petrol,2005,Third Party insurance,5,Manual,5,KOLKATA
400000.0,Hatchback,90000,1,2016,18.9,Petrol,2016,Third Party insurance,5,Manual,5,KOLKATA
787000.0,SUV,42015,1,2019,25.5,Diesel,2019,Comprehensive,6,Manual,5,KOLKATA
899000.0,Sedan,72456,1,2018,21.43,Diesel,2018,Comprehensive,6,Manual,5,KOLKATA
125000.0,Sedan,60000,1,2009,19.2,Diesel,2009,Third Party insurance,5,Manual,5,KOLKATA
268000.0,Hatchback,116032,1,2014,23.2,Diesel,2014,Comprehensive,5,Manual,5,KOLKATA
340000.0,Sedan,30000,1,2014,20.34,Diesel,2014,Third Party insurance,5,Manual,5,KOLKATA
2800000.0,SUV,40000,1,2019,10.91,Diesel,2019,Third Party insurance,6,Automatic,7,KOLKATA
265000.0,Hatchback,40000,2,2017,23.84,Petrol,2017,Third Party insurance,5,Manual,5,KOLKATA
265000.0,Hatchback,40000,2,2017,27.28,Diesel,2017,Third Party insurance,5,Manual,5,KOLKATA
700000.0,SUV,51000,1,2016,16.0,Diesel,2016,Third Party insurance,6,Manual,7,KOLKATA
450000.0,Hatchback,30000,1,2017,18.9,Petrol,2017,Third Party insurance,5,Manual,5,KOLKATA
950000.0,MUV,15885,1,2021,19.01,Petrol,2021,Comprehensive,5,Manual,7,KOLKATA
200000.0,SUV,65000,1,2013,20.45,Diesel,2013,Third Party insurance,5,Manual,5,KOLKATA
1800000.0,Sedan,10000,1,2018,19.8,Petrol,2018,Third Party insurance,7,Automatic,5,KOLKATA
160000.0,Hatchback,20000,1,2017,21.1,Petrol,2017,Third Party insurance,5,Manual,5,KOLKATA
1000000.0,Sedan,70000,2,2015,18.88,Diesel,2015,Third Party insurance,8,Automatic,5,KOLKATA
1700000.0,SUV,50000,1,2016,12.62,Diesel,2016,Third Party insurance,6,Automatic,7,KOLKATA
500000.0,SUV,53000,1,2014,15.1,Diesel,2014,Third Party insurance,6,Manual,7,KOLKATA
1220000.0,Sedan,10000,1,2021,18.3,Petrol,2021,Third Party insurance,0,Automatic,5,KOLKATA
437000.0,Hatchback,20000,1,2020,20.09,Petrol,2020,Third Party insurance,5,Manual,5,KOLKATA
1200000.0,MUV,33000,1,2022,16.2,Petrol,2022,Third Party insurance,6,Manual,7,KOLKATA
150000.0,Sedan,60000,3,2008,12.9,Petrol,2008,Third Party insurance,5,Automatic,5,KOLKATA
400000.0,Sedan,20000,3,2010,12.05,Petrol,2010,Third Party insurance,6,Automatic,5,KOLKATA
420000.0,Minivans,20000,1,2021,16.11,Petrol,2021,Third Party insurance,5,Manual,7,KOLKATA
190000.0,Hatchback,20000,2,2013,18.9,Petrol,2013,Third Party insurance,5,Manual,5,KOLKATA
175000.0,Minivans,50000,3,2010,15.37,Petrol,2010,Third Party insurance,5,Manual,7,KOLKATA
175000.0,Minivans,50000,3,2010,15.37,Petrol,2010,Third Party insurance,5,Manual,7,KOLKATA
550000.0,MUV,30000,1,2020,20.0,Petrol,2020,Third Party insurance,5,Manual,7,KOLKATA
1400000.0,SUV,10000,1,2022,15.2,Petrol,2022,Third Party insurance,6,Manual,4,KOLKATA
120000.0,SUV,120000,4,2007,10.5,Diesel,2007,Third Party insurance,5,Manual,7,KOLKATA
650000.0,Hatchback,40000,1,2021,20.7,Petrol,2021,Third Party insurance,5,Manual,5,KOLKATA
600000.0,Hatchback,10000,1,2019,18.6,Petrol,2019,Third Party insurance,5,Manual,5,KOLKATA
450000.0,Hatchback,28689,1,2019,21.63,Petrol,2019,Comprehensive,5,Automatic,5,KOLKATA
2750000.0,Convertibles,42719,3,2013,10.93,Petrol,2013,Comprehensive,7,Automatic,2,KOLKATA
45000.0,Hatchback,30000,1,2004,19.7,Petrol,2004,Third Party insurance,5,Manual,5,KOLKATA
1220000.0,SUV,53700,1,2020,18.9,Electric,2020,Comprehensive,5,Automatic,5,KOLKATA
599000.0,SUV,69150,1,2016,15.29,Petrol,2016,Comprehensive,6,Manual,5,KOLKATA
700000.0,SUV,65480,1,2015,15.4,Diesel,2015,Third Party insurance,5,Manual,9,KOLKATA
550000.0,Hatchback,42411,1,2018,18.6,Petrol,2018,Comprehensive,5,Manual,5,KOLKATA
335000.0,Sedan,72000,1,2015,17.4,Petrol,2015,Third Party insurance,5,Manual,5,KOLKATA
1275000.0,SUV,31100,1,2020,18.9,Electric,2020,Third Party insurance,5,Automatic,5,KOLKATA
300000.0,MUV,66000,1,2015,14.95,Diesel,2015,Third Party insurance,5,Manual,7,KOLKATA
1350000.0,SUV,26000,1,2021,18.9,Electric,2021,Comprehensive,5,Automatic,5,KOLKATA
350000.0,Hatchback,11000,1,2019,23.01,Petrol,2019,Third Party,5,Manual,5,KOLKATA
475000.0,Sedan,23000,2,2016,17.8,Petrol,2016,Third Party,5,Manual,5,KOLKATA
765000.0,Hatchback,5000,1,2021,19.56,Petrol,2021,Third Party,5,Automatic,5,KOLKATA
1150000.0,SUV,24000,1,2021,18.9,Petrol,2021,Third Party insurance,6,Manual,5,KOLKATA
2100000.0,SUV,61901,1,2017,17.9,Diesel,2017,Comprehensive,7,Automatic,5,KOLKATA
250000.0,Sedan,50000,1,2010,14.53,Petrol,2010,Third Party insurance,6,Manual,5,KOLKATA
165000.0,Hatchback,41232,1,2010,15.6,Petrol,2010,Comprehensive,5,Manual,5,KOLKATA
900000.0,Sedan,48277,1,2022,18.9,Electric,2022,Third Party insurance,1,Automatic,5,KOLKATA
350000.0,Hatchback,37000,1,2017,20.51,Petrol,2017,Third Party insurance,5,Automatic,5,KOLKATA
1700000.0,SUV,34689,1,2017,15.17,Diesel,2017,Comprehensive,7,Automatic,5,KOLKATA
800000.0,SUV,32475,1,2019,15.8,Petrol,2019,Comprehensive,6,Manual,5,KOLKATA
4450000.0,SUV,411,1,2023,12.18,Petrol,2023,Comprehensive,8,Automatic,5,KOLKATA
4050000.0,SUV,33004,1,2019,12.81,Petrol,2019,Comprehensive,9,Automatic,7,KOLKATA
900000.0,SUV,50245,2,2010,11.81,Petrol,2010,Comprehensive,8,Automatic,5,KOLKATA
1125000.0,SUV,24000,1,2021,17.0,Diesel,2021,Third Party insurance,6,Automatic,5,KOLKATA
300000.0,Hatchback,39000,1,2013,22.9,Diesel,2013,Third Party insurance,5,Manual,5,KOLKATA
550000.0,SUV,40000,1,2018,25.5,Diesel,2018,Third Party insurance,6,Manual,5,KOLKATA
200000.0,Sedan,65000,1,2012,21.43,Diesel,2012,Third Party insurance,6,Manual,5,KOLKATA
375000.0,Sedan,73000,1,2015,26.21,Diesel,2015,Third Party insurance,5,Manual,5,KOLKATA
499000.0,Hatchback,29000,1,2020,20.7,Petrol,2020,Third Party insurance,5,Manual,5,KOLKATA
600000.0,SUV,50000,1,2017,19.6,Diesel,2017,Third Party insurance,6,Automatic,5,KOLKATA
775000.0,SUV,80000,1,2012,11.74,Diesel,2012,Third Party insurance,7,Automatic,5,KOLKATA
1800000.0,MUV,15000,1,2020,13.68,Diesel,2020,Third Party insurance,5,Manual,7,KOLKATA
2525000.0,SUV,56400,1,2017,14.24,Diesel,2017,Comprehensive,6,Manual,7,KOLKATA
190000.0,Hatchback,61000,1,2013,19.4,Petrol,2013,Third Party insurance,5,Manual,5,KOLKATA
1000000.0,SUV,28831,1,2018,16.3,Diesel,2018,Third Party insurance,6,Manual,5,KOLKATA
790000.0,Sedan,49000,1,2018,25.6,Diesel,2018,Third Party insurance,6,Manual,5,KOLKATA
525000.0,Sedan,27460,1,2016,17.8,Petrol,2016,Comprehensive,5,Manual,5,KOLKATA
724000.0,Hatchback,14000,1,2021,19.56,Petrol,2021,Third Party insurance,0,Automatic,5,KOLKATA
435000.0,Sedan,43985,1,2014,17.4,Petrol,2014,Comprehensive,5,Manual,5,KOLKATA
295000.0,Hatchback,28322,1,2012,17.0,Petrol,2012,Comprehensive,5,Manual,5,KOLKATA
1675000.0,SUV,12000,1,2022,18.9,Diesel,2022,Comprehensive,6,Manual,5,KOLKATA
575000.0,Hatchback,15000,1,2022,20.89,Petrol,2022,Comprehensive,5,Manual,5,KOLKATA
335000.0,Sedan,71762,2,2017,18.16,Petrol,2017,Comprehensive,5,Manual,5,KOLKATA
599000.0,SUV,75000,1,2017,18.49,Diesel,2017,Comprehensive,5,Manual,7,KOLKATA
650000.0,Sedan,79000,1,2017,19.12,Petrol,2017,Comprehensive,4,Automatic,5,KOLKATA
485000.0,Sedan,38734,1,2016,17.8,Petrol,2016,Comprehensive,5,Manual,5,KOLKATA
575000.0,Hatchback,22000,1,2022,24.97,Petrol,2022,Comprehensive,5,Manual,5,KOLKATA
650000.0,Sedan,54000,1,2017,18.19,Petrol,2017,Comprehensive,7,Automatic,5,KOLKATA
450000.0,SUV,50000,1,2016,19.87,Diesel,2016,Comprehensive,5,Manual,5,KOLKATA
625000.0,SUV,68000,1,2016,21.9,Diesel,2016,Comprehensive,6,Manual,7,KOLKATA
650000.0,Sedan,54000,1,2017,18.19,Petrol,2017,Comprehensive,7,Automatic,5,KOLKATA
545000.0,Hatchback,32337,1,2019,18.6,Petrol,2019,Third Party insurance,5,Manual,5,KOLKATA
835000.0,MUV,21873,1,2019,19.34,Petrol,2019,Comprehensive,5,Manual,7,KOLKATA
415000.0,Hatchback,17330,1,2020,21.74,Petrol,2020,Comprehensive,5,Manual,5,KOLKATA
545000.0,Sedan,28316,1,2020,17.8,Petrol,2020,Comprehensive,5,Manual,5,KOLKATA
975000.0,Sedan,19000,1,2021,18.0,Petrol,2021,Comprehensive,0,Automatic,5,KOLKATA
950000.0,SUV,22000,1,2021,18.15,Petrol,2021,Comprehensive,7,Automatic,5,KOLKATA
795000.0,SUV,49000,1,2019,24.3,Diesel,2019,Comprehensive,5,Manual,5,KOLKATA
725000.0,MUV,48000,1,2017,24.52,Diesel,2017,Comprehensive,5,Manual,7,KOLKATA
475000.0,SUV,65000,1,2015,15.9,Petrol,2015,Comprehensive,5,Manual,5,KOLKATA
799000.0,SUV,51000,1,2018,15.29,Petrol,2018,Comprehensive,6,Manual,5,KOLKATA
990000.0,Sedan,32000,1,2020,17.4,Petrol,2020,Comprehensive,0,Automatic,5,KOLKATA
625000.0,Sedan,34000,1,2014,14.28,Petrol,2014,Comprehensive,6,Manual,5,KOLKATA
550000.0,Sedan,65000,1,2017,28.09,Diesel,2017,Comprehensive,5,Manual,5,KOLKATA
525000.0,Sedan,51000,1,2015,20.65,Petrol,2015,Comprehensive,5,Manual,5,KOLKATA
925000.0,SUV,17000,1,2022,17.03,Petrol,2022,Comprehensive,5,Manual,5,KOLKATA
325000.0,Hatchback,6971,1,2019,25.17,Petrol,2019,Comprehensive,5,Manual,5,KOLKATA
899000.0,Hatchback,3000,1,2023,22.35,Petrol,2023,Comprehensive,5,Manual,5,KOLKATA
289000.0,Hatchback,27447,1,2018,24.7,Petrol,2018,Comprehensive,5,Manual,5,KOLKATA
499000.0,Sedan,22008,1,2018,21.21,Petrol,2018,Comprehensive,5,Manual,5,KOLKATA
1650000.0,SUV,9000,1,2021,14.5,Petrol,2021,Comprehensive,6,Manual,7,KOLKATA
455000.0,Sedan,44000,1,2015,17.01,Petrol,2015,Comprehensive,5,Manual,5,KOLKATA
790000.0,SUV,46000,1,2016,13.0,Petrol,2016,Comprehensive,6,Automatic,5,KOLKATA
599000.0,SUV,60000,1,2018,22.77,Diesel,2018,Comprehensive,5,Manual,5,KOLKATA
799000.0,Sedan,37000,1,2018,17.8,Petrol,2018,Comprehensive,0,Automatic,5,KOLKATA
2150000.0,SUV,40000,1,2017,14.16,Diesel,2017,Comprehensive,7,Automatic,5,KOLKATA
575000.0,Hatchback,9000,1,2020,21.4,Petrol,2020,Comprehensive,5,Manual,5,KOLKATA
599000.0,SUV,52000,1,2016,15.29,Petrol,2016,Comprehensive,6,Manual,5,KOLKATA
465000.0,Hatchback,30400,1,2017,21.4,Petrol,2017,Comprehensive,5,Manual,5,KOLKATA
950000.0,SUV,29000,1,2021,18.15,Petrol,2021,Comprehensive,7,Automatic,5,KOLKATA
5541000.0,Sedan,20000,1,2020,16.1,Diesel,2020,Comprehensive,9,Automatic,5,KOLKATA
990000.0,Sedan,32000,1,2020,18.3,Petrol,2020,Comprehensive,0,Automatic,5,KOLKATA
350000.0,Hatchback,45000,1,2014,18.9,Petrol,2014,Comprehensive,5,Manual,5,KOLKATA
2290000.0,SUV,84000,1,2018,10.91,Diesel,2018,Comprehensive,6,Automatic,7,KOLKATA
470000.0,Sedan,48000,1,2014,26.0,Diesel,2014,Comprehensive,6,Manual,5,KOLKATA
395000.0,Sedan,49000,1,2016,17.8,Petrol,2016,Comprehensive,5,Manual,5,KOLKATA
275000.0,Sedan,70000,1,2010,14.53,Petrol,2010,Comprehensive,6,Manual,5,KOLKATA
349000.0,Sedan,65000,1,2012,22.32,Diesel,2012,Third Party insurance,6,Manual,5,KOLKATA
725000.0,SUV,58000,1,2019,21.5,Diesel,2019,Comprehensive,6,Automatic,5,KOLKATA
440000.0,Hatchback,64000,1,2018,27.39,Diesel,2018,Comprehensive,5,Manual,5,KOLKATA
1650000.0,SUV,35000,1,2016,13.7,Petrol,2016,Comprehensive,7,Automatic,5,KOLKATA
380000.0,Sedan,50000,1,2016,18.0,Petrol,2016,Comprehensive,5,Manual,5,KOLKATA
475000.0,Hatchback,12000,1,2018,18.9,Petrol,2018,Comprehensive,5,Manual,5,KOLKATA
450000.0,Sedan,50000,1,2016,21.21,Petrol,2016,Comprehensive,5,Manual,5,KOLKATA
465000.0,SUV,58000,1,2016,19.87,Diesel,2016,Comprehensive,5,Manual,5,KOLKATA
950000.0,Sedan,50000,2,2012,15.2,Diesel,2012,Comprehensive,6,Automatic,5,KOLKATA
325000.0,Hatchback,16000,1,2020,22.05,Petrol,2020,Third Party insurance,5,Manual,5,KOLKATA
199000.0,Hatchback,75000,2,2010,16.47,Petrol,2010,Comprehensive,5,Manual,5,KOLKATA
195000.0,Sedan,28000,1,2010,15.3,Petrol,2010,Comprehensive,5,Manual,5,KOLKATA
725000.0,SUV,55000,1,2018,15.29,Petrol,2018,Comprehensive,6,Manual,5,KOLKATA
455000.0,Hatchback,54000,1,2018,27.39,Diesel,2018,Comprehensive,5,Manual,5,KOLKATA
399000.0,Hatchback,55000,1,2016,18.7,Petrol,2016,Comprehensive,5,Manual,5,KOLKATA
950000.0,SUV,29000,1,2021,18.15,Petrol,2021,Comprehensive,7,Automatic,5,KOLKATA
399000.0,Sedan,48000,1,2015,17.43,Petrol,2015,Comprehensive,5,Manual,5,KOLKATA
450000.0,MUV,45000,1,2014,17.3,Petrol,2014,Comprehensive,5,Manual,7,KOLKATA
740000.0,SUV,21000,1,2021,17.33,Petrol,2021,Comprehensive,6,Manual,5,KOLKATA
325000.0,Sedan,52000,1,2013,17.01,Petrol,2013,Comprehensive,5,Manual,5,KOLKATA
499000.0,Sedan,39000,1,2019,20.14,Petrol,2019,Comprehensive,5,Manual,5,KOLKATA
450000.0,MUV,55000,1,2014,17.3,Petrol,2014,Comprehensive,5,Manual,7,KOLKATA
1750000.0,MUV,53000,1,2017,13.68,Diesel,2017,Comprehensive,5,Manual,7,KOLKATA
935000.0,SUV,9000,1,2022,18.9,Petrol,2022,Comprehensive,5,Manual,5,KOLKATA
1350000.0,SUV,23000,1,2020,16.5,Petrol,2020,Comprehensive,6,Manual,5,KOLKATA
199000.0,Hatchback,65000,1,2010,16.47,Petrol,2010,Comprehensive,5,Manual,5,KOLKATA
279000.0,Hatchback,45000,1,2016,19.81,Petrol,2016,Comprehensive,5,Manual,5,KOLKATA
599000.0,Sedan,55000,1,2017,28.09,Diesel,2017,Comprehensive,5,Automatic,5,KOLKATA
475000.0,Hatchback,26000,1,2019,18.9,Petrol,2019,Comprehensive,5,Manual,5,KOLKATA
499000.0,Sedan,54000,1,2016,14.3,Petrol,2016,Comprehensive,6,Automatic,5,KOLKATA
450000.0,Sedan,41000,1,2015,17.01,Petrol,2015,Comprehensive,5,Manual,5,KOLKATA
2250000.0,SUV,29000,1,2021,14.9,Diesel,2021,Comprehensive,9,Automatic,5,KOLKATA
2275000.0,Sedan,23000,1,2018,22.69,Diesel,2018,Comprehensive,8,Automatic,5,KOLKATA
225000.0,Hatchback,39000,1,2012,16.7,Petrol,2012,Comprehensive,5,Manual,5,KOLKATA
850000.0,Sedan,34000,1,2019,17.0,Petrol,2019,Comprehensive,6,Manual,5,KOLKATA
990000.0,Sedan,75000,1,2015,12.98,Petrol,2015,Comprehensive,6,Automatic,5,KOLKATA
575000.0,Hatchback,12000,1,2020,20.7,Petrol,2020,Comprehensive,5,Manual,5,KOLKATA
799000.0,SUV,51000,1,2018,16.0,Diesel,2018,Comprehensive,6,Manual,7,KOLKATA
399000.0,Hatchback,46000,1,2018,18.5,Petrol,2018,Comprehensive,5,Manual,5,KOLKATA
1100000.0,Sedan,39000,1,2013,18.88,Diesel,2013,Comprehensive,8,Automatic,5,KOLKATA
399000.0,Sedan,45000,1,2015,17.43,Petrol,2015,Comprehensive,5,Manual,5,KOLKATA
2370000.0,SUV,2000,1,2023,18.9,Diesel,2023,Comprehensive,6,Automatic,7,KOLKATA
699000.0,Sedan,47000,1,2017,17.8,Petrol,2017,Third Party insurance,5,Manual,5,KOLKATA
1415000.0,SUV,55000,1,2020,18.9,Petrol,2020,Third Party insurance,0,Automatic,5,KOLKATA
455000.0,Hatchback,5000,1,2022,21.74,Petrol,2022,Comprehensive,5,Manual,5,KOLKATA
330000.0,Hatchback,5000,1,2021,22.74,Petrol,2021,Comprehensive,5,Manual,5,KOLKATA
2100000.0,SUV,32000,1,2018,16.9,Petrol,2018,Comprehensive,6,Automatic,5,KOLKATA
1099000.0,MUV,20000,1,2022,18.9,Petrol,2022,Comprehensive,6,Manual,7,KOLKATA
1099000.0,MUV,20000,1,2022,18.9,Petrol,2022,Comprehensive,6,Manual,7,KOLKATA
199000.0,Sedan,61000,1,2013,16.95,Petrol,2013,Comprehensive,5,Manual,5,KOLKATA
1190000.0,SUV,14000,2,2019,16.0,Petrol,2019,Comprehensive,6,Manual,5,KOLKATA
1190000.0,SUV,45000,1,2015,15.73,Diesel,2015,Comprehensive,7,Automatic,5,KOLKATA
535000.0,Sedan,38247,1,2016,17.01,Petrol,2016,Comprehensive,5,Manual,5,KOLKATA
395000.0,Sedan,41754,2,2015,18.0,Petrol,2015,Third Party insurance,5,Manual,5,KOLKATA
250000.0,SUV,52000,1,2003,10.5,Diesel,2003,Comprehensive,5,Manual,8,KOLKATA
175000.0,Hatchback,58000,2,2010,16.0,Petrol,2010,Comprehensive,1,Manual,5,KOLKATA
195000.0,Hatchback,75000,1,2015,25.83,Diesel,2015,Comprehensive,5,Manual,5,KOLKATA
425000.0,SUV,72561,1,2014,22.7,Diesel,2014,Comprehensive,5,Manual,5,KOLKATA
158000.0,Hatchback,53562,3,2009,20.36,Petrol,2009,Third Party insurance,5,Manual,5,KOLKATA
425000.0,Hatchback,32190,1,2019,18.9,Petrol,2019,Third Party insurance,5,Manual,5,KOLKATA
115000.0,Hatchback,20000,1,2013,22.74,Petrol,2013,Third Party insurance,5,Manual,5,KOLKATA
75000.0,Hatchback,50000,1,2009,21.1,Petrol,2009,Third Party insurance,5,Manual,5,KOLKATA
650000.0,SUV,20000,1,2022,19.17,Petrol,2022,Third Party insurance,5,Manual,5,KOLKATA
80000.0,Hatchback,20000,1,2007,18.9,Petrol,2007,Third Party insurance,5,Manual,5,KOLKATA
650000.0,SUV,30000,1,2022,19.17,Petrol,2022,Third Party insurance,5,Manual,5,KOLKATA
35000.0,Hatchback,40000,2,2005,19.7,Petrol,2005,Third Party insurance,5,Manual,5,KOLKATA
190000.0,Hatchback,120000,1,2018,23.01,Petrol,2018,Third Party insurance,5,Manual,5,KOLKATA
200000.0,Hatchback,60000,1,2013,16.47,Petrol,2013,Third Party insurance,5,Manual,5,KOLKATA
160000.0,Hatchback,60000,2,2013,15.6,Petrol,2013,Third Party insurance,5,Manual,5,KOLKATA
120000.0,Hatchback,30000,1,2010,16.2,Petrol,2010,Third Party insurance,1,Manual,5,KOLKATA
140000.0,Hatchback,24000,1,2011,16.2,Petrol,2011,Third Party insurance,1,Manual,5,KOLKATA
115000.0,Hatchback,40000,1,2009,19.7,Petrol,2009,Third Party insurance,5,Manual,5,KOLKATA
250000.0,Hatchback,60000,1,2013,18.6,Petrol,2013,Third Party insurance,5,Manual,5,KOLKATA
480000.0,Sedan,30000,1,2019,18.9,CNG,2019,Third Party insurance,5,Manual,5,KOLKATA
150000.0,Sedan,84000,2,2008,17.7,Petrol,2008,Comprehensive,5,Manual,5,KOLKATA
175000.0,Hatchback,151000,1,2018,24.7,Petrol,2018,Third Party insurance,5,Manual,5,KOLKATA
490000.0,Hatchback,7000,1,2021,21.79,Petrol,2021,Third Party insurance,5,Manual,5,KOLKATA
250000.0,Hatchback,20000,1,2010,18.5,Petrol,2010,Third Party insurance,5,Manual,5,KOLKATA
400000.0,Hatchback,20000,1,2014,22.0,Petrol,2014,Third Party insurance,5,Manual,5,KOLKATA
550000.0,SUV,50000,1,2018,21.5,Diesel,2018,Third Party insurance,6,Manual,5,KOLKATA
125000.0,Hatchback,50000,1,2009,17.92,Petrol,2009,Third Party insurance,5,Manual,5,KOLKATA
280000.0,Hatchback,80000,1,2015,22.54,Diesel,2015,Third Party insurance,6,Manual,5,KOLKATA
150000.0,Hatchback,50000,1,2011,19.0,Petrol,2011,Third Party insurance,5,Manual,5,KOLKATA
1082000.0,SUV,10000,1,2022,16.35,Petrol,2022,Third Party insurance,6,Automatic,5,KOLKATA
550000.0,SUV,70000,1,2019,17.0,Petrol,2019,Third Party insurance,6,Manual,5,KOLKATA
475000.0,Sedan,30000,1,2018,17.8,Petrol,2018,Third Party insurance,5,Manual,5,KOLKATA
105000.0,Hatchback,80000,3,2010,18.5,Petrol,2010,Third Party insurance,5,Manual,5,KOLKATA
500000.0,Hatchback,80000,1,2019,27.39,Diesel,2019,Third Party insurance,5,Manual,5,KOLKATA
525000.0,Sedan,40000,1,2017,19.12,Petrol,2017,Third Party insurance,4,Automatic,5,KOLKATA
650000.0,Hatchback,10000,1,2021,21.21,Petrol,2021,Third Party insurance,5,Manual,5,KOLKATA
650000.0,Hatchback,10000,1,2021,21.21,Petrol,2021,Third Party insurance,5,Manual,5,KOLKATA
200000.0,Hatchback,30000,1,2014,22.74,Petrol,2014,Third Party insurance,5,Manual,5,KOLKATA
400000.0,Hatchback,20000,1,2018,23.84,Petrol,2018,Third Party insurance,5,Manual,5,KOLKATA
1200000.0,SUV,10000,1,2023,18.3,Petrol,2023,Third Party insurance,7,Automatic,5,KOLKATA
1825000.0,SUV,10000,1,2022,16.5,Petrol,2022,Third Party insurance,7,Automatic,5,KOLKATA
500000.0,Hatchback,20000,1,2019,20.09,Petrol,2019,Third Party insurance,5,Manual,5,KOLKATA
600000.0,Sedan,30000,1,2019,19.5,Petrol,2019,Third Party insurance,5,Manual,5,KOLKATA
230000.0,Hatchback,30000,2,2010,18.5,Petrol,2010,Third Party insurance,5,Manual,5,KOLKATA
210000.0,Hatchback,40000,1,2015,22.74,Petrol,2015,Third Party insurance,5,Manual,5,KOLKATA
1000000.0,SUV,20000,1,2019,15.8,Petrol,2019,Third Party insurance,6,Manual,5,KOLKATA
550000.0,Sedan,40000,1,2019,21.21,Petrol,2019,Third Party insurance,5,Manual,5,KOLKATA
550000.0,Sedan,40000,1,2019,21.21,Petrol,2019,Third Party insurance,5,Manual,5,KOLKATA
300000.0,Sedan,70000,2,2015,18.0,Petrol,2015,Third Party insurance,5,Manual,5,KOLKATA
1200000.0,Sedan,20000,1,2023,17.8,Petrol,2023,Third Party insurance,6,Manual,5,KOLKATA
160000.0,Hatchback,120000,1,2010,20.36,Petrol,2010,Third Party insurance,5,Manual,5,KOLKATA
180000.0,Hatchback,150000,2,2011,16.47,Petrol,2011,Third Party insurance,5,Manual,5,KOLKATA
225000.0,Hatchback,38000,1,2011,20.36,Petrol,2011,Third Party insurance,5,Manual,5,KOLKATA
674000.0,SUV,20000,1,2022,17.33,Petrol,2022,Third Party insurance,6,Manual,5,KOLKATA
200000.0,Hatchback,30000,1,2012,21.1,Petrol,2012,Third Party insurance,5,Manual,5,KOLKATA
290000.0,Hatchback,50000,1,2015,20.51,Petrol,2015,Third Party insurance,5,Manual,5,KOLKATA
250000.0,Sedan,60000,1,2010,17.5,Petrol,2010,Third Party insurance,5,Manual,5,KOLKATA
100000.0,Hatchback,30000,3,2002,16.1,Petrol,2002,Third Party insurance,4,Manual,4,KOLKATA
400000.0,Sedan,60000,1,2013,16.8,Petrol,2013,Third Party insurance,5,Manual,5,KOLKATA
360000.0,Hatchback,70000,1,2015,16.2,Petrol,2015,Third Party insurance,5,Manual,5,KOLKATA
150000.0,Hatchback,30000,1,2009,18.9,Petrol,2009,Third Party insurance,5,Manual,5,KOLKATA
510000.0,Hatchback,10000,1,2022,25.24,Petrol,2022,Third Party insurance,5,Manual,5,KOLKATA
180000.0,Hatchback,120000,1,2014,22.74,Petrol,2014,Third Party insurance,5,Manual,5,KOLKATA
550000.0,Sedan,50000,3,2011,11.74,Petrol,2011,Third Party insurance,7,Automatic,5,KOLKATA
140000.0,Hatchback,40000,1,2012,18.5,Petrol,2012,Third Party insurance,5,Manual,5,KOLKATA
500000.0,SUV,120000,2,2017,19.72,Diesel,2017,Third Party insurance,6,Manual,5,KOLKATA
