PRICE,BODY_TYPE,KILOMETERS_DRIVEN,NUMBER_OF_OWNERS,YEAR_OF_MANUFACTURE,MILEAGE,FUEL_TYPE,MODEL_YEAR,INSURANCE_VALIDITY,NUMBER_OF_GEARS,TRANSMISSION,SEATS,CITY_NAME
₹ 4 Lakh,Hatchback,"1,20,000 Kms",3rd Owner,2015,23.1,Petrol,2015,Third Party insurance,5 Speed ,Manual,5 Seats,BANGALORE
₹ 8.11 Lakh,SUV,"32,706 Kms",2nd Owner,2018,17.0,Petrol,2018,Comprehensive,5 Speed,Manual,5 Seats,BANGALORE
₹ 5.85 Lakh,Hatchback,"11,949 Kms",1st Owner,2018,23.84,Petrol,2018,Comprehensive,5 Speed,Manual,5 Seats,BANGALORE
₹ 4.62 Lakh,Sedan,"17,794 Kms",1st Owner,2014,19.1,Petrol,2014,Comprehensive,5 Speed ,Manual,5 Seats,BANGALORE
₹ 7.90 Lakh,SUV,"60,000 Kms",1st Owner,2015,23.65,Diesel,2015,Third Party insurance,5 Speed,Manual,5 Seats,BANGALORE
₹ 19 Lakh,SUV,"20,000 Kms",1st Owner,2020,17.1,Diesel,2020,Third Party insurance,6 Speed,Manual,5 Seats,BANGALORE
₹ 3.45 Lakh,Hatchback,"37,772 Kms",1st Owner,2017,20.63,Petrol,2017,Comprehensive,5 Speed,Manual,5 Seats,BANGALORE
₹ 12 Lakh,SUV,"30,000 Kms",1st Owner,2021,18.15,Petrol,2021,Third Party insurance,7-Speed,Automatic,5 Seats,BANGALORE
₹ 9.60 Lakh,Sedan,"37,000 Kms",1st Owner,2018,20.28,Petrol,2018,Comprehensive,4 Speed,Automatic,5 Seats,BANGALORE
₹ 5.85 Lakh,Hatchback,"11,949 Kms",1st Owner,2017,23.84,Petrol,2017,Comprehensive,5 Speed,Manual,5 Seats,BANGALORE
₹ 6.90 Lakh,Hatchback,"50,000 Kms",1st Owner,2018,21.4,Petrol,2018,Third Party insurance,5 Speed,Manual,5 Seats,BANGALORE
₹ 6.82 Lakh,Hatchback,"24,887 Kms",1st Owner,2019,18.9,Petrol,2019,Third Party insurance,4 Speed,Automatic,5 Seats,BANGALORE
₹ 8.25 Lakh,Hatchback,"23,000 Kms",1st Owner,2018,18.2,Petrol,2018,Comprehensive,5 Speed,Automatic,5 Seats,BANGALORE
₹ 5.95 Lakh,Hatchback,"48,928 Kms",1st Owner,2018,23.84,Petrol,2018,Comprehensive,5 Speed,Automatic,5 Seats,BANGALORE
₹ 6.90 Lakh,SUV,"1,08,862 Kms",3rd Owner,2014,15.1,Diesel,2014,Comprehensive,6 Speed ,Manual,7 Seats,BANGALORE
₹ 13.50 Lakh,SUV,"80,000 Kms",1st Owner,2018,17.1,Diesel,2018,Third Party insurance,6 Speed,Manual,5 Seats,BANGALORE
₹ 55.95 Lakh,SUV,"16,000 Kms",1st Owner,2022,18.9,Diesel,2022,Comprehensive,8G-DCT,Automatic,5 Seats,BANGALORE
₹ 5.21 Lakh,Hatchback,"65,376 Kms",2nd Owner,2014,21.27,Diesel,2014,Comprehensive,6 Speed,Manual,5 Seats,BANGALORE
₹ 10.05 Lakh,SUV,"10,000 Kms",1st Owner,2022,17.33,Petrol,2022,Third Party insurance,6 Speed,Manual,5 Seats,BANGALORE
₹ 7.75 Lakh,Sedan,"67,000 Kms",2nd Owner,2016,17.8,Petrol,2016,Comprehensive,5 Speed,Manual,5 Seats,BANGALORE
₹ 22 Lakh,Sedan,"1,00,000 Kms",3rd Owner,2011,18.48,Diesel,2011,Third Party insurance,6 Speed,Automatic,5 Seats,BANGALORE
₹ 5.82 Lakh,Hatchback,"18,083 Kms",1st Owner,2016,22.38,Petrol,2016,Comprehensive,5-Speed,Manual,5 Seats,BANGALORE
₹ 10.90 Lakh,SUV,"30,000 Kms",1st Owner,2020,16.42,Petrol,2020,Third Party insurance,5-Speed,Manual,5 Seats,BANGALORE
₹ 4.57 Lakh,Hatchback,"57,634 Kms",2nd Owner,2016,23.84,Petrol,2016,Comprehensive,5 Speed,Manual,5 Seats,BANGALORE
₹ 49 Lakh,Sedan,"50,000 Kms",2nd Owner,2016,7.81,Petrol,2016,Third Party insurance,7 Speed,Automatic,5 Seats,BANGALORE
₹ 5.50 Lakh,Sedan,"1,10,000 Kms",1st Owner,2015,17.4,Petrol,2015,Third Party insurance,5 Speed ,Manual,5 Seats,BANGALORE
₹ 5.70 Lakh,Hatchback,"23,447 Kms",1st Owner,2018,20.3,Petrol,2018,Comprehensive,5 Speed,Automatic,5 Seats,BANGALORE
₹ 2.20 Lakh,Hatchback,"30,000 Kms",2nd Owner,2009,13.45,LPG,2009,Third Party insurance,5 Speed,Manual,5 Seats,BANGALORE
₹ 41.45 Lakh,Sedan,"33,000 Kms",1st Owner,2017,15.0,Petrol,2017,Comprehensive,9 Speed,Automatic,5 Seats,BANGALORE
₹ 8.61 Lakh,SUV,"87,667 Kms",2nd Owner,2014,15.1,Diesel,2014,Third Party,6 Speed ,Manual,7 Seats,BANGALORE
₹ 17.85 Lakh,Sedan,"40,000 Kms",2nd Owner,2016,17.11,Diesel,2016,Third Party insurance,8 Speed,Automatic,5 Seats,BANGALORE
₹ 8.03 Lakh,SUV,"79,012 Kms",2nd Owner,2014,15.1,Diesel,2014,Comprehensive,6 Speed,Manual,7 Seats,BANGALORE
₹ 25.65 Lakh,SUV,"31,344 Kms",1st Owner,2021,17.1,Diesel,2021,Comprehensive,6 Speed,Manual,5 Seats,BANGALORE
₹ 6.74 Lakh,Sedan,"50,000 Kms",1st Owner,2018,20.14,Petrol,2018,Third Party insurance,5 Speed,Manual,5 Seats,BANGALORE
₹ 3.49 Lakh,Hatchback,"12,434 Kms",1st Owner,2015,20.51,Petrol,2015,Comprehensive,5 Speed,Manual,5 Seats,BANGALORE
₹ 10.50 Lakh,MUV,"60,000 Kms",2nd Owner,2019,19.34,Petrol,2019,Third Party insurance,5 Speed,Manual,7 Seats,BANGALORE
₹ 44.25 Lakh,Sedan,"12,000 Kms",1st Owner,2019,12.6,Diesel,2019,Comprehensive,9 Speed,Automatic,5 Seats,BANGALORE
₹ 4.06 Lakh,Hatchback,"40,987 Kms",2nd Owner,2015,20.51,Petrol,2015,Comprehensive,5 Speed,Manual,5 Seats,BANGALORE
₹ 49.65 Lakh,Sedan,"18,157 Kms",1st Owner,2020,15.56,Petrol,2020,Zero Dep,8-Speed Steptronic,Automatic,5 Seats,BANGALORE
₹ 11 Lakh,SUV,"1,20,000 Kms",3rd Owner,2011,11.5,Diesel,2011,Third Party insurance,5 Speed,Manual,7 Seats,BANGALORE
₹ 11 Lakh,SUV,"40,000 Kms",2nd Owner,2020,19.87,Diesel,2020,Third Party insurance,6-Speed,Automatic,5 Seats,BANGALORE
₹ 5.94 Lakh,Hatchback,"89,667 Kms",1st Owner,2016,18.6,Petrol,2016,Comprehensive,5 Speed,Manual,5 Seats,BANGALORE
₹ 7.10 Lakh,Hatchback,"1,20,000 Kms",1st Owner,2017,22.54,Diesel,2017,Third Party insurance,6 Speed,Manual,5 Seats,BANGALORE
₹ 6.92 Lakh,Hatchback,"56,997 Kms",1st Owner,2017,21.4,Petrol,2017,Zero Dep,5 Speed,Manual,5 Seats,BANGALORE
₹ 6.50 Lakh,Sedan,"1,20,000 Kms",1st Owner,2013,16.3,Petrol,2013,Third Party insurance,6 Speed ,Manual,5 Seats,BANGALORE
₹ 20.90 Lakh,Sedan,"59,000 Kms",1st Owner,2015,18.53,Diesel,2015,Third Party insurance,7 Speed,Automatic,5 Seats,BANGALORE
₹ 4.11 Lakh,Hatchback,"18,835 Kms",1st Owner,2021,22.05,Petrol,2021,Zero Dep,5 Speed,Manual,5 Seats,BANGALORE
₹ 6.50 Lakh,SUV,"1,20,000 Kms",2nd Owner,2010,12.05,Diesel,2010,Third Party insurance,5 Speed,Manual,7 Seats,BANGALORE
₹ 36.75 Lakh,Hatchback,"40,000 Kms",1st Owner,2016,17.33,Petrol,2016,Comprehensive,7 Speed,Automatic,4 Seats,BANGALORE
₹ 6.10 Lakh,Hatchback,"60,932 Kms",1st Owner,2019,23.84,Petrol,2019,Comprehensive,5 Speed,Manual,5 Seats,BANGALORE
₹ 16.75 Lakh,SUV,"33,539 Kms",2nd Owner,2020,16.5,Petrol,2020,Comprehensive,7-Speed DCT,Automatic,5 Seats,BANGALORE
₹ 5.30 Lakh,Hatchback,"66,837 Kms",2nd Owner,2018,23.84,Petrol,2018,Comprehensive,5 Speed,Manual,5 Seats,BANGALORE
₹ 79.90 Lakh,Sedan,400 Kms,1st Owner,2022,18.9,Diesel,2022,Third Party,9-Speed,Automatic,5 Seats,BANGALORE
₹ 2.50 Lakh,Hatchback,"60,000 Kms",2nd Owner,2008,19.7,Petrol,2008,Third Party insurance,5 Speed,Manual,5 Seats,BANGALORE
₹ 7.15 Lakh,Hatchback,"44,285 Kms",1st Owner,2019,18.6,Petrol,2019,Third Party insurance,5 Speed,Manual,5 Seats,BANGALORE
₹ 35 Lakh,SUV,"1,00,000 Kms",2nd Owner,2014,11.3,Diesel,2014,Third Party insurance,7 Speed,Automatic,7 Seats,BANGALORE
₹ 22.50 Lakh,SUV,"25,000 Kms",1st Owner,2021,14.08,Diesel,2021,Comprehensive,6-Speed,Automatic,6 Seats,BANGALORE
₹ 6.25 Lakh,Hatchback,"36,735 Kms",1st Owner,2018,18.9,Petrol,2018,Comprehensive,5 Speed,Manual,5 Seats,BANGALORE
₹ 26.95 Lakh,SUV,"79,000 Kms",1st Owner,2015,12.07,Diesel,2015,Comprehensive,8 Speed Tiptronic,Automatic,7 Seats,BANGALORE
₹ 6.50 Lakh,SUV,"1,20,000 Kms",2nd Owner,2010,12.05,Diesel,2010,Third Party insurance,5 Speed,Manual,8 Seats,BANGALORE
₹ 5.50 Lakh,Hatchback,"10,000 Kms",1st Owner,2022,22.0,Petrol,2022,Third Party insurance,5 Speed,Automatic,5 Seats,BANGALORE
₹ 8.25 Lakh,SUV,"53,645 Kms",1st Owner,2018,21.5,Diesel,2018,Comprehensive,6 Speed,Manual,5 Seats,BANGALORE
₹ 2.20 Lakh,Hatchback,"1,00,000 Kms",2nd Owner,2006,15.3,Petrol,2006,Third Party insurance,5 Speed,Manual,5 Seats,BANGALORE
₹ 4.28 Lakh,Hatchback,"53,982 Kms",1st Owner,2014,26.68,Petrol,2014,Comprehensive,5-Speed,Automatic,5 Seats,BANGALORE
₹ 6.95 Lakh,Sedan,"1,10,000 Kms",1st Owner,2014,21.14,Diesel,2014,Third Party insurance,5 Speed,Manual,5 Seats,BANGALORE
₹ 9.30 Lakh,SUV,"37,741 Kms",2nd Owner,2019,15.9,Petrol,2019,Third Party insurance,5 Speed,Manual,5 Seats,BANGALORE
₹ 4.55 Lakh,Hatchback,"17,367 Kms",1st Owner,2021,22.05,Petrol,2021,Comprehensive,5 Speed,Manual,5 Seats,BANGALORE
₹ 11.95 Lakh,SUV,"94,000 Kms",1st Owner,2017,19.67,Diesel,2017,Comprehensive,6 Speed,Manual,5 Seats,BANGALORE
₹ 21.75 Lakh,SUV,"33,700 Kms",1st Owner,2021,14.6,Diesel,2021,Comprehensive,6-Speed,Automatic,5 Seats,BANGALORE
₹ 4.42 Lakh,Hatchback,"54,601 Kms",3rd Owner,2014,22.38,Petrol,2014,Comprehensive,5-Speed,Manual,5 Seats,BANGALORE
₹ 6.90 Lakh,Hatchback,"1,10,000 Kms",1st Owner,2018,28.4,Diesel,2018,Third Party insurance,5,Manual,5 Seats,BANGALORE
₹ 5 Lakh,Hatchback,"64,000 Kms",2nd Owner,2017,23.1,Petrol,2017,Third Party,5 Speed ,Manual,5 Seats,BANGALORE
₹ 33.95 Lakh,Sedan,"40,525 Kms",1st Owner,2016,21.76,Diesel,2016,Comprehensive,8 Speed,Automatic,5 Seats,BANGALORE
₹ 6.50 Lakh,Sedan,"1,00,000 Kms",1st Owner,2015,26.21,Diesel,2015,Third Party insurance,5 Speed,Manual,5 Seats,BANGALORE
₹ 5.37 Lakh,Hatchback,"44,154 Kms",2nd Owner,2016,19.0,Petrol,2016,Comprehensive,5 Speed,Automatic,5 Seats,BANGALORE
₹ 7.50 Lakh,MUV,"70,000 Kms",1st Owner,2016,19.98,Diesel,2016,Third Party insurance,6 Speed,Manual,7 Seats,BANGALORE
₹ 17.90 Lakh,Sedan,"79,000 Kms",1st Owner,2018,15.1,Petrol,2018,Comprehensive,7 Speed,Automatic,5 Seats,BANGALORE
₹ 4.68 Lakh,Hatchback,"68,039 Kms",2nd Owner,2017,23.84,Petrol,2017,Third Party insurance,5 Speed,Manual,5 Seats,BANGALORE
₹ 4.20 Lakh,Hatchback,"60,000 Kms",2nd Owner,2014,18.5,Petrol,2014,Third Party insurance,5 Speed,Manual,5 Seats,BANGALORE
₹ 4.20 Lakh,Hatchback,"60,000 Kms",2nd Owner,2014,18.5,Petrol,2014,Third Party insurance,5 Speed,Manual,5 Seats,BANGALORE
₹ 9.20 Lakh,Hatchback,"10,000 Kms",1st Owner,2021,20.0,Petrol,2021,Third Party insurance,6 Speed IMT,Manual,5 Seats,BANGALORE
₹ 5.33 Lakh,Sedan,"49,873 Kms",1st Owner,2013,16.8,Petrol,2013,Third Party,5 Speed,Manual,5 Seats,BANGALORE
₹ 8.50 Lakh,Hatchback,"90,000 Kms",3rd Owner,2013,17.2,Petrol,2013,Third Party insurance,7 Speed,Automatic,5 Seats,BANGALORE
₹ 7.51 Lakh,Sedan,"48,960 Kms",2nd Owner,2017,21.13,Diesel,2017,Third Party insurance,5 Speed,Manual,5 Seats,BANGALORE
₹ 3.88 Lakh,Hatchback,"70,000 Kms",2nd Owner,2014,24.0,Diesel,2014,Third Party insurance,5 Speed,Manual,5 Seats,BANGALORE
₹ 4.90 Lakh,Hatchback,"68,000 Kms",2nd Owner,2013,18.5,Petrol,2013,Comprehensive,5 Speed,Manual,5 Seats,BANGALORE
₹ 4.94 Lakh,SUV,"23,017 Kms",1st Owner,2016,25.32,Diesel,2016,Third Party,5 Speed,Manual,6 Seats,BANGALORE
₹ 5.25 Lakh,Hatchback,"83,000 Kms",2nd Owner,2013,21.27,Diesel,2013,Comprehensive,6 Speed,Manual,5 Seats,BANGALORE
₹ 28.90 Lakh,SUV,"92,000 Kms",2nd Owner,2016,16.55,Diesel,2016,Comprehensive,8 Speed,Automatic,5 Seats,BANGALORE
₹ 5.50 Lakh,Hatchback,"62,139 Kms",1st Owner,2018,20.51,Petrol,2018,Comprehensive,5 Speed,Manual,5 Seats,BANGALORE
₹ 3.65 Lakh,Hatchback,"74,000 Kms",1st Owner,2013,19.2,LPG,2013,Comprehensive,5 Speed,Manual,5 Seats,BANGALORE
₹ 4.20 Lakh,Hatchback,"26,500 Kms",2nd Owner,2016,24.04,Petrol,2016,Comprehensive,5 Speed,Automatic,5 Seats,BANGALORE
₹ 18.95 Lakh,Sedan,"81,716 Kms",1st Owner,2017,27.03,Diesel,2017,Comprehensive,8 Speed,Automatic,5 Seats,BANGALORE
₹ 59.90 Lakh,Sedan,"24,000 Kms",2nd Owner,2018,17.0,Diesel,2018,Comprehensive,9 Speed,Automatic,5 Seats,BANGALORE
₹ 10.50 Lakh,SUV,"10,000 Kms",1st Owner,2022,17.0,Petrol,2022,Third Party insurance,6-speed AutoSHIFT,Automatic,5 Seats,BANGALORE
₹ 20.75 Lakh,SUV,"18,000 Kms",1st Owner,2021,16.56,Petrol,2021,Comprehensive,6-speed CVT,Automatic,6 Seats,BANGALORE
₹ 3.94 Lakh,Hatchback,"38,197 Kms",1st Owner,2013,19.4,Petrol,2013,Third Party,5 Speed,Manual,5 Seats,BANGALORE
₹ 7.25 Lakh,Hatchback,"23,000 Kms",2nd Owner,2017,19.56,Petrol,2017,Comprehensive,CVT,Automatic,5 Seats,BANGALORE
₹ 2.40 Lakh,Hatchback,"50,000 Kms",1st Owner,2013,20.92,Petrol,2013,Third Party insurance,5 Speed,Manual,5 Seats,BANGALORE
₹ 8.35 Lakh,SUV,"10,000 Kms",1st Owner,2022,19.03,Petrol,2022,Third Party insurance,5 Speed,Automatic,5 Seats,BANGALORE
₹ 6.95 Lakh,Hatchback,"19,000 Kms",1st Owner,2019,18.9,Petrol,2019,Third Party insurance,5 Speed,Manual,5 Seats,BANGALORE
₹ 17.25 Lakh,SUV,"14,000 Kms",1st Owner,2020,16.5,Petrol,2020,Comprehensive,7-Speed DCT,Automatic,5 Seats,BANGALORE
₹ 3.30 Lakh,Hatchback,"29,268 Kms",1st Owner,2014,21.1,Petrol,2014,Comprehensive,5 Speed,Manual,5 Seats,BANGALORE
₹ 9.90 Lakh,Sedan,"20,000 Kms",1st Owner,2019,18.19,Petrol,2019,Third Party insurance,7 Speed,Automatic,5 Seats,BANGALORE
₹ 7.50 Lakh,Sedan,"30,000 Kms",1st Owner,2018,17.1,Petrol,2018,Third Party insurance,6 Speed,Manual,5 Seats,BANGALORE
₹ 7.55 Lakh,Hatchback,"64,374 Kms",1st Owner,2018,19.0,Petrol,2018,Third Party insurance,5 Speed,Automatic,5 Seats,BANGALORE
₹ 17.50 Lakh,SUV,"30,000 Kms",1st Owner,2021,17.41,Diesel,2021,Third Party insurance,6 Speed,Manual,5 Seats,BANGALORE
₹ 20.83 Lakh,SUV,"7,100 Kms",1st Owner,2022,14.2,Petrol,2022,Comprehensive,6-speed,Automatic,6 Seats,BANGALORE
₹ 2.71 Lakh,Hatchback,"43,679 Kms",1st Owner,2010,19.81,Petrol,2010,Comprehensive,5 Speed,Manual,5 Seats,BANGALORE
₹ 12.80 Lakh,SUV,"40,000 Kms",1st Owner,2018,14.8,Petrol,2018,Third Party insurance,6 Speed,Automatic,5 Seats,BANGALORE
₹ 4.36 Lakh,Hatchback,"40,562 Kms",1st Owner,2012,22.54,Diesel,2012,Third Party,6 Speed,Manual,5 Seats,BANGALORE
₹ 16.75 Lakh,SUV,"26,500 Kms",2nd Owner,2021,18.9,Petrol,2021,Comprehensive,7-speed DCT,Automatic,5 Seats,BANGALORE
₹ 12.50 Lakh,SUV,"20,000 Kms",1st Owner,2019,18.15,Petrol,2019,Third Party insurance,7-Speed,Automatic,5 Seats,BANGALORE
₹ 13.50 Lakh,SUV,"58,600 Kms",1st Owner,2016,16.0,Diesel,2016,Third Party insurance,6 Speed,Automatic,7 Seats,BANGALORE
₹ 12.50 Lakh,SUV,"20,000 Kms",1st Owner,2019,18.15,Petrol,2019,Third Party insurance,7-Speed,Automatic,5 Seats,BANGALORE
₹ 22.25 Lakh,SUV,"42,050 Kms",1st Owner,2020,18.4,Petrol,2020,Comprehensive,7 Speed DSG,Automatic,5 Seats,BANGALORE
₹ 4.75 Lakh,Hatchback,"65,017 Kms",1st Owner,2015,23.1,Petrol,2015,2,5 Speed ,Automatic,5 Seats,BANGALORE
₹ 6 Lakh,Sedan,"80,000 Kms",2nd Owner,2008,13.2,Diesel,2008,Third Party insurance,6 Speed,Automatic,5 Seats,BANGALORE
₹ 24.50 Lakh,SUV,"30,000 Kms",1st Owner,2021,14.1,Petrol,2021,Third Party insurance,7 Speed DCT,Automatic,5 Seats,BANGALORE
₹ 16.25 Lakh,SUV,"20,000 Kms",1st Owner,2020,16.5,Petrol,2020,Third Party insurance,7-Speed DCT,Automatic,5 Seats,BANGALORE
₹ 16.50 Lakh,Sedan,"36,349 Kms",1st Owner,2014,17.2,Diesel,2014,Third Party insurance,6 Speed,Automatic,5 Seats,BANGALORE
₹ 2.49 Lakh,Hatchback,"80,000 Kms",3rd Owner,2009,20.36,Petrol,2009,Third Party insurance,5 Speed,Manual,5 Seats,BANGALORE
₹ 6.30 Lakh,SUV,"83,394 Kms",2nd Owner,2014,13.24,Petrol,2014,Third Party insurance,5 Speed,Manual,5 Seats,BANGALORE
₹ 25.99 Lakh,SUV,"30,000 Kms",2nd Owner,2016,14.16,Diesel,2016,Third Party insurance,7 Speed,Automatic,5 Seats,BANGALORE
₹ 2.49 Lakh,Hatchback,"80,000 Kms",3rd Owner,2009,20.36,Petrol,2009,Third Party insurance,5 Speed,Manual,5 Seats,BANGALORE
₹ 3.85 Lakh,Hatchback,"52,204 Kms",1st Owner,2017,24.39,Petrol,2017,Third Party,5 Speed,Manual,5 Seats,BANGALORE
₹ 3 Lakh,Hatchback,"1,10,000 Kms",3rd Owner,2012,17.0,Petrol,2012,Third Party insurance,5 Speed,Manual,5 Seats,BANGALORE
₹ 29.75 Lakh,SUV,"89,000 Kms",1st Owner,2017,10.91,Diesel,2017,Third Party insurance,6 Speed,Automatic,7 Seats,BANGALORE
₹ 2.76 Lakh,Hatchback,"29,813 Kms",2nd Owner,2014,22.05,Petrol,2014,Comprehensive,5 Speed,Manual,5 Seats,BANGALORE
₹ 5 Lakh,Hatchback,"30,000 Kms",1st Owner,2018,18.16,Petrol,2018,Third Party insurance,5 Speed,Manual,5 Seats,BANGALORE
₹ 7.30 Lakh,Hatchback,"13,345 Kms",1st Owner,2020,20.89,Petrol,2020,Comprehensive,5 Speed,Automatic,5 Seats,BANGALORE
₹ 22.45 Lakh,SUV,"17,100 Kms",1st Owner,2022,18.1,Diesel,2022,Comprehensive,6-speed,Automatic,7 Seats,BANGALORE
₹ 3.99 Lakh,Hatchback,"75,000 Kms",1st Owner,2014,18.9,Petrol,2014,Comprehensive,5 Speed,Manual,5 Seats,BANGALORE
₹ 3.12 Lakh,Hatchback,"75,523 Kms",2nd Owner,2011,20.36,Petrol,2011,Comprehensive,5 Speed,Manual,5 Seats,BANGALORE
₹ 12.75 Lakh,SUV,"47,000 Kms",1st Owner,2015,16.0,Diesel,2015,Comprehensive,6 Speed,Manual,7 Seats,BANGALORE
₹ 19.90 Lakh,SUV,"36,500 Kms",1st Owner,2022,16.35,Diesel,2022,Comprehensive,6-Speed,Manual,5 Seats,BANGALORE
₹ 7.19 Lakh,MUV,"28,253 Kms",1st Owner,2020,20.0,Petrol,2020,Comprehensive,5 Speed,Manual,7 Seats,BANGALORE
₹ 12.60 Lakh,SUV,"50,000 Kms",1st Owner,2016,19.67,Diesel,2016,Third Party insurance,6 Speed,Manual,5 Seats,BANGALORE
₹ 3 Lakh,Hatchback,"90,000 Kms",2nd Owner,2010,20.36,Petrol,2010,Third Party insurance,5 Speed,Manual,5 Seats,BANGALORE
₹ 39.81 Lakh,SUV,"70,000 Kms",2nd Owner,2016,15.97,Diesel,2016,Third Party insurance,8 Speed,Automatic,5 Seats,BANGALORE
₹ 6.27 Lakh,Hatchback,"52,571 Kms",1st Owner,2016,18.6,Petrol,2016,Comprehensive,5 Speed,Manual,5 Seats,BANGALORE
₹ 13 Lakh,Sedan,"70,000 Kms",2nd Owner,2010,16.07,Diesel,2010,Third Party insurance,6 Speed,Automatic,5 Seats,BANGALORE
₹ 6.72 Lakh,Sedan,"61,993 Kms",1st Owner,2015,17.4,Petrol,2015,Comprehensive,5 Speed ,Manual,5 Seats,BANGALORE
₹ 18.25 Lakh,SUV,"57,000 Kms",1st Owner,2017,16.38,Diesel,2017,Comprehensive,6 Speed,Automatic,5 Seats,BANGALORE
₹ 35 Lakh,SUV,"80,000 Kms",2nd Owner,2021,14.24,Diesel,2021,Third Party insurance,6 Speed,Manual,7 Seats,BANGALORE
₹ 4.40 Lakh,Hatchback,"36,359 Kms",1st Owner,2013,18.5,Petrol,2013,Comprehensive,5 Speed,Manual,5 Seats,BANGALORE
₹ 14.60 Lakh,SUV,"70,000 Kms",2nd Owner,2019,17.0,Diesel,2019,Third Party insurance,6,Manual,5 Seats,BANGALORE
₹ 20.41 Lakh,SUV,"7,500 Kms",1st Owner,2022,18.9,Petrol,2022,Comprehensive,8-Speed,Automatic,5 Seats,BANGALORE
₹ 10.33 Lakh,Sedan,"30,301 Kms",1st Owner,2017,17.0,Petrol,2017,Comprehensive,6 Speed,Automatic,5 Seats,BANGALORE
₹ 2.75 Lakh,Hatchback,"66,000 Kms",1st Owner,2010,20.36,Petrol,2010,Comprehensive,5 Speed,Manual,5 Seats,BANGALORE
₹ 6.76 Lakh,Hatchback,"56,010 Kms",1st Owner,2017,18.6,Petrol,2017,Comprehensive,5 Speed,Manual,5 Seats,BANGALORE
₹ 42.90 Lakh,SUV,"47,000 Kms",1st Owner,2017,17.9,Diesel,2017,Comprehensive,9 Speed,Automatic,5 Seats,BANGALORE
₹ 6.50 Lakh,SUV,"60,000 Kms",2nd Owner,2014,19.01,Diesel,2014,Third Party insurance,6 Speed,Manual,5 Seats,BANGALORE
₹ 4.44 Lakh,Hatchback,"83,829 Kms",1st Owner,2014,25.2,Diesel,2014,Third Party insurance,5 Speed,Manual,5 Seats,BANGALORE
₹ 5.10 Lakh,Hatchback,"10,000 Kms",1st Owner,2020,22.0,Petrol,2020,Third Party insurance,5 Speed,Automatic,5 Seats,BANGALORE
₹ 9.25 Lakh,SUV,"35,000 Kms",2nd Owner,2016,19.6,Diesel,2016,Comprehensive,6 Speed,Automatic,5 Seats,BANGALORE
₹ 10.24 Lakh,Sedan,"51,116 Kms",2nd Owner,2019,18.0,Petrol,2019,Comprehensive,CVT,Automatic,5 Seats,BANGALORE
₹ 5 Lakh,Sedan,"80,000 Kms",3rd Owner,2016,21.14,Diesel,2016,Third Party insurance,5-speed,Manual,5 Seats,BANGALORE
₹ 9.95 Lakh,Hatchback,"40,000 Kms",2nd Owner,2017,17.21,Petrol,2017,Third Party insurance,7 Speed,Automatic,5 Seats,BANGALORE
₹ 9.35 Lakh,SUV,"85,565 Kms",2nd Owner,2012,11.1,Petrol,2012,Comprehensive,5 Speed,Automatic,5 Seats,BANGALORE
₹ 8.34 Lakh,SUV,"36,916 Kms",1st Owner,2018,17.0,Petrol,2018,Comprehensive,5 Speed,Manual,5 Seats,BANGALORE
₹ 5.60 Lakh,Hatchback,"90,000 Kms",1st Owner,2015,20.14,Diesel,2015,Third Party insurance,5 Speed,Manual,5 Seats,BANGALORE
₹ 4.54 Lakh,Hatchback,"1,12,795 Kms",1st Owner,2012,22.38,Petrol,2012,Comprehensive,5-Speed,Manual,5 Seats,BANGALORE
₹ 36.90 Lakh,Sedan,"11,000 Kms",1st Owner,2021,18.9,Petrol,2021,Comprehensive,7-Speed DCT,Automatic,5 Seats,BANGALORE
₹ 11 Lakh,MUV,"1,20,000 Kms",2nd Owner,2014,11.4,Petrol,2014,Third Party insurance,5 Speed,Manual,7 Seats,BANGALORE
₹ 4.62 Lakh,Hatchback,"36,685 Kms",2nd Owner,2016,19.4,Petrol,2016,Comprehensive,5 Speed,Manual,5 Seats,BANGALORE
₹ 9 Lakh,SUV,"1,20,000 Kms",2nd Owner,2012,11.72,Diesel,2012,Third Party insurance,6 speed ,Automatic,7 Seats,BANGALORE
₹ 79 Lakh,Sedan,"4,000 Kms",1st Owner,2022,13.32,Petrol,2022,Comprehensive,8-Speed Steptronic Sport Automatic Transmission,Automatic,4 Seats,BANGALORE
₹ 8.43 Lakh,Hatchback,"32,184 Kms",2nd Owner,2019,21.4,Petrol,2019,Third Party,CVT,Automatic,5 Seats,BANGALORE
₹ 7.99 Lakh,Hatchback,"32,279 Kms",1st Owner,2018,21.1,Petrol,2018,Comprehensive,5 Speed,Manual,5 Seats,BANGALORE
₹ 5.76 Lakh,Hatchback,"59,698 Kms",1st Owner,2015,18.6,Petrol,2015,Comprehensive,5 Speed,Manual,5 Seats,BANGALORE
₹ 9.49 Lakh,SUV,"46,071 Kms",1st Owner,2018,20.37,Diesel,2018,Comprehensive,6 Speed,Manual,5 Seats,BANGALORE
₹ 7.95 Lakh,SUV,"90,000 Kms",1st Owner,2017,24.3,Diesel,2017,Third Party insurance,5 Speed,Manual,5 Seats,BANGALORE
₹ 10.85 Lakh,SUV,"9,554 Kms",1st Owner,2019,18.27,Petrol,2019,Third Party,6-Speed,Manual,5 Seats,BANGALORE
₹ 25.90 Lakh,SUV,"14,000 Kms",1st Owner,2022,14.1,Petrol,2022,Comprehensive,7 Speed DCT,Automatic,5 Seats,BANGALORE
₹ 5.16 Lakh,SUV,"74,499 Kms",2nd Owner,2013,20.45,Diesel,2013,Third Party,5 speed,Manual,5 Seats,BANGALORE
₹ 7.77 Lakh,SUV,"56,211 Kms",2nd Owner,2017,14.8,Petrol,2017,Comprehensive,6 Speed,Automatic,5 Seats,BANGALORE
₹ 7.53 Lakh,Hatchback,"9,001 Kms",1st Owner,2019,18.2,Petrol,2019,Comprehensive,5 Speed,Manual,5 Seats,BANGALORE
₹ 12.26 Lakh,SUV,"65,457 Kms",2nd Owner,2017,16.0,Diesel,2017,Third Party insurance,6 Speed,Automatic,7 Seats,BANGALORE
₹ 7.25 Lakh,Hatchback,"23,682 Kms",1st Owner,2017,18.7,Petrol,2017,Comprehensive,5 Speed,Manual,5 Seats,BANGALORE
₹ 11.50 Lakh,Sedan,"50,000 Kms",1st Owner,2020,22.0,Diesel,2020,Third Party insurance,6 Speed,Manual,5 Seats,BANGALORE
₹ 6.29 Lakh,Hatchback,"1,34,557 Kms",2nd Owner,2015,25.2,Diesel,2015,Comprehensive,5 Speed,Manual,5 Seats,BANGALORE
₹ 4.47 Lakh,Sedan,"96,567 Kms",2nd Owner,2013,22.41,Petrol,2013,Comprehensive,5 Speed,Manual,5 Seats,BANGALORE
₹ 4 Lakh,Hatchback,"1,20,000 Kms",3rd Owner,2015,23.1,Petrol,2015,Third Party insurance,5 Speed ,Manual,5 Seats,BANGALORE
₹ 7.86 Lakh,MUV,"83,007 Kms",2nd Owner,2014,20.77,Diesel,2014,Comprehensive,5 Speed ,Manual,7 Seats,BANGALORE
₹ 7.45 Lakh,Hatchback,"34,000 Kms",1st Owner,2018,18.7,Petrol,2018,Comprehensive,5 Speed,Manual,5 Seats,BANGALORE
₹ 4.90 Lakh,Hatchback,"81,634 Kms",1st Owner,2014,18.9,Petrol,2014,Comprehensive,4 Speed,Automatic,5 Seats,BANGALORE
₹ 9.42 Lakh,Sedan,"57,284 Kms",2nd Owner,2017,18.0,Petrol,2017,Comprehensive,CVT,Automatic,5 Seats,BANGALORE
₹ 6.75 Lakh,SUV,"70,000 Kms",2nd Owner,2016,15.63,Petrol,2016,Third Party insurance,6 Speed,Automatic,5 Seats,BANGALORE
₹ 3.30 Lakh,Hatchback,"70,000 Kms",2nd Owner,2013,19.4,Petrol,2013,Third Party insurance,5 Speed,Manual,5 Seats,BANGALORE
₹ 8.75 Lakh,Sedan,"46,429 Kms",2nd Owner,2018,17.8,Petrol,2018,Third Party insurance,7 Speed CVT,Automatic,5 Seats,BANGALORE
₹ 8.69 Lakh,Hatchback,"17,624 Kms",1st Owner,2017,21.4,Petrol,2017,Comprehensive,5 Speed,Manual,5 Seats,BANGALORE
₹ 4.25 Lakh,Sedan,"1,00,000 Kms",2nd Owner,2012,20.54,Diesel,2012,Third Party insurance,5 Speed,Manual,5 Seats,BANGALORE
₹ 10.70 Lakh,Sedan,"30,000 Kms",1st Owner,2019,17.4,Petrol,2019,Third Party insurance,5 Speed,Manual,5 Seats,BANGALORE
₹ 10.25 Lakh,SUV,"49,690 Kms",2nd Owner,2018,15.9,Petrol,2018,Third Party insurance,5 Speed,Manual,5 Seats,BANGALORE
₹ 10 Lakh,SUV,"1,10,000 Kms",1st Owner,2016,16.0,Diesel,2016,Third Party insurance,6 Speed ,Manual,7 Seats,BANGALORE
₹ 3.75 Lakh,Sedan,"50,000 Kms",1st Owner,2009,16.0,Petrol,2009,Third Party insurance,Five Speed Manual,Manual,5 Seats,BANGALORE
₹ 3.75 Lakh,Sedan,"50,000 Kms",1st Owner,2009,16.0,Petrol,2009,Third Party insurance,Five Speed Manual,Manual,5 Seats,BANGALORE
₹ 8.44 Lakh,SUV,"55,702 Kms",1st Owner,2018,14.8,Petrol,2018,Comprehensive,6 Speed,Automatic,5 Seats,BANGALORE
₹ 7.64 Lakh,Hatchback,"45,046 Kms",1st Owner,2016,21.19,Diesel,2016,Third Party insurance,6 Speed,Manual,5 Seats,BANGALORE
₹ 4.20 Lakh,Hatchback,"53,000 Kms",2nd Owner,2014,18.5,Petrol,2014,Third Party insurance,5 Speed,Manual,5 Seats,BANGALORE
₹ 6.84 Lakh,Hatchback,"94,695 Kms",1st Owner,2016,27.39,Diesel,2016,Third Party insurance,5 Speed,Manual,5 Seats,BANGALORE
₹ 8.03 Lakh,Hatchback,"22,162 Kms",1st Owner,2019,21.4,Petrol,2019,Zero Dep,5 Speed,Manual,5 Seats,BANGALORE
₹ 3.20 Lakh,Hatchback,"70,000 Kms",2nd Owner,2010,17.92,Petrol,2010,Third Party insurance,5 Speed,Manual,5 Seats,BANGALORE
₹ 8.04 Lakh,Sedan,"1,15,331 Kms",1st Owner,2017,26.0,Diesel,2017,Comprehensive,6 Speed,Manual,5 Seats,BANGALORE
₹ 14 Lakh,Sedan,"70,000 Kms",2nd Owner,2013,10.0,Diesel,2013,Third Party insurance,5 Speed,Automatic,5 Seats,BANGALORE
₹ 5.48 Lakh,Hatchback,"42,233 Kms",2nd Owner,2016,22.38,Petrol,2016,Comprehensive,5-Speed,Manual,5 Seats,BANGALORE
₹ 6.19 Lakh,Hatchback,"20,941 Kms",1st Owner,2019,18.9,Petrol,2019,Comprehensive,5 Speed,Manual,5 Seats,BANGALORE
₹ 10 Lakh,SUV,"50,000 Kms",2nd Owner,2018,24.3,Diesel,2018,Third Party insurance,5 Speed,Manual,5 Seats,BANGALORE
₹ 8.65 Lakh,SUV,"46,602 Kms",1st Owner,2018,17.5,Petrol,2018,Comprehensive,5 Speed,Manual,5 Seats,BANGALORE
₹ 10 Lakh,SUV,"50,000 Kms",2nd Owner,2014,11.18,Diesel,2014,Third Party insurance,5 Speed,Automatic,7 Seats,BANGALORE
₹ 5.35 Lakh,Hatchback,"1,04,000 Kms",2nd Owner,2014,25.2,Diesel,2014,Comprehensive,5 Speed,Manual,5 Seats,BANGALORE
₹ 9.75 Lakh,SUV,"90,000 Kms",1st Owner,2018,23.0,Diesel,2018,Comprehensive,5 Speed,Manual,5 Seats,BANGALORE
₹ 6.99 Lakh,Hatchback,"50,035 Kms",1st Owner,2017,21.4,Petrol,2017,Third Party insurance,5 Speed,Manual,5 Seats,BANGALORE
₹ 11.50 Lakh,SUV,"80,000 Kms",1st Owner,2021,17.57,Petrol,2021,Third Party insurance,6-Speed,Manual,5 Seats,BANGALORE
₹ 6.25 Lakh,Hatchback,"90,000 Kms",2nd Owner,2015,18.6,Petrol,2015,Comprehensive,5 Speed,Manual,5 Seats,BANGALORE
₹ 10 Lakh,Sedan,"90,000 Kms",4th Owner,2011,14.21,Diesel,2011,Third Party insurance,5 Speed,Automatic,5 Seats,BANGALORE
₹ 6 Lakh,Sedan,"1,20,000 Kms",1st Owner,2011,21.43,Diesel,2011,Third Party insurance,6 Speed,Manual,5 Seats,BANGALORE
₹ 6.75 Lakh,Sedan,"25,170 Kms",1st Owner,2015,22.41,Petrol,2015,Third Party,5 Speed,Manual,5 Seats,BANGALORE
₹ 8.93 Lakh,Sedan,"25,022 Kms",1st Owner,2021,20.65,Petrol,2021,Comprehensive,5 Speed,Manual,5 Seats,BANGALORE
₹ 4.20 Lakh,Hatchback,"1,00,000 Kms",2nd Owner,2012,22.9,Diesel,2012,Third Party insurance,5 Speed,Manual,5 Seats,BANGALORE
₹ 9.41 Lakh,Sedan,"26,367 Kms",1st Owner,2020,20.65,Petrol,2020,Zero Dep,5 Speed,Manual,5 Seats,BANGALORE
₹ 6.30 Lakh,Sedan,"76,567 Kms",2nd Owner,2015,14.5,Petrol,2015,Zero Dep,6 Speed,Automatic,5 Seats,BANGALORE
₹ 12.75 Lakh,MUV,"1,20,000 Kms",2nd Owner,2013,12.99,Diesel,2013,Third Party insurance,5 Speed,Manual,7 Seats,BANGALORE
₹ 5.25 Lakh,Hatchback,"36,459 Kms",2nd Owner,2015,18.9,Petrol,2015,Comprehensive,4 Speed,Automatic,5 Seats,BANGALORE
₹ 7.50 Lakh,SUV,"93,725 Kms",1st Owner,2016,23.65,Diesel,2016,Comprehensive,5 Speed,Manual,5 Seats,BANGALORE
₹ 6.32 Lakh,Sedan,"1,15,599 Kms",2nd Owner,2016,19.12,Petrol,2016,Comprehensive,4 Speed,Automatic,5 Seats,BANGALORE
₹ 6.45 Lakh,Sedan,"43,469 Kms",1st Owner,2015,22.41,Petrol,2015,Zero Dep,5 Speed,Manual,5 Seats,BANGALORE
₹ 5 Lakh,Sedan,"70,000 Kms",4th Owner,2005,13.8,Petrol,2005,Third Party insurance,5 Speed,Manual,5 Seats,BANGALORE
₹ 67.95 Lakh,SUV,"77,000 Kms",2nd Owner,2019,13.38,Diesel,2019,Comprehensive,8-Speed Steptronic,Automatic,5 Seats,BANGALORE
₹ 8.50 Lakh,SUV,"1,00,000 Kms",1st Owner,2018,24.3,Diesel,2018,Comprehensive,5 Speed,Manual,5 Seats,BANGALORE
₹ 2.99 Lakh,Sedan,"72,000 Kms",1st Owner,2008,14.7,Petrol,2008,Third Party insurance,5 Speed,Manual,5 Seats,BANGALORE
₹ 20.95 Lakh,Sedan,"77,000 Kms",1st Owner,2013,16.36,Diesel,2013,Comprehensive,8 Speed,Automatic,5 Seats,BANGALORE
₹ 28 Lakh,SUV,"87,101 Kms",1st Owner,2013,12.07,Diesel,2013,Comprehensive,8 Speed Tiptronic,Automatic,7 Seats,BANGALORE
₹ 9.99 Lakh,Hatchback,"40,771 Kms",2nd Owner,2021,18.24,Petrol,2021,Third Party,6 Speed,Manual,5 Seats,BANGALORE
₹ 8.25 Lakh,Hatchback,"28,000 Kms",1st Owner,2018,18.7,Petrol,2018,Comprehensive,5 Speed,Manual,5 Seats,BANGALORE
₹ 2.50 Lakh,Hatchback,"40,000 Kms",3rd Owner,2008,18.9,Petrol,2008,Comprehensive,5 Speed,Manual,5 Seats,BANGALORE
₹ 12.95 Lakh,SUV,"26,000 Kms",1st Owner,2020,18.15,Petrol,2020,Comprehensive,7-Speed DCT,Automatic,5 Seats,BANGALORE
₹ 3.29 Lakh,Hatchback,"76,032 Kms",1st Owner,2012,18.9,Petrol,2012,Comprehensive,5 Speed,Manual,5 Seats,BANGALORE
₹ 6.66 Lakh,Sedan,"1,13,780 Kms",1st Owner,2018,21.56,Petrol,2018,Comprehensive,5 Speed,Manual,5 Seats,BANGALORE
₹ 22.90 Lakh,Sedan,"24,000 Kms",1st Owner,2019,20.38,Diesel,2019,Third Party insurance,6 Speed,Automatic,5 Seats,BANGALORE
₹ 10.26 Lakh,SUV,"65,812 Kms",2nd Owner,2020,23.7,Diesel,2020,Third Party,6-Speed,Manual,5 Seats,BANGALORE
₹ 17 Lakh,SUV,"10,000 Kms",1st Owner,2022,17.2,Petrol,2022,Third Party insurance,6-speed,Automatic,5 Seats,BANGALORE
₹ 6.81 Lakh,Hatchback,"39,959 Kms",1st Owner,2016,21.4,Petrol,2016,Zero Dep,5 Speed,Manual,5 Seats,BANGALORE
₹ 16.90 Lakh,SUV,"10,000 Kms",1st Owner,2022,14.2,Petrol,2022,Third Party insurance,6-speed,Automatic,7 Seats,BANGALORE
₹ 3.18 Lakh,Hatchback,"65,484 Kms",3rd Owner,2016,24.39,Petrol,2016,Third Party insurance,5 Speed,Manual,5 Seats,BANGALORE
₹ 6.88 Lakh,Hatchback,"49,174 Kms",1st Owner,2017,21.4,Petrol,2017,Comprehensive,5 Speed,Manual,5 Seats,BANGALORE
₹ 13 Lakh,SUV,"20,000 Kms",1st Owner,2022,20.08,Petrol,2022,Third Party insurance,6-Speed,Manual,5 Seats,BANGALORE
₹ 2.65 Lakh,Hatchback,"50,000 Kms",1st Owner,2009,20.36,Petrol,2009,Third Party insurance,5 Speed,Manual,5 Seats,BANGALORE
₹ 6.45 Lakh,Sedan,"40,000 Kms",2nd Owner,2018,22.0,Petrol,2018,Third Party insurance,5 Speed,Automatic,5 Seats,BANGALORE
₹ 20 Lakh,SUV,"30,000 Kms",1st Owner,2022,14.2,Petrol,2022,Third Party insurance,6-speed,Automatic,7 Seats,BANGALORE
₹ 9 Lakh,Coupe,"50,000 Kms",3rd Owner,2007,10.9,Petrol,2007,Third Party insurance,6 Speed,Automatic,5 Seats,BANGALORE
₹ 6.20 Lakh,Hatchback,"80,000 Kms",1st Owner,2020,21.21,Petrol,2020,Third Party insurance,5,Manual,5 Seats,BANGALORE
₹ 14.70 Lakh,SUV,"20,000 Kms",1st Owner,2022,15.43,Petrol,2022,Third Party insurance,5 Speed,Manual,5 Seats,BANGALORE
₹ 2.20 Lakh,Sedan,"70,000 Kms",1st Owner,2010,13.2,CNG,2010,Third Party insurance,5-Speed,Manual,5 Seats,BANGALORE
₹ 14.75 Lakh,Sedan,"90,000 Kms",1st Owner,2014,17.11,Diesel,2014,Third Party insurance,8 Speed,Automatic,5 Seats,BANGALORE
₹ 4.15 Lakh,Hatchback,"40,000 Kms",1st Owner,2020,21.74,Petrol,2020,Third Party insurance,5 Speed,Manual,5 Seats,BANGALORE
₹ 6.10 Lakh,Hatchback,"63,797 Kms",1st Owner,2016,18.7,Petrol,2016,Comprehensive,5 Speed,Manual,5 Seats,BANGALORE
₹ 5.60 Lakh,Hatchback,"60,216 Kms",2nd Owner,2018,18.9,Petrol,2018,Comprehensive,5 Speed,Manual,5 Seats,BANGALORE
₹ 4.25 Lakh,Hatchback,"10,000 Kms",2nd Owner,2015,23.95,Petrol,2015,Third Party insurance,5 Speed,Automatic,5 Seats,BANGALORE
₹ 6.86 Lakh,Hatchback,"38,153 Kms",1st Owner,2016,21.4,Petrol,2016,Comprehensive,5 Speed,Manual,5 Seats,BANGALORE
₹ 5.17 Lakh,Hatchback,"76,485 Kms",1st Owner,2015,22.38,Petrol,2015,Comprehensive,5-Speed,Manual,5 Seats,BANGALORE
₹ 3.85 Lakh,Hatchback,"40,000 Kms",2nd Owner,2015,20.51,Petrol,2015,Third Party insurance,5 Speed,Manual,5 Seats,BANGALORE
₹ 6.75 Lakh,Hatchback,"40,623 Kms",1st Owner,2016,21.4,Petrol,2016,Comprehensive,5 Speed,Manual,5 Seats,BANGALORE
₹ 33 Lakh,Sedan,"18,000 Kms",2nd Owner,2018,19.27,Diesel,2018,Third Party insurance,9 Speed,Automatic,5 Seats,BANGALORE
₹ 4.99 Lakh,Hatchback,"88,051 Kms",1st Owner,2014,22.38,Petrol,2014,Third Party insurance,5-Speed,Manual,5 Seats,BANGALORE
₹ 7.74 Lakh,Hatchback,"16,522 Kms",1st Owner,2022,22.38,Petrol,2022,Third Party,5-Speed,Manual,5 Seats,BANGALORE
₹ 14.75 Lakh,SUV,"70,000 Kms",2nd Owner,2019,16.3,Diesel,2019,Third Party insurance,6 Speed,Manual,5 Seats,BANGALORE
₹ 2.40 Lakh,Hatchback,"80,000 Kms",3rd Owner,2008,18.9,Petrol,2008,Third Party insurance,5 Speed,Manual,5 Seats,BANGALORE
₹ 10.25 Lakh,SUV,"50,000 Kms",1st Owner,2019,23.7,Diesel,2019,Third Party insurance,6-Speed,Manual,5 Seats,BANGALORE
₹ 14 Lakh,SUV,"10,000 Kms",1st Owner,2023,17.33,Petrol,2023,Third Party insurance,6 Speed,Manual,5 Seats,BANGALORE
₹ 2.85 Lakh,Hatchback,"57,000 Kms",2nd Owner,2013,21.1,Petrol,2013,Third Party insurance,5 Speed,Manual,5 Seats,BANGALORE
₹ 10 Lakh,SUV,"1,10,000 Kms",1st Owner,2016,16.0,Diesel,2016,Third Party insurance,6 Speed ,Manual,7 Seats,BANGALORE
₹ 7.80 Lakh,Hatchback,"10,000 Kms",1st Owner,2019,21.4,Petrol,2019,Third Party insurance,5 Speed,Manual,5 Seats,BANGALORE
₹ 4.75 Lakh,Hatchback,"50,000 Kms",2nd Owner,2012,18.6,Petrol,2012,Third Party insurance,5 Speed,Manual,5 Seats,BANGALORE
₹ 7.50 Lakh,SUV,"1,20,000 Kms",1st Owner,2019,20.0,Diesel,2019,Third Party insurance,6 Speed,Manual,5 Seats,BANGALORE
₹ 5.55 Lakh,Hatchback,"35,469 Kms",1st Owner,2014,18.9,Petrol,2014,Comprehensive,5 Speed,Manual,5 Seats,BANGALORE
₹ 6.07 Lakh,Hatchback,"40,073 Kms",2nd Owner,2017,18.7,Petrol,2017,Third Party insurance,5 Speed,Manual,5 Seats,BANGALORE
₹ 5.14 Lakh,Hatchback,"65,730 Kms",2nd Owner,2017,18.9,Petrol,2017,Third Party insurance,5 Speed,Manual,5 Seats,BANGALORE
₹ 2.50 Lakh,Sedan,"1,20,000 Kms",2nd Owner,2005,15.4,Petrol,2005,Third Party insurance,5 Speed,Manual,5 Seats,BANGALORE
₹ 7.05 Lakh,Hatchback,"36,184 Kms",2nd Owner,2016,21.4,Petrol,2016,Third Party,5 Speed,Manual,5 Seats,BANGALORE
₹ 6.53 Lakh,Hatchback,"69,310 Kms",1st Owner,2016,21.4,Petrol,2016,Comprehensive,5 Speed,Manual,5 Seats,BANGALORE
₹ 8.72 Lakh,Sedan,"55,643 Kms",1st Owner,2015,18.0,Petrol,2015,Third Party insurance,5 Speed CVT,Automatic,5 Seats,BANGALORE
₹ 5.64 Lakh,Hatchback,"62,803 Kms",2nd Owner,2017,18.9,Petrol,2017,Third Party insurance,4 Speed,Automatic,5 Seats,BANGALORE
₹ 3.70 Lakh,Hatchback,"90,000 Kms",2nd Owner,2011,22.07,Diesel,2011,Third Party insurance,5 Speed,Manual,5 Seats,BANGALORE
₹ 5.50 Lakh,Hatchback,"68,656 Kms",1st Owner,2015,22.38,Petrol,2015,Third Party insurance,5-Speed,Manual,5 Seats,BANGALORE
₹ 5.17 Lakh,Hatchback,"77,501 Kms",3rd Owner,2016,18.7,Petrol,2016,Comprehensive,5 Speed,Manual,5 Seats,BANGALORE
₹ 6.20 Lakh,Sedan,"40,000 Kms",1st Owner,2016,20.85,Petrol,2016,Third Party insurance,5 Speed,Manual,5 Seats,BANGALORE
₹ 6.20 Lakh,Sedan,"40,000 Kms",1st Owner,2016,20.85,Petrol,2016,Third Party insurance,5 Speed,Manual,5 Seats,BANGALORE
₹ 7.50 Lakh,Sedan,"48,325 Kms",1st Owner,2014,18.0,Petrol,2014,Third Party insurance,5 Speed CVT,Automatic,5 Seats,BANGALORE
₹ 12.20 Lakh,SUV,"30,000 Kms",1st Owner,2022,17.57,Petrol,2022,Third Party insurance,6-Speed,Manual,5 Seats,BANGALORE
₹ 13.50 Lakh,Hatchback,"1,00,000 Kms",2nd Owner,2013,14.8,Diesel,2013,Comprehensive,7 Speed,Automatic,5 Seats,BANGALORE
₹ 5.75 Lakh,Hatchback,"69,000 Kms",1st Owner,2015,22.0,Petrol,2015,Comprehensive,5,Manual,5 Seats,BANGALORE
₹ 12.50 Lakh,SUV,"1,10,000 Kms",1st Owner,2018,17.1,Diesel,2018,Third Party insurance,6 Speed,Manual,5 Seats,BANGALORE
₹ 8.68 Lakh,Sedan,"50,000 Kms",2nd Owner,2016,17.01,Petrol,2016,Third Party insurance,5 Speed,Manual,5 Seats,BANGALORE
₹ 30 Lakh,MUV,"60,000 Kms",1st Owner,2020,14.11,Diesel,2020,Third Party insurance,8 Speed,Automatic,8 Seats,BANGALORE
₹ 9.80 Lakh,Hatchback,"20,000 Kms",1st Owner,2021,20.0,Petrol,2021,Third Party insurance,6 Speed IMT,Manual,5 Seats,BANGALORE
₹ 9 Lakh,Hatchback,"14,999 Kms",1st Owner,2022,22.56,Petrol,2022,Third Party,5-Speed,Automatic,5 Seats,BANGALORE
₹ 5.50 Lakh,Hatchback,"90,773 Kms",2nd Owner,2016,18.7,Petrol,2016,Comprehensive,5 Speed,Manual,5 Seats,BANGALORE
₹ 4.50 Lakh,Sedan,"90,000 Kms",1st Owner,2012,20.5,Diesel,2012,Third Party insurance,5-speed,Manual,5 Seats,BANGALORE
₹ 6.10 Lakh,Hatchback,"64,917 Kms",2nd Owner,2017,20.4,Petrol,2017,Zero Dep,5 Speed,Manual,5 Seats,BANGALORE
₹ 5.43 Lakh,Hatchback,"70,235 Kms",1st Owner,2017,18.7,Petrol,2017,Comprehensive,5 Speed,Manual,5 Seats,BANGALORE
₹ 9.80 Lakh,Hatchback,"30,000 Kms",1st Owner,2021,20.0,Petrol,2021,Third Party insurance,6 Speed IMT,Manual,5 Seats,BANGALORE
₹ 5.35 Lakh,Hatchback,"78,782 Kms",1st Owner,2016,18.7,Petrol,2016,Zero Dep,5 Speed,Manual,5 Seats,BANGALORE
₹ 8.50 Lakh,SUV,"1,64,000 Kms",2nd Owner,2014,15.1,Diesel,2014,Comprehensive,6 Speed ,Manual,7 Seats,BANGALORE
₹ 6.61 Lakh,Sedan,"72,136 Kms",2nd Owner,2016,20.73,Petrol,2016,Third Party insurance,5 Speed,Manual,5 Seats,BANGALORE
₹ 5.05 Lakh,Hatchback,"52,486 Kms",2nd Owner,2015,22.38,Petrol,2015,Comprehensive,5-Speed,Manual,5 Seats,BANGALORE
₹ 4.50 Lakh,Sedan,"1,50,000 Kms",1st Owner,2007,15.6,Diesel,2007,Third Party insurance,6 Speed,Automatic,5 Seats,BANGALORE
₹ 8.65 Lakh,SUV,"36,887 Kms",1st Owner,2017,17.5,Petrol,2017,Third Party insurance,5 Speed,Manual,5 Seats,BANGALORE
₹ 9.99 Lakh,SUV,"47,962 Kms",1st Owner,2019,18.27,Petrol,2019,Comprehensive,6-Speed,Manual,5 Seats,BANGALORE
₹ 5.95 Lakh,SUV,"1,35,000 Kms",1st Owner,2014,20.45,Diesel,2014,Comprehensive,5 Speed,Manual,5 Seats,BANGALORE
₹ 23.65 Lakh,Sedan,"47,398 Kms",2nd Owner,2018,14.67,Petrol,2018,Comprehensive,7 Speed,Automatic,5 Seats,BANGALORE
₹ 4 Lakh,Sedan,"50,000 Kms",2nd Owner,2012,14.6,Petrol,2012,Third Party insurance,Five Speed Manual,Manual,5 Seats,BANGALORE
₹ 5.50 Lakh,Sedan,"1,00,000 Kms",1st Owner,2012,19.3,Diesel,2012,Third Party insurance,5 Speed,Manual,5 Seats,BANGALORE
₹ 60.50 Lakh,SUV,"55,000 Kms",1st Owner,2020,14.71,Diesel,2020,Comprehensive,8-Speed Steptronic,Automatic,5 Seats,BANGALORE
₹ 16 Lakh,SUV,"1,10,000 Kms",2nd Owner,2011,16.55,Diesel,2011,Comprehensive,5 Speed,Automatic,5 Seats,BANGALORE
₹ 5.20 Lakh,Hatchback,"90,000 Kms",3rd Owner,2013,17.21,Petrol,2013,Third Party insurance,7 Speed,Automatic,5 Seats,BANGALORE
₹ 6.16 Lakh,Hatchback,"1,16,624 Kms",1st Owner,2016,21.4,Petrol,2016,Zero Dep,5 Speed,Manual,5 Seats,BANGALORE
₹ 7.95 Lakh,Sedan,"54,561 Kms",2nd Owner,2019,21.56,Petrol,2019,Zero Dep,5 Speed,Manual,5 Seats,BANGALORE
₹ 12.75 Lakh,MUV,"1,20,000 Kms",2nd Owner,2013,12.99,Diesel,2013,Third Party insurance,5 Speed,Manual,7 Seats,BANGALORE
₹ 6.24 Lakh,Hatchback,"65,072 Kms",1st Owner,2016,18.7,Petrol,2016,Comprehensive,5 Speed,Manual,5 Seats,BANGALORE
₹ 5.49 Lakh,Hatchback,"1,33,532 Kms",1st Owner,2017,18.9,Petrol,2017,Zero Dep,5 Speed,Manual,5 Seats,BANGALORE
₹ 7.60 Lakh,MUV,"1,20,000 Kms",3rd Owner,2010,11.4,Diesel,2010,Third Party insurance,5 Speed,Manual,7 Seats,BANGALORE
₹ 5.24 Lakh,Sedan,"39,886 Kms",1st Owner,2013,22.41,Petrol,2013,Comprehensive,5 Speed,Manual,5 Seats,BANGALORE
₹ 16.50 Lakh,SUV,"80,000 Kms",1st Owner,2019,15.1,Diesel,2019,Third Party insurance,6 Speed,Manual,7 Seats,BANGALORE
₹ 5.83 Lakh,Hatchback,"56,976 Kms",2nd Owner,2015,25.2,Diesel,2015,Comprehensive,5 Speed,Manual,5 Seats,BANGALORE
₹ 11.47 Lakh,Sedan,"68,303 Kms",2nd Owner,2020,17.69,Petrol,2020,Zero Dep,6 Speed,Manual,5 Seats,BANGALORE
₹ 17.50 Lakh,Hatchback,"80,000 Kms",2nd Owner,2013,13.6,Petrol,2013,Third Party insurance,6 Speed AT,Automatic,4 Seats,BANGALORE
₹ 8.25 Lakh,Sedan,"54,000 Kms",1st Owner,2016,21.72,Diesel,2016,Comprehensive,7 Speed,Automatic,5 Seats,BANGALORE
₹ 31.50 Lakh,SUV,"98,500 Kms",1st Owner,2016,12.51,Diesel,2016,Third Party insurance,9 Speed,Automatic,7 Seats,BANGALORE
₹ 7.55 Lakh,Hatchback,"72,348 Kms",1st Owner,2018,16.2,Petrol,2018,Third Party insurance,5 Speed,Manual,5 Seats,BANGALORE
₹ 8.75 Lakh,SUV,"70,000 Kms",1st Owner,2015,13.0,Petrol,2015,Comprehensive,6 Speed,Manual,5 Seats,BANGALORE
₹ 8.55 Lakh,Hatchback,"62,696 Kms",1st Owner,2021,17.74,Petrol,2021,Third Party,5 Speed,Manual,5 Seats,BANGALORE
₹ 18.45 Lakh,SUV,"1,74,000 Kms",3rd Owner,2014,12.55,Diesel,2014,Comprehensive,5 Speed ,Automatic,7 Seats,BANGALORE
₹ 5.25 Lakh,Hatchback,"65,000 Kms",1st Owner,2016,18.9,Petrol,2016,Comprehensive,5 Speed,Manual,5 Seats,BANGALORE
₹ 6.50 Lakh,Hatchback,"36,000 Kms",1st Owner,2017,18.9,Petrol,2017,Comprehensive,4 Speed,Automatic,5 Seats,BANGALORE
₹ 9.50 Lakh,MUV,"1,99,000 Kms",2nd Owner,2011,12.8,Diesel,2011,Comprehensive,5 Speed,Manual,7 Seats,BANGALORE
₹ 8.46 Lakh,Sedan,"71,905 Kms",1st Owner,2018,18.0,Petrol,2018,Zero Dep,CVT,Automatic,5 Seats,BANGALORE
₹ 4.24 Lakh,Hatchback,"69,748 Kms",2nd Owner,2013,22.38,Petrol,2013,Comprehensive,5-Speed,Manual,5 Seats,BANGALORE
₹ 2.10 Lakh,Hatchback,"44,000 Kms",1st Owner,2008,19.7,Petrol,2008,Comprehensive,5 Speed,Manual,5 Seats,BANGALORE
₹ 9.59 Lakh,Sedan,"17,875 Kms",2nd Owner,2021,17.1,Petrol,2021,Third Party insurance,6 Speed,Manual,5 Seats,BANGALORE
₹ 8.89 Lakh,SUV,"95,678 Kms",1st Owner,2020,16.42,Petrol,2020,Comprehensive,6-Speed,Manual,5 Seats,BANGALORE
₹ 8.50 Lakh,SUV,"12,003 Kms",1st Owner,2022,19.03,Petrol,2022,Third Party insurance,5 Speed,Automatic,5 Seats,BANGALORE
₹ 8.36 Lakh,SUV,"1,14,427 Kms",2nd Owner,2018,23.0,Diesel,2018,Comprehensive,5 Speed,Manual,5 Seats,BANGALORE
₹ 6.60 Lakh,SUV,"20,000 Kms",1st Owner,2022,19.03,Petrol,2022,Third Party insurance,5 Speed,Automatic,5 Seats,BANGALORE
₹ 3.34 Lakh,Hatchback,"64,655 Kms",1st Owner,2012,19.4,Petrol,2012,Comprehensive,5 Speed,Manual,5 Seats,BANGALORE
₹ 5.94 Lakh,SUV,"46,456 Kms",1st Owner,2018,18.15,Petrol,2018,Third Party insurance,5 Speed,Manual,6 Seats,BANGALORE
₹ 9.91 Lakh,SUV,"20,000 Kms",1st Owner,2021,18.24,Petrol,2021,Third Party insurance,CVT,Automatic,5 Seats,BANGALORE
₹ 14.50 Lakh,SUV,"50,000 Kms",1st Owner,2018,17.1,Diesel,2018,Third Party insurance,6 Speed,Manual,5 Seats,BANGALORE
₹ 2.19 Lakh,Sedan,"90,000 Kms",4th Owner,2011,20.54,Diesel,2011,Third Party insurance,5 Speed,Manual,5 Seats,BANGALORE
₹ 12.85 Lakh,SUV,"20,000 Kms",1st Owner,2022,18.9,Diesel,2022,Third Party insurance,6-Speed,Manual,5 Seats,BANGALORE
₹ 41.95 Lakh,SUV,"27,000 Kms",1st Owner,2021,18.9,Petrol,2021,Comprehensive,8 Speed,Automatic,5 Seats,BANGALORE
₹ 4.55 Lakh,MUV,"1,50,000 Kms",3rd Owner,2008,12.8,Diesel,2008,Third Party insurance,5 Speed,Manual,8 Seats,BANGALORE
₹ 8.25 Lakh,Hatchback,"10,000 Kms",1st Owner,2022,22.35,Petrol,2022,Third Party insurance,5 Speed,Manual,5 Seats,BANGALORE
₹ 8.25 Lakh,Sedan,"40,000 Kms",1st Owner,2018,17.4,Petrol,2018,Third Party insurance,5 Speed,Manual,5 Seats,BANGALORE
₹ 9.20 Lakh,SUV,"40,000 Kms",1st Owner,2020,23.0,Diesel,2020,Third Party insurance,5 Speed,Manual,5 Seats,BANGALORE
₹ 33 Lakh,Sedan,"20,000 Kms",2nd Owner,2018,19.27,Diesel,2018,Third Party insurance,9 Speed,Automatic,5 Seats,BANGALORE
₹ 7.29 Lakh,SUV,"91,598 Kms",2nd Owner,2017,22.77,Diesel,2017,Third Party,5 Speed,Manual,5 Seats,BANGALORE
₹ 4.32 Lakh,Hatchback,"57,521 Kms",1st Owner,2015,25.24,Petrol,2015,Comprehensive,5-Speed,Manual,5 Seats,BANGALORE
₹ 7 Lakh,SUV,"1,00,000 Kms",1st Owner,2016,19.87,Diesel,2016,Third Party insurance,5 speed,Manual,5 Seats,BANGALORE
₹ 14.99 Lakh,Sedan,"7,598 Kms",1st Owner,2021,17.7,Petrol,2021,Comprehensive,6 Speed,Manual,5 Seats,BANGALORE
₹ 7.62 Lakh,SUV,"38,520 Kms",1st Owner,2017,13.06,Petrol,2017,Comprehensive,5 speed,Manual,5 Seats,BANGALORE
₹ 16.25 Lakh,SUV,"20,000 Kms",1st Owner,2022,15.43,Petrol,2022,Third Party insurance,5 Speed,Manual,5 Seats,BANGALORE
₹ 6.32 Lakh,SUV,"1,10,455 Kms",2nd Owner,2014,20.45,Diesel,2014,Comprehensive,5 speed,Manual,5 Seats,BANGALORE
₹ 12.18 Lakh,SUV,"26,901 Kms",1st Owner,2020,18.15,Petrol,2020,Comprehensive,7-Speed,Automatic,5 Seats,BANGALORE
₹ 5.24 Lakh,Hatchback,"65,376 Kms",1st Owner,2017,18.9,Petrol,2017,Zero Dep,4 Speed,Automatic,5 Seats,BANGALORE
₹ 14.05 Lakh,SUV,"28,177 Kms",3rd Owner,2018,15.1,Diesel,2018,Comprehensive,6 Speed,Manual,7 Seats,BANGALORE
₹ 13.90 Lakh,SUV,"10,000 Kms",1st Owner,2022,18.2,Petrol,2022,Third Party insurance,6-Speed iMT,Manual,5 Seats,BANGALORE
₹ 18.90 Lakh,SUV,"30,000 Kms",1st Owner,2021,18.9,Petrol,2021,Comprehensive,6-Speed DCT,Automatic,5 Seats,BANGALORE
₹ 12.75 Lakh,SUV,"27,000 Kms",1st Owner,2018,13.0,Petrol,2018,Third Party insurance,6 Speed,Automatic,5 Seats,BANGALORE
₹ 2.75 Lakh,Hatchback,"90,000 Kms",3rd Owner,2010,19.2,Petrol,2010,Third Party insurance,4 Speed,Automatic,5 Seats,BANGALORE
₹ 11.25 Lakh,Sedan,"20,000 Kms",1st Owner,2022,17.4,Petrol,2022,Third Party insurance,5 Speed,Manual,5 Seats,BANGALORE
₹ 6.50 Lakh,Sedan,"82,998 Kms",1st Owner,2016,18.0,Petrol,2016,Comprehensive,5 Speed CVT,Automatic,5 Seats,BANGALORE
₹ 7 Lakh,Sedan,"1,10,000 Kms",3rd Owner,2010,12.3,Petrol,2010,Third Party insurance,7 Speed,Automatic,5 Seats,BANGALORE
₹ 11 Lakh,Sedan,"14,500 Kms",1st Owner,2019,17.14,Petrol,2019,Third Party insurance,5 Speed,Manual,5 Seats,BANGALORE
₹ 2.60 Lakh,Sedan,"1,20,000 Kms",3rd Owner,2016,21.03,Diesel,2016,Third Party insurance,5-Speed,Manual,5 Seats,BANGALORE
₹ 3.95 Lakh,Hatchback,"68,000 Kms",2nd Owner,2010,19.2,Petrol,2010,Comprehensive,4 Speed,Automatic,5 Seats,BANGALORE
₹ 6.81 Lakh,Sedan,"25,887 Kms",1st Owner,2019,20.14,Petrol,2019,Third Party insurance,5 Speed,Manual,5 Seats,BANGALORE
₹ 4.05 Lakh,Hatchback,"74,094 Kms",1st Owner,2020,21.7,Petrol,2020,Comprehensive,5 Speed,Manual,5 Seats,BANGALORE
₹ 7.65 Lakh,Hatchback,"40,000 Kms",1st Owner,2018,19.0,Petrol,2018,Comprehensive,5 Speed,Automatic,5 Seats,BANGALORE
₹ 4.87 Lakh,Hatchback,"91,045 Kms",1st Owner,2014,23.2,Diesel,2014,Third Party,5 Speed,Manual,5 Seats,BANGALORE
₹ 14.74 Lakh,SUV,"80,033 Kms",1st Owner,2018,15.1,Diesel,2018,Third Party insurance,6 Speed,Manual,7 Seats,BANGALORE
₹ 13.40 Lakh,SUV,"70,000 Kms",2nd Owner,2017,16.0,Diesel,2017,Third Party insurance,6 Speed,Automatic,7 Seats,BANGALORE
₹ 7.70 Lakh,MUV,"13,957 Kms",1st Owner,2021,18.2,Petrol,2021,Comprehensive,5 Speed,Automatic,7 Seats,BANGALORE
₹ 8.18 Lakh,Hatchback,"34,140 Kms",2nd Owner,2018,21.4,Petrol,2018,Third Party insurance,CVT,Automatic,5 Seats,BANGALORE
₹ 7.24 Lakh,SUV,"20,056 Kms",1st Owner,2017,17.0,Petrol,2017,Comprehensive,5 Speed,Manual,5 Seats,BANGALORE
₹ 4.68 Lakh,Hatchback,"38,233 Kms",3rd Owner,2016,26.0,Petrol,2016,Comprehensive,5-Speed,Automatic,5 Seats,BANGALORE
₹ 5 Lakh,Sedan,"1,00,000 Kms",1st Owner,2013,14.69,Petrol,2013,Third Party insurance,6 Speed,Manual,5 Seats,BANGALORE
₹ 6 Lakh,SUV,"50,000 Kms",2nd Owner,2016,22.77,Diesel,2016,Third Party insurance,5 Speed,Manual,5 Seats,BANGALORE
₹ 13.50 Lakh,SUV,"70,000 Kms",2nd Owner,2017,16.0,Diesel,2017,Third Party insurance,6 Speed ,Manual,7 Seats,BANGALORE
₹ 5.25 Lakh,Hatchback,"44,000 Kms",1st Owner,2016,18.9,Petrol,2016,Comprehensive,5 Speed,Manual,5 Seats,BANGALORE
₹ 1.75 Lakh,Hatchback,"90,000 Kms",2nd Owner,2006,15.3,Petrol,2006,Third Party insurance,5 Speed,Manual,5 Seats,BANGALORE
₹ 7.25 Lakh,Sedan,"30,000 Kms",1st Owner,2016,19.12,Petrol,2016,Third Party insurance,4 Speed,Automatic,5 Seats,BANGALORE
₹ 5.50 Lakh,Hatchback,"50,000 Kms",1st Owner,2018,18.9,Petrol,2018,Third Party insurance,5 Speed,Manual,5 Seats,BANGALORE
₹ 6.50 Lakh,Hatchback,"98,000 Kms",1st Owner,2019,22.0,Petrol,2019,Comprehensive,5,Manual,5 Seats,BANGALORE
₹ 7.75 Lakh,Hatchback,"47,000 Kms",1st Owner,2017,18.2,Petrol,2017,Comprehensive,5 Speed,Automatic,5 Seats,BANGALORE
₹ 9 Lakh,Sedan,"70,000 Kms",1st Owner,2019,17.0,Petrol,2019,Third Party insurance,6 Speed,Manual,5 Seats,BANGALORE
₹ 4.08 Lakh,Hatchback,"16,998 Kms",1st Owner,2020,22.05,Petrol,2020,Comprehensive,5 Speed,Manual,5 Seats,BANGALORE
₹ 6.42 Lakh,Hatchback,"15,256 Kms",1st Owner,2017,18.9,Petrol,2017,Comprehensive,4 Speed,Automatic,5 Seats,BANGALORE
₹ 9 Lakh,Sedan,"70,000 Kms",1st Owner,2019,17.0,Petrol,2019,Third Party insurance,6 Speed,Manual,5 Seats,BANGALORE
₹ 5.21 Lakh,Hatchback,"4,495 Kms",1st Owner,2020,22.5,Petrol,2020,Comprehensive,5-Speed,Automatic,5 Seats,BANGALORE
₹ 6.95 Lakh,MUV,"34,561 Kms",1st Owner,2020,20.0,Petrol,2020,Zero Dep,5 Speed,Manual,7 Seats,BANGALORE
₹ 3.90 Lakh,Hatchback,"40,000 Kms",2nd Owner,2018,23.95,Petrol,2018,Third Party insurance,5 Speed,Manual,5 Seats,BANGALORE
₹ 4.29 Lakh,Hatchback,"1,42,135 Kms",1st Owner,2016,23.84,Petrol,2016,Comprehensive,5 Speed,Manual,5 Seats,BANGALORE
₹ 5.20 Lakh,Sedan,"1,20,000 Kms",1st Owner,2021,18.5,Petrol,2021,Third Party insurance,5 Speed,Manual,5 Seats,BANGALORE
₹ 6.25 Lakh,Hatchback,"9,553 Kms",1st Owner,2019,20.52,Petrol,2019,Third Party,5 Speed,Automatic,5 Seats,BANGALORE
₹ 6.01 Lakh,Hatchback,"7,600 Kms",1st Owner,2022,21.46,Petrol,2022,Zero Dep,5 Speed,Manual,5 Seats,BANGALORE
₹ 13 Lakh,SUV,"1,20,000 Kms",1st Owner,2017,17.1,Diesel,2017,Third Party insurance,6 Speed,Manual,5 Seats,BANGALORE
₹ 6.45 Lakh,Hatchback,"20,000 Kms",1st Owner,2017,18.9,Petrol,2017,Comprehensive,4 Speed,Automatic,5 Seats,BANGALORE
₹ 19.75 Lakh,SUV,"1,20,000 Kms",2nd Owner,2013,12.07,Diesel,2013,Third Party insurance,8 Speed Tiptronic,Automatic,7 Seats,BANGALORE
₹ 6.95 Lakh,Hatchback,"45,578 Kms",1st Owner,2016,18.6,Petrol,2016,Third Party insurance,5 Speed,Manual,5 Seats,BANGALORE
₹ 5 Lakh,Sedan,"1,00,000 Kms",1st Owner,2013,14.69,Petrol,2013,Third Party insurance,6 Speed,Manual,5 Seats,BANGALORE
₹ 16.44 Lakh,Sedan,"1,00,000 Kms",2nd Owner,2014,22.69,Diesel,2014,Comprehensive,8 Speed,Automatic,5 Seats,BANGALORE
₹ 8.95 Lakh,SUV,"42,000 Kms",1st Owner,2019,17.0,Petrol,2019,Comprehensive,5 Speed,Manual,5 Seats,BANGALORE
₹ 3.50 Lakh,Hatchback,"90,000 Kms",2nd Owner,2013,20.36,Petrol,2013,Third Party insurance,5 Speed,Manual,5 Seats,BANGALORE
₹ 5.50 Lakh,Sedan,"70,000 Kms",1st Owner,2012,22.32,Diesel,2012,Third Party insurance,6 Speed ,Manual,5 Seats,BANGALORE
₹ 7.50 Lakh,SUV,"1,00,000 Kms",3rd Owner,2010,11.4,Diesel,2010,Third Party insurance,5 Speed,Automatic,7 Seats,BANGALORE
₹ 5.81 Lakh,Hatchback,"16,306 Kms",1st Owner,2017,20.89,Petrol,2017,Comprehensive,5 Speed,Manual,5 Seats,BANGALORE
₹ 5.13 Lakh,Hatchback,"25,086 Kms",3rd Owner,2020,20.52,Petrol,2020,Comprehensive,5 Speed,Manual,5 Seats,BANGALORE
₹ 6.50 Lakh,Hatchback,"54,845 Kms",1st Owner,2017,21.01,Petrol,2017,Third Party insurance,5 Speed,Manual,5 Seats,BANGALORE
₹ 8.06 Lakh,Hatchback,"35,642 Kms",1st Owner,2020,24.4,Diesel,2020,Comprehensive,5-Speed,Manual,5 Seats,BANGALORE
₹ 7.25 Lakh,Hatchback,"22,173 Kms",1st Owner,2016,21.4,Petrol,2016,Third Party,CVT,Automatic,5 Seats,BANGALORE
₹ 49.50 Lakh,Sedan,"50,000 Kms",1st Owner,2018,17.42,Diesel,2018,Comprehensive,8-Speed Steptronic,Automatic,5 Seats,BANGALORE
₹ 4.26 Lakh,Hatchback,"67,790 Kms",1st Owner,2014,18.9,Petrol,2014,Third Party,5 Speed,Manual,5 Seats,BANGALORE
₹ 4.85 Lakh,Hatchback,"38,000 Kms",1st Owner,2019,23.95,Petrol,2019,Comprehensive,5 Speed,Manual,5 Seats,BANGALORE
₹ 3.51 Lakh,Hatchback,"49,713 Kms",2nd Owner,2012,19.4,Petrol,2012,Third Party insurance,5 Speed,Manual,5 Seats,BANGALORE
₹ 4.90 Lakh,Hatchback,"10,002 Kms",1st Owner,2021,21.46,Petrol,2021,Third Party insurance,5 Speed,Manual,5 Seats,BANGALORE
₹ 14.95 Lakh,SUV,"46,706 Kms",1st Owner,2017,16.0,Diesel,2017,Third Party insurance,6 Speed,Manual,7 Seats,BANGALORE
₹ 5.10 Lakh,Hatchback,"90,000 Kms",2nd Owner,2014,25.2,Diesel,2014,Third Party insurance,5 Speed,Manual,5 Seats,BANGALORE
₹ 27.50 Lakh,SUV,"1,06,000 Kms",1st Owner,2016,18.56,Diesel,2016,Comprehensive,8 Speed,Automatic,5 Seats,BANGALORE
₹ 10.25 Lakh,Hatchback,"55,833 Kms",1st Owner,2017,17.21,Petrol,2017,Third Party insurance,7 Speed,Automatic,5 Seats,BANGALORE
₹ 23.45 Lakh,SUV,"46,716 Kms",2nd Owner,2015,15.73,Diesel,2015,Third Party insurance,7-Speed S-Tronic ,Automatic,5 Seats,BANGALORE
₹ 8.25 Lakh,Sedan,"54,000 Kms",1st Owner,2016,21.13,Diesel,2016,Comprehensive,5 Speed,Manual,5 Seats,BANGALORE
₹ 6.75 Lakh,SUV,"68,000 Kms",2nd Owner,2016,21.7,Diesel,2016,Comprehensive,5 Speed,Manual,5 Seats,BANGALORE
₹ 1.90 Lakh,Hatchback,"1,13,348 Kms",3rd Owner,2010,20.0,Diesel,2010,Comprehensive,5 Speed,Manual,5 Seats,BANGALORE
₹ 8.90 Lakh,Sedan,"1,34,000 Kms",1st Owner,2014,17.68,Diesel,2014,Third Party insurance,8 Speed,Automatic,5 Seats,BANGALORE
₹ 8.23 Lakh,SUV,"20,000 Kms",1st Owner,2022,19.03,Petrol,2022,Third Party insurance,5 Speed,Automatic,5 Seats,BANGALORE
₹ 5.54 Lakh,Hatchback,"52,311 Kms",1st Owner,2014,22.38,Petrol,2014,Comprehensive,5-Speed,Manual,5 Seats,BANGALORE
₹ 4.99 Lakh,Sedan,"59,514 Kms",1st Owner,2014,22.41,Petrol,2014,Comprehensive,5 Speed,Manual,5 Seats,BANGALORE
₹ 8.15 Lakh,SUV,"10,000 Kms",1st Owner,2022,19.03,Petrol,2022,Third Party insurance,5 Speed,Automatic,5 Seats,BANGALORE
₹ 7.19 Lakh,Hatchback,"36,743 Kms",1st Owner,2020,21.01,Petrol,2020,Third Party,5 Speed,Manual,5 Seats,BANGALORE
₹ 3.72 Lakh,Hatchback,"83,046 Kms",1st Owner,2015,25.24,Petrol,2015,Third Party,5-Speed,Manual,5 Seats,BANGALORE
₹ 5.15 Lakh,Hatchback,"10,000 Kms",1st Owner,2018,23.1,Petrol,2018,Third Party insurance,5 Speed,Automatic,5 Seats,BANGALORE
₹ 5.54 Lakh,Hatchback,"59,420 Kms",2nd Owner,2016,18.7,Petrol,2016,Third Party insurance,5 Speed,Manual,5 Seats,BANGALORE
₹ 7 Lakh,Sedan,"4,545 Kms",1st Owner,2023,20.3,Petrol,2023,Comprehensive,5 Speed,Manual,5 Seats,BANGALORE
₹ 4.10 Lakh,Hatchback,"70,404 Kms",1st Owner,2011,22.38,Petrol,2011,Third Party insurance,5-Speed,Manual,5 Seats,BANGALORE
₹ 6.85 Lakh,Sedan,"39,725 Kms",1st Owner,2016,20.73,Petrol,2016,Third Party,5 Speed,Manual,5 Seats,BANGALORE
₹ 55 Lakh,Sedan,"10,000 Kms",1st Owner,2022,16.13,Petrol,2022,Third Party insurance,8-Speed Steptronic Sport Automatic Transmission,Automatic,5 Seats,BANGALORE
₹ 18 Lakh,SUV,"10,000 Kms",1st Owner,2022,17.8,Diesel,2022,Third Party insurance,6-Speed,Automatic,5 Seats,BANGALORE
₹ 1.80 Lakh,Hatchback,"60,000 Kms",2nd Owner,2006,18.9,Petrol,2006,Third Party insurance,5 Speed,Manual,5 Seats,BANGALORE
₹ 7.65 Lakh,SUV,"50,000 Kms",2nd Owner,2018,17.0,Petrol,2018,Third Party insurance,5 Speed,Manual,5 Seats,BANGALORE
₹ 19.50 Lakh,SUV,"10,000 Kms",1st Owner,2023,13.79,Petrol,2023,Third Party insurance,6-speed,Manual,5 Seats,BANGALORE
₹ 4.91 Lakh,Sedan,"50,000 Kms",3rd Owner,2013,16.3,Petrol,2013,Third Party insurance,6 Speed,Manual,5 Seats,BANGALORE
₹ 11.75 Lakh,SUV,"23,272 Kms",1st Owner,2021,21.7,Diesel,2021,Third Party insurance,5 Speed,Manual,5 Seats,BANGALORE
₹ 9.99 Lakh,SUV,"8,407 Kms",1st Owner,2020,15.9,Petrol,2020,Comprehensive,5 Speed,Manual,5 Seats,BANGALORE
₹ 7.15 Lakh,Hatchback,"50,000 Kms",1st Owner,2018,21.21,Petrol,2018,Third Party insurance,5,Automatic,5 Seats,BANGALORE
₹ 34 Lakh,Sedan,"10,000 Kms",1st Owner,2018,18.25,Diesel,2018,Third Party insurance,7 Speed,Automatic,5 Seats,BANGALORE
₹ 17.79 Lakh,SUV,"14,881 Kms",1st Owner,2021,18.9,Petrol,2021,Comprehensive,7-speed DCT,Automatic,5 Seats,BANGALORE
₹ 4.04 Lakh,Hatchback,"54,305 Kms",1st Owner,2012,18.5,Petrol,2012,Third Party insurance,5 Speed,Manual,5 Seats,BANGALORE
₹ 3.58 Lakh,Hatchback,"50,000 Kms",2nd Owner,2016,19.81,Petrol,2016,Third Party insurance,5 Speed,Manual,5 Seats,BANGALORE
₹ 5.81 Lakh,Hatchback,"64,998 Kms",1st Owner,2017,20.89,Petrol,2017,Comprehensive,5 Speed,Automatic,5 Seats,BANGALORE
₹ 6.30 Lakh,Hatchback,"75,940 Kms",1st Owner,2015,18.6,Petrol,2015,Third Party insurance,5 Speed,Manual,5 Seats,BANGALORE
₹ 5.60 Lakh,Hatchback,"25,639 Kms",1st Owner,2016,18.7,Petrol,2016,Third Party insurance,5 Speed,Manual,5 Seats,BANGALORE
₹ 15.51 Lakh,SUV,"44,107 Kms",1st Owner,2019,15.1,Diesel,2019,Third Party insurance,6 Speed,Manual,7 Seats,BANGALORE
₹ 5.25 Lakh,Sedan,"60,000 Kms",2nd Owner,2014,17.01,Petrol,2014,Third Party insurance,5 Speed,Manual,5 Seats,BANGALORE
₹ 5.01 Lakh,Hatchback,"41,594 Kms",1st Owner,2018,23.1,Petrol,2018,Comprehensive,5 Speed,Manual,5 Seats,BANGALORE
₹ 6.17 Lakh,Hatchback,"24,786 Kms",2nd Owner,2020,20.52,Petrol,2020,Comprehensive,5 Speed,Automatic,5 Seats,BANGALORE
₹ 3.65 Lakh,Hatchback,"56,000 Kms",1st Owner,2017,23.95,Petrol,2017,Third Party insurance,5 Speed,Manual,5 Seats,BANGALORE
₹ 9.95 Lakh,Sedan,"90,000 Kms",1st Owner,2018,18.3,Petrol,2018,Comprehensive,CVT,Automatic,5 Seats,BANGALORE
₹ 7.75 Lakh,Hatchback,"31,000 Kms",2nd Owner,2019,18.6,Petrol,2019,Comprehensive,5 Speed,Manual,5 Seats,BANGALORE
₹ 47 Lakh,SUV,"30,000 Kms",2nd Owner,2018,16.38,Diesel,2018,Third Party insurance,8 Speed,Automatic,5 Seats,BANGALORE
₹ 7.70 Lakh,Sedan,"36,000 Kms",1st Owner,2017,17.7,Petrol,2017,Comprehensive,6 Speed,Manual,5 Seats,BANGALORE
₹ 7.25 Lakh,Hatchback,"19,065 Kms",1st Owner,2018,22.0,Petrol,2018,Third Party insurance,5,Manual,5 Seats,BANGALORE
₹ 8.40 Lakh,Hatchback,"30,538 Kms",1st Owner,2019,18.2,Petrol,2019,Comprehensive,5 Speed,Automatic,5 Seats,BANGALORE
₹ 7.99 Lakh,Hatchback,"48,891 Kms",2nd Owner,2018,18.6,Petrol,2018,Comprehensive,5 Speed,Manual,5 Seats,BANGALORE
₹ 13.80 Lakh,Hatchback,"60,000 Kms",2nd Owner,2014,15.5,Petrol,2014,Third Party insurance,7G DCT 7-Speed Dual Clutch Transmission ,Automatic,5 Seats,BANGALORE
₹ 6.96 Lakh,Hatchback,"26,676 Kms",1st Owner,2018,22.0,Petrol,2018,Third Party,5,Manual,5 Seats,BANGALORE
₹ 5.76 Lakh,Hatchback,"35,647 Kms",1st Owner,2015,22.38,Petrol,2015,Comprehensive,5-Speed,Manual,5 Seats,BANGALORE
₹ 7.21 Lakh,Hatchback,"63,825 Kms",1st Owner,2020,22.35,Petrol,2020,Zero Dep,5-Speed,Manual,5 Seats,BANGALORE
₹ 9.95 Lakh,Sedan,"31,346 Kms",2nd Owner,2018,17.4,Petrol,2018,Third Party insurance,5 Speed,Manual,5 Seats,BANGALORE
₹ 5.94 Lakh,Hatchback,"79,349 Kms",2nd Owner,2015,18.6,Petrol,2015,Third Party insurance,5 Speed,Manual,5 Seats,BANGALORE
₹ 9.27 Lakh,SUV,"88,203 Kms",1st Owner,2015,15.1,Diesel,2015,Comprehensive,6 Speed ,Manual,7 Seats,BANGALORE
₹ 32.75 Lakh,SUV,"37,370 Kms",1st Owner,2018,15.17,Diesel,2018,Comprehensive,7-Speed S-Tronic,Automatic,5 Seats,BANGALORE
₹ 4.26 Lakh,Hatchback,"52,228 Kms",1st Owner,2015,20.51,Petrol,2015,Comprehensive,5 Speed,Manual,5 Seats,BANGALORE
₹ 11 Lakh,SUV,"70,000 Kms",1st Owner,2015,17.01,Diesel,2015,Third Party insurance,6 Speed,Automatic,5 Seats,BANGALORE
₹ 9.05 Lakh,SUV,"40,542 Kms",1st Owner,2022,20.0,Petrol,2022,Zero Dep,5 Speed,Manual,5 Seats,BANGALORE
₹ 8.48 Lakh,SUV,"47,936 Kms",1st Owner,2019,14.99,Petrol,2019,Comprehensive,5 speed,Automatic,5 Seats,BANGALORE
₹ 4 Lakh,SUV,"10,000 Kms",3rd Owner,2017,18.9,Petrol,1995,Third Party insurance,5 Speed,Manual,6 Seats,BANGALORE
₹ 5.75 Lakh,Sedan,"70,000 Kms",2nd Owner,2008,11.9,Diesel,2008,Third Party insurance,5 Speed,Automatic,5 Seats,BANGALORE
₹ 4 Lakh,Sedan,"1,10,000 Kms",5th Owner,2013,16.8,Petrol,2013,Third Party insurance,5 Speed,Manual,5 Seats,BANGALORE
₹ 4 Lakh,SUV,"10,000 Kms",3rd Owner,2017,18.9,Petrol,1995,Third Party insurance,5 Speed,Manual,8 Seats,BANGALORE
₹ 8.95 Lakh,SUV,"45,000 Kms",2nd Owner,2016,15.29,Petrol,2016,Comprehensive,6 Speed,Manual,5 Seats,BANGALORE
₹ 10.99 Lakh,SUV,"20,469 Kms",1st Owner,2019,18.27,Petrol,2019,Third Party insurance,6-Speed,Manual,5 Seats,BANGALORE
₹ 4.25 Lakh,Hatchback,"60,000 Kms",1st Owner,2011,17.0,Petrol,2011,Third Party insurance,5 Speed,Manual,5 Seats,BANGALORE
₹ 4.45 Lakh,Sedan,"70,000 Kms",2nd Owner,2012,19.1,Petrol,2012,Comprehensive,5 Speed,Manual,5 Seats,BANGALORE
₹ 3.20 Lakh,Sedan,"1,50,000 Kms",4th Owner,2014,20.5,Diesel,2014,Third Party insurance,5-speed,Manual,5 Seats,BANGALORE
₹ 7.75 Lakh,Sedan,"46,258 Kms",2nd Owner,2017,16.09,Petrol,2017,Third Party insurance,5 Speed,Manual,5 Seats,BANGALORE
₹ 3.27 Lakh,Hatchback,"54,242 Kms",3rd Owner,2013,18.9,Petrol,2013,Comprehensive,5 Speed,Manual,5 Seats,BANGALORE
₹ 6.61 Lakh,Hatchback,"90,727 Kms",1st Owner,2017,19.0,Petrol,2017,Comprehensive,5 Speed,Automatic,5 Seats,BANGALORE
₹ 7.75 Lakh,SUV,"1,00,000 Kms",1st Owner,2012,15.1,Diesel,2012,Comprehensive,6 Speed,Manual,7 Seats,BANGALORE
₹ 6.82 Lakh,Sedan,"31,003 Kms",1st Owner,2017,21.21,Petrol,2017,Comprehensive,5 Speed,Manual,5 Seats,BANGALORE
₹ 5.77 Lakh,Hatchback,"24,233 Kms",1st Owner,2017,18.9,Petrol,2017,Third Party,5 Speed,Manual,5 Seats,BANGALORE
₹ 5 Lakh,Hatchback,"90,000 Kms",3rd Owner,2015,16.47,Petrol,2015,Third Party insurance,5 Speed,Manual,5 Seats,BANGALORE
₹ 6.79 Lakh,Hatchback,"36,983 Kms",1st Owner,2017,18.7,Petrol,2017,Comprehensive,5 Speed,Manual,5 Seats,BANGALORE
₹ 14.45 Lakh,Hatchback,"68,915 Kms",1st Owner,2014,14.8,Diesel,2014,Comprehensive,7 Speed,Automatic,5 Seats,BANGALORE
₹ 7.76 Lakh,Hatchback,"5,440 Kms",1st Owner,2021,22.38,Petrol,2021,Third Party,5-Speed,Manual,5 Seats,BANGALORE
₹ 6.90 Lakh,Hatchback,"8,096 Kms",1st Owner,2021,20.09,Petrol,2021,Zero Dep,5-Speed`,Manual,5 Seats,BANGALORE
₹ 3.80 Lakh,Sedan,"1,20,000 Kms",2nd Owner,2012,20.5,Diesel,2012,Third Party insurance,5 Speed,Manual,5 Seats,BANGALORE
₹ 5.60 Lakh,SUV,"60,000 Kms",3rd Owner,2014,13.24,Petrol,2014,Third Party insurance,5 speed,Manual,5 Seats,BANGALORE
₹ 11.25 Lakh,SUV,"1,20,000 Kms",1st Owner,2017,14.1,Diesel,2017,Third Party insurance,5 Speed,Manual,7 Seats,BANGALORE
₹ 5.15 Lakh,MUV,"1,25,903 Kms",2nd Owner,2015,19.98,Diesel,2015,Comprehensive,6 Speed,Manual,7 Seats,BANGALORE
₹ 7.99 Lakh,Hatchback,"33,040 Kms",2nd Owner,2018,18.6,Petrol,2018,Comprehensive,5 Speed,Manual,5 Seats,BANGALORE
₹ 12 Lakh,SUV,"1,10,000 Kms",2nd Owner,2009,11.5,Diesel,2009,Third Party insurance,5 Speed,Manual,7 Seats,BANGALORE
₹ 8.35 Lakh,Hatchback,"30,722 Kms",1st Owner,2019,22.54,Diesel,2019,Third Party insurance,6 Speed,Manual,5 Seats,BANGALORE
₹ 7.50 Lakh,Sedan,"80,000 Kms",1st Owner,2016,26.0,Diesel,2016,Third Party insurance,6 Speed,Manual,5 Seats,BANGALORE
₹ 12.75 Lakh,SUV,"1,20,000 Kms",2nd Owner,2009,11.5,Diesel,2009,Third Party insurance,5 Speed,Manual,7 Seats,BANGALORE
₹ 30.75 Lakh,Sedan,"33,000 Kms",2nd Owner,2017,14.21,Diesel,2017,Comprehensive,5 Speed,Automatic,5 Seats,BANGALORE
₹ 5.27 Lakh,Sedan,"58,778 Kms",1st Owner,2014,17.4,Petrol,2014,Comprehensive,5 Speed ,Manual,5 Seats,BANGALORE
₹ 4.26 Lakh,Hatchback,"51,395 Kms",1st Owner,2019,21.7,Petrol,2019,Comprehensive,5 Speed,Manual,5 Seats,BANGALORE
₹ 6.25 Lakh,SUV,"1,00,000 Kms",2nd Owner,2015,14.7,Petrol,2015,Comprehensive,6 Speed,Automatic,5 Seats,BANGALORE
₹ 4.47 Lakh,Sedan,"65,881 Kms",2nd Owner,2013,22.41,Petrol,2013,Comprehensive,5 Speed,Manual,5 Seats,BANGALORE
₹ 5.52 Lakh,Hatchback,"49,934 Kms",2nd Owner,2014,22.38,Petrol,2014,Comprehensive,5-Speed,Manual,5 Seats,BANGALORE
₹ 7.95 Lakh,Sedan,"91,000 Kms",2nd Owner,2016,26.0,Diesel,2016,Comprehensive,6 Speed,Manual,5 Seats,BANGALORE
₹ 4.59 Lakh,Hatchback,"61,576 Kms",2nd Owner,2018,21.63,Petrol,2018,Comprehensive,5 Speed,Manual,5 Seats,BANGALORE
₹ 7 Lakh,Sedan,"1,14,321 Kms",2nd Owner,2016,20.73,Petrol,2016,1,5 Speed,Manual,5 Seats,BANGALORE
₹ 4.05 Lakh,Hatchback,"53,125 Kms",1st Owner,2019,21.7,Petrol,2019,Third Party insurance,5 Speed,Manual,5 Seats,BANGALORE
₹ 5.36 Lakh,Hatchback,"36,462 Kms",1st Owner,2020,22.0,Petrol,2020,Comprehensive,5 Speed,Automatic,5 Seats,BANGALORE
₹ 24 Lakh,SUV,"97,542 Kms",1st Owner,2014,15.26,Diesel,2014,Comprehensive,7 Speed,Automatic,5 Seats,BANGALORE
₹ 47.45 Lakh,SUV,"89,000 Kms",1st Owner,2017,11.57,Diesel,2017,Comprehensive,9 Speed,Automatic,5 Seats,BANGALORE
₹ 8.95 Lakh,SUV,"13,000 Kms",2nd Owner,2018,14.99,Petrol,2018,Comprehensive,5 speed,Manual,5 Seats,BANGALORE
₹ 13.75 Lakh,Sedan,"41,000 Kms",1st Owner,2018,22.0,Diesel,2018,Third Party insurance,6 Speed,Manual,5 Seats,BANGALORE
₹ 8.80 Lakh,Hatchback,"94,471 Kms",1st Owner,2017,17.21,Petrol,2017,Third Party,7 Speed,Automatic,5 Seats,BANGALORE
₹ 10.30 Lakh,MUV,"58,000 Kms",1st Owner,2011,12.8,Diesel,2011,Comprehensive,5 Speed,Manual,7 Seats,BANGALORE
₹ 4.75 Lakh,Hatchback,"46,000 Kms",1st Owner,2016,20.52,Petrol,2016,Comprehensive,5 Speed,Manual,5 Seats,BANGALORE
₹ 11.50 Lakh,SUV,"10,000 Kms",1st Owner,2022,18.9,Petrol,2022,Third Party insurance,5 Speed,Manual,5 Seats,BANGALORE
₹ 56.75 Lakh,SUV,"36,531 Kms",1st Owner,2020,18.9,Diesel,2020,Comprehensive,9 speed Tronic,Automatic,5 Seats,BANGALORE
₹ 9.60 Lakh,SUV,"50,000 Kms",1st Owner,2021,17.03,Petrol,2021,Third Party insurance,5 Speed,Manual,5 Seats,BANGALORE
₹ 5.32 Lakh,Hatchback,"36,004 Kms",2nd Owner,2020,21.63,Petrol,2020,Third Party,5 Speed,Manual,5 Seats,BANGALORE
₹ 6.51 Lakh,Sedan,"58,808 Kms",2nd Owner,2016,17.8,Petrol,2016,Comprehensive,5 Speed,Manual,5 Seats,BANGALORE
₹ 32 Lakh,Sedan,"10,000 Kms",1st Owner,2017,19.27,Diesel,2017,Third Party insurance,7 Speed,Automatic,5 Seats,BANGALORE
₹ 7.15 Lakh,Hatchback,"31,983 Kms",1st Owner,2016,18.6,Petrol,2016,Comprehensive,5 Speed,Manual,5 Seats,BANGALORE
₹ 7.40 Lakh,SUV,"78,536 Kms",1st Owner,2016,24.3,Diesel,2016,Third Party,5 Speed,Manual,5 Seats,BANGALORE
₹ 17 Lakh,SUV,"20,000 Kms",1st Owner,2022,20.8,Diesel,2022,Third Party insurance,6-Speed,Manual,5 Seats,BANGALORE
₹ 4.55 Lakh,Sedan,"54,134 Kms",2nd Owner,2013,22.41,Petrol,2013,Comprehensive,5 Speed,Manual,5 Seats,BANGALORE
₹ 16.99 Lakh,SUV,"10,000 Kms",1st Owner,2021,16.8,Petrol,2021,Third Party insurance,6-Speed IVT,Automatic,5 Seats,BANGALORE
₹ 5.24 Lakh,Hatchback,"27,227 Kms",2nd Owner,2019,18.9,Petrol,2019,Comprehensive,5 Speed,Manual,5 Seats,BANGALORE
₹ 17.65 Lakh,SUV,"25,508 Kms",1st Owner,2019,16.0,Petrol,2019,Comprehensive,7 Speed,Automatic,5 Seats,BANGALORE
₹ 5.25 Lakh,Hatchback,"30,000 Kms",1st Owner,2017,18.6,Petrol,2017,Third Party insurance,5 Speed,Manual,5 Seats,BANGALORE
₹ 16 Lakh,SUV,"20,000 Kms",1st Owner,2019,16.5,Petrol,2019,Third Party insurance,7-Speed DCT,Automatic,5 Seats,BANGALORE
₹ 3.60 Lakh,Sedan,"1,00,000 Kms",2nd Owner,2012,20.54,Diesel,2012,Third Party insurance,5 Speed,Manual,5 Seats,BANGALORE
₹ 16.50 Lakh,SUV,"20,000 Kms",1st Owner,2021,18.9,Petrol,2021,Third Party insurance,6 Speed,Automatic,4 Seats,BANGALORE
₹ 4.10 Lakh,Hatchback,"50,000 Kms",1st Owner,2011,17.0,Petrol,2011,Third Party insurance,5 Speed,Manual,5 Seats,BANGALORE
₹ 31.50 Lakh,Sedan,"36,000 Kms",1st Owner,2018,17.9,Diesel,2018,Comprehensive,7 Speed,Automatic,5 Seats,BANGALORE
₹ 8.50 Lakh,Hatchback,"40,000 Kms",1st Owner,2019,22.54,Diesel,2019,Third Party insurance,6 Speed,Manual,5 Seats,BANGALORE
₹ 12.60 Lakh,SUV,"19,047 Kms",1st Owner,2021,18.15,Petrol,2021,Third Party,7-Speed,Automatic,5 Seats,BANGALORE
₹ 8.50 Lakh,SUV,"50,000 Kms",1st Owner,2020,17.0,Petrol,2020,Third Party insurance,6 Speed,Manual,5 Seats,BANGALORE
₹ 4.93 Lakh,Hatchback,"64,453 Kms",1st Owner,2018,23.1,Petrol,2018,Comprehensive,5 Speed,Automatic,5 Seats,BANGALORE
₹ 5.05 Lakh,Hatchback,"43,387 Kms",1st Owner,2018,18.5,Petrol,2018,Comprehensive,5 Speed,Manual,5 Seats,BANGALORE
₹ 8.25 Lakh,Hatchback,"36,538 Kms",1st Owner,2020,19.56,Petrol,2020,Third Party insurance,CVT,Automatic,5 Seats,BANGALORE
₹ 6.82 Lakh,Hatchback,"36,787 Kms",2nd Owner,2017,17.19,Petrol,2017,Zero Dep,5 Speed,Manual,5 Seats,BANGALORE
₹ 4.86 Lakh,Hatchback,"32,112 Kms",2nd Owner,2018,25.24,Petrol,2018,Comprehensive,5-Speed,Manual,5 Seats,BANGALORE
₹ 18 Lakh,SUV,"30,000 Kms",1st Owner,2022,18.9,Petrol,2022,Third Party insurance,6-speed,Manual,5 Seats,BANGALORE
₹ 5.40 Lakh,Hatchback,"53,701 Kms",1st Owner,2017,18.9,Petrol,2017,Comprehensive,5 Speed,Manual,5 Seats,BANGALORE
₹ 5.30 Lakh,Hatchback,"30,000 Kms",2nd Owner,2018,18.9,Petrol,2018,Third Party insurance,5 Speed,Manual,5 Seats,BANGALORE
₹ 4.07 Lakh,Hatchback,"26,085 Kms",2nd Owner,2020,22.05,Petrol,2020,Zero Dep,5 Speed,Manual,5 Seats,BANGALORE
₹ 4.53 Lakh,Hatchback,"46,894 Kms",3rd Owner,2016,18.9,Petrol,2016,Third Party insurance,5 Speed,Manual,5 Seats,BANGALORE
₹ 10.10 Lakh,SUV,"30,000 Kms",1st Owner,2021,18.2,Petrol,2021,Third Party insurance,6-Speed iMT,Manual,5 Seats,BANGALORE
₹ 16.75 Lakh,SUV,"53,692 Kms",2nd Owner,2017,12.0,Petrol,2017,Third Party insurance,5 Speed,Automatic,5 Seats,BANGALORE
₹ 16.45 Lakh,SUV,"37,809 Kms",2nd Owner,2018,15.1,Diesel,2018,Comprehensive,6 Speed,Automatic,7 Seats,BANGALORE
₹ 6.25 Lakh,Hatchback,"33,000 Kms",1st Owner,2018,23.84,Petrol,2018,Comprehensive,5 Speed,Automatic,5 Seats,BANGALORE
₹ 6.35 Lakh,Hatchback,"30,813 Kms",1st Owner,2022,20.52,Petrol,2022,Comprehensive,5 Speed,Manual,5 Seats,BANGALORE
₹ 5.50 Lakh,Sedan,"56,254 Kms",1st Owner,2013,23.9,Diesel,2013,Comprehensive,6 Speed ,Manual,5 Seats,BANGALORE
₹ 24.50 Lakh,Sedan,"58,000 Kms",1st Owner,2017,17.9,Diesel,2017,Comprehensive,7 Speed,Automatic,5 Seats,BANGALORE
₹ 10.25 Lakh,Sedan,"15,727 Kms",2nd Owner,2020,20.04,Petrol,2020,Third Party insurance,4 Speed,Automatic,5 Seats,BANGALORE
₹ 5.50 Lakh,Hatchback,"20,000 Kms",1st Owner,2017,110.0,Electric,2017,Third Party insurance,Direct Drive,Automatic,4 Seats,BANGALORE
₹ 9.50 Lakh,Hatchback,150 Kms,1st Owner,2023,18.9,Electric,2023,Third Party insurance,5 Speed,Automatic,4 Seats,BANGALORE
₹ 9.77 Lakh,Hatchback,"21,113 Kms",1st Owner,2021,20.0,Petrol,2021,Comprehensive,6 Speed IMT,Manual,5 Seats,BANGALORE
₹ 17.05 Lakh,Sedan,"71,775 Kms",1st Owner,2021,14.59,Diesel,2021,Comprehensive,6 Speed,Manual,5 Seats,BANGALORE
₹ 6.67 Lakh,Hatchback,"59,882 Kms",1st Owner,2018,22.56,Petrol,2018,Third Party,5-Speed,Automatic,5 Seats,BANGALORE
₹ 4.94 Lakh,Hatchback,"24,463 Kms",2nd Owner,2014,18.9,Petrol,2014,Comprehensive,4 Speed,Automatic,5 Seats,BANGALORE
₹ 6.36 Lakh,Sedan,"72,352 Kms",1st Owner,2015,17.4,Petrol,2015,Zero Dep,5 Speed ,Manual,5 Seats,BANGALORE
₹ 7.92 Lakh,SUV,"90,928 Kms",1st Owner,2017,23.0,Diesel,2017,Comprehensive,5 Speed,Manual,5 Seats,BANGALORE
₹ 6.95 Lakh,SUV,"10,000 Kms",2nd Owner,2021,20.0,Petrol,2021,Third Party insurance,5 Speed,Manual,5 Seats,BANGALORE
₹ 3.60 Lakh,Hatchback,"60,000 Kms",2nd Owner,2014,15.6,Petrol,2014,Third Party insurance,5 Speed,Manual,5 Seats,BANGALORE
"₹ 58,000 ",Minivans,"80,000 Kms",5th Owner,2017,14.0,Petrol,1998,Third Party insurance,4 Speed,Manual,5 Seats,BANGALORE
₹ 8.27 Lakh,SUV,"1,17,530 Kms",1st Owner,2016,24.3,Diesel,2016,Comprehensive,5 Speed,Manual,5 Seats,BANGALORE
₹ 3.82 Lakh,Hatchback,"1,02,814 Kms",1st Owner,2011,22.38,Petrol,2011,Comprehensive,5-Speed,Manual,5 Seats,BANGALORE
₹ 6.50 Lakh,Hatchback,"20,000 Kms",1st Owner,2021,19.01,Petrol,2021,Third Party insurance,5-Speed,Manual,5 Seats,BANGALORE
₹ 5.12 Lakh,Hatchback,"34,801 Kms",1st Owner,2017,23.1,Petrol,2017,Zero Dep,5 Speed,Automatic,5 Seats,BANGALORE
₹ 4.63 Lakh,Hatchback,"51,877 Kms",3rd Owner,2018,25.24,Petrol,2018,Comprehensive,5-Speed,Manual,5 Seats,BANGALORE
₹ 15 Lakh,Sedan,"10,000 Kms",1st Owner,2023,18.45,Petrol,2023,Third Party insurance,6 Speed IVT,Automatic,5 Seats,BANGALORE
₹ 5.25 Lakh,Hatchback,"17,125 Kms",2nd Owner,2018,21.63,Petrol,2018,Third Party,5 Speed,Manual,5 Seats,BANGALORE
₹ 4.60 Lakh,SUV,"30,000 Kms",1st Owner,2014,20.45,Diesel,2014,Third Party insurance,5 speed,Manual,5 Seats,BANGALORE
₹ 6.27 Lakh,Hatchback,"50,318 Kms",1st Owner,2016,21.4,Petrol,2016,Third Party insurance,5 Speed,Manual,5 Seats,BANGALORE
₹ 5.11 Lakh,Sedan,"46,123 Kms",1st Owner,2012,17.01,Petrol,2012,Comprehensive,5 Speed,Manual,5 Seats,BANGALORE
"₹ 55,000 ",Hatchback,"1,20,000 Kms",3rd Owner,2006,15.3,Petrol,2006,Third Party insurance,5 Speed,Manual,5 Seats,BANGALORE
₹ 6 Lakh,Hatchback,"70,000 Kms",2nd Owner,2015,22.54,Diesel,2015,Third Party insurance,6 Speed,Manual,5 Seats,BANGALORE
₹ 12.85 Lakh,Sedan,"33,360 Kms",1st Owner,2014,16.96,Diesel,2014,Comprehensive,6 Speed ,Automatic,5 Seats,BANGALORE
₹ 31.50 Lakh,SUV,"21,800 Kms",1st Owner,2022,12.65,Petrol,2022,Third Party insurance,7 Speed DCT,Automatic,5 Seats,BANGALORE
₹ 7.50 Lakh,Hatchback,"10,000 Kms",1st Owner,2023,19.33,Petrol,2023,Third Party insurance,5-Speed,Manual,5 Seats,BANGALORE
₹ 1.30 Lakh,Hatchback,"60,000 Kms",3rd Owner,2006,18.9,Petrol,2006,Third Party insurance,5 Speed,Manual,5 Seats,BANGALORE
₹ 18 Lakh,SUV,"10,000 Kms",1st Owner,2023,18.9,Electric,2023,Third Party insurance,5 Speed,Automatic,5 Seats,BANGALORE
₹ 9.85 Lakh,Hatchback,"11,045 Kms",1st Owner,2021,19.65,Petrol,2021,Third Party insurance,IVT,Automatic,5 Seats,BANGALORE
₹ 10.45 Lakh,Sedan,"51,406 Kms",1st Owner,2018,22.15,Diesel,2018,Third Party insurance,7 Speed,Automatic,5 Seats,BANGALORE
₹ 2 Lakh,Hatchback,"70,000 Kms",1st Owner,2012,25.0,Diesel,2012,Third Party insurance,5 Speed,Manual,5 Seats,BANGALORE
₹ 7.10 Lakh,Hatchback,"26,031 Kms",1st Owner,2017,21.4,Petrol,2017,Comprehensive,5 Speed,Manual,5 Seats,BANGALORE
₹ 5.86 Lakh,Hatchback,"30,740 Kms",1st Owner,2016,22.38,Petrol,2016,Comprehensive,5-Speed,Manual,5 Seats,BANGALORE
₹ 15 Lakh,SUV,"20,000 Kms",1st Owner,2022,14.82,Petrol,2022,Third Party insurance,8 Speed CVT,Automatic,5 Seats,BANGALORE
₹ 5.84 Lakh,Hatchback,"65,909 Kms",1st Owner,2017,20.89,Petrol,2017,Zero Dep,5 Speed,Automatic,5 Seats,BANGALORE
₹ 4.09 Lakh,Hatchback,"1,40,590 Kms",1st Owner,2013,18.5,Petrol,2013,Comprehensive,5 Speed,Manual,5 Seats,BANGALORE
₹ 21.75 Lakh,MUV,"32,953 Kms",2nd Owner,2019,10.75,Petrol,2019,Third Party insurance,6 Speed,Automatic,7 Seats,BANGALORE
₹ 7.38 Lakh,Sedan,"51,801 Kms",1st Owner,2019,21.21,Petrol,2019,Comprehensive,5 Speed,Automatic,5 Seats,BANGALORE
₹ 3.80 Lakh,Sedan,"80,000 Kms",1st Owner,2015,24.4,Diesel,2015,Third Party insurance,5 Speed ,Manual,5 Seats,BANGALORE
₹ 6.56 Lakh,Hatchback,"62,621 Kms",1st Owner,2017,18.6,Petrol,2017,Zero Dep,5 Speed,Manual,5 Seats,BANGALORE
₹ 4.83 Lakh,Hatchback,"79,068 Kms",1st Owner,2014,22.38,Petrol,2014,Comprehensive,5-Speed,Manual,5 Seats,BANGALORE
₹ 5.10 Lakh,Hatchback,"50,000 Kms",1st Owner,2018,22.0,Petrol,2018,Third Party insurance,5,Manual,5 Seats,BANGALORE
₹ 7.50 Lakh,Sedan,"30,000 Kms",2nd Owner,2018,21.73,Diesel,2018,Third Party insurance,7 Speed,Automatic,5 Seats,BANGALORE
₹ 1.85 Lakh,Hatchback,"72,000 Kms",2nd Owner,2008,19.81,Petrol,2008,Third Party insurance,5 Speed,Manual,5 Seats,BANGALORE
₹ 1.80 Lakh,Hatchback,"80,000 Kms",2nd Owner,2008,19.81,Petrol,2008,Third Party insurance,5 Speed,Manual,5 Seats,BANGALORE
₹ 19 Lakh,MUV,"10,000 Kms",1st Owner,2021,8.0,Petrol,2021,Third Party insurance,5 Speed,Manual,8 Seats,BANGALORE
₹ 21 Lakh,SUV,"20,000 Kms",1st Owner,2022,14.6,Diesel,2022,Third Party insurance,6-Speed,Automatic,5 Seats,BANGALORE
₹ 12.45 Lakh,SUV,"36,314 Kms",2nd Owner,2016,16.0,Diesel,2016,Comprehensive,6 Speed,Automatic,7 Seats,BANGALORE
₹ 3 Lakh,Hatchback,"67,000 Kms",1st Owner,2010,16.47,Petrol,2010,Third Party insurance,5 Speed,Manual,5 Seats,BANGALORE
₹ 13.50 Lakh,SUV,"30,000 Kms",1st Owner,2020,18.9,Electric,2020,Third Party insurance,5 Speed,Automatic,5 Seats,BANGALORE
₹ 14.50 Lakh,SUV,"21,236 Kms",1st Owner,2022,18.9,Electric,2022,Comprehensive,5 Speed,Automatic,5 Seats,BANGALORE
₹ 5.46 Lakh,Hatchback,"47,488 Kms",2nd Owner,2017,20.89,Petrol,2017,Comprehensive,5 Speed,Automatic,5 Seats,BANGALORE
₹ 5.33 Lakh,Hatchback,"56,814 Kms",1st Owner,2016,18.7,Petrol,2016,Comprehensive,5 Speed,Manual,5 Seats,BANGALORE
₹ 1.60 Lakh,Sedan,"90,000 Kms",1st Owner,2004,14.5,Petrol,2004,Third Party insurance,5 Speed,Automatic,5 Seats,BANGALORE
₹ 3.32 Lakh,Hatchback,"63,206 Kms",1st Owner,2012,20.36,Petrol,2012,Comprehensive,5 Speed,Manual,5 Seats,BANGALORE
₹ 8.09 Lakh,Sedan,"61,103 Kms",2nd Owner,2018,21.56,Petrol,2018,Comprehensive,5 Speed,Manual,5 Seats,BANGALORE
₹ 2 Lakh,Hatchback,"70,000 Kms",1st Owner,2008,19.7,Petrol,2008,Third Party insurance,5 Speed,Manual,5 Seats,BANGALORE
₹ 3.47 Lakh,Hatchback,"1,12,268 Kms",3rd Owner,2015,23.1,Petrol,2015,Comprehensive,5 Speed ,Automatic,5 Seats,BANGALORE
₹ 1.50 Lakh,Hatchback,"70,000 Kms",2nd Owner,2006,16.1,Petrol,2006,Third Party insurance,5 Speed,Manual,5 Seats,BANGALORE
₹ 13.59 Lakh,SUV,"97,346 Kms",1st Owner,2021,20.08,Petrol,2021,Comprehensive,6-Speed,Manual,5 Seats,BANGALORE
₹ 5.43 Lakh,Hatchback,"36,977 Kms",2nd Owner,2018,18.9,Petrol,2018,Comprehensive,5 Speed,Manual,5 Seats,BANGALORE
₹ 1.50 Lakh,Hatchback,"70,000 Kms",3rd Owner,2006,16.1,Petrol,2006,Third Party insurance,5 Speed,Manual,5 Seats,BANGALORE
₹ 4.75 Lakh,Hatchback,"60,000 Kms",2nd Owner,2013,21.27,Diesel,2013,Third Party insurance,6 Speed,Manual,5 Seats,BANGALORE
₹ 1.10 Lakh,Hatchback,"80,000 Kms",2nd Owner,2003,18.9,Petrol,2003,Third Party insurance,5 Speed,Manual,5 Seats,BANGALORE
₹ 3.50 Lakh,Hatchback,"35,000 Kms",2nd Owner,2016,24.04,Petrol,2016,Third Party insurance,5 Speed,Automatic,5 Seats,BANGALORE
₹ 1.35 Lakh,Hatchback,"1,00,000 Kms",3rd Owner,2006,15.3,Petrol,2006,Third Party insurance,5 Speed,Manual,5 Seats,BANGALORE
₹ 1.70 Lakh,Hatchback,"90,000 Kms",2nd Owner,2005,18.9,Petrol,2005,Third Party insurance,5 Speed,Manual,5 Seats,BANGALORE
₹ 28.50 Lakh,SUV,"85,700 Kms",1st Owner,2018,20.68,Diesel,2018,Comprehensive,8 Speed,Automatic,5 Seats,BANGALORE
₹ 27.50 Lakh,Sedan,"50,000 Kms",1st Owner,2016,19.27,Diesel,2016,Comprehensive,7 Speed,Automatic,5 Seats,BANGALORE
₹ 14.49 Lakh,MUV,"50,000 Kms",2nd Owner,2015,12.99,Diesel,2015,Third Party insurance,5 Speed,Manual,7 Seats,BANGALORE
₹ 3 Lakh,Hatchback,"50,000 Kms",1st Owner,2015,23.95,Petrol,2015,Third Party insurance,5 Speed,Manual,5 Seats,BANGALORE
₹ 3.77 Lakh,Hatchback,"40,082 Kms",2nd Owner,2014,20.51,Petrol,2014,Third Party,5 Speed,Manual,5 Seats,BANGALORE
₹ 6.38 Lakh,Sedan,"1,12,566 Kms",2nd Owner,2017,28.4,Diesel,2017,Comprehensive,5 Speed,Automatic,5 Seats,BANGALORE
₹ 15.75 Lakh,SUV,"68,000 Kms",1st Owner,2020,18.9,Petrol,2020,Comprehensive,7-speed DCT,Automatic,5 Seats,BANGALORE
₹ 6.74 Lakh,Hatchback,"61,978 Kms",1st Owner,2021,20.52,Petrol,2021,Comprehensive,5 Speed,Automatic,5 Seats,BANGALORE
₹ 6.13 Lakh,Hatchback,"27,658 Kms",1st Owner,2021,20.52,Petrol,2021,Third Party,5 Speed,Manual,5 Seats,BANGALORE
₹ 11.45 Lakh,SUV,"26,000 Kms",1st Owner,2019,16.8,Petrol,2019,Comprehensive,6-Speed,Manual,5 Seats,BANGALORE
₹ 5.95 Lakh,Hatchback,"43,371 Kms",2nd Owner,2015,18.6,Petrol,2015,Comprehensive,5 Speed,Manual,5 Seats,BANGALORE
₹ 4.50 Lakh,SUV,"1,20,000 Kms",2nd Owner,2014,22.7,Diesel,2014,Third Party insurance,5 Speed,Manual,5 Seats,BANGALORE
₹ 5.99 Lakh,Hatchback,"67,633 Kms",1st Owner,2017,18.7,Petrol,2017,Third Party insurance,5 Speed,Manual,5 Seats,BANGALORE
₹ 6.25 Lakh,Hatchback,"76,794 Kms",1st Owner,2016,21.4,Petrol,2016,Third Party insurance,5 Speed,Manual,5 Seats,BANGALORE
₹ 7.50 Lakh,MUV,"1,20,000 Kms",1st Owner,2011,12.8,Diesel,2011,Third Party insurance,5 Speed,Manual,8 Seats,BANGALORE
₹ 21.65 Lakh,MUV,"59,577 Kms",1st Owner,2018,11.36,Diesel,2018,Comprehensive,6 Speed,Automatic,8 Seats,BANGALORE
₹ 4.45 Lakh,Sedan,"1,00,000 Kms",2nd Owner,2010,18.3,Diesel,2010,Third Party insurance,5 Speed,Manual,5 Seats,BANGALORE
₹ 1.20 Lakh,Sedan,"1,00,000 Kms",3rd Owner,2004,13.4,Petrol,2004,Third Party insurance,5 Speed,Manual,5 Seats,BANGALORE
₹ 3.20 Lakh,Hatchback,"50,000 Kms",2nd Owner,2012,20.36,Petrol,2012,Third Party insurance,5 Speed,Manual,5 Seats,BANGALORE
₹ 13.50 Lakh,SUV,"20,000 Kms",1st Owner,2022,18.9,Diesel,2022,Third Party insurance,6-Speed,Automatic,5 Seats,BANGALORE
₹ 1.65 Lakh,Hatchback,"1,20,000 Kms",2nd Owner,2006,19.7,Petrol,2006,Third Party insurance,5 Speed,Manual,5 Seats,BANGALORE
₹ 5.25 Lakh,Hatchback,"50,000 Kms",2nd Owner,2018,16.3,Petrol,2018,Third Party insurance,5 Speed,Manual,5 Seats,BANGALORE
₹ 8.88 Lakh,SUV,"80,000 Kms",1st Owner,2015,19.67,Diesel,2015,Third Party insurance,6 Speed,Manual,5 Seats,BANGALORE
₹ 5.75 Lakh,SUV,"80,000 Kms",2nd Owner,2015,18.49,Diesel,2015,Comprehensive,5 Speed,Manual,7 Seats,BANGALORE
₹ 7.07 Lakh,Sedan,"94,932 Kms",1st Owner,2017,28.4,Diesel,2017,Comprehensive,5 Speed,Manual,5 Seats,BANGALORE
₹ 5.93 Lakh,Hatchback,"75,140 Kms",1st Owner,2016,21.4,Petrol,2016,Comprehensive,5 Speed,Manual,5 Seats,BANGALORE
₹ 2.50 Lakh,Hatchback,"88,000 Kms",1st Owner,2011,18.6,Petrol,2011,Third Party insurance,5 Speed,Manual,5 Seats,BANGALORE
₹ 6.85 Lakh,Hatchback,"73,969 Kms",1st Owner,2016,18.6,Petrol,2016,Comprehensive,5 Speed,Manual,5 Seats,BANGALORE
₹ 6.99 Lakh,Sedan,"62,598 Kms",1st Owner,2016,17.01,Petrol,2016,Comprehensive,5 Speed,Manual,5 Seats,BANGALORE
₹ 12 Lakh,Sedan,"70,000 Kms",2nd Owner,2017,14.28,Petrol,2017,Third Party insurance,7 Speed,Automatic,5 Seats,BANGALORE
₹ 4.25 Lakh,Hatchback,"24,343 Kms",2nd Owner,2021,22.05,Petrol,2021,Zero Dep,5 Speed,Manual,5 Seats,BANGALORE
₹ 3.80 Lakh,Hatchback,"1,10,000 Kms",2nd Owner,2014,22.07,Diesel,2014,Third Party insurance,5 Speed,Manual,5 Seats,BANGALORE
₹ 5.74 Lakh,Hatchback,"58,917 Kms",2nd Owner,2017,16.2,Petrol,2017,Third Party,5 Speed,Manual,5 Seats,BANGALORE
₹ 5.73 Lakh,Hatchback,"72,338 Kms",1st Owner,2016,22.38,Petrol,2016,Comprehensive,5-Speed,Manual,5 Seats,BANGALORE
"₹ 70,000 ",Hatchback,"50,000 Kms",1st Owner,2003,17.88,Diesel,2003,Third Party insurance,5 Speed,Manual,5 Seats,BANGALORE
₹ 6.85 Lakh,SUV,"1,10,000 Kms",3rd Owner,2015,16.0,Diesel,2015,Third Party insurance,6 Speed ,Manual,7 Seats,BANGALORE
₹ 4.25 Lakh,Hatchback,"41,000 Kms",2nd Owner,2012,18.4,Petrol,2012,Comprehensive,5 Speed,Automatic,5 Seats,BANGALORE
₹ 2.65 Lakh,Hatchback,"70,000 Kms",2nd Owner,2009,19.2,Petrol,2009,Third Party insurance,4 Speed,Automatic,5 Seats,BANGALORE
₹ 6 Lakh,Sedan,"25,887 Kms",1st Owner,2019,17.5,Petrol,2019,Comprehensive,5 Speed,Manual,5 Seats,BANGALORE
₹ 6.50 Lakh,Sedan,"40,000 Kms",1st Owner,2016,17.8,Petrol,2016,Third Party insurance,5 Speed,Manual,5 Seats,BANGALORE
₹ 4.30 Lakh,Hatchback,"50,000 Kms",1st Owner,2015,25.2,Diesel,2015,Third Party insurance,5 Speed,Manual,5 Seats,BANGALORE
₹ 5.30 Lakh,Minivans,"10,000 Kms",1st Owner,2021,16.11,Petrol,2021,Third Party insurance,5 Speed,Manual,7 Seats,BANGALORE
₹ 10.75 Lakh,Hatchback,"20,000 Kms",1st Owner,2022,18.24,Petrol,2022,Third Party insurance,6 Speed,Manual,5 Seats,BANGALORE
₹ 7.50 Lakh,Sedan,"60,000 Kms",2nd Owner,2017,17.0,Petrol,2017,Third Party insurance,6 Speed,Manual,5 Seats,BANGALORE
₹ 6.15 Lakh,Hatchback,"64,235 Kms",2nd Owner,2017,18.6,Petrol,2017,Third Party,5 Speed,Manual,5 Seats,BANGALORE
₹ 7.46 Lakh,Hatchback,"83,873 Kms",1st Owner,2018,27.39,Diesel,2018,Zero Dep,5 Speed,Manual,5 Seats,BANGALORE
₹ 3.70 Lakh,Sedan,"1,20,000 Kms",2nd Owner,2012,20.5,Diesel,2012,Third Party insurance,5 Speed,Manual,5 Seats,BANGALORE
₹ 6.67 Lakh,Sedan,"93,059 Kms",2nd Owner,2016,17.01,Petrol,2016,Comprehensive,5 Speed,Manual,5 Seats,BANGALORE
₹ 6.34 Lakh,Hatchback,"45,681 Kms",1st Owner,2017,21.4,Petrol,2017,Zero Dep,5 Speed,Manual,5 Seats,BANGALORE
"₹ 40,000 ",Sedan,"50,000 Kms",3rd Owner,2017,15.0,Petrol,1998,Third Party insurance,5 Speed,Manual,5 Seats,BANGALORE
₹ 5.79 Lakh,Hatchback,"45,938 Kms",2nd Owner,2017,18.7,Petrol,2017,Comprehensive,5 Speed,Manual,5 Seats,BANGALORE
₹ 5.10 Lakh,Hatchback,"40,000 Kms",1st Owner,2018,21.4,Petrol,2018,Third Party insurance,5 Speed,Manual,5 Seats,BANGALORE
₹ 6.34 Lakh,Hatchback,"57,423 Kms",2nd Owner,2018,22.38,Petrol,2018,Third Party insurance,5-Speed,Manual,5 Seats,BANGALORE
₹ 5.27 Lakh,Hatchback,"60,942 Kms",1st Owner,2015,18.9,Petrol,2015,Third Party,4 Speed,Automatic,5 Seats,BANGALORE
₹ 9 Lakh,SUV,"70,000 Kms",1st Owner,2018,13.0,Petrol,2018,Third Party insurance,6 Speed,Automatic,5 Seats,BANGALORE
₹ 15 Lakh,SUV,"80,000 Kms",2nd Owner,2018,17.1,Diesel,2018,Third Party insurance,6 Speed,Manual,5 Seats,BANGALORE
₹ 30 Lakh,SUV,"19,875 Kms",1st Owner,2021,18.6,Diesel,2021,Comprehensive,8-Speed,Automatic,5 Seats,BANGALORE
₹ 27.50 Lakh,SUV,"20,000 Kms",1st Owner,2022,18.9,Diesel,2022,Third Party insurance,6-Speed,Automatic,7 Seats,BANGALORE
₹ 6.50 Lakh,Hatchback,"10,000 Kms",2nd Owner,2021,20.7,Petrol,2021,Third Party insurance,5-Speed,Manual,5 Seats,BANGALORE
₹ 9.65 Lakh,MUV,"1,20,000 Kms",2nd Owner,2012,12.99,Diesel,2012,Third Party insurance,5 Speed,Manual,7 Seats,BANGALORE
₹ 36 Lakh,SUV,"20,000 Kms",1st Owner,2022,12.65,Petrol,2022,Third Party insurance,7 Speed DCT,Automatic,5 Seats,BANGALORE
₹ 4 Lakh,Sedan,"1,20,000 Kms",4th Owner,2013,22.32,Diesel,2013,Third Party insurance,6 Speed ,Manual,5 Seats,BANGALORE
₹ 3 Lakh,Sedan,"50,000 Kms",1st Owner,2009,16.0,Petrol,2009,Third Party insurance,Five Speed Manual,Manual,5 Seats,BANGALORE
₹ 34 Lakh,Sedan,"30,000 Kms",1st Owner,2018,21.76,Diesel,2018,Third Party insurance,8 Speed,Automatic,5 Seats,BANGALORE
₹ 9.82 Lakh,Hatchback,"14,949 Kms",1st Owner,2020,20.0,Petrol,2020,Zero Dep,6 Speed IMT,Manual,5 Seats,BANGALORE
₹ 6.74 Lakh,Hatchback,"77,995 Kms",1st Owner,2017,21.4,Petrol,2017,Comprehensive,CVT,Automatic,5 Seats,BANGALORE
₹ 8.10 Lakh,SUV,"20,000 Kms",1st Owner,2021,17.33,Petrol,2021,Third Party insurance,6 Speed,Manual,5 Seats,BANGALORE
₹ 7.92 Lakh,Sedan,"40,908 Kms",1st Owner,2020,20.65,Petrol,2020,Comprehensive,5 Speed,Manual,5 Seats,BANGALORE
₹ 5.13 Lakh,Hatchback,"39,693 Kms",2nd Owner,2016,18.9,Petrol,2016,Comprehensive,4 Speed,Automatic,5 Seats,BANGALORE
₹ 3.60 Lakh,Sedan,"40,000 Kms",1st Owner,2010,16.2,Petrol,2010,Third Party insurance,Five Speed Manual Transmission,Manual,5 Seats,BANGALORE
₹ 5.79 Lakh,Hatchback,"63,411 Kms",1st Owner,2016,22.38,Petrol,2016,Comprehensive,5-Speed,Manual,5 Seats,BANGALORE
₹ 5.50 Lakh,Hatchback,"30,000 Kms",1st Owner,2018,22.0,Petrol,2018,Third Party insurance,5,Manual,5 Seats,BANGALORE
₹ 3.83 Lakh,Hatchback,"94,221 Kms",2nd Owner,2014,18.9,Petrol,2014,Comprehensive,5 Speed,Manual,5 Seats,BANGALORE
₹ 6.05 Lakh,Hatchback,"93,975 Kms",1st Owner,2017,18.6,Petrol,2017,Third Party insurance,5 Speed,Manual,5 Seats,BANGALORE
₹ 9.85 Lakh,SUV,"30,000 Kms",1st Owner,2019,16.82,Petrol,2019,Third Party insurance,6 Speed,Manual,5 Seats,BANGALORE
₹ 9.35 Lakh,Hatchback,"30,155 Kms",2nd Owner,2020,18.24,Petrol,2020,Third Party,6 Speed,Manual,5 Seats,BANGALORE
₹ 6.75 Lakh,Hatchback,"59,006 Kms",2nd Owner,2016,16.47,Petrol,2016,Third Party insurance,5 Speed,Manual,5 Seats,BANGALORE
₹ 1.35 Lakh,Hatchback,"1,00,000 Kms",4th Owner,2004,17.3,Petrol,2004,Third Party insurance,5 Speed,Manual,5 Seats,BANGALORE
₹ 13.45 Lakh,SUV,"18,570 Kms",1st Owner,2022,16.35,Petrol,2022,Third Party,6-Speed,Automatic,5 Seats,BANGALORE
₹ 23.65 Lakh,MUV,"48,246 Kms",1st Owner,2021,12.0,Diesel,2021,Comprehensive,5 Speed,Manual,7 Seats,BANGALORE
₹ 32 Lakh,Sedan,"10,000 Kms",1st Owner,2017,19.27,Diesel,2017,Third Party insurance,7 Speed,Automatic,5 Seats,BANGALORE
₹ 7.34 Lakh,Hatchback,"61,263 Kms",1st Owner,2016,27.39,Diesel,2016,Third Party insurance,5 Speed,Manual,5 Seats,BANGALORE
₹ 7.01 Lakh,SUV,"65,507 Kms",2nd Owner,2017,17.5,Petrol,2017,Third Party,5 Speed,Manual,5 Seats,BANGALORE
₹ 5.35 Lakh,SUV,"1,00,000 Kms",1st Owner,2014,20.46,Diesel,2014,Third Party insurance,5 speed,Manual,5 Seats,BANGALORE
₹ 7.89 Lakh,SUV,"26,158 Kms",1st Owner,2017,17.5,Petrol,2017,Comprehensive,5 Speed,Manual,5 Seats,BANGALORE
₹ 5.48 Lakh,Hatchback,"35,250 Kms",1st Owner,2015,22.38,Petrol,2015,Comprehensive,5-Speed,Manual,5 Seats,BANGALORE
₹ 3.50 Lakh,SUV,"65,965 Kms",1st Owner,2012,17.21,Diesel,2012,Comprehensive,5 Speed ,Manual,7 Seats,BANGALORE
₹ 4.77 Lakh,Hatchback,"40,304 Kms",2nd Owner,2015,25.24,Petrol,2015,Comprehensive,5-Speed,Manual,5 Seats,BANGALORE
₹ 15.25 Lakh,SUV,"80,000 Kms",1st Owner,2013,12.35,Diesel,2013,Comprehensive,6 Speed,Automatic,5 Seats,BANGALORE
₹ 5.15 Lakh,Hatchback,"56,661 Kms",1st Owner,2014,22.38,Petrol,2014,Comprehensive,5-Speed,Manual,5 Seats,BANGALORE
₹ 5.62 Lakh,Hatchback,"90,213 Kms",2nd Owner,2016,18.6,Petrol,2016,Comprehensive,5 Speed,Manual,5 Seats,BANGALORE
₹ 3.45 Lakh,Sedan,"70,000 Kms",3rd Owner,2010,15.04,Petrol,2010,Third Party insurance,5 Speed,Manual,5 Seats,BANGALORE
₹ 4.75 Lakh,Sedan,"1,20,000 Kms",4th Owner,2013,22.32,Diesel,2013,Third Party insurance,6 Speed ,Manual,5 Seats,BANGALORE
₹ 6.70 Lakh,SUV,"10,000 Kms",2nd Owner,2021,18.75,Petrol,2021,Third Party insurance,5 Speed,Manual,5 Seats,BANGALORE
₹ 9.50 Lakh,Hatchback,"20,739 Kms",1st Owner,2021,17.1,Petrol,2021,Comprehensive,7 Speed,Automatic,5 Seats,BANGALORE
₹ 7 Lakh,Hatchback,"20,000 Kms",2nd Owner,2020,18.6,Petrol,2020,Third Party insurance,5 Speed,Manual,5 Seats,BANGALORE
"₹ 80,000 ",Sedan,"70,000 Kms",1st Owner,2004,14.2,Petrol,2004,Third Party insurance,5 Speed,Manual,5 Seats,BANGALORE
₹ 15 Lakh,SUV,"10,000 Kms",1st Owner,2021,15.2,Petrol,2021,Third Party insurance,6 Speed,Automatic,4 Seats,BANGALORE
₹ 3.70 Lakh,Sedan,"60,000 Kms",3rd Owner,2009,18.3,Diesel,2009,Third Party insurance,5 Speed,Manual,5 Seats,BANGALORE
₹ 32 Lakh,Sedan,"10,000 Kms",1st Owner,2017,19.27,Diesel,2017,Third Party insurance,7 Speed,Automatic,5 Seats,BANGALORE
₹ 5.50 Lakh,Hatchback,"70,000 Kms",1st Owner,2015,22.54,Diesel,2015,Third Party insurance,6 Speed,Manual,5 Seats,BANGALORE
₹ 5.81 Lakh,Hatchback,"47,127 Kms",2nd Owner,2015,18.6,Petrol,2015,Comprehensive,5 Speed,Manual,5 Seats,BANGALORE
₹ 5.82 Lakh,Hatchback,"47,038 Kms",1st Owner,2017,20.4,Petrol,2017,Comprehensive,5 Speed,Manual,5 Seats,BANGALORE
₹ 1.85 Lakh,Sedan,"1,20,000 Kms",3rd Owner,2007,17.7,Petrol,2007,Third Party insurance,5 Speed,Manual,5 Seats,BANGALORE
₹ 5.31 Lakh,Hatchback,"40,769 Kms",1st Owner,2018,18.9,Petrol,2018,Third Party,5 Speed,Manual,5 Seats,BANGALORE
₹ 5.58 Lakh,Hatchback,"34,757 Kms",1st Owner,2017,18.9,Petrol,2017,Comprehensive,5 Speed,Manual,5 Seats,BANGALORE
₹ 1.55 Lakh,Hatchback,"1,00,000 Kms",3rd Owner,2006,17.0,Petrol,2006,Third Party insurance,5 Speed,Manual,5 Seats,BANGALORE
₹ 5.08 Lakh,Hatchback,"88,119 Kms",2nd Owner,2016,18.9,Petrol,2016,Comprehensive,4 Speed,Automatic,5 Seats,BANGALORE
₹ 20.60 Lakh,SUV,"1,20,000 Kms",1st Owner,2015,12.55,Diesel,2015,Third Party insurance,5 Speed,Automatic,7 Seats,BANGALORE
₹ 5.42 Lakh,Hatchback,"57,176 Kms",1st Owner,2017,18.9,Petrol,2017,Third Party,5 Speed,Manual,5 Seats,BANGALORE
₹ 5.01 Lakh,Hatchback,"62,223 Kms",2nd Owner,2015,22.38,Petrol,2015,Comprehensive,5-Speed,Manual,5 Seats,BANGALORE
₹ 8.75 Lakh,MUV,"55,000 Kms",1st Owner,2018,19.34,Petrol,2018,Third Party insurance,5 Speed,Manual,7 Seats,BANGALORE
₹ 13.70 Lakh,SUV,"52,000 Kms",1st Owner,2020,18.9,Diesel,2020,Third Party insurance,6 Speed,Manual,7 Seats,BANGALORE
₹ 4.85 Lakh,Minivans,"63,251 Kms",1st Owner,2018,16.11,Petrol,2018,Comprehensive,5 Speed,Manual,5 Seats,BANGALORE
₹ 3 Lakh,Hatchback,"20,000 Kms",3rd Owner,2010,20.36,Petrol,2010,Third Party insurance,5 Speed,Manual,5 Seats,BANGALORE
₹ 3.50 Lakh,Sedan,"60,000 Kms",3rd Owner,2009,18.3,Diesel,2009,Third Party insurance,5 Speed,Manual,5 Seats,BANGALORE
₹ 32.50 Lakh,SUV,"20,000 Kms",1st Owner,2021,18.6,Diesel,2021,Third Party insurance,8-Speed,Automatic,5 Seats,BANGALORE
"₹ 55,000 ",Sedan,"80,000 Kms",2nd Owner,2004,14.2,Petrol,2004,Third Party insurance,5 Speed,Manual,5 Seats,BANGALORE
₹ 6.30 Lakh,Hatchback,"40,000 Kms",1st Owner,2018,18.9,Petrol,2018,Third Party insurance,4 Speed,Automatic,5 Seats,BANGALORE
₹ 24.75 Lakh,SUV,"20,000 Kms",1st Owner,2022,14.08,Diesel,2022,Third Party insurance,6-Speed,Automatic,7 Seats,BANGALORE
₹ 4.17 Lakh,Hatchback,"67,444 Kms",1st Owner,2012,18.5,Petrol,2012,Third Party insurance,5 Speed,Manual,5 Seats,BANGALORE
₹ 6.31 Lakh,Hatchback,"63,837 Kms",2nd Owner,2016,21.4,Petrol,2016,Comprehensive,CVT,Automatic,5 Seats,BANGALORE
₹ 4.65 Lakh,MUV,"61,000 Kms",2nd Owner,2012,14.0,Diesel,2012,Comprehensive,5 Speed,Manual,7 Seats,BANGALORE
₹ 5.44 Lakh,Hatchback,"60,777 Kms",1st Owner,2016,22.38,Petrol,2016,Third Party insurance,5-Speed,Manual,5 Seats,BANGALORE
₹ 7.04 Lakh,Hatchback,"39,248 Kms",2nd Owner,2016,21.4,Petrol,2016,Third Party insurance,5 Speed,Manual,5 Seats,BANGALORE
₹ 19.75 Lakh,Sedan,"66,000 Kms",1st Owner,2014,18.12,Diesel,2014,Comprehensive,8 Speed,Automatic,5 Seats,BANGALORE
₹ 3.59 Lakh,Hatchback,"96,198 Kms",1st Owner,2015,19.4,Petrol,2015,Comprehensive,5 Speed,Manual,5 Seats,BANGALORE
₹ 5.20 Lakh,Sedan,"50,000 Kms",2nd Owner,2013,16.8,Petrol,2013,Third Party insurance,5 Speed AT+ Paddle Shifters,Automatic,5 Seats,BANGALORE
₹ 3.35 Lakh,Hatchback,"81,207 Kms",3rd Owner,2015,20.51,Petrol,2015,Comprehensive,5 Speed,Manual,5 Seats,BANGALORE
₹ 7.66 Lakh,Hatchback,"48,148 Kms",1st Owner,2021,22.38,Petrol,2021,Third Party,5-Speed,Manual,5 Seats,BANGALORE
₹ 3.50 Lakh,Hatchback,"1,20,000 Kms",1st Owner,2015,23.1,Petrol,2015,Third Party insurance,5 Speed ,Manual,5 Seats,BANGALORE
₹ 4.80 Lakh,Sedan,"90,000 Kms",3rd Owner,2018,20.65,Diesel,2018,Third Party insurance,5 Speed,Manual,5 Seats,BANGALORE
₹ 8.22 Lakh,SUV,"60,000 Kms",2nd Owner,2017,18.06,Diesel,2017,Third Party insurance,5 Speed,Manual,7 Seats,BANGALORE
₹ 1.90 Lakh,Sedan,"1,20,000 Kms",4th Owner,2009,16.0,Petrol,2009,Third Party insurance,Five Speed Manual,Manual,5 Seats,BANGALORE
₹ 6 Lakh,Sedan,"70,000 Kms",3rd Owner,2008,11.7,Petrol,2008,Third Party insurance,5 Speed,Automatic,5 Seats,BANGALORE
₹ 9.95 Lakh,SUV,"30,000 Kms",1st Owner,2022,20.1,Diesel,2022,Third Party insurance,6 Speed,Manual,5 Seats,BANGALORE
₹ 1.20 Lakh,Hatchback,"30,000 Kms",3rd Owner,2017,14.0,Petrol,2001,Third Party insurance,4 Speed,Manual,5 Seats,BANGALORE
₹ 5.75 Lakh,SUV,"1,20,000 Kms",2nd Owner,2013,19.01,Diesel,2013,Third Party insurance,6 Speed,Manual,5 Seats,BANGALORE
₹ 37.95 Lakh,SUV,"64,389 Kms",2nd Owner,2018,17.9,Diesel,2018,Comprehensive,9 Speed,Automatic,5 Seats,BANGALORE
₹ 2.60 Lakh,Hatchback,"60,000 Kms",2nd Owner,2014,22.74,Petrol,2014,Third Party insurance,5 Speed,Manual,5 Seats,BANGALORE
₹ 5.39 Lakh,Hatchback,"67,245 Kms",1st Owner,2015,22.38,Petrol,2015,Comprehensive,5-Speed,Manual,5 Seats,BANGALORE
₹ 10.06 Lakh,Sedan,"30,518 Kms",2nd Owner,2018,17.0,Petrol,2018,Zero Dep,6 Speed,Automatic,5 Seats,BANGALORE
₹ 39 Lakh,Sedan,"20,000 Kms",1st Owner,2022,18.9,Petrol,2022,Third Party insurance,7-Speed DCT,Automatic,5 Seats,BANGALORE
₹ 7.96 Lakh,Sedan,"1,02,407 Kms",1st Owner,2018,28.09,Diesel,2018,Third Party,5 Speed,Manual,5 Seats,BANGALORE
₹ 6.36 Lakh,Hatchback,"53,606 Kms",1st Owner,2015,18.6,Petrol,2015,Zero Dep,5 Speed,Manual,5 Seats,BANGALORE
₹ 14 Lakh,SUV,"90,000 Kms",1st Owner,2015,17.67,Diesel,2015,Third Party insurance,6 Speed,Manual,5 Seats,BANGALORE
₹ 6.15 Lakh,Hatchback,"44,253 Kms",2nd Owner,2016,21.4,Petrol,2016,Comprehensive,5 Speed,Manual,5 Seats,BANGALORE
₹ 5 Lakh,Minivans,"40,000 Kms",1st Owner,2021,20.88,CNG,2021,Third Party insurance,5 Speed,Manual,5 Seats,BANGALORE
₹ 7.18 Lakh,Hatchback,"34,702 Kms",1st Owner,2021,19.01,Petrol,2021,Third Party,5-Speed,Manual,5 Seats,BANGALORE
₹ 4.36 Lakh,Hatchback,"42,762 Kms",1st Owner,2012,22.38,Petrol,2012,Third Party,5-Speed,Manual,5 Seats,BANGALORE
₹ 2.80 Lakh,Hatchback,"50,000 Kms",2nd Owner,2015,23.95,Petrol,2015,Third Party insurance,5 Speed,Manual,5 Seats,BANGALORE
₹ 7.80 Lakh,MUV,"30,000 Kms",1st Owner,2022,18.2,Petrol,2022,Third Party insurance,5 Speed,Automatic,7 Seats,BANGALORE
₹ 9 Lakh,SUV,"80,000 Kms",2nd Owner,2016,16.0,Diesel,2016,Third Party insurance,6 Speed,Automatic,7 Seats,BANGALORE
₹ 13 Lakh,MUV,"20,000 Kms",1st Owner,2022,26.11,CNG,2022,Third Party insurance,5-Speed,Manual,7 Seats,BANGALORE
₹ 3 Lakh,Sedan,"50,000 Kms",2nd Owner,2014,22.1,CNG,2014,Third Party insurance,5 Speed,Manual,5 Seats,BANGALORE
₹ 36.75 Lakh,Sedan,"28,000 Kms",1st Owner,2019,13.5,Petrol,2019,Comprehensive,8 Speed,Automatic,5 Seats,BANGALORE
₹ 6.70 Lakh,Sedan,"40,000 Kms",1st Owner,2020,21.21,Petrol,2020,Third Party insurance,5 Speed,Manual,5 Seats,BANGALORE
₹ 9 Lakh,Hatchback,"10,000 Kms",1st Owner,2020,21.01,Petrol,2020,Third Party insurance,5 Speed,Manual,5 Seats,BANGALORE
₹ 6 Lakh,Hatchback,"60,000 Kms",1st Owner,2016,21.4,Petrol,2016,Third Party insurance,5 Speed,Manual,5 Seats,BANGALORE
₹ 1.10 Lakh,Hatchback,"1,10,000 Kms",4th Owner,2008,18.0,Petrol,2008,Third Party insurance,5 Speed,Manual,5 Seats,BANGALORE
₹ 6.05 Lakh,Hatchback,"57,459 Kms",1st Owner,2016,18.6,Petrol,2016,Third Party insurance,5 Speed,Manual,5 Seats,BANGALORE
₹ 5.59 Lakh,Hatchback,"70,381 Kms",1st Owner,2017,18.9,Petrol,2017,Zero Dep,5 Speed,Manual,5 Seats,BANGALORE
₹ 2.68 Lakh,Hatchback,"90,000 Kms",3rd Owner,2012,22.07,Diesel,2012,Third Party insurance,5 Speed,Manual,5 Seats,BANGALORE
₹ 7.80 Lakh,Sedan,"80,648 Kms",1st Owner,2020,20.65,Petrol,2020,Comprehensive,5 Speed,Manual,5 Seats,BANGALORE
₹ 8.64 Lakh,SUV,"81,853 Kms",2nd Owner,2016,13.0,Petrol,2016,Comprehensive,6 Speed,Manual,5 Seats,BANGALORE
₹ 2.40 Lakh,Hatchback,"40,000 Kms",1st Owner,2009,17.92,Petrol,2009,Third Party insurance,5 Speed,Manual,5 Seats,BANGALORE
₹ 3.41 Lakh,Hatchback,"90,802 Kms",1st Owner,2012,19.4,Petrol,2012,Comprehensive,5 Speed,Manual,5 Seats,BANGALORE
₹ 2.40 Lakh,Hatchback,"40,000 Kms",1st Owner,2009,17.92,Petrol,2009,Third Party insurance,5 Speed,Manual,5 Seats,BANGALORE
₹ 5.13 Lakh,Hatchback,"16,502 Kms",1st Owner,2021,20.3,Petrol,2021,Zero Dep,5 Speed,Manual,5 Seats,BANGALORE
₹ 6.61 Lakh,Hatchback,"31,530 Kms",1st Owner,2021,20.89,Petrol,2021,Third Party,5 Speed,Manual,5 Seats,BANGALORE
₹ 8 Lakh,MUV,"1,20,000 Kms",2nd Owner,2017,24.52,Diesel,2017,Third Party insurance,5 Speed,Manual,7 Seats,BANGALORE
₹ 5.20 Lakh,Hatchback,"80,000 Kms",2nd Owner,2015,25.2,Diesel,2015,Third Party insurance,5 Speed,Manual,5 Seats,BANGALORE
₹ 6 Lakh,Sedan,"71,086 Kms",1st Owner,2014,18.0,Petrol,2014,Comprehensive,5 Speed CVT,Automatic,5 Seats,BANGALORE
₹ 3 Lakh,Hatchback,"1,10,000 Kms",2nd Owner,2011,21.1,Diesel,2011,Third Party insurance,5-Speed,Manual,5 Seats,BANGALORE
₹ 37.50 Lakh,SUV,"50,000 Kms",1st Owner,2020,10.91,Diesel,2020,Comprehensive,6 Speed,Automatic,7 Seats,BANGALORE
₹ 12.95 Lakh,Hatchback,"18,000 Kms",1st Owner,2021,20.25,Petrol,2021,Comprehensive,7 Speed,Automatic,5 Seats,BANGALORE
₹ 6.30 Lakh,Sedan,"60,000 Kms",2nd Owner,2014,17.4,Petrol,2014,Third Party insurance,5 Speed ,Manual,5 Seats,BANGALORE
₹ 4.75 Lakh,MUV,"1,20,000 Kms",3rd Owner,2016,13.58,Diesel,2016,Third Party insurance,5 Speed,Manual,10 Seats,BANGALORE
₹ 2.75 Lakh,Hatchback,"70,000 Kms",2nd Owner,2011,20.36,Petrol,2011,Third Party insurance,5 Speed,Manual,5 Seats,BANGALORE
₹ 5.75 Lakh,Hatchback,"25,000 Kms",4th Owner,2016,19.0,Petrol,2016,Comprehensive,5 Speed,Automatic,5 Seats,BANGALORE
₹ 3.38 Lakh,Hatchback,"69,210 Kms",1st Owner,2012,19.4,Petrol,2012,Third Party,5 Speed,Manual,5 Seats,BANGALORE
₹ 6.04 Lakh,Hatchback,"71,165 Kms",2nd Owner,2018,18.7,Petrol,2018,Comprehensive,5 Speed,Manual,5 Seats,BANGALORE
₹ 1.30 Crore,SUV,"10,000 Kms",1st Owner,2022,10.54,Petrol,2022,Third Party insurance,8-Speed Steptronic,Automatic,7 Seats,BANGALORE
₹ 3.27 Lakh,Sedan,"86,543 Kms",3rd Owner,2010,19.3,Diesel,2010,Third Party insurance,5 Speed,Manual,5 Seats,BANGALORE
₹ 6.21 Lakh,Hatchback,"67,225 Kms",1st Owner,2016,21.4,Petrol,2016,Third Party,CVT,Automatic,5 Seats,BANGALORE
₹ 2.40 Lakh,Hatchback,"1,00,000 Kms",3rd Owner,2017,25.0,Diesel,2017,Third Party insurance,5 Speed,Manual,5 Seats,BANGALORE
₹ 6.21 Lakh,Hatchback,"16,247 Kms",1st Owner,2018,18.9,Petrol,2018,Zero Dep,5 Speed,Manual,5 Seats,BANGALORE
₹ 1.40 Lakh,Sedan,"80,000 Kms",2nd Owner,2007,15.7,Petrol,2007,Third Party insurance,5 Speed,Manual,5 Seats,BANGALORE
₹ 7.08 Lakh,Hatchback,"39,481 Kms",2nd Owner,2017,21.4,Petrol,2017,Zero Dep,CVT,Automatic,5 Seats,BANGALORE
₹ 4.43 Lakh,Hatchback,"61,227 Kms",2nd Owner,2018,25.24,Petrol,2018,Third Party,5-Speed,Manual,5 Seats,BANGALORE
₹ 1.80 Lakh,Sedan,"80,000 Kms",4th Owner,2006,17.7,Petrol,2006,Third Party insurance,5 Speed,Manual,5 Seats,BANGALORE
₹ 7 Lakh,SUV,"1,12,521 Kms",1st Owner,2016,19.01,Diesel,2016,Comprehensive,6 Speed,Manual,5 Seats,BANGALORE
₹ 18 Lakh,SUV,"20,000 Kms",1st Owner,2020,17.41,Diesel,2020,Third Party insurance,6 Speed,Manual,5 Seats,BANGALORE
₹ 14.50 Lakh,Sedan,"20,000 Kms",1st Owner,2021,18.3,Petrol,2021,Third Party insurance,CVT,Automatic,5 Seats,BANGALORE
₹ 5.20 Lakh,Sedan,"60,000 Kms",2nd Owner,2016,17.0,Petrol,2016,Third Party insurance,5 Speed,Manual,5 Seats,BANGALORE
₹ 4.70 Lakh,Hatchback,"40,000 Kms",2nd Owner,2018,23.84,Petrol,2018,Third Party insurance,5 Speed,Manual,5 Seats,BANGALORE
₹ 6 Lakh,SUV,"50,000 Kms",1st Owner,2016,19.64,Diesel,2016,Third Party insurance,6 Speed,Manual,5 Seats,BANGALORE
₹ 18.50 Lakh,SUV,"1,00,000 Kms",2nd Owner,2016,15.17,Diesel,2016,Third Party insurance,7-Speed S-Tronic,Automatic,5 Seats,BANGALORE
₹ 4.60 Lakh,Hatchback,"20,000 Kms",2nd Owner,2017,140.0,Electric,2017,Third Party insurance,Direct Drive,Automatic,4 Seats,BANGALORE
"₹ 75,000 ",Sedan,"1,10,000 Kms",2nd Owner,2003,13.8,Petrol,2003,Third Party insurance,5 Speed,Manual,5 Seats,BANGALORE
₹ 6.49 Lakh,Hatchback,"63,359 Kms",2nd Owner,2017,21.4,Petrol,2017,Third Party,5 Speed,Manual,5 Seats,BANGALORE
₹ 6.57 Lakh,Hatchback,"1,25,227 Kms",2nd Owner,2017,22.54,Diesel,2017,Zero Dep,6 Speed,Manual,5 Seats,BANGALORE
₹ 4.20 Lakh,Hatchback,"1,00,000 Kms",2nd Owner,2012,22.07,Diesel,2012,Third Party insurance,5 Speed,Manual,5 Seats,BANGALORE
₹ 6.29 Lakh,Hatchback,"71,884 Kms",2nd Owner,2015,25.2,Diesel,2015,Third Party insurance,5 Speed,Manual,5 Seats,BANGALORE
₹ 3.22 Lakh,Hatchback,"79,059 Kms",2nd Owner,2012,19.4,Petrol,2012,Third Party insurance,5 Speed,Manual,5 Seats,BANGALORE
₹ 6.20 Lakh,Hatchback,"80,000 Kms",2nd Owner,2016,21.4,Petrol,2016,Third Party insurance,5 Speed,Manual,5 Seats,BANGALORE
₹ 4.35 Lakh,Hatchback,"69,124 Kms",1st Owner,2013,22.38,Petrol,2013,Third Party,5-Speed,Manual,5 Seats,BANGALORE
₹ 9.60 Lakh,MUV,"1,20,000 Kms",4th Owner,2012,12.99,Diesel,2012,Third Party insurance,5 Speed,Manual,8 Seats,BANGALORE
₹ 3.17 Lakh,Hatchback,"73,340 Kms",1st Owner,2010,18.5,Petrol,2010,Comprehensive,5 Speed,Manual,5 Seats,BANGALORE
₹ 5.74 Lakh,Hatchback,"44,268 Kms",2nd Owner,2017,18.9,Petrol,2017,Comprehensive,5 Speed,Manual,5 Seats,BANGALORE
₹ 7.80 Lakh,Hatchback,"10,000 Kms",1st Owner,2022,19.3,Petrol,2022,Third Party insurance,5 Speed,Manual,5 Seats,BANGALORE
₹ 8 Lakh,Hatchback,"60,000 Kms",1st Owner,2018,18.7,Petrol,2018,Third Party insurance,5 Speed,Manual,5 Seats,BANGALORE
₹ 9.25 Lakh,Sedan,"30,000 Kms",1st Owner,2020,18.6,Petrol,2020,Third Party insurance,6 Speed,Manual,5 Seats,BANGALORE
₹ 7.75 Lakh,Sedan,"50,000 Kms",1st Owner,2017,20.73,Petrol,2017,Third Party insurance,5 Speed,Manual,5 Seats,BANGALORE
"₹ 70,000 ",Hatchback,"80,000 Kms",2nd Owner,2011,26.0,Petrol,2011,Third Party insurance,4 Speed,Manual,4 Seats,BANGALORE
₹ 5 Lakh,SUV,"70,000 Kms",2nd Owner,2014,19.01,Diesel,2014,Third Party insurance,6 Speed,Manual,5 Seats,BANGALORE
₹ 3.50 Lakh,Sedan,"1,20,000 Kms",2nd Owner,2009,19.3,Diesel,2009,Third Party insurance,5 Speed,Manual,5 Seats,BANGALORE
₹ 11.25 Lakh,MUV,"1,20,000 Kms",2nd Owner,2012,12.99,Diesel,2012,Third Party insurance,5 Speed,Manual,7 Seats,BANGALORE
₹ 8.30 Lakh,Sedan,"20,000 Kms",2nd Owner,2020,18.3,Petrol,2020,Third Party insurance,CVT,Automatic,5 Seats,BANGALORE
₹ 14.75 Lakh,SUV,"37,354 Kms",1st Owner,2020,17.8,Diesel,2020,Third Party,6-Speed,Automatic,5 Seats,BANGALORE
₹ 8.34 Lakh,SUV,"80,426 Kms",2nd Owner,2014,15.1,Diesel,2014,Comprehensive,6 Speed ,Manual,7 Seats,BANGALORE
₹ 6.74 Lakh,Sedan,"89,801 Kms",1st Owner,2016,20.73,Petrol,2016,Comprehensive,5 Speed,Manual,5 Seats,BANGALORE
"₹ 65,000 ",Sedan,"1,20,000 Kms",4th Owner,2004,14.2,Petrol,2004,Third Party insurance,5 Speed,Manual,5 Seats,BANGALORE
₹ 5.47 Lakh,Hatchback,"69,199 Kms",2nd Owner,2019,18.9,Petrol,2019,Zero Dep,5 Speed,Manual,5 Seats,BANGALORE
₹ 4.13 Lakh,Hatchback,"78,249 Kms",3rd Owner,2012,22.38,Petrol,2012,Third Party insurance,5-Speed,Manual,5 Seats,BANGALORE
₹ 23.25 Lakh,MUV,"26,918 Kms",1st Owner,2018,13.68,Diesel,2018,Comprehensive,5 Speed,Manual,8 Seats,BANGALORE
₹ 7.09 Lakh,Hatchback,"29,905 Kms",1st Owner,2021,22.38,Petrol,2021,Zero Dep,5-Speed,Manual,5 Seats,BANGALORE
₹ 22.95 Lakh,MUV,"37,678 Kms",2nd Owner,2018,11.36,Diesel,2018,Comprehensive,6 Speed,Automatic,7 Seats,BANGALORE
₹ 5.28 Lakh,Hatchback,"60,442 Kms",2nd Owner,2017,18.7,Petrol,2017,Comprehensive,5 Speed,Manual,5 Seats,BANGALORE
₹ 6.91 Lakh,SUV,"66,463 Kms",1st Owner,2014,20.45,Diesel,2014,Comprehensive,5 speed,Manual,5 Seats,BANGALORE
₹ 11.45 Lakh,Sedan,"40,844 Kms",1st Owner,2020,16.24,Petrol,2020,Comprehensive,6 Speed,Automatic,5 Seats,BANGALORE
₹ 8.55 Lakh,Hatchback,"62,696 Kms",1st Owner,2021,18.9,Petrol,2021,Third Party,6 Speed,Manual,5 Seats,BANGALORE
₹ 8 Lakh,Hatchback,"30,000 Kms",1st Owner,2021,21.21,Petrol,2021,Third Party insurance,5,Automatic,5 Seats,BANGALORE
₹ 5.50 Lakh,Sedan,"44,000 Kms",1st Owner,2017,18.16,Petrol,2017,Comprehensive,5 Speed,Manual,5 Seats,BANGALORE
₹ 4 Lakh,Hatchback,"70,000 Kms",2nd Owner,2012,18.5,Petrol,2012,Third Party insurance,5 Speed,Manual,5 Seats,BANGALORE
₹ 1.30 Lakh,Hatchback,"1,20,000 Kms",1st Owner,2012,25.0,Diesel,2012,Third Party insurance,5 Speed,Manual,5 Seats,BANGALORE
₹ 3.75 Lakh,Sedan,"1,20,000 Kms",4th Owner,2012,22.32,Diesel,2012,Third Party insurance,6 Speed ,Manual,5 Seats,BANGALORE
₹ 6.50 Lakh,Sedan,"40,000 Kms",1st Owner,2020,21.21,Petrol,2020,Third Party insurance,5 Speed,Manual,5 Seats,BANGALORE
₹ 25.50 Lakh,SUV,"10,000 Kms",1st Owner,2021,14.1,Petrol,2021,Third Party insurance,7 Speed DCT,Automatic,5 Seats,BANGALORE
₹ 13 Lakh,SUV,"80,000 Kms",1st Owner,2021,18.9,Diesel,2021,Third Party insurance,6-Speed,Manual,5 Seats,BANGALORE
₹ 6.09 Lakh,Hatchback,"79,415 Kms",1st Owner,2016,21.4,Petrol,2016,Zero Dep,5 Speed,Manual,5 Seats,BANGALORE
₹ 6.78 Lakh,Sedan,"88,411 Kms",1st Owner,2017,26.59,Diesel,2017,Zero Dep,5 Speed,Automatic,5 Seats,BANGALORE
₹ 3.75 Lakh,Sedan,"1,20,000 Kms",4th Owner,2011,20.54,Diesel,2011,Third Party insurance,5 Speed,Manual,5 Seats,BANGALORE
₹ 4.49 Lakh,Hatchback,"1,06,516 Kms",1st Owner,2012,22.9,Diesel,2012,Third Party,5 Speed,Manual,5 Seats,BANGALORE
₹ 5.52 Lakh,Hatchback,"88,509 Kms",2nd Owner,2015,25.2,Diesel,2015,Comprehensive,5 Speed,Manual,5 Seats,BANGALORE
₹ 9.25 Lakh,SUV,"1,20,000 Kms",1st Owner,2015,15.1,Diesel,2015,Third Party insurance,6 Speed,Manual,7 Seats,BANGALORE
"₹ 56,000 ",Sedan,"80,000 Kms",2nd Owner,2004,14.2,Petrol,2004,Third Party insurance,5 Speed,Manual,5 Seats,BANGALORE
₹ 4.26 Lakh,Hatchback,"44,437 Kms",1st Owner,2013,22.38,Petrol,2013,Comprehensive,5-Speed,Manual,5 Seats,BANGALORE
₹ 6.07 Lakh,Hatchback,"83,731 Kms",2nd Owner,2015,22.54,Diesel,2015,Third Party insurance,6 Speed,Manual,5 Seats,BANGALORE
"₹ 56,000 ",Sedan,"80,000 Kms",2nd Owner,2004,14.2,Petrol,2004,Third Party insurance,5 Speed,Manual,5 Seats,BANGALORE
₹ 8.45 Lakh,SUV,"77,000 Kms",1st Owner,2018,16.5,Diesel,2018,Comprehensive,5 Speed,Manual,7 Seats,BANGALORE
₹ 16.50 Lakh,SUV,"23,000 Kms",2nd Owner,2020,18.9,Petrol,2020,Comprehensive,6-Speed DCT,Automatic,5 Seats,BANGALORE
₹ 2.40 Lakh,Hatchback,"1,10,000 Kms",3rd Owner,2012,20.0,Diesel,2012,Third Party insurance,5 Speed,Manual,5 Seats,BANGALORE
₹ 6.80 Lakh,Hatchback,"30,000 Kms",1st Owner,2022,20.52,Petrol,2022,Third Party insurance,5 Speed,Automatic,5 Seats,BANGALORE
₹ 5 Lakh,MUV,"1,20,000 Kms",2nd Owner,2006,12.8,Diesel,2006,Third Party insurance,5 Speed,Manual,7 Seats,BANGALORE
₹ 2.50 Lakh,Sedan,"60,000 Kms",2nd Owner,2011,13.7,Petrol,2011,Third Party insurance,5 Speed,Manual,5 Seats,BANGALORE
₹ 7.20 Lakh,Hatchback,"80,000 Kms",1st Owner,2018,21.4,Petrol,2018,Third Party insurance,5 Speed,Manual,5 Seats,BANGALORE
"₹ 60,000 ",Hatchback,"1,10,000 Kms",4th Owner,2011,26.0,Petrol,2011,Third Party insurance,4 Speed,Manual,4 Seats,BANGALORE
₹ 3.57 Lakh,Sedan,"70,000 Kms",5th Owner,2010,12.6,Petrol,2010,Third Party insurance,7 Speed,Automatic,5 Seats,BANGALORE
₹ 7.98 Lakh,Sedan,"45,621 Kms",1st Owner,2018,21.56,Petrol,2018,Third Party insurance,5 Speed,Manual,5 Seats,BANGALORE
₹ 8.58 Lakh,SUV,"38,199 Kms",2nd Owner,2018,20.37,Diesel,2018,Zero Dep,6 Speed,Manual,5 Seats,BANGALORE
"₹ 80,000 ",Sedan,"90,000 Kms",3rd Owner,2004,15.9,Petrol,2004,Third Party insurance,5 Speed,Manual,5 Seats,BANGALORE
₹ 6.08 Lakh,Hatchback,"91,660 Kms",1st Owner,2016,18.6,Petrol,2016,Zero Dep,5 Speed,Manual,5 Seats,BANGALORE
₹ 6.98 Lakh,Sedan,"51,947 Kms",2nd Owner,2015,17.4,Petrol,2015,Comprehensive,5 Speed ,Manual,5 Seats,BANGALORE
₹ 12.50 Lakh,MUV,"80,000 Kms",2nd Owner,2018,17.6,Diesel,2018,Third Party insurance,6 Speed,Manual,7 Seats,BANGALORE
₹ 7.51 Lakh,SUV,"76,836 Kms",2nd Owner,2016,23.65,Diesel,2016,Third Party insurance,5 Speed,Manual,5 Seats,BANGALORE
₹ 5.35 Lakh,Hatchback,"27,000 Kms",2nd Owner,2015,16.5,Petrol,2015,Comprehensive,5 Speed,Automatic,5 Seats,BANGALORE
₹ 10.35 Lakh,Sedan,"33,222 Kms",1st Owner,2017,17.0,Petrol,2017,Zero Dep,6 Speed,Automatic,5 Seats,BANGALORE
₹ 3.28 Lakh,Hatchback,"47,333 Kms",1st Owner,2013,19.81,Petrol,2013,Comprehensive,5 Speed,Manual,5 Seats,BANGALORE
₹ 7.25 Lakh,Hatchback,"20,000 Kms",1st Owner,2021,20.7,Petrol,2021,Third Party insurance,5-Speed,Automatic,5 Seats,BANGALORE
₹ 7.40 Lakh,Sedan,"46,000 Kms",1st Owner,2017,17.01,Petrol,2017,Comprehensive,5 Speed,Manual,5 Seats,BANGALORE
₹ 8.75 Lakh,MUV,"68,000 Kms",1st Owner,2012,12.99,Diesel,2012,Third Party insurance,5 Speed,Manual,7 Seats,BANGALORE
₹ 4.80 Lakh,Hatchback,"40,000 Kms",2nd Owner,2015,19.69,Petrol,2015,Third Party insurance,5 Speed,Manual,5 Seats,BANGALORE
"₹ 76,000 ",Sedan,"90,000 Kms",2nd Owner,2017,14.8,Diesel,2001,Third Party insurance,5 Speed,Manual,5 Seats,BANGALORE
₹ 1.90 Lakh,Sedan,"80,000 Kms",1st Owner,2010,15.3,Petrol,2010,Third Party insurance,5 Speed,Manual,5 Seats,BANGALORE
₹ 2.10 Lakh,Hatchback,"90,000 Kms",4th Owner,2010,19.81,Petrol,2010,Third Party insurance,5 Speed,Manual,5 Seats,BANGALORE
₹ 4.80 Lakh,Hatchback,"80,000 Kms",1st Owner,2014,25.2,Diesel,2014,Third Party insurance,5 Speed,Manual,5 Seats,BANGALORE
₹ 3.80 Lakh,Sedan,"1,50,000 Kms",2nd Owner,2012,22.32,Diesel,2012,Third Party insurance,4 Speed,Manual,5 Seats,BANGALORE
₹ 12.80 Lakh,SUV,"20,000 Kms",1st Owner,2022,17.57,Petrol,2022,Third Party insurance,6-Speed,Manual,5 Seats,BANGALORE
₹ 7.70 Lakh,SUV,"43,791 Kms",1st Owner,2016,15.63,Petrol,2016,Comprehensive,6 Speed,Automatic,5 Seats,BANGALORE
₹ 5.99 Lakh,Hatchback,"87,660 Kms",1st Owner,2018,22.56,Petrol,2018,Third Party insurance,5-Speed,Automatic,5 Seats,BANGALORE
₹ 8 Lakh,SUV,"90,000 Kms",5th Owner,2016,16.0,Diesel,2016,Third Party insurance,6 Speed ,Automatic,7 Seats,BANGALORE
₹ 2.32 Lakh,Hatchback,"71,938 Kms",3rd Owner,2011,17.92,Petrol,2011,Comprehensive,5 Speed,Manual,5 Seats,BANGALORE
₹ 5.25 Lakh,Sedan,"1,04,938 Kms",2nd Owner,2013,17.01,Petrol,2013,Comprehensive,5 Speed,Manual,5 Seats,BANGALORE
₹ 9.50 Lakh,Sedan,"30,000 Kms",1st Owner,2020,17.4,Petrol,2020,Third Party insurance,5 Speed,Manual,5 Seats,BANGALORE
₹ 6.35 Lakh,Sedan,"1,24,707 Kms",2nd Owner,2017,15.41,Petrol,2017,Third Party insurance,5 Speed,Manual,5 Seats,BANGALORE
₹ 4 Lakh,Hatchback,"70,000 Kms",2nd Owner,2012,22.07,Diesel,2012,Third Party insurance,5 Speed,Manual,5 Seats,BANGALORE
₹ 9.66 Lakh,SUV,"88,556 Kms",1st Owner,2017,13.0,Petrol,2017,Comprehensive,6 Speed,Manual,5 Seats,BANGALORE
₹ 7.81 Lakh,SUV,"48,743 Kms",1st Owner,2017,22.77,Diesel,2017,Comprehensive,5 Speed,Manual,5 Seats,BANGALORE
₹ 28 Lakh,SUV,"1,00,000 Kms",2nd Owner,2016,18.56,Diesel,2016,Third Party insurance,8 Speed,Automatic,5 Seats,BANGALORE
₹ 3.85 Lakh,Sedan,"1,00,000 Kms",2nd Owner,2012,13.7,Petrol,2012,Third Party insurance,7 Speed,Manual,5 Seats,BANGALORE
₹ 6 Lakh,SUV,"1,20,000 Kms",4th Owner,2012,15.1,Diesel,2012,Third Party insurance,6 Speed,Manual,7 Seats,BANGALORE
₹ 6 Lakh,SUV,"70,000 Kms",2nd Owner,2016,18.49,Diesel,2016,Third Party insurance,5 Speed,Manual,7 Seats,BANGALORE
₹ 3.65 Lakh,Sedan,"90,000 Kms",2nd Owner,2012,13.7,Petrol,2012,Third Party insurance,7 Speed,Manual,5 Seats,BANGALORE
₹ 7.49 Lakh,Pickup Trucks,"70,000 Kms",1st Owner,2019,18.9,Diesel,2019,Third Party insurance,5-Speed,Manual,5 Seats,BANGALORE
₹ 3.50 Lakh,Hatchback,"1,20,000 Kms",1st Owner,2014,20.3,Diesel,2014,Third Party insurance,5-Speed,Manual,5 Seats,BANGALORE
₹ 23.50 Lakh,SUV,"20,000 Kms",1st Owner,2022,14.2,Petrol,2022,Third Party insurance,6-speed,Automatic,6 Seats,BANGALORE
₹ 7 Lakh,Hatchback,"20,000 Kms",1st Owner,2020,18.6,Petrol,2020,Third Party insurance,5 Speed,Manual,5 Seats,BANGALORE
₹ 2.30 Lakh,Hatchback,"50,000 Kms",2nd Owner,2012,21.1,Petrol,2012,Third Party insurance,5 Speed,Manual,5 Seats,BANGALORE
₹ 8.75 Lakh,SUV,"51,338 Kms",1st Owner,2018,17.5,Petrol,2018,Comprehensive,5 Speed,Manual,5 Seats,BANGALORE
₹ 9.25 Lakh,SUV,"97,334 Kms",1st Owner,2017,15.29,Petrol,2017,Comprehensive,6 Speed,Manual,5 Seats,BANGALORE
₹ 7 Lakh,Hatchback,"20,000 Kms",1st Owner,2020,18.6,Petrol,2020,Third Party insurance,5 Speed,Manual,5 Seats,BANGALORE
₹ 9.30 Lakh,SUV,"53,031 Kms",2nd Owner,2016,13.0,Petrol,2016,Comprehensive,6 Speed,Manual,5 Seats,BANGALORE
₹ 8.98 Lakh,SUV,"51,580 Kms",2nd Owner,2016,13.0,Petrol,2016,Comprehensive,6 Speed,Manual,5 Seats,BANGALORE
₹ 23.95 Lakh,Sedan,"57,000 Kms",2nd Owner,2017,17.9,Diesel,2017,Comprehensive,7 Speed,Automatic,5 Seats,BANGALORE
₹ 4.49 Lakh,Hatchback,"23,920 Kms",1st Owner,2020,21.7,Petrol,2020,Third Party insurance,5 Speed,Manual,5 Seats,BANGALORE
₹ 14.85 Lakh,SUV,"65,000 Kms",1st Owner,2018,17.01,Diesel,2018,Comprehensive,6 Speed,Automatic,5 Seats,BANGALORE
₹ 3.35 Lakh,Hatchback,"66,434 Kms",2nd Owner,2012,19.4,Petrol,2012,Comprehensive,5 Speed,Manual,5 Seats,BANGALORE
₹ 8.25 Lakh,SUV,"54,097 Kms",1st Owner,2017,17.5,Petrol,2017,Comprehensive,5 Speed,Manual,5 Seats,BANGALORE
₹ 9.35 Lakh,Hatchback,"27,655 Kms",1st Owner,2021,19.56,Petrol,2021,Third Party,5-Speed,Automatic,5 Seats,BANGALORE
₹ 38.25 Lakh,Sedan,"14,955 Kms",1st Owner,2018,21.76,Diesel,2018,Third Party insurance,8 Speed,Automatic,5 Seats,BANGALORE
₹ 23.50 Lakh,SUV,"10,000 Kms",1st Owner,2022,14.2,Petrol,2022,Third Party insurance,6-speed,Automatic,7 Seats,BANGALORE
₹ 25 Lakh,SUV,"50,000 Kms",1st Owner,2020,18.4,Petrol,2020,Third Party insurance,7 Speed DSG,Automatic,5 Seats,BANGALORE
₹ 15.40 Lakh,SUV,"10,000 Kms",1st Owner,2022,16.8,Petrol,2022,Third Party insurance,6-Speed iMT,Manual,5 Seats,BANGALORE
₹ 12.90 Lakh,SUV,"70,000 Kms",2nd Owner,2019,17.6,Diesel,2019,Third Party insurance,6 Speed,Automatic,5 Seats,BANGALORE
"₹ 50,000 ",Sedan,"1,50,000 Kms",3rd Owner,2007,14.9,Diesel,2007,Third Party insurance,5 Speed,Manual,5 Seats,BANGALORE
₹ 10.25 Lakh,SUV,"10,000 Kms",2nd Owner,2021,18.2,Petrol,2021,Third Party insurance,6-Speed iMT,Manual,5 Seats,BANGALORE
₹ 6 Lakh,Sedan,"1,10,000 Kms",3rd Owner,2016,26.0,Diesel,2016,Third Party insurance,6 Speed,Manual,5 Seats,BANGALORE
₹ 4.35 Lakh,Minivans,"30,000 Kms",1st Owner,2020,16.11,Petrol,2020,Third Party insurance,5 Speed,Manual,7 Seats,BANGALORE
₹ 8.08 Lakh,SUV,"14,338 Kms",2nd Owner,2017,17.5,Petrol,2017,Third Party insurance,5 Speed,Manual,5 Seats,BANGALORE
₹ 4.35 Lakh,Minivans,"30,000 Kms",1st Owner,2020,16.11,Petrol,2020,Third Party insurance,5 Speed,Manual,7 Seats,BANGALORE
₹ 2.78 Lakh,Hatchback,"73,799 Kms",2nd Owner,2011,18.9,Petrol,2011,Comprehensive,5 Speed,Manual,5 Seats,BANGALORE
₹ 12.61 Lakh,SUV,"39,139 Kms",1st Owner,2021,16.5,Petrol,2021,Comprehensive,6 Speed,Automatic,5 Seats,BANGALORE
₹ 8.50 Lakh,SUV,"20,000 Kms",1st Owner,2020,17.52,Petrol,2020,Third Party insurance,5-Speed,Manual,5 Seats,BANGALORE
₹ 2.70 Lakh,Hatchback,"89,633 Kms",2nd Owner,2014,21.1,Petrol,2014,Third Party,5 Speed,Manual,5 Seats,BANGALORE
₹ 10 Lakh,SUV,"70,000 Kms",3rd Owner,2011,17.05,Diesel,2011,Third Party insurance,8-Speed ,Automatic,5 Seats,BANGALORE
₹ 8.45 Lakh,MUV,"16,826 Kms",2nd Owner,2017,20.51,Petrol,2017,Comprehensive,5-Speed,Manual,7 Seats,BANGALORE
₹ 5.08 Lakh,Hatchback,"25,133 Kms",2nd Owner,2017,20.89,Petrol,2017,Third Party insurance,5 Speed,Manual,5 Seats,BANGALORE
₹ 3.40 Lakh,Hatchback,"80,000 Kms",1st Owner,2018,24.7,Petrol,2018,Third Party insurance,5 Speed,Manual,5 Seats,BANGALORE
₹ 39 Lakh,SUV,"25,000 Kms",1st Owner,2020,18.9,Petrol,2020,Comprehensive,8 Speed,Automatic,5 Seats,BANGALORE
₹ 12.25 Lakh,MUV,"90,000 Kms",1st Owner,2014,12.99,Diesel,2014,Third Party insurance,5 Speed,Manual,8 Seats,BANGALORE
₹ 12.75 Lakh,MUV,"90,000 Kms",1st Owner,2014,12.99,Diesel,2014,Third Party insurance,5 Speed,Manual,8 Seats,BANGALORE
₹ 29 Lakh,SUV,"10,000 Kms",1st Owner,2022,14.1,Petrol,2022,Third Party insurance,7 Speed DCT,Automatic,5 Seats,BANGALORE
₹ 8 Lakh,SUV,"70,000 Kms",2nd Owner,2019,17.0,Petrol,2019,Third Party insurance,6 Speed,Manual,5 Seats,BANGALORE
₹ 28 Lakh,Sedan,"1,10,000 Kms",1st Owner,2016,13.0,Diesel,2016,Third Party insurance,7 Speed,Automatic,5 Seats,BANGALORE
₹ 1.50 Lakh,Hatchback,"20,000 Kms",2nd Owner,2006,18.9,Petrol,2006,Third Party insurance,5 Speed,Manual,5 Seats,BANGALORE
₹ 6.38 Lakh,SUV,"10,000 Kms",1st Owner,2021,18.75,Petrol,2021,Third Party insurance,5 Speed,Manual,5 Seats,BANGALORE
₹ 3.15 Lakh,Hatchback,"20,000 Kms",2nd Owner,2019,22.7,Petrol,2019,Third Party insurance,5-Speed,Manual,5 Seats,BANGALORE
₹ 13.28 Lakh,SUV,"34,990 Kms",1st Owner,2020,18.9,Diesel,2020,Comprehensive,6-Speed,Manual,5 Seats,BANGALORE
₹ 4.90 Lakh,Hatchback,"33,210 Kms",1st Owner,2016,23.1,Petrol,2016,Comprehensive,5 Speed ,Automatic,5 Seats,BANGALORE
₹ 10.50 Lakh,Sedan,"80,000 Kms",2nd Owner,2020,22.0,Diesel,2020,Third Party insurance,6 Speed,Manual,5 Seats,BANGALORE
₹ 4.30 Lakh,Hatchback,"28,051 Kms",2nd Owner,2015,26.68,Petrol,2015,Comprehensive,5-Speed,Automatic,5 Seats,BANGALORE
₹ 17.24 Lakh,MUV,"22,280 Kms",1st Owner,2022,16.5,Petrol,2022,Comprehensive,7-Speed DCT,Automatic,6 Seats,BANGALORE
₹ 2.70 Lakh,Hatchback,"1,20,000 Kms",2nd Owner,2007,17.8,Diesel,2007,Third Party insurance,5 Speed,Manual,5 Seats,BANGALORE
₹ 5.17 Lakh,Hatchback,"21,193 Kms",1st Owner,2017,18.9,Petrol,2017,Comprehensive,5 Speed,Manual,5 Seats,BANGALORE
₹ 4 Lakh,Sedan,"1,20,000 Kms",2nd Owner,2010,12.0,Petrol,2010,Third Party insurance,6 Speed,Automatic,5 Seats,BANGALORE
₹ 6.27 Lakh,Hatchback,"7,150 Kms",1st Owner,2021,20.7,Petrol,2021,Third Party,5-Speed,Manual,5 Seats,BANGALORE
₹ 5.10 Lakh,Hatchback,"13,262 Kms",1st Owner,2016,23.84,Petrol,2016,Third Party,5 Speed,Manual,5 Seats,BANGALORE
₹ 2.50 Lakh,Sedan,"1,00,000 Kms",3rd Owner,2012,17.3,Diesel,2012,Third Party insurance,6 Speed,Manual,5 Seats,BANGALORE
₹ 16 Lakh,SUV,"1,00,000 Kms",4th Owner,2012,16.09,Diesel,2012,Third Party insurance,8 Speed,Automatic,5 Seats,BANGALORE
₹ 5.75 Lakh,Hatchback,"1,00,000 Kms",2nd Owner,2016,21.4,Petrol,2016,Third Party insurance,5 Speed,Manual,5 Seats,BANGALORE
₹ 4.10 Lakh,MUV,"90,000 Kms",1st Owner,2014,18.2,Diesel,2014,Third Party insurance,5 Speed,Manual,7 Seats,BANGALORE
₹ 9.25 Lakh,SUV,"40,000 Kms",2nd Owner,2018,17.0,Petrol,2018,Third Party insurance,6 Speed,Automatic,5 Seats,BANGALORE
₹ 4.75 Lakh,Hatchback,"50,000 Kms",2nd Owner,2013,21.9,Diesel,2013,Third Party insurance,6 Speed,Manual,5 Seats,BANGALORE
₹ 1.85 Lakh,Hatchback,"50,000 Kms",3rd Owner,2015,25.4,Petrol,2015,Third Party insurance,4 Speed,Manual,4 Seats,BANGALORE
₹ 2.25 Lakh,Hatchback,"50,000 Kms",3rd Owner,2008,17.92,Petrol,2008,Third Party insurance,5 Speed,Manual,5 Seats,BANGALORE
₹ 32.75 Lakh,SUV,"21,000 Kms",1st Owner,2021,17.01,Petrol,2021,Comprehensive,7 Speed DSG,Automatic,7 Seats,BANGALORE
₹ 37.50 Lakh,SUV,"38,000 Kms",1st Owner,2019,18.0,Diesel,2019,Comprehensive,8 Speed,Automatic,5 Seats,BANGALORE
₹ 5.14 Lakh,MUV,"61,902 Kms",1st Owner,2019,20.0,Petrol,2019,Third Party,5-Speed,Manual,7 Seats,BANGALORE
₹ 3.47 Lakh,Hatchback,"38,396 Kms",1st Owner,2018,23.0,Petrol,2018,Comprehensive,5-Speed,Automatic,5 Seats,BANGALORE
₹ 1 Lakh,Sedan,"30,000 Kms",3rd Owner,2004,12.8,Petrol,2004,Third Party insurance,5 Speed,Manual,5 Seats,BANGALORE
₹ 13.29 Lakh,SUV,"7,561 Kms",1st Owner,2022,18.2,Petrol,2022,Comprehensive,6-Speed iMT,Manual,5 Seats,BANGALORE
₹ 3 Lakh,Hatchback,"30,000 Kms",1st Owner,2017,21.1,Petrol,2017,Third Party insurance,5 Speed,Manual,5 Seats,BANGALORE
₹ 13.58 Lakh,Sedan,"6,731 Kms",1st Owner,2022,19.47,Petrol,2022,Third Party,6-Speed,Manual,5 Seats,BANGALORE
₹ 15 Lakh,SUV,"20,000 Kms",1st Owner,2019,16.0,Petrol,2019,Third Party insurance,6 Speed,Manual,5 Seats,BANGALORE
₹ 6.42 Lakh,Hatchback,"55,567 Kms",1st Owner,2018,21.21,Petrol,2018,Third Party,5,Automatic,5 Seats,BANGALORE
₹ 9.11 Lakh,SUV,"48,938 Kms",2nd Owner,2021,18.24,Petrol,2021,Third Party insurance,CVT,Automatic,5 Seats,BANGALORE
₹ 5.50 Lakh,Hatchback,"80,000 Kms",2nd Owner,2017,28.4,Diesel,2017,Third Party insurance,5,Manual,5 Seats,BANGALORE
₹ 4.20 Lakh,SUV,"80,000 Kms",1st Owner,2013,19.01,Diesel,2013,Third Party insurance,6 Speed,Manual,5 Seats,BANGALORE
₹ 4.50 Lakh,Hatchback,"10,000 Kms",1st Owner,2010,15.6,Petrol,2010,Third Party insurance,5 Speed,Manual,5 Seats,BANGALORE
₹ 15.65 Lakh,SUV,"10,000 Kms",1st Owner,2022,16.8,Petrol,2022,Third Party insurance,6-Speed iMT,Manual,5 Seats,BANGALORE
₹ 4.50 Lakh,Hatchback,"60,000 Kms",2nd Owner,2016,23.84,Petrol,2016,Third Party insurance,5 Speed,Manual,5 Seats,BANGALORE
₹ 4.60 Lakh,Sedan,"71,545 Kms",1st Owner,2015,17.01,Petrol,2015,Comprehensive,6 Speed,Automatic,5 Seats,BANGALORE
₹ 2 Lakh,Hatchback,"60,000 Kms",1st Owner,2007,18.9,Petrol,2007,Third Party insurance,5 Speed,Manual,5 Seats,BANGALORE
₹ 6.79 Lakh,SUV,"80,000 Kms",2nd Owner,2016,18.49,Diesel,2016,Third Party insurance,5 Speed,Automatic,7 Seats,BANGALORE
₹ 2.30 Lakh,Minivans,"1,20,000 Kms",5th Owner,2015,10.9,CNG,2015,Third Party insurance,4 Speed,Manual,8 Seats,BANGALORE
₹ 12 Lakh,SUV,"60,000 Kms",1st Owner,2020,16.8,Petrol,2020,Third Party insurance,6-Speed,Manual,5 Seats,BANGALORE
₹ 5.43 Lakh,Hatchback,"56,577 Kms",1st Owner,2016,18.9,Petrol,2016,Comprehensive,4 Speed,Automatic,5 Seats,BANGALORE
₹ 10.35 Lakh,SUV,"56,974 Kms",2nd Owner,2018,13.0,Petrol,2018,Comprehensive,6 Speed,Automatic,5 Seats,BANGALORE
₹ 11.50 Lakh,SUV,"10,000 Kms",1st Owner,2021,18.0,Petrol,2021,Third Party insurance,iMT,Manual,5 Seats,BANGALORE
₹ 4.79 Lakh,Hatchback,"40,344 Kms",1st Owner,2013,18.5,Petrol,2013,Comprehensive,5 Speed,Manual,5 Seats,BANGALORE
₹ 7.36 Lakh,SUV,"36,216 Kms",3rd Owner,2018,23.0,Diesel,2018,Comprehensive,5 Speed,Manual,5 Seats,BANGALORE
₹ 5.30 Lakh,Hatchback,"10,000 Kms",1st Owner,2022,22.0,Petrol,2022,Third Party insurance,5 Speed,Automatic,5 Seats,BANGALORE
₹ 8.80 Lakh,SUV,"45,965 Kms",2nd Owner,2017,15.29,Petrol,2017,Comprehensive,6 Speed,Manual,5 Seats,BANGALORE
₹ 26 Lakh,MUV,"10,000 Kms",1st Owner,2021,8.0,Petrol,2021,Third Party insurance,6 Speed,Automatic,7 Seats,BANGALORE
₹ 7.89 Lakh,Sedan,"74,982 Kms",1st Owner,2016,18.0,Petrol,2016,Comprehensive,5 Speed CVT,Automatic,5 Seats,BANGALORE
₹ 10.30 Lakh,SUV,"21,925 Kms",1st Owner,2020,17.0,Petrol,2020,Comprehensive,6 Speed,Automatic,5 Seats,BANGALORE
₹ 6 Lakh,Sedan,"1,20,000 Kms",1st Owner,2015,21.66,Diesel,2015,Third Party insurance,7 Speed,Automatic,5 Seats,BANGALORE
₹ 2.50 Lakh,Sedan,"70,000 Kms",2nd Owner,2010,17.0,Petrol,2010,Third Party insurance,5 Speed,Manual,5 Seats,BANGALORE
₹ 3.90 Lakh,Sedan,"80,000 Kms",3rd Owner,2014,25.8,Diesel,2014,Third Party insurance,5 Speed,Manual,5 Seats,BANGALORE
₹ 2.80 Lakh,Hatchback,"90,000 Kms",2nd Owner,2009,16.1,Petrol,2009,Third Party insurance,5 Speed,Manual,5 Seats,BANGALORE
₹ 9.20 Lakh,SUV,"20,000 Kms",1st Owner,2021,18.75,Petrol,2021,Third Party insurance,5 Speed,Manual,5 Seats,BANGALORE
₹ 16 Lakh,SUV,"50,000 Kms",1st Owner,2021,18.9,Diesel,2021,Third Party insurance,6 Speed,Automatic,4 Seats,BANGALORE
₹ 6.50 Lakh,SUV,"10,000 Kms",1st Owner,2021,18.75,Petrol,2021,Third Party insurance,5 Speed,Manual,5 Seats,BANGALORE
₹ 2.40 Lakh,Hatchback,"80,000 Kms",4th Owner,2010,20.36,Petrol,2010,Third Party insurance,5 Speed,Manual,5 Seats,BANGALORE
₹ 44.45 Lakh,SUV,"61,000 Kms",1st Owner,2018,12.51,Diesel,2018,Comprehensive,9 Speed,Automatic,7 Seats,BANGALORE
₹ 13.50 Lakh,MUV,"50,000 Kms",1st Owner,2019,17.3,Diesel,2019,Third Party insurance,6 Speed,Manual,7 Seats,BANGALORE
₹ 3.12 Lakh,Hatchback,"50,406 Kms",1st Owner,2015,22.05,Petrol,2015,Comprehensive,5 Speed,Manual,5 Seats,BANGALORE
₹ 5.82 Lakh,Hatchback,"26,483 Kms",1st Owner,2017,18.9,Petrol,2017,Comprehensive,5 Speed,Manual,5 Seats,BANGALORE
₹ 1.50 Lakh,Hatchback,"80,000 Kms",2nd Owner,2015,25.0,Diesel,2015,Third Party insurance,5 Speed,Manual,5 Seats,BANGALORE
₹ 6.18 Lakh,SUV,"12,104 Kms",1st Owner,2018,18.15,Petrol,2018,Comprehensive,5 Speed,Manual,6 Seats,BANGALORE
₹ 9.16 Lakh,Hatchback,"23,721 Kms",1st Owner,2021,17.1,Petrol,2021,Comprehensive,7 Speed,Automatic,5 Seats,BANGALORE
₹ 3 Lakh,Hatchback,"80,000 Kms",1st Owner,2012,20.0,Diesel,2012,Third Party insurance,5 Speed,Manual,5 Seats,BANGALORE
₹ 5.55 Lakh,Hatchback,"8,212 Kms",1st Owner,2022,21.7,Petrol,2022,Comprehensive,5 Speed,Manual,5 Seats,BANGALORE
₹ 5 Lakh,Sedan,"80,000 Kms",3rd Owner,2011,11.9,Diesel,2011,Third Party insurance,5 Speed,Automatic,5 Seats,BANGALORE
₹ 9.50 Lakh,Hatchback,"9,358 Kms",1st Owner,2021,21.4,Petrol,2021,Comprehensive,CVT,Automatic,5 Seats,BANGALORE
₹ 6.08 Lakh,Sedan,"62,011 Kms",1st Owner,2016,22.41,Petrol,2016,Comprehensive,5 Speed,Manual,5 Seats,BANGALORE
₹ 1.25 Lakh,Sedan,"1,20,000 Kms",2nd Owner,2011,17.0,Diesel,2011,Third Party insurance,5 Speed,Manual,5 Seats,BANGALORE
₹ 17 Lakh,Sedan,"90,000 Kms",2nd Owner,2011,10.5,Petrol,2011,Third Party insurance,6 Speed,Automatic,4 Seats,BANGALORE
₹ 17 Lakh,Sedan,"90,000 Kms",2nd Owner,2011,10.5,Petrol,2011,Third Party insurance,6 Speed,Automatic,4 Seats,BANGALORE
₹ 2.25 Lakh,Hatchback,"50,000 Kms",1st Owner,2013,20.0,Diesel,2013,Third Party insurance,5 Speed,Manual,5 Seats,BANGALORE
₹ 2.49 Lakh,Hatchback,"1,00,000 Kms",2nd Owner,2010,19.4,Diesel,2010,Third Party insurance,5 Speed,Manual,5 Seats,BANGALORE
₹ 1.50 Lakh,SUV,"1,00,000 Kms",1st Owner,2008,14.4,Diesel,2008,Third Party insurance,5 Speed,Manual,8 Seats,BANGALORE
₹ 1.30 Lakh,Sedan,"1,20,000 Kms",5th Owner,2002,14.8,Diesel,2002,Third Party insurance,5 Speed,Manual,5 Seats,BANGALORE
"₹ 50,000 ",Sedan,"80,000 Kms",2nd Owner,2017,9.0,Petrol,2000,Third Party insurance,5 Speed,Automatic,5 Seats,BANGALORE
₹ 3.75 Lakh,Sedan,"50,000 Kms",2nd Owner,2015,18.0,Petrol,2015,Third Party insurance,5 Speed,Manual,5 Seats,BANGALORE
₹ 5.50 Lakh,Hatchback,"10,000 Kms",1st Owner,2022,21.74,Petrol,2022,Third Party insurance,5 Speed,Manual,5 Seats,BANGALORE
₹ 5.90 Lakh,Hatchback,"38,771 Kms",1st Owner,2019,18.9,Petrol,2019,Comprehensive,5 Speed,Manual,5 Seats,BANGALORE
₹ 5.11 Lakh,Hatchback,"42,174 Kms",1st Owner,2018,21.63,Petrol,2018,Comprehensive,AGS,Automatic,5 Seats,BANGALORE
₹ 2.60 Lakh,Sedan,"1,20,000 Kms",1st Owner,2017,19.09,Diesel,2017,Third Party insurance,5 Speed,Manual,5 Seats,BANGALORE
₹ 3.81 Lakh,Hatchback,"43,199 Kms",1st Owner,2017,23.01,Petrol,2017,Comprehensive,5 Speed,Manual,5 Seats,BANGALORE
₹ 8.19 Lakh,SUV,"65,000 Kms",2nd Owner,2014,15.1,Diesel,2014,Third Party,6 Speed ,Manual,7 Seats,BANGALORE
₹ 5.75 Lakh,Hatchback,"20,000 Kms",1st Owner,2016,21.4,Petrol,2016,Third Party insurance,5 Speed,Manual,5 Seats,BANGALORE
₹ 4.28 Lakh,Hatchback,"10,155 Kms",2nd Owner,2019,22.25,Petrol,2019,Third Party,5 Speed,Manual,5 Seats,BANGALORE
₹ 1.95 Lakh,Hatchback,"1,10,654 Kms",2nd Owner,2006,18.9,Petrol,2006,Comprehensive,5 Speed,Manual,5 Seats,BANGALORE
₹ 6.96 Lakh,Hatchback,"50,704 Kms",1st Owner,2020,21.21,Petrol,2020,Third Party,5,Manual,5 Seats,BANGALORE
₹ 7.40 Lakh,Hatchback,"34,725 Kms",1st Owner,2020,20.7,Petrol,2020,Comprehensive,5-Speed,Manual,5 Seats,BANGALORE
₹ 8.25 Lakh,SUV,"90,000 Kms",2nd Owner,2013,15.1,Diesel,2013,Third Party insurance,6 Speed ,Manual,7 Seats,BANGALORE
₹ 3 Lakh,Hatchback,"30,000 Kms",1st Owner,2011,19.81,Petrol,2011,Third Party insurance,5 Speed,Manual,5 Seats,BANGALORE
₹ 5 Lakh,Hatchback,"60,000 Kms",1st Owner,2016,27.28,Diesel,2016,Third Party insurance,5 Speed,Manual,5 Seats,BANGALORE
₹ 2.30 Lakh,Sedan,"1,20,000 Kms",2nd Owner,2013,21.64,Diesel,2013,Third Party insurance,5 Speed,Manual,5 Seats,BANGALORE
"₹ 75,000 ",Sedan,"80,000 Kms",2nd Owner,2004,14.2,Petrol,2004,Third Party insurance,5 Speed,Manual,5 Seats,BANGALORE
₹ 2.60 Lakh,Sedan,"60,000 Kms",1st Owner,2009,13.2,Petrol,2009,Third Party insurance,5 Speed,Manual,5 Seats,BANGALORE
₹ 2.40 Lakh,Hatchback,"57,709 Kms",1st Owner,2008,18.9,Petrol,2008,Comprehensive,5 Speed,Manual,5 Seats,BANGALORE
₹ 15 Lakh,SUV,"20,000 Kms",1st Owner,2022,15.2,Petrol,2022,Third Party insurance,6 Speed,Manual,4 Seats,BANGALORE
₹ 2.75 Lakh,Hatchback,"90,000 Kms",1st Owner,2010,20.36,Petrol,2010,Third Party insurance,5 Speed,Manual,5 Seats,BANGALORE
₹ 20 Lakh,Sedan,"60,000 Kms",2nd Owner,2014,16.36,Diesel,2014,Third Party insurance,8 Speed,Automatic,5 Seats,BANGALORE
₹ 10.13 Lakh,SUV,"26,224 Kms",2nd Owner,2016,16.0,Diesel,2016,Comprehensive,6 Speed ,Manual,7 Seats,BANGALORE
₹ 6.77 Lakh,Sedan,"32,196 Kms",2nd Owner,2016,17.8,Petrol,2016,Comprehensive,5 Speed,Manual,5 Seats,BANGALORE
₹ 9 Lakh,MUV,"1,20,000 Kms",1st Owner,2016,24.52,Diesel,2016,Third Party insurance,5 Speed,Manual,7 Seats,BANGALORE
₹ 5.91 Lakh,Hatchback,"56,672 Kms",3rd Owner,2017,18.6,Petrol,2017,Third Party insurance,5 Speed,Manual,5 Seats,BANGALORE
₹ 4.28 Lakh,Hatchback,"21,226 Kms",1st Owner,2020,21.7,Petrol,2020,Comprehensive,5 Speed,Manual,5 Seats,BANGALORE
₹ 11.45 Lakh,SUV,"1,05,000 Kms",2nd Owner,2010,11.5,Diesel,2010,Comprehensive,5 Speed,Manual,7 Seats,BANGALORE
₹ 6.97 Lakh,Hatchback,"10,346 Kms",1st Owner,2022,20.7,Petrol,2022,Third Party insurance,5-Speed,Manual,5 Seats,BANGALORE
₹ 6.30 Lakh,Sedan,"30,000 Kms",3rd Owner,2020,22.61,Petrol,2020,Third Party insurance,5 Speed,Automatic,5 Seats,BANGALORE
₹ 4.29 Lakh,Hatchback,"16,679 Kms",1st Owner,2021,22.05,Petrol,2021,Third Party insurance,5 Speed,Manual,5 Seats,BANGALORE
₹ 4.64 Lakh,Hatchback,"15,437 Kms",2nd Owner,2016,25.24,Petrol,2016,Comprehensive,5-Speed,Manual,5 Seats,BANGALORE
₹ 7.50 Lakh,MUV,"40,000 Kms",1st Owner,2019,20.0,Petrol,2019,Third Party insurance,5-Speed,Manual,7 Seats,BANGALORE
₹ 11 Lakh,SUV,"30,000 Kms",2nd Owner,2019,18.15,Petrol,2019,Third Party insurance,7-Speed,Automatic,5 Seats,BANGALORE
₹ 7 Lakh,Sedan,"90,000 Kms",1st Owner,2014,22.7,Diesel,2014,Third Party insurance,6 Speed ,Manual,5 Seats,BANGALORE
₹ 11 Lakh,Sedan,"1,10,000 Kms",2nd Owner,2013,15.8,Diesel,2013,Third Party insurance,6 Speed,Automatic,5 Seats,BANGALORE
₹ 16.95 Lakh,SUV,"20,000 Kms",1st Owner,2022,18.09,Petrol,2022,Comprehensive,6-speed,Manual,5 Seats,BANGALORE
₹ 20 Lakh,SUV,"1,20,000 Kms",1st Owner,2011,12.07,Diesel,2011,Third Party insurance,8 Speed Tiptronic,Automatic,7 Seats,BANGALORE
₹ 5 Lakh,Minivans,"10,000 Kms",1st Owner,2021,16.11,Petrol,2021,Third Party insurance,5 Speed,Manual,7 Seats,BANGALORE
₹ 2 Lakh,SUV,"1,10,000 Kms",3rd Owner,2005,11.1,Petrol,2005,Third Party insurance,6Speed,Manual,5 Seats,BANGALORE
₹ 27 Lakh,Sedan,"1,20,000 Kms",1st Owner,2017,19.33,Diesel,2017,Third Party insurance,8 Speed,Automatic,5 Seats,BANGALORE
₹ 3.60 Lakh,Hatchback,"50,000 Kms",1st Owner,2020,21.7,Petrol,2020,Third Party insurance,5-Speed,Manual,5 Seats,BANGALORE
₹ 7.33 Lakh,Hatchback,"15,017 Kms",1st Owner,2017,18.7,Petrol,2017,Comprehensive,5 Speed,Manual,5 Seats,BANGALORE
₹ 3.75 Lakh,Hatchback,"75,283 Kms",1st Owner,2013,18.9,Petrol,2013,Comprehensive,5 Speed,Manual,5 Seats,BANGALORE
₹ 18.85 Lakh,SUV,"54,568 Kms",2nd Owner,2021,16.35,Diesel,2021,Third Party insurance,6-Speed,Manual,5 Seats,BANGALORE
₹ 6.57 Lakh,Hatchback,"14,516 Kms",1st Owner,2016,18.6,Petrol,2016,Comprehensive,5 Speed,Manual,5 Seats,BANGALORE
₹ 7.29 Lakh,Hatchback,"53,627 Kms",1st Owner,2019,21.4,Petrol,2019,Comprehensive,CVT,Automatic,5 Seats,BANGALORE
₹ 8 Lakh,Sedan,"20,000 Kms",1st Owner,2021,19.28,Petrol,2021,Third Party insurance,5-Speed,Manual,5 Seats,BANGALORE
₹ 5.01 Lakh,Hatchback,"5,083 Kms",2nd Owner,2019,23.01,Petrol,2019,Third Party,5 Speed,Automatic,5 Seats,BANGALORE
₹ 6.50 Lakh,SUV,"1,00,000 Kms",2nd Owner,2016,18.49,Diesel,2016,Third Party insurance,5 Speed,Manual,7 Seats,BANGALORE
₹ 10.05 Lakh,Sedan,"50,666 Kms",1st Owner,2017,18.0,Petrol,2017,Third Party,CVT,Automatic,5 Seats,BANGALORE
₹ 11.93 Lakh,SUV,"16,962 Kms",1st Owner,2022,17.57,Petrol,2022,Third Party,6-Speed,Manual,5 Seats,BANGALORE
₹ 9 Lakh,Hatchback,"10,000 Kms",1st Owner,2019,18.78,Petrol,2019,Third Party insurance,5 Speed,Manual,5 Seats,BANGALORE
₹ 21.50 Lakh,SUV,"10,000 Kms",1st Owner,2022,18.9,Diesel,2022,Third Party insurance,6-Speed,Manual,7 Seats,BANGALORE
₹ 9.25 Lakh,Hatchback,"70,446 Kms",1st Owner,2017,17.21,Petrol,2017,Comprehensive,7 Speed,Automatic,5 Seats,BANGALORE
₹ 8.65 Lakh,Hatchback,"60,528 Kms",2nd Owner,2017,17.21,Petrol,2017,Third Party insurance,7 Speed,Automatic,5 Seats,BANGALORE
₹ 15.85 Lakh,SUV,"7,132 Kms",1st Owner,2021,20.08,Petrol,2021,Comprehensive,6-Speed,Manual,5 Seats,BANGALORE
₹ 1.20 Lakh,Sedan,"1,00,000 Kms",5th Owner,2009,17.8,Diesel,2009,Third Party insurance,5 Speed,Manual,5 Seats,BANGALORE
₹ 18 Lakh,SUV,"80,000 Kms",3rd Owner,2012,11.74,Diesel,2012,Third Party insurance,7 Speed,Automatic,5 Seats,BANGALORE
₹ 70 Lakh,SUV,"30,000 Kms",1st Owner,2018,8.9,Petrol,2018,Third Party insurance,9 Speed,Automatic,5 Seats,BANGALORE
₹ 1.95 Lakh,Hatchback,"1,20,000 Kms",3rd Owner,2015,17.88,Diesel,2015,Third Party insurance,5 Speed,Manual,5 Seats,BANGALORE
₹ 7.99 Lakh,Hatchback,"21,280 Kms",1st Owner,2018,18.6,Petrol,2018,Comprehensive,5 Speed,Manual,5 Seats,BANGALORE
₹ 6.89 Lakh,SUV,"82,021 Kms",1st Owner,2017,15.63,Petrol,2017,Zero Dep,6 Speed,Automatic,5 Seats,BANGALORE
₹ 10.68 Lakh,SUV,"18,998 Kms",1st Owner,2023,17.33,Petrol,2023,Third Party,6 Speed,Manual,5 Seats,BANGALORE
₹ 17.99 Lakh,SUV,"56,189 Kms",1st Owner,2018,16.3,Diesel,2018,Third Party insurance,6 Speed,Manual,5 Seats,BANGALORE
₹ 3.83 Lakh,Hatchback,"57,644 Kms",2nd Owner,2020,21.7,Petrol,2020,Third Party,5 Speed,Manual,5 Seats,BANGALORE
₹ 3.27 Lakh,Hatchback,"51,286 Kms",2nd Owner,2018,24.7,Petrol,2018,Comprehensive,5 Speed,Manual,5 Seats,BANGALORE
₹ 1.95 Lakh,SUV,"1,20,000 Kms",1st Owner,2012,17.21,Diesel,2012,Third Party insurance,5 Speed ,Manual,7 Seats,BANGALORE
₹ 6.39 Lakh,Hatchback,"27,937 Kms",1st Owner,2019,20.7,Petrol,2019,Third Party insurance,5-Speed,Manual,5 Seats,BANGALORE
₹ 5.75 Lakh,SUV,"64,000 Kms",2nd Owner,2013,20.45,Diesel,2013,Comprehensive,5 speed,Manual,5 Seats,BANGALORE
₹ 6.60 Lakh,SUV,"40,031 Kms",2nd Owner,2017,15.85,Petrol,2017,Comprehensive,5 Speed,Manual,5 Seats,BANGALORE
₹ 3.25 Lakh,Hatchback,"47,619 Kms",2nd Owner,2017,22.05,Petrol,2017,Comprehensive,5 Speed,Manual,5 Seats,BANGALORE
₹ 2.25 Lakh,Hatchback,"90,000 Kms",5th Owner,2009,17.0,Petrol,2009,Third Party insurance,5 Speed,Manual,5 Seats,BANGALORE
₹ 10.75 Lakh,SUV,"20,000 Kms",1st Owner,2022,18.76,Petrol,2022,Third Party insurance,4 Speed,Automatic,5 Seats,BANGALORE
₹ 9.75 Lakh,SUV,"20,000 Kms",1st Owner,2022,17.03,Petrol,2022,Third Party insurance,5 Speed,Manual,5 Seats,BANGALORE
₹ 3 Lakh,Hatchback,"70,000 Kms",3rd Owner,2010,20.36,Petrol,2010,Third Party insurance,5 Speed,Manual,5 Seats,BANGALORE
₹ 2.90 Lakh,Sedan,"1,10,000 Kms",3rd Owner,2011,21.5,Diesel,2011,Third Party insurance,5 Speed,Manual,5 Seats,BANGALORE
₹ 2.60 Lakh,Hatchback,"40,000 Kms",3rd Owner,2012,19.4,Petrol,2012,Third Party insurance,5 Speed,Manual,5 Seats,BANGALORE
₹ 3.60 Lakh,Sedan,"1,00,000 Kms",3rd Owner,2012,21.64,Diesel,2012,Third Party insurance,5 Speed,Manual,5 Seats,BANGALORE
₹ 15 Lakh,SUV,"10,000 Kms",4th Owner,2013,16.55,Diesel,2013,Third Party insurance,5 Speed,Automatic,5 Seats,BANGALORE
₹ 2.50 Lakh,Hatchback,"60,000 Kms",4th Owner,2017,21.1,Petrol,2017,Third Party insurance,5 Speed,Manual,5 Seats,BANGALORE
₹ 17.74 Lakh,SUV,"24,000 Kms",1st Owner,2021,18.9,Petrol,2021,Comprehensive,6 Speed,Automatic,4 Seats,BANGALORE
₹ 10.73 Lakh,SUV,"30,535 Kms",2nd Owner,2020,18.0,Petrol,2020,Third Party,iMT,Manual,5 Seats,BANGALORE
₹ 3.49 Lakh,Hatchback,"20,229 Kms",2nd Owner,2017,23.95,Petrol,2017,Third Party,5 Speed,Manual,5 Seats,BANGALORE
₹ 4.85 Lakh,Hatchback,"35,800 Kms",1st Owner,2018,21.63,Petrol,2018,Third Party insurance,5 Speed,Manual,5 Seats,BANGALORE
₹ 5.91 Lakh,Hatchback,"11,453 Kms",1st Owner,2021,20.52,Petrol,2021,Comprehensive,5 Speed,Manual,5 Seats,BANGALORE
₹ 6.57 Lakh,Hatchback,"35,410 Kms",1st Owner,2016,18.6,Petrol,2016,Comprehensive,5 Speed,Manual,5 Seats,BANGALORE
₹ 2.10 Lakh,Hatchback,"50,000 Kms",1st Owner,2009,19.7,Petrol,2009,Third Party insurance,5 Speed,Manual,5 Seats,BANGALORE
₹ 5.91 Lakh,Hatchback,"49,948 Kms",1st Owner,2018,18.9,Petrol,2018,Third Party insurance,4 Speed,Automatic,5 Seats,BANGALORE
₹ 5.10 Lakh,Hatchback,"77,000 Kms",2nd Owner,2014,22.07,Diesel,2014,Comprehensive,5 Speed,Manual,5 Seats,BANGALORE
₹ 6.58 Lakh,Hatchback,"48,285 Kms",1st Owner,2017,18.6,Petrol,2017,Comprehensive,5 Speed,Manual,5 Seats,BANGALORE
₹ 5.14 Lakh,Hatchback,"19,062 Kms",1st Owner,2021,21.74,Petrol,2021,Comprehensive,5 Speed,Manual,5 Seats,BANGALORE
₹ 3.30 Lakh,Hatchback,"70,000 Kms",2nd Owner,2011,16.95,Petrol,2011,Third Party insurance,4-Speed,Automatic,5 Seats,BANGALORE
₹ 22.50 Lakh,Sedan,"1,20,000 Kms",2nd Owner,2015,13.0,Diesel,2015,Third Party insurance,7 Speed,Automatic,5 Seats,BANGALORE
₹ 9.50 Lakh,Hatchback,"10,000 Kms",1st Owner,2022,19.3,Petrol,2022,Third Party insurance,6 Speed,Manual,5 Seats,BANGALORE
₹ 4.95 Lakh,Hatchback,"80,000 Kms",3rd Owner,2014,16.47,Petrol,2014,Third Party insurance,5 Speed,Manual,5 Seats,BANGALORE
₹ 1.10 Lakh,Hatchback,"80,000 Kms",2nd Owner,2007,15.5,Petrol,2007,Third Party insurance,5 Speed,Manual,5 Seats,BANGALORE
₹ 3.30 Lakh,Sedan,"87,000 Kms",1st Owner,2011,17.6,Petrol,2011,Comprehensive,5 Speed,Manual,5 Seats,BANGALORE
₹ 7.75 Lakh,Sedan,"80,000 Kms",1st Owner,2016,22.15,Diesel,2016,Third Party insurance,7 Speed,Automatic,5 Seats,BANGALORE
₹ 2.60 Lakh,Hatchback,"1,10,000 Kms",2nd Owner,2010,18.9,Petrol,2010,Third Party insurance,5 Speed,Manual,5 Seats,BANGALORE
₹ 3 Lakh,Sedan,"90,000 Kms",3rd Owner,2009,16.8,Petrol,2009,Third Party insurance,5 Speed,Automatic,5 Seats,BANGALORE
₹ 6.50 Lakh,Hatchback,"30,000 Kms",1st Owner,2019,21.21,Petrol,2019,Third Party insurance,5,Automatic,5 Seats,BANGALORE
₹ 3.75 Lakh,Hatchback,"56,276 Kms",1st Owner,2016,23.95,Petrol,2016,Comprehensive,5 Speed,Manual,5 Seats,BANGALORE
₹ 6.47 Lakh,Hatchback,"27,103 Kms",1st Owner,2016,18.6,Petrol,2016,Comprehensive,5 Speed,Manual,5 Seats,BANGALORE
₹ 2.45 Lakh,Hatchback,"80,000 Kms",2nd Owner,2011,20.0,Diesel,2011,Third Party insurance,5 Speed,Manual,5 Seats,BANGALORE
₹ 5.91 Lakh,Hatchback,"46,507 Kms",1st Owner,2017,20.89,Petrol,2017,Zero Dep,5 Speed,Automatic,5 Seats,BANGALORE
₹ 5.75 Lakh,Hatchback,"30,000 Kms",1st Owner,2018,18.9,Petrol,2018,Third Party insurance,5 Speed,Manual,5 Seats,BANGALORE
₹ 6.59 Lakh,Sedan,"39,070 Kms",1st Owner,2017,21.21,Petrol,2017,Zero Dep,5 Speed,Manual,5 Seats,BANGALORE
₹ 7.20 Lakh,Sedan,"1,20,000 Kms",1st Owner,2019,23.59,Diesel,2019,Third Party insurance,5 Speed,Manual,5 Seats,BANGALORE
₹ 7.33 Lakh,Hatchback,"22,438 Kms",1st Owner,2020,21.01,Petrol,2020,Third Party insurance,5 Speed,Manual,5 Seats,BANGALORE
₹ 8.67 Lakh,Hatchback,"21,225 Kms",2nd Owner,2020,21.4,Petrol,2020,Zero Dep,CVT,Automatic,5 Seats,BANGALORE
₹ 8.50 Lakh,Hatchback,"28,737 Kms",1st Owner,2019,18.2,Petrol,2019,Comprehensive,5 Speed,Automatic,5 Seats,BANGALORE
₹ 9.20 Lakh,SUV,"20,000 Kms",1st Owner,2021,20.5,Petrol,2021,Third Party insurance,5 Speed,Manual,5 Seats,BANGALORE
₹ 7.20 Lakh,Hatchback,"30,000 Kms",1st Owner,2019,22.54,Diesel,2019,Third Party insurance,6 Speed,Manual,5 Seats,BANGALORE
₹ 1.20 Lakh,Hatchback,"70,000 Kms",3rd Owner,2009,18.0,Petrol,2009,Third Party insurance,5 Speed,Manual,5 Seats,BANGALORE
₹ 6.50 Lakh,Sedan,"1,20,000 Kms",2nd Owner,2010,14.84,Diesel,2010,Third Party insurance,7 Speed,Automatic,5 Seats,BANGALORE
₹ 3.50 Lakh,Hatchback,"80,000 Kms",2nd Owner,2012,18.5,Petrol,2012,Third Party insurance,5 Speed,Manual,5 Seats,BANGALORE
₹ 3.60 Lakh,Hatchback,"1,00,000 Kms",2nd Owner,2010,22.07,Diesel,2010,Third Party insurance,5 Speed,Manual,5 Seats,BANGALORE
₹ 16 Lakh,Sedan,"80,000 Kms",1st Owner,2013,17.68,Diesel,2013,Third Party insurance,8 Speed,Automatic,5 Seats,BANGALORE
₹ 2 Lakh,Hatchback,"40,000 Kms",3rd Owner,2009,19.5,Petrol,2009,Third Party insurance,5 Speed,Manual,5 Seats,BANGALORE
₹ 16 Lakh,Sedan,"70,000 Kms",1st Owner,2018,21.0,Diesel,2018,Third Party insurance,6 Speed,Manual,5 Seats,BANGALORE
₹ 3.81 Lakh,Hatchback,"90,106 Kms",2nd Owner,2013,21.9,Diesel,2013,Third Party insurance,6 Speed,Manual,5 Seats,BANGALORE
₹ 4 Lakh,Sedan,"50,000 Kms",1st Owner,2009,13.7,Petrol,2009,Third Party insurance,7 Speed,Manual,5 Seats,BANGALORE
₹ 3.89 Lakh,Hatchback,"1,38,175 Kms",1st Owner,2016,26.68,Petrol,2016,Zero Dep,5-Speed,Automatic,5 Seats,BANGALORE
₹ 4.45 Lakh,Hatchback,"55,609 Kms",1st Owner,2019,23.01,Petrol,2019,Third Party insurance,5 Speed,Manual,5 Seats,BANGALORE
₹ 1.86 Lakh,Hatchback,"1,20,000 Kms",3rd Owner,2015,17.88,Diesel,2015,Third Party insurance,5 Speed,Manual,5 Seats,BANGALORE
₹ 6.42 Lakh,Hatchback,"56,410 Kms",1st Owner,2018,22.56,Petrol,2018,Comprehensive,5-Speed,Automatic,5 Seats,BANGALORE
₹ 7.25 Lakh,Hatchback,"30,000 Kms",1st Owner,2022,22.35,Petrol,2022,Third Party insurance,5 Speed,Manual,5 Seats,BANGALORE
₹ 6.16 Lakh,Hatchback,"77,593 Kms",1st Owner,2017,18.6,Petrol,2017,Comprehensive,5 Speed,Manual,5 Seats,BANGALORE
₹ 6.94 Lakh,SUV,"49,538 Kms",1st Owner,2018,17.5,Petrol,2018,Third Party,5 Speed,Manual,5 Seats,BANGALORE
₹ 4 Lakh,Sedan,"87,000 Kms",4th Owner,2012,17.3,Diesel,2012,Third Party insurance,6 Speed,Manual,5 Seats,BANGALORE
₹ 6.50 Lakh,SUV,"80,000 Kms",1st Owner,2016,15.96,Diesel,2016,Third Party insurance,5 Speed,Manual,9 Seats,BANGALORE
₹ 3 Lakh,Hatchback,"50,000 Kms",2nd Owner,2018,22.5,Petrol,2018,Third Party insurance,5-Speed,Manual,5 Seats,BANGALORE
₹ 4 Lakh,Hatchback,"1,20,000 Kms",1st Owner,2012,22.9,Diesel,2012,Third Party insurance,5 Speed,Manual,5 Seats,BANGALORE
₹ 6.49 Lakh,Hatchback,"30,000 Kms",1st Owner,2018,22.0,Petrol,2018,Third Party insurance,5,Manual,5 Seats,BANGALORE
₹ 3.60 Lakh,Hatchback,"1,00,000 Kms",2nd Owner,2010,22.07,Diesel,2010,Third Party insurance,5 Speed,Manual,5 Seats,BANGALORE
₹ 3.60 Lakh,Hatchback,"1,00,000 Kms",2nd Owner,2010,22.07,Diesel,2010,Third Party insurance,5 Speed,Manual,5 Seats,BANGALORE
₹ 2.40 Lakh,Hatchback,"1,20,000 Kms",3rd Owner,2010,17.92,Petrol,2010,Third Party insurance,5 Speed,Manual,5 Seats,BANGALORE
₹ 8 Lakh,Hatchback,"30,000 Kms",1st Owner,2021,20.7,Petrol,2021,Third Party insurance,5-Speed,Automatic,5 Seats,BANGALORE
₹ 3.50 Lakh,Hatchback,"1,00,000 Kms",1st Owner,2009,17.8,Diesel,2009,Third Party insurance,5 Speed,Manual,5 Seats,BANGALORE
₹ 4.15 Lakh,Hatchback,"41,268 Kms",2nd Owner,2016,25.24,Petrol,2016,Third Party insurance,5-Speed,Manual,5 Seats,BANGALORE
₹ 3.84 Lakh,Hatchback,"60,020 Kms",1st Owner,2011,22.38,Petrol,2011,Comprehensive,5-Speed,Manual,5 Seats,BANGALORE
₹ 9 Lakh,SUV,"1,20,000 Kms",1st Owner,2015,16.0,Diesel,2015,Third Party insurance,6 Speed,Manual,7 Seats,BANGALORE
₹ 7.82 Lakh,Hatchback,"32,148 Kms",1st Owner,2016,22.54,Diesel,2016,Third Party insurance,6 Speed,Manual,5 Seats,BANGALORE
₹ 4.63 Lakh,Hatchback,"69,565 Kms",1st Owner,2016,26.0,Petrol,2016,Comprehensive,5-Speed,Automatic,5 Seats,BANGALORE
₹ 6.60 Lakh,Hatchback,"60,000 Kms",1st Owner,2017,27.3,Diesel,2017,Third Party insurance,6 Speed,Manual,5 Seats,BANGALORE
₹ 6.63 Lakh,Hatchback,"26,007 Kms",1st Owner,2018,22.56,Petrol,2018,Comprehensive,5-Speed,Automatic,5 Seats,BANGALORE
₹ 9 Lakh,SUV,"30,000 Kms",2nd Owner,2018,18.88,Petrol,2018,Third Party insurance,5 Speed,Manual,5 Seats,BANGALORE
₹ 3.16 Lakh,Hatchback,"1,34,850 Kms",2nd Owner,2010,22.38,Petrol,2010,Comprehensive,5-Speed,Manual,5 Seats,BANGALORE
₹ 4.36 Lakh,Hatchback,"44,385 Kms",1st Owner,2015,25.24,Petrol,2015,Comprehensive,5-Speed,Manual,5 Seats,BANGALORE
₹ 2.80 Lakh,SUV,"1,20,000 Kms",2nd Owner,2009,13.93,Diesel,2009,Third Party insurance,5 Speed,Manual,7 Seats,BANGALORE
₹ 13.50 Lakh,SUV,"30,000 Kms",1st Owner,2018,19.67,Diesel,2018,Third Party insurance,6 Speed,Manual,5 Seats,BANGALORE
₹ 9.75 Lakh,Sedan,"87,000 Kms",3rd Owner,2011,13.2,Diesel,2011,Third Party insurance,6 Speed,Automatic,5 Seats,BANGALORE
₹ 5.20 Lakh,Sedan,"1,02,662 Kms",1st Owner,2014,18.0,Petrol,2014,Comprehensive,5 Speed CVT,Automatic,5 Seats,BANGALORE
₹ 17.65 Lakh,SUV,"13,802 Kms",1st Owner,2022,17.2,Petrol,2022,Comprehensive,6-speed,Automatic,5 Seats,BANGALORE
₹ 1.75 Lakh,Hatchback,"90,000 Kms",4th Owner,2011,20.0,Diesel,2011,Third Party insurance,5 Speed,Manual,5 Seats,BANGALORE
₹ 4 Lakh,Hatchback,"40,000 Kms",2nd Owner,2011,17.0,Petrol,2011,Third Party insurance,5 Speed,Manual,5 Seats,BANGALORE
₹ 9.50 Lakh,Sedan,"65,000 Kms",2nd Owner,2011,14.74,Petrol,2011,Third Party insurance,9 Speed,Automatic,5 Seats,BANGALORE
₹ 15.95 Lakh,SUV,"42,000 Kms",1st Owner,2020,16.1,Petrol,2020,Comprehensive,6-Speed,Manual,5 Seats,BANGALORE
₹ 5.93 Lakh,Hatchback,"13,444 Kms",2nd Owner,2017,18.9,Petrol,2017,Comprehensive,4 Speed,Automatic,5 Seats,BANGALORE
₹ 10.57 Lakh,SUV,"56,226 Kms",1st Owner,2019,20.0,Diesel,2019,Third Party insurance,6 Speed,Manual,5 Seats,BANGALORE
₹ 5.60 Lakh,Hatchback,"8,733 Kms",1st Owner,2020,22.0,Petrol,2020,Third Party,5 Speed,Automatic,5 Seats,BANGALORE
₹ 12.64 Lakh,Sedan,"57,963 Kms",1st Owner,2020,18.3,Petrol,2020,Comprehensive,CVT,Automatic,5 Seats,BANGALORE
₹ 16.66 Lakh,Sedan,"19,508 Kms",1st Owner,2022,16.4,Petrol,2022,Comprehensive,5 Speed,Automatic,5 Seats,BANGALORE
₹ 7.89 Lakh,Sedan,"49,423 Kms",1st Owner,2018,17.4,Petrol,2018,Third Party insurance,5 Speed,Manual,5 Seats,BANGALORE
₹ 4.59 Lakh,Hatchback,"78,622 Kms",2nd Owner,2012,22.38,Petrol,2012,Comprehensive,5-Speed,Manual,5 Seats,BANGALORE
₹ 12.75 Lakh,SUV,"18,025 Kms",1st Owner,2022,18.9,Diesel,2022,Third Party insurance,6-Speed,Manual,5 Seats,BANGALORE
₹ 3.75 Lakh,Sedan,"68,220 Kms",1st Owner,2010,17.0,Petrol,2010,Comprehensive,5 Speed,Manual,5 Seats,BANGALORE
₹ 38.75 Lakh,SUV,"6,000 Kms",1st Owner,2022,18.9,Diesel,2022,Comprehensive,9-Speed,Automatic,7 Seats,BANGALORE
₹ 9.85 Lakh,SUV,"59,889 Kms",1st Owner,2018,16.55,Diesel,2018,Third Party insurance,5 Speed,Manual,6 Seats,BANGALORE
₹ 37.75 Lakh,Sedan,"11,000 Kms",2nd Owner,2019,13.5,Diesel,2019,Comprehensive,8 Speed,Automatic,5 Seats,BANGALORE
₹ 8.25 Lakh,Hatchback,"38,500 Kms",1st Owner,2019,18.6,Petrol,2019,Comprehensive,5 Speed,Manual,5 Seats,BANGALORE
₹ 16.25 Lakh,SUV,"1,20,000 Kms",2nd Owner,2013,12.55,Diesel,2013,Comprehensive,5 Speed ,Automatic,7 Seats,BANGALORE
₹ 21.98 Lakh,Sedan,"39,157 Kms",2nd Owner,2016,22.69,Diesel,2016,Third Party insurance,8 Speed,Automatic,5 Seats,BANGALORE
₹ 8.25 Lakh,MUV,"1,62,000 Kms",1st Owner,2008,12.8,Diesel,2008,Comprehensive,5 Speed,Manual,7 Seats,BANGALORE
₹ 11.75 Lakh,Hatchback,"89,900 Kms",2nd Owner,2013,16.28,Petrol,2013,Third Party,8 Speed,Automatic,5 Seats,BANGALORE
₹ 6.56 Lakh,Hatchback,"58,666 Kms",1st Owner,2017,21.4,Petrol,2017,Comprehensive,CVT,Automatic,5 Seats,BANGALORE
₹ 6.12 Lakh,Sedan,"54,137 Kms",1st Owner,2018,21.21,Petrol,2018,Third Party insurance,5 Speed,Automatic,5 Seats,BANGALORE
₹ 11.95 Lakh,SUV,"1,80,000 Kms",2nd Owner,2011,11.5,Diesel,2011,Comprehensive,5 Speed,Manual,7 Seats,BANGALORE
₹ 4.36 Lakh,Hatchback,"21,997 Kms",1st Owner,2019,23.01,Petrol,2019,Comprehensive,5 Speed,Manual,5 Seats,BANGALORE
₹ 7.21 Lakh,Sedan,"40,394 Kms",2nd Owner,2020,21.21,Petrol,2020,Comprehensive,5 Speed,Automatic,5 Seats,BANGALORE
₹ 17.50 Lakh,SUV,"49,000 Kms",2nd Owner,2015,17.05,Diesel,2015,Comprehensive,8-Speed ,Automatic,5 Seats,BANGALORE
₹ 6.20 Lakh,SUV,"80,390 Kms",1st Owner,2017,15.85,Petrol,2017,Comprehensive,5 Speed,Manual,5 Seats,BANGALORE
₹ 32.99 Lakh,Sedan,"52,721 Kms",1st Owner,2018,12.6,Diesel,2018,Comprehensive,9 Speed,Automatic,5 Seats,BANGALORE
₹ 6.43 Lakh,Hatchback,"55,127 Kms",1st Owner,2017,21.4,Petrol,2017,Comprehensive,CVT,Automatic,5 Seats,BANGALORE
₹ 8.22 Lakh,SUV,"35,922 Kms",2nd Owner,2018,23.0,Diesel,2018,Comprehensive,5 Speed,Manual,5 Seats,BANGALORE
₹ 8.38 Lakh,Sedan,"16,883 Kms",1st Owner,2019,19.0,Petrol,2019,Third Party insurance,CVT,Automatic,5 Seats,BANGALORE
₹ 6.25 Lakh,SUV,"86,000 Kms",2nd Owner,2013,19.6,Diesel,2013,Comprehensive,6 Speed,Manual,5 Seats,BANGALORE
₹ 11.25 Lakh,Sedan,"88,000 Kms",1st Owner,2016,15.1,Petrol,2016,Comprehensive,7 Speed,Automatic,5 Seats,BANGALORE
₹ 25.45 Lakh,SUV,"34,000 Kms",1st Owner,2020,17.1,Diesel,2020,Comprehensive,6 Speed,Automatic,5 Seats,BANGALORE
₹ 3.45 Lakh,Hatchback,"1,10,000 Kms",1st Owner,2013,20.86,Diesel,2013,Comprehensive,5 Speed,Manual,5 Seats,BANGALORE
₹ 9.99 Lakh,SUV,"55,398 Kms",1st Owner,2020,19.87,Diesel,2020,Third Party insurance,5-Speed,Manual,5 Seats,BANGALORE
₹ 6.75 Lakh,SUV,"54,000 Kms",2nd Owner,2015,14.7,Petrol,2015,Comprehensive,6 Speed,Automatic,5 Seats,BANGALORE
₹ 8.75 Lakh,Hatchback,"25,829 Kms",1st Owner,2019,18.78,Petrol,2019,Comprehensive,5 Speed,Manual,5 Seats,BANGALORE
₹ 4.85 Lakh,Hatchback,"36,913 Kms",1st Owner,2016,23.1,Petrol,2016,Comprehensive,5 Speed ,Manual,5 Seats,BANGALORE
₹ 7.75 Lakh,Hatchback,"34,000 Kms",1st Owner,2018,22.54,Diesel,2018,Comprehensive,6 Speed,Manual,5 Seats,BANGALORE
₹ 6.55 Lakh,Hatchback,"42,162 Kms",2nd Owner,2018,22.56,Petrol,2018,Third Party insurance,5-Speed,Automatic,5 Seats,BANGALORE
₹ 5.25 Lakh,Hatchback,"48,041 Kms",2nd Owner,2016,23.1,Petrol,2016,Comprehensive,5 Speed ,Automatic,5 Seats,BANGALORE
₹ 4.42 Lakh,Hatchback,"43,285 Kms",3rd Owner,2020,23.01,Petrol,2020,Third Party insurance,5 Speed,Manual,5 Seats,BANGALORE
₹ 4.76 Lakh,Hatchback,"44,326 Kms",1st Owner,2012,18.5,Petrol,2012,Comprehensive,5 Speed,Manual,5 Seats,BANGALORE
₹ 8.65 Lakh,Hatchback,"62,984 Kms",2nd Owner,2017,17.21,Petrol,2017,Comprehensive,7 Speed,Automatic,5 Seats,BANGALORE
₹ 3.38 Lakh,Hatchback,"99,276 Kms",2nd Owner,2010,22.38,Petrol,2010,Comprehensive,5-Speed,Manual,5 Seats,BANGALORE
₹ 12.99 Lakh,SUV,"42,812 Kms",2nd Owner,2018,13.0,Petrol,2018,Comprehensive,6 Speed,Automatic,5 Seats,BANGALORE
₹ 4.92 Lakh,Hatchback,"57,770 Kms",1st Owner,2013,22.38,Petrol,2013,Comprehensive,5-Speed,Manual,5 Seats,BANGALORE
₹ 5.44 Lakh,Hatchback,"42,220 Kms",3rd Owner,2017,18.9,Petrol,2017,Third Party,4 Speed,Automatic,5 Seats,BANGALORE
₹ 13.65 Lakh,SUV,"66,977 Kms",1st Owner,2016,16.0,Diesel,2016,Third Party insurance,6 Speed,Automatic,7 Seats,BANGALORE
₹ 10.85 Lakh,SUV,"29,916 Kms",1st Owner,2021,18.0,Petrol,2021,Third Party,6-Speed IMT,Manual,5 Seats,BANGALORE
₹ 14.88 Lakh,Sedan,"10,066 Kms",1st Owner,2022,18.07,Petrol,2022,Third Party,6-Speed,Automatic,5 Seats,BANGALORE
₹ 9.39 Lakh,Sedan,"39,243 Kms",2nd Owner,2019,14.84,Petrol,2019,Comprehensive,6 Speed,Automatic,5 Seats,BANGALORE
₹ 8.88 Lakh,Sedan,"36,309 Kms",2nd Owner,2017,14.84,Petrol,2017,Third Party insurance,6 Speed,Automatic,5 Seats,BANGALORE
₹ 4.25 Lakh,Hatchback,"69,408 Kms",1st Owner,2014,23.1,Petrol,2014,Third Party,5 Speed ,Automatic,5 Seats,BANGALORE
₹ 8.18 Lakh,Sedan,"12,064 Kms",2nd Owner,2019,19.0,Petrol,2019,Third Party insurance,CVT,Automatic,5 Seats,BANGALORE
₹ 19.44 Lakh,Sedan,"74,000 Kms",1st Owner,2013,14.21,Diesel,2013,Comprehensive,5 Speed,Automatic,5 Seats,BANGALORE
₹ 6.95 Lakh,Hatchback,"18,000 Kms",1st Owner,2018,22.0,Petrol,2018,Comprehensive,5,Automatic,5 Seats,BANGALORE
₹ 4.75 Lakh,Sedan,"59,000 Kms",1st Owner,2010,14.4,Petrol,2010,Comprehensive,6 Speed,Automatic,5 Seats,BANGALORE
₹ 5.51 Lakh,Hatchback,"17,190 Kms",1st Owner,2018,18.9,Petrol,2018,Comprehensive,5 Speed,Manual,5 Seats,BANGALORE
₹ 3.52 Lakh,Hatchback,"58,323 Kms",1st Owner,2013,18.9,Petrol,2013,Comprehensive,5 Speed,Manual,5 Seats,BANGALORE
₹ 6 Lakh,Sedan,"40,765 Kms",1st Owner,2015,17.8,Petrol,2015,Comprehensive,5 Speed,Manual,5 Seats,BANGALORE
₹ 4.79 Lakh,Hatchback,"58,198 Kms",2nd Owner,2016,26.0,Petrol,2016,Third Party,5-Speed,Automatic,5 Seats,BANGALORE
₹ 5.59 Lakh,Hatchback,"42,976 Kms",1st Owner,2019,18.9,Petrol,2019,Third Party insurance,5 Speed,Manual,5 Seats,BANGALORE
₹ 15.19 Lakh,SUV,"1,04,507 Kms",1st Owner,2017,18.9,Diesel,2017,Comprehensive,5 Speed,Automatic,7 Seats,BANGALORE
₹ 4.09 Lakh,Sedan,"44,074 Kms",1st Owner,2012,22.41,Petrol,2012,Third Party,5 Speed,Manual,5 Seats,BANGALORE
₹ 5.39 Lakh,Hatchback,"21,000 Kms",1st Owner,2017,21.79,Petrol,2017,Comprehensive,5 Speed,Automatic,5 Seats,BANGALORE
₹ 7.37 Lakh,Hatchback,"14,089 Kms",1st Owner,2021,22.38,Petrol,2021,Third Party,5-Speed,Manual,5 Seats,BANGALORE
₹ 5.26 Lakh,Sedan,"94,378 Kms",2nd Owner,2014,26.0,Diesel,2014,Comprehensive,6 Speed ,Manual,5 Seats,BANGALORE
₹ 13.50 Lakh,SUV,"71,000 Kms",1st Owner,2016,16.0,Diesel,2016,Comprehensive,6 Speed,Automatic,7 Seats,BANGALORE
₹ 31.94 Lakh,SUV,"1,74,000 Kms",1st Owner,2018,14.24,Diesel,2018,Comprehensive,6 Speed,Manual,7 Seats,BANGALORE
₹ 5.85 Lakh,Hatchback,"58,000 Kms",2nd Owner,2016,18.9,Petrol,2016,Comprehensive,4 Speed,Automatic,5 Seats,BANGALORE
₹ 14.95 Lakh,SUV,"1,13,000 Kms",2nd Owner,2014,15.73,Diesel,2014,Third Party insurance,7-Speed S-Tronic ,Automatic,5 Seats,BANGALORE
₹ 10.90 Lakh,SUV,"1,70,402 Kms",2nd Owner,2010,11.1,Diesel,2010,Comprehensive,6 Speed,Automatic,7 Seats,BANGALORE
₹ 21 Lakh,Sedan,"30,000 Kms",2nd Owner,2016,18.25,Diesel,2016,Comprehensive,7 Speed,Automatic,5 Seats,BANGALORE
₹ 5.90 Lakh,Sedan,"59,000 Kms",1st Owner,2014,19.1,Petrol,2014,Comprehensive,5 Speed,Manual,5 Seats,BANGALORE
₹ 18.99 Lakh,SUV,"25,883 Kms",1st Owner,2021,15.1,Diesel,2021,Comprehensive,6 Speed,Manual,7 Seats,BANGALORE
₹ 15.45 Lakh,SUV,"32,746 Kms",1st Owner,2021,20.08,Petrol,2021,Comprehensive,6-Speed,Manual,5 Seats,BANGALORE
₹ 18.95 Lakh,Sedan,"35,038 Kms",1st Owner,2017,14.7,Petrol,2017,Comprehensive,7 Speed,Automatic,5 Seats,BANGALORE
₹ 5.40 Lakh,Hatchback,"38,995 Kms",3rd Owner,2018,19.0,Petrol,2018,Comprehensive,5-Speed,Manual,5 Seats,BANGALORE
₹ 4.91 Lakh,Hatchback,"61,102 Kms",1st Owner,2013,22.38,Petrol,2013,Comprehensive,5-Speed,Manual,5 Seats,BANGALORE
₹ 6.25 Lakh,SUV,"1,32,000 Kms",2nd Owner,2012,17.67,Diesel,2012,Comprehensive,6 Speed ,Manual,5 Seats,BANGALORE
₹ 4.36 Lakh,Hatchback,"52,288 Kms",1st Owner,2021,21.7,Petrol,2021,Third Party insurance,5 Speed,Manual,5 Seats,BANGALORE
₹ 6.16 Lakh,Hatchback,"69,054 Kms",1st Owner,2017,19.0,Petrol,2017,Comprehensive,5 Speed,Automatic,5 Seats,BANGALORE
₹ 6.75 Lakh,SUV,"67,000 Kms",1st Owner,2015,13.24,Petrol,2015,Comprehensive,5 speed,Manual,5 Seats,BANGALORE
₹ 5.33 Lakh,Sedan,"51,745 Kms",2nd Owner,2015,26.59,Diesel,2015,Comprehensive,5 Speed,Manual,5 Seats,BANGALORE
₹ 34.95 Lakh,Convertibles,"22,000 Kms",1st Owner,2015,16.6,Petrol,2015,Comprehensive,7 Speed,Automatic,4 Seats,BANGALORE
₹ 6.26 Lakh,Hatchback,"11,268 Kms",2nd Owner,2017,18.9,Petrol,2017,Comprehensive,5 Speed,Manual,5 Seats,BANGALORE
₹ 6.32 Lakh,Hatchback,"24,357 Kms",1st Owner,2020,20.09,Petrol,2020,Zero Dep,5-Speed`,Manual,5 Seats,BANGALORE
₹ 17.75 Lakh,MUV,"1,57,000 Kms",2nd Owner,2016,13.68,Diesel,2016,Comprehensive,5 Speed,Manual,8 Seats,BANGALORE
₹ 10 Lakh,Sedan,"9,982 Kms",1st Owner,2018,17.0,Petrol,2018,Comprehensive,5 Speed,Manual,5 Seats,BANGALORE
₹ 28.75 Lakh,Sedan,"22,000 Kms",1st Owner,2020,20.38,Diesel,2020,Comprehensive,6 Speed,Automatic,5 Seats,BANGALORE
₹ 10.85 Lakh,SUV,"27,000 Kms",1st Owner,2020,18.0,Petrol,2020,Comprehensive,6-Speed IMT,Manual,5 Seats,BANGALORE
₹ 22.75 Lakh,Sedan,"68,000 Kms",2nd Owner,2017,22.69,Diesel,2017,Comprehensive,8 Speed,Automatic,5 Seats,BANGALORE
₹ 13.65 Lakh,SUV,"19,000 Kms",1st Owner,2022,18.15,Petrol,2022,Comprehensive,7-Speed DCT,Automatic,5 Seats,BANGALORE
₹ 15.50 Lakh,SUV,"41,000 Kms",2nd Owner,2012,17.05,Diesel,2012,Third Party insurance,8-Speed ,Automatic,5 Seats,BANGALORE
₹ 30.25 Lakh,SUV,"49,000 Kms",1st Owner,2018,20.68,Diesel,2018,Comprehensive,8 Speed,Automatic,5 Seats,BANGALORE
₹ 42.75 Lakh,Sedan,"45,000 Kms",2nd Owner,2018,20.37,Diesel,2018,Comprehensive,8-Speed Steptronic,Automatic,5 Seats,BANGALORE
₹ 44.50 Lakh,SUV,"75,000 Kms",2nd Owner,2016,11.7,Diesel,2016,Comprehensive,8 Speed,Automatic,5 Seats,BANGALORE
₹ 4.83 Lakh,Hatchback,"39,613 Kms",1st Owner,2015,25.24,Petrol,2015,Third Party,5-Speed,Manual,5 Seats,BANGALORE
₹ 10.07 Lakh,Sedan,"68,906 Kms",2nd Owner,2018,18.0,Petrol,2018,Third Party insurance,CVT,Automatic,5 Seats,BANGALORE
₹ 9.95 Lakh,SUV,"33,000 Kms",1st Owner,2019,13.9,Petrol,2019,Comprehensive,6-Speed,Automatic,5 Seats,BANGALORE
₹ 5.73 Lakh,Sedan,"71,423 Kms",1st Owner,2016,22.41,Petrol,2016,Comprehensive,5 Speed,Manual,5 Seats,BANGALORE
₹ 6.58 Lakh,Sedan,"17,811 Kms",1st Owner,2015,22.41,Petrol,2015,Comprehensive,5 Speed,Manual,5 Seats,BANGALORE
₹ 12.45 Lakh,SUV,"79,000 Kms",1st Owner,2017,17.6,Diesel,2017,Comprehensive,6 Speed,Automatic,5 Seats,BANGALORE
₹ 9.06 Lakh,Hatchback,"9,724 Kms",1st Owner,2020,21.4,Petrol,2020,Zero Dep,CVT,Automatic,5 Seats,BANGALORE
₹ 11.95 Lakh,SUV,"75,000 Kms",1st Owner,2019,15.8,Petrol,2019,Comprehensive,6 Speed,Manual,5 Seats,BANGALORE
₹ 10.31 Lakh,Sedan,"20,754 Kms",1st Owner,2021,17.1,Petrol,2021,Comprehensive,6 Speed,Manual,5 Seats,BANGALORE
₹ 4.13 Lakh,Hatchback,"50,510 Kms",3rd Owner,2015,18.9,Petrol,2015,Comprehensive,5 Speed,Manual,5 Seats,BANGALORE
₹ 6.24 Lakh,Hatchback,"35,000 Kms",1st Owner,2019,18.9,Petrol,2019,Comprehensive,5 Speed,Manual,5 Seats,BANGALORE
₹ 4.65 Lakh,Sedan,"85,000 Kms",3rd Owner,2011,22.32,Diesel,2011,Comprehensive,6 Speed ,Manual,5 Seats,BANGALORE
₹ 10.50 Lakh,Sedan,"48,979 Kms",1st Owner,2018,18.0,Petrol,2018,Third Party insurance,5 Speed CVT,Automatic,5 Seats,BANGALORE
₹ 7.25 Lakh,SUV,"46,000 Kms",2nd Owner,2017,17.0,Petrol,2017,Comprehensive,6 Speed,Manual,5 Seats,BANGALORE
₹ 18 Lakh,SUV,"9,000 Kms",1st Owner,2020,18.9,Diesel,2020,Comprehensive,6 Speed,Automatic,4 Seats,BANGALORE
₹ 6.50 Lakh,Sedan,"70,000 Kms",2nd Owner,2018,26.1,Diesel,2018,Third Party insurance,5 Speed,Manual,5 Seats,BANGALORE
₹ 13.95 Lakh,Sedan,"78,000 Kms",2nd Owner,2014,27.03,Diesel,2014,Third Party insurance,8 Speed,Automatic,5 Seats,BANGALORE
₹ 8.65 Lakh,Sedan,"1,500 Kms",1st Owner,2021,24.7,Diesel,2021,Comprehensive,5 Speed,Manual,5 Seats,BANGALORE
₹ 14.23 Lakh,Sedan,"70,000 Kms",2nd Owner,2011,18.48,Diesel,2011,Comprehensive,6 Speed,Automatic,5 Seats,BANGALORE
₹ 43.99 Lakh,SUV,"8,187 Kms",1st Owner,2023,13.92,Diesel,2023,Comprehensive,8 Speed,Automatic,6 Seats,BANGALORE
₹ 4.75 Lakh,Sedan,"81,777 Kms",3rd Owner,2014,22.41,Petrol,2014,Comprehensive,5 Speed,Manual,5 Seats,BANGALORE
₹ 7.47 Lakh,Sedan,"48,698 Kms",2nd Owner,2016,18.0,Petrol,2016,Comprehensive,5 Speed CVT,Automatic,5 Seats,BANGALORE
₹ 15.90 Lakh,SUV,"21,000 Kms",1st Owner,2020,16.5,Petrol,2020,Comprehensive,7-Speed DCT,Automatic,5 Seats,BANGALORE
₹ 5.20 Lakh,Hatchback,"67,771 Kms",2nd Owner,2016,18.9,Petrol,2016,Comprehensive,4 Speed,Automatic,5 Seats,BANGALORE
₹ 5.30 Lakh,Sedan,"60,386 Kms",1st Owner,2015,22.41,Petrol,2015,Third Party,5 Speed,Manual,5 Seats,BANGALORE
₹ 5.95 Lakh,Hatchback,"48,928 Kms",1st Owner,2018,23.84,Petrol,2018,Comprehensive,5 Speed,Automatic,5 Seats,BANGALORE
₹ 3.12 Lakh,Hatchback,"1,11,374 Kms",1st Owner,2010,18.5,Petrol,2010,Third Party,5 Speed,Manual,5 Seats,BANGALORE
₹ 9.20 Lakh,SUV,"33,000 Kms",2nd Owner,2017,15.8,Petrol,2017,Third Party insurance,6 Speed,Manual,5 Seats,BANGALORE
₹ 4.03 Lakh,Hatchback,"40,561 Kms",1st Owner,2021,22.05,Petrol,2021,Zero Dep,5 Speed,Manual,5 Seats,BANGALORE
₹ 4.15 Lakh,Hatchback,"92,529 Kms",1st Owner,2013,22.38,Petrol,2013,Comprehensive,5-Speed,Manual,5 Seats,BANGALORE
₹ 8.50 Lakh,Sedan,"42,000 Kms",1st Owner,2019,18.1,Petrol,2019,Comprehensive,CVT,Automatic,5 Seats,BANGALORE
₹ 27 Lakh,MUV,"55,342 Kms",1st Owner,2020,14.11,Diesel,2020,Comprehensive,8-Speed,Automatic,7 Seats,BANGALORE
₹ 11.45 Lakh,SUV,"51,000 Kms",1st Owner,2021,21.7,Diesel,2021,Comprehensive,5 Speed,Manual,5 Seats,BANGALORE
₹ 12.75 Lakh,SUV,"37,000 Kms",2nd Owner,2018,15.1,Diesel,2018,Comprehensive,6 Speed,Manual,7 Seats,BANGALORE
₹ 6.45 Lakh,Hatchback,"36,468 Kms",1st Owner,2017,18.7,Petrol,2017,Comprehensive,5 Speed,Manual,5 Seats,BANGALORE
₹ 14.40 Lakh,SUV,"11,250 Kms",1st Owner,2022,16.82,Petrol,2022,Comprehensive,6 Speed,Manual,5 Seats,BANGALORE
₹ 11.45 Lakh,MUV,"36,000 Kms",1st Owner,2019,19.01,Petrol,2019,Comprehensive,5 Speed,Manual,7 Seats,BANGALORE
₹ 12.25 Lakh,SUV,"36,368 Kms",1st Owner,2019,18.15,Petrol,2019,Third Party insurance,7-Speed,Automatic,5 Seats,BANGALORE
₹ 52.75 Lakh,Sedan,"36,000 Kms",2nd Owner,2016,13.5,Diesel,2016,Comprehensive,7 Speed,Automatic,5 Seats,BANGALORE
₹ 38 Lakh,SUV,"62,000 Kms",3rd Owner,2017,18.56,Diesel,2017,Comprehensive,8 Speed,Automatic,5 Seats,BANGALORE
₹ 8.88 Lakh,Sedan,"39,466 Kms",1st Owner,2018,17.4,Petrol,2018,Comprehensive,5 Speed,Manual,5 Seats,BANGALORE
₹ 5.07 Lakh,Hatchback,"49,570 Kms",1st Owner,2014,22.38,Petrol,2014,Comprehensive,5-Speed,Manual,5 Seats,BANGALORE
₹ 10.20 Lakh,Sedan,"23,382 Kms",2nd Owner,2018,18.19,Petrol,2018,Comprehensive,7 Speed,Automatic,5 Seats,BANGALORE
₹ 4.72 Lakh,Hatchback,"42,954 Kms",1st Owner,2021,21.7,Petrol,2021,Comprehensive,5-Speed,Manual,5 Seats,BANGALORE
₹ 4.71 Lakh,Hatchback,"68,306 Kms",1st Owner,2014,22.38,Petrol,2014,Comprehensive,5-Speed,Manual,5 Seats,BANGALORE
₹ 8.21 Lakh,Hatchback,"54,961 Kms",1st Owner,2018,22.54,Diesel,2018,Comprehensive,6 Speed,Manual,5 Seats,BANGALORE
₹ 5.10 Lakh,Hatchback,"91,087 Kms",1st Owner,2015,22.38,Petrol,2015,Comprehensive,5-Speed,Manual,5 Seats,BANGALORE
₹ 5.99 Lakh,Hatchback,"16,691 Kms",1st Owner,2022,21.74,Petrol,2022,Third Party,5 Speed,Manual,5 Seats,BANGALORE
₹ 4.02 Lakh,Hatchback,"80,190 Kms",1st Owner,2016,20.51,Petrol,2016,Comprehensive,5 Speed,Manual,5 Seats,BANGALORE
₹ 10.02 Lakh,SUV,"54,639 Kms",1st Owner,2017,15.29,Petrol,2017,Third Party insurance,6 Speed,Manual,5 Seats,BANGALORE
₹ 9.75 Lakh,SUV,"50,225 Kms",1st Owner,2020,18.55,Petrol,2020,Comprehensive,5 Speed,Manual,5 Seats,BANGALORE
₹ 7.95 Lakh,Hatchback,"68,017 Kms",1st Owner,2018,22.54,Diesel,2018,Comprehensive,6 Speed,Manual,5 Seats,BANGALORE
₹ 5.50 Lakh,Hatchback,"87,912 Kms",1st Owner,2016,16.2,Petrol,2016,Comprehensive,5 Speed,Manual,5 Seats,BANGALORE
₹ 12.98 Lakh,SUV,"2,045 Kms",1st Owner,2021,17.57,Petrol,2021,Third Party insurance,6-Speed,Manual,5 Seats,BANGALORE
₹ 10.85 Lakh,SUV,"24,305 Kms",1st Owner,2021,18.55,Petrol,2021,Third Party insurance,5 Speed,Manual,5 Seats,BANGALORE
₹ 3.35 Lakh,Hatchback,"2,500 Kms",1st Owner,2015,25.4,Petrol,2015,Comprehensive,4 Speed,Automatic,4 Seats,BANGALORE
₹ 11.09 Lakh,SUV,"31,489 Kms",1st Owner,2020,17.05,Petrol,2020,Third Party insurance,6 Speed,Automatic,5 Seats,BANGALORE
₹ 3.50 Lakh,Sedan,"82,268 Kms",2nd Owner,2014,14.6,Petrol,2014,Not Available,Five Speed Manual,Manual,5 Seats,BANGALORE
₹ 8.95 Lakh,SUV,"73,834 Kms",1st Owner,2019,23.0,Diesel,2019,Third Party insurance,5 Speed,Manual,5 Seats,BANGALORE
₹ 17.75 Lakh,SUV,"73,000 Kms",2nd Owner,2014,13.0,Diesel,2014,Comprehensive,5 Speed,Manual,7 Seats,BANGALORE
₹ 4.66 Lakh,Hatchback,"41,436 Kms",1st Owner,2017,23.1,Petrol,2017,Comprehensive,5 Speed,Manual,5 Seats,BANGALORE
₹ 9.24 Lakh,Sedan,"19,024 Kms",2nd Owner,2019,17.4,Petrol,2019,Zero Dep,5 Speed,Manual,5 Seats,BANGALORE
₹ 7.75 Lakh,MUV,"73,000 Kms",1st Owner,2016,14.02,Diesel,2016,Comprehensive,5 Speed,Manual,8 Seats,BANGALORE
₹ 3.78 Lakh,Hatchback,"73,140 Kms",2nd Owner,2020,22.05,Petrol,2020,Comprehensive,5 Speed,Manual,5 Seats,BANGALORE
₹ 5.55 Lakh,Hatchback,"29,289 Kms",1st Owner,2015,22.38,Petrol,2015,Comprehensive,5-Speed,Manual,5 Seats,BANGALORE
₹ 8.99 Lakh,Sedan,"39,116 Kms",1st Owner,2016,18.0,Petrol,2016,Comprehensive,5 Speed CVT,Automatic,5 Seats,BANGALORE
₹ 3.70 Lakh,Hatchback,"41,958 Kms",1st Owner,2019,24.7,Petrol,2019,Third Party,5 Speed,Manual,5 Seats,BANGALORE
₹ 8.10 Lakh,SUV,"26,626 Kms",1st Owner,2018,17.5,Petrol,2018,Third Party insurance,5 Speed,Manual,5 Seats,BANGALORE
₹ 7.74 Lakh,Hatchback,"63,460 Kms",1st Owner,2019,18.2,Petrol,2019,Third Party insurance,5 Speed,Automatic,5 Seats,BANGALORE
₹ 5.30 Lakh,Hatchback,"35,711 Kms",1st Owner,2019,20.3,Petrol,2019,Comprehensive,5 Speed,Manual,5 Seats,BANGALORE
₹ 9.45 Lakh,SUV,"20,057 Kms",1st Owner,2020,16.5,Petrol,2020,Comprehensive,5 Speed,Manual,5 Seats,BANGALORE
₹ 8.80 Lakh,Hatchback,"25,396 Kms",1st Owner,2020,19.33,Petrol,2020,Third Party insurance,5-Speed,Manual,5 Seats,BANGALORE
₹ 5.25 Lakh,Hatchback,"88,000 Kms",1st Owner,2013,21.27,Diesel,2013,Comprehensive,6 Speed,Manual,5 Seats,BANGALORE
₹ 16.05 Lakh,SUV,"62,000 Kms",1st Owner,2019,14.1,Petrol,2019,Third Party insurance,7 Speed,Automatic,5 Seats,BANGALORE
₹ 11.70 Lakh,Sedan,"35,993 Kms",1st Owner,2020,18.6,Petrol,2020,Not Available,6 Speed,Manual,5 Seats,BANGALORE
₹ 6.50 Lakh,Hatchback,"34,000 Kms",1st Owner,2017,18.9,Petrol,2017,Comprehensive,4 Speed,Automatic,5 Seats,BANGALORE
₹ 8.75 Lakh,SUV,"51,338 Kms",1st Owner,2019,17.5,Petrol,2019,Comprehensive,5 Speed,Manual,5 Seats,BANGALORE
₹ 5 Lakh,Hatchback,"74,280 Kms",1st Owner,2015,18.9,Petrol,2015,Not Available,5 Speed,Manual,5 Seats,BANGALORE
₹ 95 Lakh,SUV,"82,000 Kms",1st Owner,2019,12.65,Diesel,2019,Comprehensive,8 Speed,Automatic,5 Seats,BANGALORE
₹ 21.95 Lakh,Sedan,"63,773 Kms",1st Owner,2015,17.68,Diesel,2015,Comprehensive,8 Speed,Automatic,5 Seats,BANGALORE
₹ 3.95 Lakh,Hatchback,"1,01,356 Kms",2nd Owner,2015,18.9,Petrol,2015,Comprehensive,5 Speed,Manual,5 Seats,BANGALORE
₹ 4.21 Lakh,Hatchback,"75,591 Kms",1st Owner,2020,31.59,CNG,2020,Third Party insurance,5 Speed,Manual,4 Seats,BANGALORE
₹ 13 Lakh,SUV,"72,208 Kms",1st Owner,2017,13.0,Petrol,2017,Not Available,6 Speed,Automatic,5 Seats,BANGALORE
₹ 4.90 Lakh,Hatchback,"51,489 Kms",1st Owner,2014,22.38,Petrol,2014,Comprehensive,5-Speed,Manual,5 Seats,BANGALORE
₹ 5.20 Lakh,Hatchback,"74,643 Kms",1st Owner,2017,20.89,Petrol,2017,Third Party insurance,5 Speed,Automatic,5 Seats,BANGALORE
₹ 14.50 Lakh,SUV,"44,000 Kms",2nd Owner,2008,15.3,Diesel,2008,Comprehensive,8 Speed,Automatic,5 Seats,BANGALORE
₹ 6.16 Lakh,Hatchback,"79,575 Kms",1st Owner,2017,19.0,Petrol,2017,Comprehensive,5 Speed,Automatic,5 Seats,BANGALORE
₹ 8.25 Lakh,SUV,"54,097 Kms",1st Owner,2018,17.5,Petrol,2018,Comprehensive,5 Speed,Manual,5 Seats,BANGALORE
₹ 8.38 Lakh,Sedan,"35,288 Kms",2nd Owner,2018,17.4,Petrol,2018,Comprehensive,5 Speed,Manual,5 Seats,BANGALORE
₹ 6.18 Lakh,Hatchback,"70,314 Kms",1st Owner,2019,22.56,Petrol,2019,Zero Dep,5-Speed,Automatic,5 Seats,BANGALORE
₹ 8.75 Lakh,SUV,"96,939 Kms",2nd Owner,2017,19.72,Diesel,2017,Third Party insurance,6 Speed,Manual,5 Seats,BANGALORE
₹ 3.90 Lakh,Hatchback,"44,824 Kms",2nd Owner,2010,18.06,Petrol,2010,Comprehensive,5 Speed,Manual,5 Seats,BANGALORE
₹ 13.49 Lakh,MUV,"1,69,219 Kms",2nd Owner,2014,12.99,Diesel,2014,Third Party insurance,5 Speed,Manual,7 Seats,BANGALORE
₹ 5 Lakh,Sedan,"92,673 Kms",2nd Owner,2012,16.8,Petrol,2012,Third Party,5 Speed,Manual,5 Seats,BANGALORE
₹ 41 Lakh,SUV,"79,000 Kms",2nd Owner,2014,11.3,Diesel,2014,Comprehensive,7 Speed,Automatic,7 Seats,BANGALORE
₹ 21.90 Lakh,SUV,"20,183 Kms",1st Owner,2020,17.1,Diesel,2020,Zero Dep,9 Speed,Automatic,5 Seats,BANGALORE
₹ 7.95 Lakh,Sedan,"77,130 Kms",1st Owner,2018,17.8,Petrol,2018,Comprehensive,7 Speed CVT,Automatic,5 Seats,BANGALORE
₹ 7.75 Lakh,SUV,"45,000 Kms",1st Owner,2017,14.7,Petrol,2017,Comprehensive,6 Speed,Automatic,5 Seats,BANGALORE
₹ 7.45 Lakh,Hatchback,"27,025 Kms",2nd Owner,2017,19.56,Petrol,2017,Third Party insurance,CVT,Automatic,5 Seats,BANGALORE
₹ 11.25 Lakh,SUV,"1,05,153 Kms",1st Owner,2019,16.1,Petrol,2019,Third Party insurance,6-Speed,Manual,5 Seats,BANGALORE
₹ 10.30 Lakh,SUV,"70,509 Kms",1st Owner,2016,16.0,Diesel,2016,Comprehensive,6 Speed ,Manual,7 Seats,BANGALORE
₹ 5.82 Lakh,Hatchback,"11,662 Kms",2nd Owner,2020,22.0,Petrol,2020,Zero Dep,5 Speed,Automatic,5 Seats,BANGALORE
₹ 6.15 Lakh,Hatchback,"36,176 Kms",1st Owner,2018,18.9,Petrol,2018,Third Party insurance,5 Speed,Manual,5 Seats,BANGALORE
₹ 5.60 Lakh,Hatchback,"74,342 Kms",2nd Owner,2015,19.0,Petrol,2015,Third Party insurance,5 Speed,Automatic,5 Seats,BANGALORE
₹ 7.10 Lakh,Hatchback,"89,837 Kms",1st Owner,2016,27.39,Diesel,2016,Third Party,5 Speed,Manual,5 Seats,BANGALORE
₹ 5.35 Lakh,Hatchback,"11,912 Kms",2nd Owner,2015,21.21,Petrol,2015,Third Party,5,Manual,5 Seats,BANGALORE
₹ 4.46 Lakh,Hatchback,"55,544 Kms",2nd Owner,2012,22.9,Diesel,2012,Third Party,5 Speed,Manual,5 Seats,BANGALORE
₹ 10.18 Lakh,SUV,"27,027 Kms",1st Owner,2019,14.8,Petrol,2019,Comprehensive,6 Speed,Automatic,5 Seats,BANGALORE
₹ 8.40 Lakh,Sedan,"56,363 Kms",1st Owner,2017,18.0,Petrol,2017,Zero Dep,5 Speed CVT,Automatic,5 Seats,BANGALORE
₹ 6.54 Lakh,Sedan,"42,094 Kms",2nd Owner,2016,17.01,Petrol,2016,Comprehensive,5 Speed,Manual,5 Seats,BANGALORE
₹ 11.25 Lakh,SUV,"1,14,912 Kms",1st Owner,2019,16.1,Petrol,2019,Comprehensive,6-Speed,Manual,5 Seats,BANGALORE
₹ 5.85 Lakh,Hatchback,"33,649 Kms",1st Owner,2016,22.0,Petrol,2016,Third Party insurance,5,Manual,5 Seats,BANGALORE
₹ 12.50 Lakh,SUV,"54,000 Kms",1st Owner,2019,16.8,Petrol,2019,Comprehensive,6-Speed,Manual,5 Seats,BANGALORE
₹ 4.75 Lakh,Sedan,"69,798 Kms",2nd Owner,2014,19.1,Petrol,2014,Comprehensive,5 Speed ,Manual,5 Seats,BANGALORE
₹ 3.10 Lakh,Hatchback,"69,000 Kms",2nd Owner,2010,20.36,Petrol,2010,Comprehensive,5 Speed,Manual,5 Seats,BANGALORE
₹ 23.95 Lakh,SUV,"49,001 Kms",1st Owner,2020,17.1,Diesel,2020,Zero Dep,6 Speed,Automatic,5 Seats,BANGALORE
₹ 10.85 Lakh,Sedan,"57,527 Kms",2nd Owner,2017,22.0,Diesel,2017,Comprehensive,6 Speed,Automatic,5 Seats,BANGALORE
₹ 4.75 Lakh,Hatchback,"57,367 Kms",1st Owner,2015,20.5,Diesel,2015,Comprehensive,5 Speed,Manual,5 Seats,BANGALORE
₹ 4.06 Lakh,Hatchback,"50,936 Kms",2nd Owner,2015,20.51,Petrol,2015,Third Party insurance,5 Speed,Manual,5 Seats,BANGALORE
₹ 10.84 Lakh,Hatchback,"23,237 Kms",1st Owner,2022,25.0,Diesel,2022,Comprehensive,6 Speed,Manual,5 Seats,BANGALORE
₹ 4.45 Lakh,Hatchback,"66,596 Kms",1st Owner,2016,23.1,Petrol,2016,Comprehensive,5 Speed ,Automatic,5 Seats,BANGALORE
₹ 13.82 Lakh,SUV,"36,613 Kms",1st Owner,2016,16.0,Diesel,2016,Comprehensive,6 Speed ,Manual,7 Seats,BANGALORE
₹ 6.01 Lakh,Sedan,"74,104 Kms",1st Owner,2015,20.85,Petrol,2015,Third Party insurance,5 Speed,Manual,5 Seats,BANGALORE
₹ 5.94 Lakh,Hatchback,"6,777 Kms",1st Owner,2022,20.3,Petrol,2022,Zero Dep,5 Speed,Manual,5 Seats,BANGALORE
₹ 9.60 Lakh,SUV,"14,560 Kms",1st Owner,2020,15.9,Petrol,2020,Comprehensive,5 Speed,Manual,5 Seats,BANGALORE
₹ 5.75 Lakh,Hatchback,"27,000 Kms",1st Owner,2021,21.7,Petrol,2021,Comprehensive,AGS,Automatic,5 Seats,BANGALORE
₹ 7.29 Lakh,Sedan,"90,333 Kms",2nd Owner,2015,18.0,Petrol,2015,Comprehensive,5 Speed CVT,Automatic,5 Seats,BANGALORE
₹ 35.75 Lakh,SUV,"50,114 Kms",1st Owner,2019,16.6,Petrol,2019,Comprehensive,8 Speed,Automatic,5 Seats,BANGALORE
₹ 9.62 Lakh,SUV,"69,301 Kms",1st Owner,2017,24.3,Diesel,2017,Comprehensive,5 Speed,Manual,5 Seats,BANGALORE
₹ 4.50 Lakh,Hatchback,"71,306 Kms",1st Owner,2021,21.74,Petrol,2021,Comprehensive,5 Speed,Manual,5 Seats,BANGALORE
₹ 8.49 Lakh,Hatchback,"35,135 Kms",1st Owner,2019,19.56,Petrol,2019,Third Party insurance,CVT,Automatic,5 Seats,BANGALORE
₹ 5.35 Lakh,Hatchback,"40,561 Kms",1st Owner,2016,23.2,Diesel,2016,Third Party insurance,5 Speed,Manual,5 Seats,BANGALORE
₹ 4.35 Lakh,Hatchback,"90,000 Kms",1st Owner,2012,17.0,Petrol,2012,Comprehensive,5 Speed,Manual,5 Seats,BANGALORE
₹ 6.85 Lakh,Hatchback,"60,000 Kms",2nd Owner,2017,19.0,Petrol,2017,Comprehensive,5 Speed,Automatic,5 Seats,BANGALORE
₹ 57.50 Lakh,SUV,"30,000 Kms",1st Owner,2019,16.55,Diesel,2019,Comprehensive,8 Speed,Automatic,5 Seats,BANGALORE
₹ 7.30 Lakh,SUV,"60,000 Kms",2nd Owner,2016,19.87,Diesel,2016,Third Party insurance,5 speed,Manual,5 Seats,BANGALORE
₹ 11.45 Lakh,SUV,"1,02,000 Kms",1st Owner,2015,16.0,Diesel,2015,Comprehensive,6 Speed,Manual,7 Seats,BANGALORE
₹ 4.10 Lakh,Hatchback,"41,659 Kms",2nd Owner,2015,18.9,Petrol,2015,Third Party,5 Speed,Manual,5 Seats,BANGALORE
₹ 10.75 Lakh,Sedan,"85,300 Kms",2nd Owner,2009,12.3,Petrol,2009,Comprehensive,7 Speed,Automatic,5 Seats,BANGALORE
₹ 8.49 Lakh,Sedan,"32,483 Kms",2nd Owner,2017,17.01,Petrol,2017,Third Party insurance,4 Speed,Automatic,5 Seats,BANGALORE
₹ 7.49 Lakh,Hatchback,"34,376 Kms",1st Owner,2018,18.6,Petrol,2018,Third Party insurance,5 Speed,Manual,5 Seats,BANGALORE
₹ 8.72 Lakh,SUV,"36,540 Kms",1st Owner,2017,15.29,Petrol,2017,Third Party insurance,6 Speed,Manual,5 Seats,BANGALORE
₹ 3.06 Lakh,Hatchback,"1,48,625 Kms",2nd Owner,2011,17.0,Petrol,2011,Comprehensive,5 Speed,Manual,5 Seats,BANGALORE
₹ 9.95 Lakh,Sedan,"81,000 Kms",4th Owner,2013,14.57,Diesel,2013,Third Party insurance,8 Speed,Automatic,5 Seats,BANGALORE
₹ 3.48 Lakh,Hatchback,"5,609 Kms",2nd Owner,2013,19.81,Petrol,2013,Third Party insurance,5 Speed,Manual,5 Seats,BANGALORE
₹ 24.25 Lakh,Sedan,"37,000 Kms",1st Owner,2019,19.2,Petrol,2019,Third Party insurance,7 Speed,Automatic,5 Seats,BANGALORE
₹ 17.25 Lakh,SUV,"6,000 Kms",1st Owner,2021,14.5,Petrol,2021,Comprehensive,6 Speed,Manual,6 Seats,BANGALORE
₹ 5 Lakh,Sedan,"61,000 Kms",1st Owner,2013,21.8,Diesel,2013,Third Party,6 Speed MT,Manual,5 Seats,BANGALORE
₹ 4.17 Lakh,Hatchback,"30,285 Kms",2nd Owner,2018,24.04,Petrol,2018,Third Party insurance,5 Speed,Automatic,5 Seats,BANGALORE
₹ 3.99 Lakh,Sedan,"80,153 Kms",2nd Owner,2011,20.54,Diesel,2011,Third Party insurance,5 Speed,Manual,5 Seats,BANGALORE
₹ 5.41 Lakh,Hatchback,"49,641 Kms",1st Owner,2016,18.9,Petrol,2016,Comprehensive,4 Speed,Automatic,5 Seats,BANGALORE
₹ 5.68 Lakh,Hatchback,"83,075 Kms",2nd Owner,2016,21.4,Petrol,2016,Comprehensive,CVT,Automatic,5 Seats,BANGALORE
₹ 7.30 Lakh,Hatchback,"45,677 Kms",1st Owner,2018,21.4,Petrol,2018,Comprehensive,5 Speed,Manual,5 Seats,BANGALORE
₹ 4.46 Lakh,Hatchback,"81,849 Kms",1st Owner,2017,23.1,Petrol,2017,Comprehensive,5 Speed,Manual,5 Seats,BANGALORE
₹ 6.38 Lakh,Hatchback,"67,791 Kms",2nd Owner,2015,25.2,Diesel,2015,Comprehensive,5 Speed,Manual,5 Seats,BANGALORE
₹ 37.50 Lakh,SUV,"38,100 Kms",1st Owner,2018,18.0,Diesel,2018,Comprehensive,8 Speed,Automatic,5 Seats,BANGALORE
₹ 6.94 Lakh,Hatchback,"65,015 Kms",1st Owner,2018,18.6,Petrol,2018,Third Party insurance,5 Speed,Manual,5 Seats,BANGALORE
₹ 47 Lakh,SUV,"47,000 Kms",2nd Owner,2018,17.9,Diesel,2018,Comprehensive,9 Speed,Automatic,5 Seats,BANGALORE
₹ 4.93 Lakh,Hatchback,"62,029 Kms",1st Owner,2014,22.38,Petrol,2014,Third Party,5-Speed,Manual,5 Seats,BANGALORE
₹ 6.37 Lakh,Hatchback,"94,926 Kms",1st Owner,2017,25.2,Diesel,2017,Comprehensive,5 Speed,Manual,5 Seats,BANGALORE
₹ 3.65 Lakh,Hatchback,"1,19,487 Kms",1st Owner,2012,17.0,Petrol,2012,Not Available,5 Speed,Manual,5 Seats,BANGALORE
₹ 8.25 Lakh,SUV,"1,26,000 Kms",1st Owner,2019,15.96,Diesel,2019,Third Party insurance,5 Speed,Manual,7 Seats,BANGALORE
₹ 6.45 Lakh,Sedan,"70,332 Kms",1st Owner,2017,21.66,Diesel,2017,Comprehensive,5 Speed,Manual,5 Seats,BANGALORE
₹ 5.85 Lakh,Hatchback,"37,950 Kms",1st Owner,2017,20.89,Petrol,2017,Third Party insurance,5 Speed,Manual,5 Seats,BANGALORE
₹ 8.35 Lakh,Hatchback,"38,100 Kms",1st Owner,2019,18.6,Petrol,2019,Comprehensive,5 Speed,Manual,5 Seats,BANGALORE
₹ 16.49 Lakh,SUV,"1,56,039 Kms",2nd Owner,2012,12.55,Diesel,2012,Comprehensive,5 Speed,Manual,7 Seats,BANGALORE
₹ 3.30 Lakh,Sedan,"56,000 Kms",2nd Owner,2008,15.0,Petrol,2008,Third Party insurance,5 Speed,Manual,5 Seats,BANGALORE
₹ 4.25 Lakh,Hatchback,"42,000 Kms",2nd Owner,2014,19.4,Petrol,2014,Comprehensive,5 Speed,Manual,5 Seats,BANGALORE
₹ 7.50 Lakh,Hatchback,"93,003 Kms",1st Owner,2018,22.54,Diesel,2018,Comprehensive,6 Speed,Manual,5 Seats,BANGALORE
₹ 6.75 Lakh,Hatchback,"36,000 Kms",2nd Owner,2017,18.9,Petrol,2017,Comprehensive,4 Speed,Automatic,5 Seats,BANGALORE
₹ 11.50 Lakh,SUV,"20,000 Kms",1st Owner,2022,18.9,Petrol,2022,Third Party insurance,7-Speed DCT,Automatic,5 Seats,CHENNAI
₹ 4.15 Lakh,Minivans,"20,687 Kms",1st Owner,2015,15.37,Petrol,2015,Comprehensive,5 Speed,Manual,7 Seats,CHENNAI
₹ 7.50 Lakh,SUV,"30,000 Kms",1st Owner,2021,20.0,Petrol,2021,Third Party insurance,5 Speed,Manual,5 Seats,CHENNAI
₹ 3.98 Lakh,Hatchback,"59,247 Kms",1st Owner,2015,19.81,Petrol,2015,Comprehensive,5 Speed,Manual,5 Seats,CHENNAI
₹ 5.50 Lakh,Hatchback,"50,000 Kms",1st Owner,2015,18.7,Petrol,2015,Third Party insurance,5 Speed,Manual,5 Seats,CHENNAI
₹ 33 Lakh,Sedan,"20,000 Kms",1st Owner,2016,13.0,Diesel,2016,Comprehensive,7 Speed,Automatic,5 Seats,CHENNAI
₹ 4.53 Lakh,Hatchback,"29,403 Kms",1st Owner,2016,23.1,Petrol,2016,Comprehensive,5 Speed ,Automatic,5 Seats,CHENNAI
₹ 2.85 Lakh,Hatchback,"42,700 Kms",1st Owner,2010,19.0,Petrol,2010,Comprehensive,5 Speed,Manual,5 Seats,CHENNAI
₹ 50 Lakh,SUV,"23,001 Kms",1st Owner,2018,16.55,Diesel,2018,Comprehensive,8 Speed,Automatic,5 Seats,CHENNAI
₹ 8.21 Lakh,SUV,"25,925 Kms",2nd Owner,2018,14.8,Petrol,2018,Comprehensive,6 Speed,Automatic,5 Seats,CHENNAI
₹ 8.65 Lakh,Hatchback,"20,000 Kms",1st Owner,2021,21.0,Petrol,2021,Third Party insurance,5 Speed,Manual,5 Seats,CHENNAI
₹ 7.92 Lakh,Hatchback,"17,711 Kms",1st Owner,2019,18.2,Petrol,2019,Comprehensive,5 Speed,Automatic,5 Seats,CHENNAI
₹ 40.50 Lakh,Sedan,"50,000 Kms",1st Owner,2020,20.37,Diesel,2020,Comprehensive,8 Speed,Automatic,5 Seats,CHENNAI
₹ 6.10 Lakh,Hatchback,"50,000 Kms",1st Owner,2018,22.0,Petrol,2018,Third Party insurance,5,Manual,5 Seats,CHENNAI
₹ 5.11 Lakh,Hatchback,"51,125 Kms",2nd Owner,2018,18.9,Petrol,2018,Comprehensive,5 Speed,Manual,5 Seats,CHENNAI
₹ 7.10 Lakh,SUV,"69,233 Kms",1st Owner,2019,21.5,Diesel,2019,Comprehensive,6 Speed,Manual,5 Seats,CHENNAI
₹ 12.25 Lakh,SUV,"65,000 Kms",1st Owner,2017,17.1,Diesel,2017,Comprehensive,6 Speed,Manual,5 Seats,CHENNAI
₹ 5.70 Lakh,Sedan,"93,281 Kms",1st Owner,2014,17.4,Petrol,2014,Comprehensive,5 Speed ,Manual,5 Seats,CHENNAI
₹ 39 Lakh,SUV,"18,000 Kms",1st Owner,2022,18.9,Diesel,2022,Comprehensive,6 Speed iMT,Manual,7 Seats,CHENNAI
₹ 3.75 Lakh,Sedan,"99,225 Kms",2nd Owner,2014,18.0,Petrol,2014,Comprehensive,5 Speed,Manual,5 Seats,CHENNAI
₹ 2.75 Lakh,Hatchback,"30,000 Kms",1st Owner,2016,20.3,Petrol,2016,Third Party insurance,5 Speed,Manual,5 Seats,CHENNAI
₹ 4.29 Lakh,Sedan,"30,602 Kms",1st Owner,2014,18.0,Petrol,2014,Comprehensive,5 Speed,Manual,5 Seats,CHENNAI
₹ 6.75 Lakh,Hatchback,"64,500 Kms",1st Owner,2018,25.2,Diesel,2018,Comprehensive,5 Speed,Manual,5 Seats,CHENNAI
₹ 7.93 Lakh,Sedan,"46,809 Kms",2nd Owner,2017,17.8,Petrol,2017,Comprehensive,5 Speed,Manual,5 Seats,CHENNAI
₹ 11 Lakh,SUV,"20,000 Kms",1st Owner,2020,18.9,Electric,2020,Third Party insurance,5 Speed,Automatic,5 Seats,CHENNAI
₹ 14.25 Lakh,SUV,"20,000 Kms",1st Owner,2019,17.01,Diesel,2019,Comprehensive,6 Speed,Automatic,5 Seats,CHENNAI
₹ 10.36 Lakh,SUV,"21,725 Kms",1st Owner,2020,18.15,Petrol,2020,Third Party,7-Speed,Automatic,5 Seats,CHENNAI
₹ 8 Lakh,Sedan,"80,000 Kms",1st Owner,2016,17.8,Petrol,2016,Third Party insurance,5 Speed,Manual,5 Seats,CHENNAI
₹ 14 Lakh,Sedan,"88,000 Kms",2nd Owner,2013,13.53,Petrol,2013,Third Party insurance,8 Speed,Automatic,5 Seats,CHENNAI
₹ 10.88 Lakh,Sedan,"30,360 Kms",2nd Owner,2019,17.4,Petrol,2019,Third Party,CVT,Automatic,5 Seats,CHENNAI
₹ 5.90 Lakh,Hatchback,"70,000 Kms",2nd Owner,2017,21.4,Petrol,2017,Third Party insurance,CVT,Automatic,5 Seats,CHENNAI
₹ 5.68 Lakh,Hatchback,"16,246 Kms",1st Owner,2016,18.9,Petrol,2016,Comprehensive,5 Speed,Manual,5 Seats,CHENNAI
₹ 4 Lakh,Hatchback,"55,000 Kms",2nd Owner,2017,23.1,Petrol,2017,Comprehensive,5 Speed ,Automatic,5 Seats,CHENNAI
₹ 27.90 Lakh,MUV,"13,000 Kms",1st Owner,2022,8.0,Petrol,2022,Comprehensive,6 Speed,Automatic,7 Seats,CHENNAI
₹ 4.22 Lakh,Hatchback,"71,638 Kms",2nd Owner,2016,23.1,Petrol,2016,Third Party,5 Speed ,Automatic,5 Seats,CHENNAI
₹ 4.50 Lakh,Sedan,"46,105 Kms",1st Owner,2015,18.0,Petrol,2015,Comprehensive,5 Speed,Manual,5 Seats,CHENNAI
₹ 6.50 Lakh,SUV,"60,000 Kms",1st Owner,2017,17.5,Petrol,2017,Third Party insurance,5 Speed,Manual,5 Seats,CHENNAI
₹ 5.75 Lakh,Hatchback,"80,000 Kms",1st Owner,2017,27.3,Diesel,2017,Third Party insurance,6 Speed,Manual,5 Seats,CHENNAI
₹ 19.50 Lakh,Hatchback,"58,000 Kms",1st Owner,2015,15.0,Diesel,2015,Comprehensive,7G DCT 7-Speed Dual Clutch Transmission ,Automatic,5 Seats,CHENNAI
₹ 1.50 Lakh,Sedan,"70,000 Kms",2nd Owner,2008,15.9,Petrol,2008,Third Party insurance,5 Speed,Manual,5 Seats,CHENNAI
₹ 7.02 Lakh,Hatchback,"61,764 Kms",1st Owner,2017,21.4,Petrol,2017,Third Party,CVT,Automatic,5 Seats,CHENNAI
₹ 4.48 Lakh,SUV,"36,018 Kms",2nd Owner,2016,18.15,Petrol,2016,Third Party insurance,5 Speed,Manual,6 Seats,CHENNAI
₹ 6.50 Lakh,SUV,"1,50,000 Kms",1st Owner,2016,19.6,Diesel,2016,Third Party insurance,6 Speed,Automatic,5 Seats,CHENNAI
₹ 8.01 Lakh,Hatchback,"17,197 Kms",1st Owner,2022,20.7,Petrol,2022,Third Party,5-Speed,Manual,5 Seats,CHENNAI
₹ 7.72 Lakh,Sedan,"62,931 Kms",2nd Owner,2016,18.0,Petrol,2016,Comprehensive,5 Speed CVT,Automatic,5 Seats,CHENNAI
₹ 5 Lakh,Sedan,"90,000 Kms",2nd Owner,2013,14.53,Petrol,2013,Third Party insurance,6 Speed ,Manual,5 Seats,CHENNAI
₹ 11.03 Lakh,SUV,"21,023 Kms",1st Owner,2021,16.82,Petrol,2021,Third Party,6 Speed,Manual,5 Seats,CHENNAI
₹ 14.90 Lakh,Sedan,"43,000 Kms",1st Owner,2018,21.43,Diesel,2018,Comprehensive,6 Speed,Manual,5 Seats,CHENNAI
₹ 6.27 Lakh,Sedan,"1,10,505 Kms",1st Owner,2017,28.4,Diesel,2017,Third Party insurance,5 Speed,Automatic,5 Seats,CHENNAI
₹ 8.35 Lakh,Sedan,"78,892 Kms",1st Owner,2018,17.0,Petrol,2018,Third Party insurance,6 Speed,Manual,5 Seats,CHENNAI
₹ 20.90 Lakh,Sedan,"59,000 Kms",1st Owner,2015,18.53,Diesel,2015,Third Party insurance,7 Speed,Automatic,5 Seats,CHENNAI
₹ 3.50 Lakh,Sedan,"90,058 Kms",1st Owner,2014,18.2,Petrol,2014,Comprehensive,5 Speed,Manual,5 Seats,CHENNAI
₹ 21 Lakh,SUV,"69,000 Kms",1st Owner,2015,13.22,Diesel,2015,Third Party insurance,7 Speed ,Automatic,5 Seats,CHENNAI
₹ 9.25 Lakh,SUV,"67,000 Kms",1st Owner,2019,25.5,Diesel,2019,Comprehensive,6 Speed,Manual,5 Seats,CHENNAI
₹ 8.50 Lakh,Sedan,"80,000 Kms",1st Owner,2017,28.09,Diesel,2017,Third Party insurance,5 Speed,Manual,5 Seats,CHENNAI
₹ 8.50 Lakh,Sedan,"80,000 Kms",1st Owner,2017,28.09,Diesel,2017,Third Party insurance,5 Speed,Manual,5 Seats,CHENNAI
₹ 66 Lakh,SUV,"57,000 Kms",1st Owner,2020,14.75,Diesel,2020,Comprehensive,8 Speed,Automatic,7 Seats,CHENNAI
₹ 21.50 Lakh,MUV,"8,00,000 Kms",1st Owner,2018,13.68,Diesel,2018,Comprehensive,5 Speed,Manual,8 Seats,CHENNAI
₹ 36 Lakh,Sedan,"55,00,000 Kms",1st Owner,2018,19.27,Diesel,2018,Comprehensive,9 Speed,Automatic,5 Seats,CHENNAI
₹ 68 Lakh,Sedan,"27,000 Kms",1st Owner,2017,16.46,Diesel,2017,Comprehensive,8 Speed,Automatic,5 Seats,CHENNAI
₹ 7.07 Lakh,SUV,"38,334 Kms",1st Owner,2018,17.0,Petrol,2018,Comprehensive,6 Speed,Manual,5 Seats,CHENNAI
₹ 6.80 Lakh,Hatchback,"36,992 Kms",1st Owner,2019,17.74,Petrol,2019,Third Party insurance,5 Speed,Manual,5 Seats,CHENNAI
₹ 37.50 Lakh,SUV,"50,000 Kms",2nd Owner,2016,16.55,Diesel,2016,Comprehensive,8 Speed,Automatic,5 Seats,CHENNAI
₹ 20.39 Lakh,SUV,"34,596 Kms",1st Owner,2021,14.08,Diesel,2021,Comprehensive,6-Speed,Automatic,6 Seats,CHENNAI
₹ 4.01 Lakh,Hatchback,"84,564 Kms",1st Owner,2019,19.02,Petrol,2019,Third Party,5 Speed,Manual,5 Seats,CHENNAI
₹ 21.50 Lakh,Sedan,"60,001 Kms",2nd Owner,2013,13.0,Diesel,2013,Comprehensive,7 Speed,Automatic,5 Seats,CHENNAI
₹ 5.05 Lakh,Hatchback,"23,462 Kms",1st Owner,2018,20.3,Petrol,2018,Zero Dep,5 Speed,Manual,5 Seats,CHENNAI
₹ 15.99 Lakh,SUV,"13,000 Kms",1st Owner,2022,18.41,Petrol,2022,Third Party insurance,6-Speed,Automatic,5 Seats,CHENNAI
₹ 8.30 Lakh,Sedan,"54,658 Kms",1st Owner,2019,23.8,Diesel,2019,Comprehensive,5 Speed,Automatic,5 Seats,CHENNAI
₹ 10.36 Lakh,SUV,"34,164 Kms",1st Owner,2020,16.82,Petrol,2020,Third Party,6 Speed,Manual,5 Seats,CHENNAI
₹ 15.95 Lakh,SUV,"10,000 Kms",1st Owner,2022,16.8,Petrol,2022,Third Party insurance,6-Speed iMT,Manual,5 Seats,CHENNAI
₹ 1 Lakh,Hatchback,"70,000 Kms",3rd Owner,2010,14.6,Petrol,2010,Third Party insurance,5-Speed,Manual,5 Seats,CHENNAI
₹ 8.25 Lakh,SUV,"37,000 Kms",1st Owner,2020,17.52,Petrol,2020,Third Party insurance,5-Speed,Manual,5 Seats,CHENNAI
₹ 29 Lakh,SUV,"20,000 Kms",1st Owner,2022,18.9,Diesel,2022,Comprehensive,6-Speed,Automatic,7 Seats,CHENNAI
₹ 5.50 Lakh,Hatchback,"53,967 Kms",1st Owner,2016,21.4,Petrol,2016,Comprehensive,5 Speed,Manual,5 Seats,CHENNAI
₹ 2.99 Lakh,Hatchback,"52,700 Kms",1st Owner,2011,20.36,Petrol,2011,Comprehensive,5 Speed,Manual,5 Seats,CHENNAI
₹ 7.50 Lakh,SUV,"60,000 Kms",1st Owner,2018,17.0,Petrol,2018,Third Party insurance,6 Speed,Automatic,5 Seats,CHENNAI
₹ 5.50 Lakh,Hatchback,"53,967 Kms",1st Owner,2016,21.4,Petrol,2016,Comprehensive,5 Speed,Manual,5 Seats,CHENNAI
₹ 3.75 Lakh,Sedan,"99,225 Kms",2nd Owner,2014,18.6,Petrol,2014,Comprehensive,5 Speed,Manual,5 Seats,CHENNAI
₹ 2.65 Lakh,Sedan,"60,000 Kms",2nd Owner,2011,16.0,Petrol,2011,Third Party insurance,Five Speed,Manual,5 Seats,CHENNAI
₹ 8.08 Lakh,Hatchback,"48,220 Kms",1st Owner,2020,17.1,Petrol,2020,Third Party,7 Speed,Automatic,5 Seats,CHENNAI
₹ 5.42 Lakh,Hatchback,"72,024 Kms",1st Owner,2016,18.7,Petrol,2016,Third Party insurance,5 Speed,Manual,5 Seats,CHENNAI
₹ 5.29 Lakh,Sedan,"80,000 Kms",1st Owner,2016,15.5,Petrol,2016,Third Party insurance,5 Speed,Automatic,5 Seats,CHENNAI
₹ 6.84 Lakh,Hatchback,"78,735 Kms",1st Owner,2017,16.2,Petrol,2017,Third Party,5 Speed,Manual,5 Seats,CHENNAI
₹ 8.13 Lakh,SUV,"72,955 Kms",2nd Owner,2018,23.0,Diesel,2018,Zero Dep,5 Speed,Manual,5 Seats,CHENNAI
₹ 6.50 Lakh,Sedan,"40,000 Kms",1st Owner,2015,19.12,Petrol,2015,Third Party insurance,4 Speed,Automatic,5 Seats,CHENNAI
₹ 18.02 Lakh,SUV,"14,037 Kms",1st Owner,2021,14.3,Petrol,2021,Comprehensive,6 Speed,Manual,5 Seats,CHENNAI
₹ 7.45 Lakh,Hatchback,"29,000 Kms",1st Owner,2019,18.6,Petrol,2019,Comprehensive,5 Speed,Manual,5 Seats,CHENNAI
₹ 6.19 Lakh,Hatchback,"69,864 Kms",1st Owner,2017,21.4,Petrol,2017,Third Party insurance,5 Speed,Manual,5 Seats,CHENNAI
₹ 6.50 Lakh,Sedan,"35,739 Kms",1st Owner,2019,20.14,Petrol,2019,Third Party insurance,5 Speed,Manual,5 Seats,CHENNAI
₹ 5 Lakh,Hatchback,"1,20,000 Kms",2nd Owner,2016,19.0,Petrol,2016,Third Party insurance,5 Speed,Automatic,5 Seats,CHENNAI
₹ 11.45 Lakh,MUV,"18,000 Kms",1st Owner,2019,24.52,Diesel,2019,Comprehensive,5 Speed,Manual,7 Seats,CHENNAI
₹ 16 Lakh,SUV,"21,000 Kms",1st Owner,2019,16.35,Diesel,2019,Comprehensive,6-Speed,Manual,5 Seats,CHENNAI
₹ 5.40 Lakh,Hatchback,"70,404 Kms",1st Owner,2016,21.4,Petrol,2016,Comprehensive,5 Speed,Manual,5 Seats,CHENNAI
₹ 6.75 Lakh,Sedan,"63,000 Kms",1st Owner,2015,16.09,Petrol,2015,Comprehensive,5 Speed,Manual,5 Seats,CHENNAI
₹ 5.10 Lakh,Sedan,"88,000 Kms",2nd Owner,2017,17.0,Petrol,2017,Third Party insurance,5 Speed,Manual,5 Seats,CHENNAI
₹ 8.30 Lakh,Sedan,"65,000 Kms",1st Owner,2017,17.4,Petrol,2017,Comprehensive,5 Speed,Manual,5 Seats,CHENNAI
₹ 39 Lakh,SUV,"30,000 Kms",2nd Owner,2017,12.51,Diesel,2017,Third Party insurance,9 Speed,Automatic,7 Seats,CHENNAI
₹ 5.10 Lakh,Sedan,"71,423 Kms",1st Owner,2012,15.6,Petrol,2012,Comprehensive,5 Speed AT+ Paddle Shifters,Automatic,5 Seats,CHENNAI
₹ 12 Lakh,MUV,"80,000 Kms",1st Owner,2019,17.99,Petrol,2019,Third Party insurance,4-Speed,Automatic,6 Seats,CHENNAI
₹ 7.66 Lakh,Sedan,"85,759 Kms",1st Owner,2017,17.8,Petrol,2017,Third Party,5 Speed,Manual,5 Seats,CHENNAI
₹ 4.49 Lakh,Hatchback,"24,422 Kms",1st Owner,2019,20.3,Petrol,2019,Zero Dep,5 Speed,Manual,5 Seats,CHENNAI
₹ 7.50 Lakh,Sedan,"90,000 Kms",4th Owner,2017,17.0,Petrol,2017,Third Party insurance,6 Speed,Manual,5 Seats,CHENNAI
₹ 3.17 Lakh,Hatchback,"67,091 Kms",2nd Owner,2012,19.4,Petrol,2012,Third Party,5 Speed,Manual,5 Seats,CHENNAI
₹ 15.60 Lakh,SUV,"72,787 Kms",1st Owner,2020,15.81,Petrol,2020,Third Party,6 Speed,Manual,5 Seats,CHENNAI
₹ 19 Lakh,SUV,"1,20,000 Kms",2nd Owner,2017,13.5,Diesel,2017,Third Party insurance,6 Speed,Manual,7 Seats,CHENNAI
₹ 5.22 Lakh,Hatchback,"90,142 Kms",1st Owner,2017,18.9,Petrol,2017,Comprehensive,5 Speed,Manual,5 Seats,CHENNAI
₹ 5 Lakh,Hatchback,"1,50,000 Kms",1st Owner,2015,18.6,Petrol,2015,Third Party insurance,5 Speed,Manual,5 Seats,CHENNAI
₹ 6.27 Lakh,Hatchback,"33,256 Kms",1st Owner,2018,19.0,Petrol,2018,Comprehensive,5-Speed,Manual,5 Seats,CHENNAI
₹ 6.87 Lakh,Hatchback,"70,027 Kms",1st Owner,2018,21.4,Petrol,2018,Comprehensive,CVT,Automatic,5 Seats,CHENNAI
₹ 2.05 Lakh,Sedan,"1,20,000 Kms",3rd Owner,2007,13.6,Diesel,2007,Third Party insurance,6 Speed,Manual,5 Seats,CHENNAI
₹ 5.25 Lakh,Hatchback,"60,000 Kms",2nd Owner,2015,16.2,Petrol,2015,Third Party insurance,5 Speed,Manual,5 Seats,CHENNAI
₹ 6.20 Lakh,Hatchback,"73,686 Kms",1st Owner,2017,25.2,Diesel,2017,Third Party insurance,5 Speed,Manual,5 Seats,CHENNAI
₹ 8.25 Lakh,SUV,"44,000 Kms",2nd Owner,2018,18.49,Diesel,2018,Comprehensive,5 Speed,Manual,7 Seats,CHENNAI
₹ 5.30 Lakh,Hatchback,"75,581 Kms",1st Owner,2015,21.21,Petrol,2015,Comprehensive,5,Manual,5 Seats,CHENNAI
₹ 36 Lakh,SUV,"58,000 Kms",1st Owner,2015,15.26,Diesel,2015,Comprehensive,7 Speed,Automatic,5 Seats,CHENNAI
₹ 19.50 Lakh,Sedan,"50,000 Kms",2nd Owner,2015,20.38,Diesel,2015,Comprehensive,6 Speed,Automatic,5 Seats,CHENNAI
₹ 6.50 Lakh,SUV,"1,00,000 Kms",1st Owner,2015,18.49,Diesel,2015,Third Party insurance,5 Speed,Manual,7 Seats,CHENNAI
₹ 6.50 Lakh,Sedan,"1,08,902 Kms",1st Owner,2017,28.09,Diesel,2017,Third Party insurance,5 Speed,Manual,5 Seats,CHENNAI
₹ 5.70 Lakh,Sedan,"1,00,425 Kms",1st Owner,2016,21.66,Diesel,2016,Comprehensive,5 Speed,Manual,5 Seats,CHENNAI
₹ 4.58 Lakh,Sedan,"70,887 Kms",2nd Owner,2016,19.1,Petrol,2016,Third Party,5 Speed ,Manual,5 Seats,CHENNAI
₹ 5.77 Lakh,Sedan,"1,14,981 Kms",2nd Owner,2016,17.8,Petrol,2016,Comprehensive,5 Speed,Manual,5 Seats,CHENNAI
₹ 9 Lakh,SUV,"45,000 Kms",1st Owner,2018,17.5,Petrol,2018,Comprehensive,5 Speed,Manual,5 Seats,CHENNAI
₹ 6.49 Lakh,Hatchback,"45,416 Kms",1st Owner,2021,20.7,Petrol,2021,Comprehensive,5-Speed,Manual,5 Seats,CHENNAI
₹ 5.49 Lakh,Hatchback,"1,19,468 Kms",1st Owner,2016,18.6,Petrol,2016,Third Party insurance,5 Speed,Manual,5 Seats,CHENNAI
₹ 6.50 Lakh,Sedan,"1,00,000 Kms",3rd Owner,2015,21.21,Diesel,2015,Third Party insurance,7 Speed DSG,Automatic,5 Seats,CHENNAI
₹ 5.14 Lakh,Sedan,"1,19,975 Kms",1st Owner,2017,22.41,Petrol,2017,Third Party,5 Speed,Manual,5 Seats,CHENNAI
₹ 39 Lakh,Sedan,"19,000 Kms",1st Owner,2017,15.34,Petrol,2017,Comprehensive,8 Speed,Automatic,5 Seats,CHENNAI
₹ 4.56 Lakh,Hatchback,"64,906 Kms",2nd Owner,2016,18.9,Petrol,2016,Comprehensive,5 Speed,Manual,5 Seats,CHENNAI
₹ 5.02 Lakh,Hatchback,"81,484 Kms",2nd Owner,2016,21.4,Petrol,2016,Comprehensive,5 Speed,Manual,5 Seats,CHENNAI
₹ 6.85 Lakh,Sedan,"45,067 Kms",1st Owner,2018,21.21,Petrol,2018,Comprehensive,5 Speed,Manual,5 Seats,CHENNAI
₹ 1.10 Crore,Sedan,"68,000 Kms",1st Owner,2018,7.81,Petrol,2018,Third Party insurance,9 Speed,Automatic,4 Seats,CHENNAI
₹ 5.80 Lakh,Hatchback,"65,768 Kms",1st Owner,2016,18.7,Petrol,2016,Comprehensive,5 Speed,Manual,5 Seats,CHENNAI
₹ 5.30 Lakh,Hatchback,"61,000 Kms",2nd Owner,2016,18.7,Petrol,2016,Comprehensive,5 Speed,Manual,5 Seats,CHENNAI
₹ 17 Lakh,Sedan,"50,000 Kms",3rd Owner,2009,13.0,Diesel,2009,Comprehensive,7 Speed,Automatic,5 Seats,CHENNAI
₹ 43.75 Lakh,Sedan,"23,000 Kms",1st Owner,2018,18.12,Diesel,2018,Comprehensive,8 Speed,Automatic,5 Seats,CHENNAI
₹ 82 Lakh,Sedan,"17,000 Kms",1st Owner,2018,16.46,Diesel,2018,Comprehensive,8 Speed,Automatic,5 Seats,CHENNAI
₹ 4.20 Lakh,Hatchback,"1,02,958 Kms",1st Owner,2017,23.1,Petrol,2017,Comprehensive,5 Speed ,Automatic,5 Seats,CHENNAI
₹ 7.75 Lakh,Sedan,"62,900 Kms",1st Owner,2013,21.43,Diesel,2013,Comprehensive,6 Speed,Manual,5 Seats,CHENNAI
₹ 3.95 Lakh,Hatchback,"65,076 Kms",2nd Owner,2015,20.51,Petrol,2015,Comprehensive,5 Speed,Manual,5 Seats,CHENNAI
₹ 5.33 Lakh,Hatchback,"75,876 Kms",1st Owner,2016,21.4,Petrol,2016,Comprehensive,5 Speed,Manual,5 Seats,CHENNAI
₹ 5.47 Lakh,Hatchback,"98,911 Kms",1st Owner,2015,18.6,Petrol,2015,Third Party insurance,5 Speed,Manual,5 Seats,CHENNAI
₹ 3.95 Lakh,Hatchback,"45,000 Kms",1st Owner,2015,23.1,Petrol,2015,Comprehensive,5 Speed ,Manual,5 Seats,CHENNAI
₹ 9.08 Lakh,Sedan,"76,089 Kms",1st Owner,2017,19.08,Diesel,2017,Third Party,4 Speed ,Automatic,5 Seats,CHENNAI
₹ 5.21 Lakh,Hatchback,"54,505 Kms",2nd Owner,2017,18.9,Petrol,2017,Third Party,5 Speed,Manual,5 Seats,CHENNAI
₹ 22.90 Lakh,Sedan,"24,000 Kms",1st Owner,2019,20.38,Diesel,2019,Third Party insurance,6 Speed,Automatic,5 Seats,CHENNAI
₹ 5.07 Lakh,Sedan,"96,573 Kms",1st Owner,2016,22.41,Petrol,2016,Zero Dep,5 Speed,Manual,5 Seats,CHENNAI
₹ 16.25 Lakh,SUV,"30,000 Kms",1st Owner,2019,18.9,Diesel,2019,Comprehensive,6-Speed,Automatic,5 Seats,CHENNAI
₹ 5.28 Lakh,Hatchback,"63,720 Kms",2nd Owner,2016,18.9,Petrol,2016,Comprehensive,5 Speed,Manual,5 Seats,CHENNAI
₹ 4.35 Lakh,Hatchback,"14,411 Kms",1st Owner,2021,22.05,Petrol,2021,Comprehensive,5 Speed,Manual,5 Seats,CHENNAI
₹ 14.90 Lakh,SUV,"11,000 Kms",1st Owner,2022,18.41,Petrol,2022,Comprehensive,6-Speed,Automatic,5 Seats,CHENNAI
₹ 17.90 Lakh,SUV,"21,000 Kms",1st Owner,2022,18.86,Petrol,2022,Comprehensive,7-speed,Automatic,5 Seats,CHENNAI
₹ 6.25 Lakh,SUV,"34,392 Kms",1st Owner,2017,17.5,Petrol,2017,Comprehensive,5 Speed,Manual,5 Seats,CHENNAI
₹ 6.90 Lakh,Hatchback,"20,000 Kms",1st Owner,2022,20.7,Petrol,2022,Third Party insurance,5-Speed,Manual,5 Seats,CHENNAI
₹ 13.50 Lakh,SUV,"10,000 Kms",1st Owner,2022,18.2,Petrol,2022,Third Party insurance,6-Speed iMT,Manual,5 Seats,CHENNAI
₹ 15.50 Lakh,SUV,"20,000 Kms",1st Owner,2022,14.82,Petrol,2022,Third Party insurance,8 Speed CVT,Automatic,5 Seats,CHENNAI
₹ 7.90 Lakh,Hatchback,"47,000 Kms",1st Owner,2019,19.56,Petrol,2019,Comprehensive,5-Speed,Automatic,5 Seats,CHENNAI
₹ 2.70 Lakh,Hatchback,"60,333 Kms",2nd Owner,2014,23.95,Petrol,2014,Comprehensive,5 Speed,Manual,5 Seats,CHENNAI
₹ 3.65 Lakh,Hatchback,"81,058 Kms",1st Owner,2014,24.0,Diesel,2014,Comprehensive,5 Speed,Manual,5 Seats,CHENNAI
₹ 4.25 Lakh,Sedan,"51,800 Kms",2nd Owner,2010,13.5,Petrol,2010,Comprehensive,5 Speed,Manual,5 Seats,CHENNAI
₹ 5.28 Lakh,Hatchback,"32,797 Kms",2nd Owner,2016,18.9,Petrol,2016,Comprehensive,5 Speed,Manual,5 Seats,CHENNAI
₹ 5.11 Lakh,Hatchback,"69,731 Kms",1st Owner,2016,18.9,Petrol,2016,Comprehensive,5 Speed,Manual,5 Seats,CHENNAI
₹ 6.25 Lakh,Sedan,"54,000 Kms",2nd Owner,2016,17.8,Petrol,2016,Comprehensive,5 Speed,Manual,5 Seats,CHENNAI
₹ 3.27 Lakh,Hatchback,"1,10,267 Kms",2nd Owner,2016,19.49,Petrol,2016,Comprehensive,5 Speed,Manual,5 Seats,CHENNAI
₹ 5.05 Lakh,SUV,"31,767 Kms",1st Owner,2018,18.15,Petrol,2018,Third Party insurance,5 Speed,Manual,6 Seats,CHENNAI
₹ 6.40 Lakh,SUV,"45,677 Kms",2nd Owner,2018,17.5,Petrol,2018,Comprehensive,5 Speed,Manual,5 Seats,CHENNAI
₹ 4.49 Lakh,Hatchback,"66,656 Kms",1st Owner,2017,25.24,Petrol,2017,Comprehensive,5-Speed,Manual,5 Seats,CHENNAI
₹ 7.25 Lakh,Sedan,"27,000 Kms",1st Owner,2019,24.7,Diesel,2019,Comprehensive,5 Speed,Manual,5 Seats,CHENNAI
₹ 4.95 Lakh,Hatchback,"37,004 Kms",1st Owner,2021,21.74,Petrol,2021,Comprehensive,5 Speed,Manual,5 Seats,CHENNAI
₹ 2.71 Lakh,Hatchback,"85,274 Kms",2nd Owner,2011,20.36,Petrol,2011,Comprehensive,5 Speed,Manual,5 Seats,CHENNAI
₹ 9.40 Lakh,SUV,"60,000 Kms",2nd Owner,2017,19.67,Diesel,2017,Third Party insurance,6 Speed,Manual,5 Seats,CHENNAI
₹ 7.99 Lakh,Sedan,"42,000 Kms",1st Owner,2017,17.4,Petrol,2017,Comprehensive,5 Speed,Manual,5 Seats,CHENNAI
₹ 18.50 Lakh,SUV,"20,000 Kms",1st Owner,2022,18.9,Diesel,2022,Third Party insurance,6-speed,Manual,5 Seats,CHENNAI
₹ 20 Lakh,MUV,"30,000 Kms",1st Owner,2022,18.9,Diesel,2022,Third Party insurance,6-Speed AT,Automatic,7 Seats,CHENNAI
₹ 45 Lakh,Sedan,"25,000 Kms",1st Owner,2017,16.1,Diesel,2017,Comprehensive,9 Speed,Automatic,5 Seats,CHENNAI
₹ 7 Lakh,SUV,"80,000 Kms",3rd Owner,2014,15.1,Diesel,2014,Third Party insurance,6 Speed ,Manual,7 Seats,CHENNAI
₹ 5.85 Lakh,Sedan,"60,000 Kms",2nd Owner,2015,17.1,Petrol,2015,Third Party insurance,5 Speed,Manual,5 Seats,CHENNAI
₹ 20.50 Lakh,SUV,"20,000 Kms",1st Owner,2022,16.35,Diesel,2022,Third Party insurance,6-Speed,Manual,5 Seats,CHENNAI
₹ 19.90 Lakh,SUV,"20,000 Kms",1st Owner,2022,18.9,Petrol,2022,Third Party insurance,8-Speed,Automatic,5 Seats,CHENNAI
₹ 19.90 Lakh,SUV,"20,000 Kms",1st Owner,2022,18.9,Petrol,2022,Third Party insurance,8-Speed,Automatic,5 Seats,CHENNAI
₹ 14.45 Lakh,SUV,"55,037 Kms",2nd Owner,2020,18.9,Diesel,2020,Third Party,6-speed,Manual,5 Seats,CHENNAI
₹ 4.51 Lakh,Hatchback,"65,607 Kms",1st Owner,2018,20.3,Petrol,2018,Zero Dep,5 Speed,Manual,5 Seats,CHENNAI
₹ 11 Lakh,MUV,"70,000 Kms",1st Owner,2021,18.9,CNG,2021,Third Party insurance,5-Speed,Manual,7 Seats,CHENNAI
₹ 6.31 Lakh,Hatchback,"74,777 Kms",1st Owner,2016,18.6,Petrol,2016,Comprehensive,5 Speed,Manual,5 Seats,CHENNAI
₹ 4.11 Lakh,Sedan,"1,02,392 Kms",2nd Owner,2012,17.6,Petrol,2012,Comprehensive,5 Speed,Manual,5 Seats,CHENNAI
₹ 5 Lakh,Sedan,"90,210 Kms",1st Owner,2015,21.14,Diesel,2015,Comprehensive,5 Speed,Manual,5 Seats,CHENNAI
₹ 4.88 Lakh,Sedan,"62,373 Kms",1st Owner,2014,22.41,Petrol,2014,Third Party,5 Speed,Manual,5 Seats,CHENNAI
₹ 4.60 Lakh,Sedan,"80,000 Kms",1st Owner,2015,22.95,Diesel,2015,Third Party insurance,5 Speed,Manual,5 Seats,CHENNAI
₹ 5.14 Lakh,Hatchback,"25,219 Kms",2nd Owner,2018,26.0,Petrol,2018,Comprehensive,5-Speed,Automatic,5 Seats,CHENNAI
₹ 5.08 Lakh,Hatchback,"64,409 Kms",3rd Owner,2014,25.2,Diesel,2014,Third Party,5 Speed,Manual,5 Seats,CHENNAI
₹ 8.65 Lakh,SUV,"52,000 Kms",1st Owner,2018,21.5,Diesel,2018,Comprehensive,6 Speed,Manual,5 Seats,CHENNAI
₹ 8.55 Lakh,Sedan,"30,000 Kms",2nd Owner,2018,20.28,Petrol,2018,Comprehensive,4 Speed,Automatic,5 Seats,CHENNAI
₹ 1.18 Crore,Sedan,"14,000 Kms",1st Owner,2020,13.5,Diesel,2020,Comprehensive,9 Speed,Automatic,5 Seats,CHENNAI
₹ 9.25 Lakh,SUV,"48,574 Kms",1st Owner,2019,23.7,Diesel,2019,Comprehensive,6-Speed,Manual,5 Seats,CHENNAI
₹ 5.10 Lakh,Sedan,"71,423 Kms",1st Owner,2012,16.8,Petrol,2012,Comprehensive,5 Speed,Automatic,5 Seats,CHENNAI
₹ 57 Lakh,Sedan,"30,000 Kms",1st Owner,2020,16.1,Diesel,2020,Comprehensive,9 Speed,Automatic,5 Seats,CHENNAI
₹ 3.50 Lakh,Hatchback,"75,498 Kms",1st Owner,2013,18.9,Petrol,2013,Comprehensive,5 Speed,Manual,5 Seats,CHENNAI
₹ 6.30 Lakh,Sedan,"95,963 Kms",1st Owner,2017,17.8,Petrol,2017,Third Party insurance,5 Speed,Manual,5 Seats,CHENNAI
₹ 4.10 Lakh,Hatchback,"46,613 Kms",1st Owner,2015,20.51,Petrol,2015,Comprehensive,5 Speed,Manual,5 Seats,CHENNAI
₹ 7.25 Lakh,SUV,"30,000 Kms",1st Owner,2017,17.5,Petrol,2017,Third Party insurance,5 Speed,Manual,5 Seats,CHENNAI
₹ 4.66 Lakh,Sedan,"18,722 Kms",1st Owner,2015,18.0,Petrol,2015,Comprehensive,5 Speed,Manual,5 Seats,CHENNAI
₹ 18.64 Lakh,SUV,"5,593 Kms",1st Owner,2023,16.5,Petrol,2023,Comprehensive,7-Speed DCT,Automatic,5 Seats,CHENNAI
₹ 27 Lakh,SUV,"40,000 Kms",1st Owner,2017,15.73,Diesel,2017,Third Party insurance,7-Speed S-Tronic ,Automatic,5 Seats,CHENNAI
₹ 5.03 Lakh,Hatchback,"20,875 Kms",1st Owner,2021,25.24,Petrol,2021,Third Party,5-Speed,Manual,5 Seats,CHENNAI
₹ 3.09 Lakh,Hatchback,"46,436 Kms",2nd Owner,2018,25.17,Petrol,2018,Third Party,5 Speed,Manual,5 Seats,CHENNAI
₹ 6.40 Lakh,Sedan,"1,27,672 Kms",1st Owner,2016,18.0,Petrol,2016,Third Party insurance,5 Speed CVT,Automatic,5 Seats,CHENNAI
₹ 8.41 Lakh,SUV,"12,814 Kms",1st Owner,2021,17.52,Petrol,2021,Third Party,5-Speed,Manual,5 Seats,CHENNAI
₹ 18.90 Lakh,SUV,"26,000 Kms",1st Owner,2022,16.14,Diesel,2022,Third Party,6-Speed,Manual,7 Seats,CHENNAI
₹ 2.88 Lakh,Hatchback,"45,851 Kms",1st Owner,2011,20.36,Petrol,2011,Comprehensive,5 Speed,Manual,5 Seats,CHENNAI
₹ 9.40 Lakh,SUV,"36,349 Kms",1st Owner,2021,18.0,Petrol,2021,Comprehensive,6-Speed IMT,Manual,5 Seats,CHENNAI
₹ 8.45 Lakh,Hatchback,"35,000 Kms",1st Owner,2018,17.21,Petrol,2018,Comprehensive,7 Speed,Automatic,5 Seats,CHENNAI
₹ 20.56 Lakh,SUV,"17,059 Kms",1st Owner,2021,14.08,Diesel,2021,Comprehensive,6-Speed,Automatic,7 Seats,CHENNAI
₹ 77 Lakh,SUV,"37,000 Kms",1st Owner,2019,13.38,Diesel,2019,Comprehensive,8-Speed Steptronic,Automatic,5 Seats,CHENNAI
₹ 4 Lakh,Hatchback,"48,163 Kms",2nd Owner,2016,20.51,Petrol,2016,Comprehensive,5 Speed,Manual,5 Seats,CHENNAI
₹ 4.25 Lakh,Sedan,"40,000 Kms",3rd Owner,2013,19.1,Petrol,2013,Third Party insurance,5 Speed,Manual,5 Seats,CHENNAI
₹ 2 Lakh,Sedan,"1,50,000 Kms",2nd Owner,2008,17.0,Diesel,2008,Third Party insurance,5 Speed,Manual,5 Seats,CHENNAI
₹ 7.50 Lakh,Hatchback,"20,000 Kms",1st Owner,2020,17.74,Petrol,2020,Third Party insurance,5 Speed,Manual,5 Seats,CHENNAI
₹ 16.90 Lakh,SUV,"47,000 Kms",1st Owner,2019,17.6,Diesel,2019,Comprehensive,6 Speed,Automatic,5 Seats,CHENNAI
₹ 3.10 Lakh,Hatchback,"1,12,711 Kms",1st Owner,2013,20.36,Petrol,2013,Comprehensive,5 Speed,Manual,5 Seats,CHENNAI
₹ 39 Lakh,SUV,"53,000 Kms",1st Owner,2020,15.04,Diesel,2020,Comprehensive,6 Speed,Automatic,7 Seats,CHENNAI
₹ 4.37 Lakh,Hatchback,"65,895 Kms",2nd Owner,2016,26.68,Petrol,2016,Comprehensive,5-Speed,Automatic,5 Seats,CHENNAI
₹ 10.26 Lakh,SUV,"15,625 Kms",1st Owner,2022,17.0,Petrol,2022,Comprehensive,6-speed AutoSHIFT,Automatic,5 Seats,CHENNAI
₹ 5.60 Lakh,Hatchback,"1,07,595 Kms",1st Owner,2015,25.2,Diesel,2015,Third Party insurance,5 Speed,Manual,5 Seats,CHENNAI
₹ 5.32 Lakh,Hatchback,"23,838 Kms",1st Owner,2017,20.89,Petrol,2017,Comprehensive,5 Speed,Manual,5 Seats,CHENNAI
₹ 3.23 Lakh,Hatchback,"28,975 Kms",1st Owner,2015,24.39,Petrol,2015,Third Party,5 Speed,Manual,5 Seats,CHENNAI
₹ 7.70 Lakh,SUV,"30,742 Kms",1st Owner,2018,17.5,Petrol,2018,Third Party insurance,5 Speed,Manual,5 Seats,CHENNAI
₹ 4.92 Lakh,Hatchback,"10,363 Kms",1st Owner,2022,21.7,Petrol,2022,Comprehensive,5 Speed,Manual,5 Seats,CHENNAI
₹ 6.50 Lakh,Sedan,"1,00,000 Kms",1st Owner,2015,17.4,Petrol,2015,Third Party insurance,5 Speed ,Manual,5 Seats,CHENNAI
₹ 6.33 Lakh,Sedan,"75,555 Kms",1st Owner,2016,17.8,Petrol,2016,Comprehensive,5 Speed,Manual,5 Seats,CHENNAI
₹ 9.82 Lakh,SUV,"60,929 Kms",2nd Owner,2018,15.8,Petrol,2018,Third Party insurance,6 Speed,Manual,5 Seats,CHENNAI
₹ 13.50 Lakh,SUV,"78,000 Kms",2nd Owner,2009,11.7,Diesel,2009,Comprehensive,8 Speed,Automatic,5 Seats,CHENNAI
₹ 9 Lakh,SUV,"1,20,000 Kms",1st Owner,2017,24.3,Diesel,2017,Third Party insurance,5 Speed,Manual,5 Seats,CHENNAI
₹ 3.70 Lakh,Sedan,"1,43,185 Kms",1st Owner,2014,25.8,Diesel,2014,Comprehensive,5 Speed,Manual,5 Seats,CHENNAI
₹ 6.20 Lakh,Sedan,"1,15,434 Kms",1st Owner,2017,20.73,Petrol,2017,Comprehensive,5 Speed,Manual,5 Seats,CHENNAI
₹ 4.80 Lakh,Hatchback,"43,000 Kms",1st Owner,2018,20.89,Petrol,2018,Third Party insurance,5 Speed,Manual,5 Seats,CHENNAI
₹ 4.30 Lakh,Hatchback,"63,309 Kms",1st Owner,2015,18.5,Petrol,2015,Third Party insurance,5 Speed,Manual,5 Seats,CHENNAI
₹ 5 Lakh,Hatchback,"1,50,000 Kms",1st Owner,2015,25.2,Diesel,2015,Third Party insurance,5 Speed,Manual,5 Seats,CHENNAI
₹ 76 Lakh,Sedan,"53,000 Kms",1st Owner,2019,16.46,Diesel,2019,Comprehensive,8 Speed,Automatic,5 Seats,CHENNAI
₹ 7.90 Lakh,Hatchback,"39,386 Kms",1st Owner,2019,21.01,Petrol,2019,Third Party insurance,5 Speed,Manual,5 Seats,CHENNAI
₹ 52 Lakh,Sedan,"42,000 Kms",1st Owner,2018,17.09,Diesel,2018,Comprehensive,8 Speed,Automatic,4 Seats,CHENNAI
₹ 7.76 Lakh,MUV,"29,257 Kms",1st Owner,2021,18.2,Petrol,2021,Comprehensive,5 Speed,Automatic,7 Seats,CHENNAI
₹ 7.02 Lakh,Hatchback,"61,829 Kms",1st Owner,2017,21.4,Petrol,2017,Comprehensive,CVT,Automatic,5 Seats,CHENNAI
₹ 2.90 Lakh,Hatchback,"83,901 Kms",1st Owner,2014,23.95,Petrol,2014,Comprehensive,5 Speed,Manual,5 Seats,CHENNAI
₹ 3.83 Lakh,Hatchback,"33,295 Kms",1st Owner,2014,25.24,Petrol,2014,Third Party insurance,5-Speed,Manual,5 Seats,CHENNAI
₹ 4.11 Lakh,Hatchback,"33,610 Kms",1st Owner,2015,25.24,Petrol,2015,Comprehensive,5-Speed,Manual,5 Seats,CHENNAI
₹ 6.15 Lakh,Sedan,"95,600 Kms",1st Owner,2014,26.21,Diesel,2014,Comprehensive,5 Speed,Manual,5 Seats,CHENNAI
₹ 5.15 Lakh,Hatchback,"20,960 Kms",1st Owner,2018,23.84,Petrol,2018,Comprehensive,5 Speed,Manual,5 Seats,CHENNAI
₹ 25.75 Lakh,Sedan,"66,000 Kms",1st Owner,2016,20.37,Diesel,2016,Comprehensive,8 Speed,Automatic,5 Seats,CHENNAI
₹ 5.07 Lakh,Hatchback,"85,105 Kms",2nd Owner,2015,18.6,Petrol,2015,Third Party insurance,5 Speed,Manual,5 Seats,CHENNAI
₹ 3.22 Lakh,Hatchback,"44,519 Kms",2nd Owner,2016,21.1,Petrol,2016,Third Party,5 Speed,Manual,5 Seats,CHENNAI
₹ 5.75 Lakh,Hatchback,"54,024 Kms",1st Owner,2017,21.4,Petrol,2017,Comprehensive,5 Speed,Manual,5 Seats,CHENNAI
₹ 8.50 Lakh,Hatchback,"20,027 Kms",1st Owner,2020,21.01,Petrol,2020,Comprehensive,5 Speed,Manual,5 Seats,CHENNAI
₹ 37 Lakh,Sedan,"44,000 Kms",1st Owner,2019,18.53,Diesel,2019,Comprehensive,7 Speed,Automatic,5 Seats,CHENNAI
₹ 18 Lakh,SUV,"58,000 Kms",1st Owner,2014,15.73,Diesel,2014,Comprehensive,7-Speed S-Tronic ,Automatic,5 Seats,CHENNAI
₹ 4.25 Lakh,Sedan,"67,905 Kms",1st Owner,2013,25.8,Diesel,2013,Comprehensive,5 Speed,Manual,5 Seats,CHENNAI
₹ 6.50 Lakh,Hatchback,"62,604 Kms",1st Owner,2017,21.01,Petrol,2017,Third Party insurance,5 Speed,Manual,5 Seats,CHENNAI
₹ 7.50 Lakh,MUV,"1,20,000 Kms",1st Owner,2009,12.8,Diesel,2009,Third Party insurance,5 Speed,Manual,7 Seats,CHENNAI
₹ 4.50 Lakh,Sedan,"1,05,781 Kms",1st Owner,2014,25.8,Diesel,2014,Comprehensive,5 Speed,Manual,5 Seats,CHENNAI
₹ 7.20 Lakh,Sedan,"68,724 Kms",1st Owner,2017,20.73,Petrol,2017,Third Party insurance,5 Speed,Manual,5 Seats,CHENNAI
₹ 4.25 Lakh,Hatchback,"67,000 Kms",1st Owner,2014,23.1,Petrol,2014,Comprehensive,5 Speed ,Automatic,5 Seats,CHENNAI
₹ 2.35 Lakh,Hatchback,"1,10,273 Kms",2nd Owner,2010,20.36,Petrol,2010,Comprehensive,5 Speed,Manual,5 Seats,CHENNAI
₹ 4.37 Lakh,Hatchback,"65,628 Kms",2nd Owner,2016,23.1,Petrol,2016,Comprehensive,5 Speed ,Automatic,5 Seats,CHENNAI
₹ 4.10 Lakh,Hatchback,"1,06,075 Kms",1st Owner,2014,16.47,Petrol,2014,Third Party insurance,5 Speed,Manual,5 Seats,CHENNAI
₹ 7.31 Lakh,Hatchback,"6,023 Kms",1st Owner,2022,20.89,Petrol,2022,Comprehensive,5 Speed,Manual,5 Seats,CHENNAI
₹ 5.02 Lakh,Hatchback,"38,999 Kms",2nd Owner,2018,23.84,Petrol,2018,Comprehensive,5 Speed,Manual,5 Seats,CHENNAI
₹ 20.50 Lakh,MUV,"1,05,000 Kms",1st Owner,2018,13.68,Diesel,2018,Comprehensive,5 Speed,Manual,7 Seats,CHENNAI
₹ 19.63 Lakh,SUV,"7,811 Kms",1st Owner,2022,14.08,Diesel,2022,Comprehensive,6-Speed,Automatic,7 Seats,CHENNAI
₹ 2.22 Lakh,Hatchback,"58,747 Kms",2nd Owner,2011,20.92,Petrol,2011,Comprehensive,5 Speed,Manual,5 Seats,CHENNAI
₹ 14.97 Lakh,SUV,"34,965 Kms",1st Owner,2019,17.0,Diesel,2019,Comprehensive,6,Manual,5 Seats,CHENNAI
₹ 5.29 Lakh,SUV,"1,06,360 Kms",2nd Owner,2015,22.7,Diesel,2015,Comprehensive,5 Speed,Manual,5 Seats,CHENNAI
₹ 2.10 Lakh,Hatchback,"1,62,049 Kms",2nd Owner,2010,18.5,Petrol,2010,Comprehensive,5 Speed,Manual,5 Seats,CHENNAI
₹ 74.50 Lakh,SUV,"30,000 Kms",1st Owner,2020,18.9,Diesel,2020,Comprehensive,9G-TRONIC,Automatic,5 Seats,CHENNAI
₹ 9.75 Lakh,SUV,"26,000 Kms",1st Owner,2021,17.03,Petrol,2021,Comprehensive,5 Speed,Manual,5 Seats,CHENNAI
₹ 14.50 Lakh,SUV,"25,000 Kms",1st Owner,2020,18.9,Petrol,2020,Comprehensive,IVT,Automatic,5 Seats,CHENNAI
₹ 62 Lakh,SUV,"35,000 Kms",1st Owner,2021,18.9,Diesel,2021,Comprehensive,9 speed Tronic,Automatic,5 Seats,CHENNAI
₹ 5.95 Lakh,Hatchback,"57,000 Kms",1st Owner,2020,21.21,Petrol,2020,Comprehensive,5,Manual,5 Seats,CHENNAI
₹ 7.67 Lakh,SUV,"49,000 Kms",1st Owner,2017,15.29,Petrol,2017,Third Party insurance,6 Speed,Manual,5 Seats,CHENNAI
₹ 8.25 Lakh,Hatchback,"30,000 Kms",1st Owner,2022,21.0,Petrol,2022,Comprehensive,5 Speed,Manual,5 Seats,CHENNAI
"₹ 45,000 ",Hatchback,"1,20,000 Kms",3rd Owner,2002,18.9,Petrol,2002,Third Party insurance,5 Speed,Manual,5 Seats,CHENNAI
₹ 3.35 Lakh,Hatchback,"40,000 Kms",3rd Owner,2014,16.95,Petrol,2014,Third Party insurance,4-Speed,Automatic,5 Seats,CHENNAI
₹ 5.58 Lakh,Hatchback,"53,250 Kms",1st Owner,2015,19.0,Petrol,2015,Comprehensive,5 Speed,Automatic,5 Seats,CHENNAI
₹ 6.49 Lakh,Hatchback,"8,848 Kms",1st Owner,2022,19.01,Petrol,2022,Third Party,5-Speed,Manual,5 Seats,CHENNAI
₹ 22.50 Lakh,SUV,"3,000 Kms",1st Owner,2022,14.6,Diesel,2022,Comprehensive,6-Speed,Automatic,5 Seats,CHENNAI
₹ 11.10 Lakh,Sedan,"34,628 Kms",1st Owner,2021,18.97,Petrol,2021,Third Party,6 Speed,Manual,5 Seats,CHENNAI
₹ 6.72 Lakh,Hatchback,"8,579 Kms",1st Owner,2022,20.89,Petrol,2022,Third Party,5 Speed,Manual,5 Seats,CHENNAI
₹ 6.75 Lakh,MUV,"17,000 Kms",1st Owner,2022,20.0,Petrol,2022,Comprehensive,5 Speed,Manual,7 Seats,CHENNAI
₹ 7.95 Lakh,Sedan,"40,021 Kms",1st Owner,2017,17.8,Petrol,2017,Third Party insurance,5 Speed,Manual,5 Seats,CHENNAI
₹ 1.13 Crore,SUV,"52,000 Kms",1st Owner,2021,18.9,Diesel,2021,Comprehensive,9G-TRONIC automatic,Automatic,7 Seats,CHENNAI
₹ 5.87 Lakh,Hatchback,"46,946 Kms",2nd Owner,2017,18.6,Petrol,2017,Comprehensive,5 Speed,Manual,5 Seats,CHENNAI
₹ 8.07 Lakh,Hatchback,"30,772 Kms",1st Owner,2019,18.2,Petrol,2019,Comprehensive,5 Speed,Automatic,5 Seats,CHENNAI
₹ 2.60 Lakh,Hatchback,"74,008 Kms",1st Owner,2012,20.0,Diesel,2012,Comprehensive,5 Speed,Manual,5 Seats,CHENNAI
₹ 7.60 Lakh,Sedan,"31,000 Kms",1st Owner,2017,28.4,Diesel,2017,Comprehensive,5 Speed,Manual,5 Seats,CHENNAI
₹ 10.70 Lakh,SUV,"20,000 Kms",1st Owner,2022,16.0,Diesel,2022,Third Party insurance,5 Speed,Manual,7 Seats,CHENNAI
₹ 6.50 Lakh,Hatchback,"20,000 Kms",2nd Owner,2020,21.01,Petrol,2020,Third Party insurance,5 Speed,Manual,5 Seats,CHENNAI
₹ 5.20 Lakh,Hatchback,"31,137 Kms",1st Owner,2020,21.7,Petrol,2020,Third Party insurance,AGS,Automatic,5 Seats,CHENNAI
₹ 3.50 Lakh,Sedan,"90,000 Kms",1st Owner,2011,19.3,Diesel,2011,Third Party insurance,5 Speed,Manual,5 Seats,CHENNAI
₹ 8.75 Lakh,SUV,"77,000 Kms",1st Owner,2015,15.8,Petrol,2015,Comprehensive,6 Speed,Manual,5 Seats,CHENNAI
₹ 43.50 Lakh,Sedan,"16,000 Kms",1st Owner,2019,21.76,Diesel,2019,Comprehensive,8 Speed,Automatic,5 Seats,CHENNAI
₹ 14.50 Lakh,SUV,"23,000 Kms",1st Owner,2018,16.0,Diesel,2018,Comprehensive,6 Speed ,Automatic,7 Seats,CHENNAI
₹ 17.25 Lakh,SUV,"9,000 Kms",1st Owner,2022,15.2,Petrol,2022,Comprehensive,6 Speed,Manual,4 Seats,CHENNAI
₹ 3.02 Lakh,Hatchback,"28,733 Kms",1st Owner,2018,22.7,Petrol,2018,Third Party insurance,5-Speed,Manual,5 Seats,CHENNAI
₹ 10.60 Lakh,Sedan,"61,828 Kms",1st Owner,2018,22.0,Diesel,2018,Zero Dep,6 Speed,Automatic,5 Seats,CHENNAI
₹ 6 Lakh,MUV,"1,50,000 Kms",2nd Owner,2007,12.8,Diesel,2007,Third Party insurance,5 Speed,Manual,8 Seats,CHENNAI
₹ 7.22 Lakh,Sedan,"60,431 Kms",1st Owner,2022,19.28,Petrol,2022,Comprehensive,5-Speed,Manual,5 Seats,CHENNAI
₹ 4.63 Lakh,Hatchback,"53,269 Kms",1st Owner,2018,21.63,Petrol,2018,Comprehensive,5 Speed,Manual,5 Seats,CHENNAI
₹ 17.70 Lakh,SUV,"38,000 Kms",1st Owner,2021,18.9,Petrol,2021,Comprehensive,6-Speed DCT,Automatic,5 Seats,CHENNAI
₹ 6.27 Lakh,Sedan,"37,778 Kms",2nd Owner,2019,19.5,Petrol,2019,Third Party insurance,5 Speed,Manual,5 Seats,CHENNAI
₹ 5.75 Lakh,Hatchback,"54,024 Kms",1st Owner,2017,21.4,Petrol,2017,Third Party insurance,5 Speed,Manual,5 Seats,CHENNAI
₹ 6.58 Lakh,SUV,"85,941 Kms",2nd Owner,2018,17.0,Petrol,2018,Third Party insurance,6 Speed,Manual,5 Seats,CHENNAI
₹ 4.77 Lakh,Hatchback,"89,329 Kms",1st Owner,2018,21.63,Petrol,2018,Comprehensive,AGS,Automatic,5 Seats,CHENNAI
₹ 5 Lakh,Hatchback,"40,000 Kms",2nd Owner,2019,23.84,Petrol,2019,Third Party insurance,5 Speed,Manual,5 Seats,CHENNAI
₹ 6.50 Lakh,Hatchback,"17,000 Kms",1st Owner,2017,21.21,Petrol,2017,Comprehensive,5,Manual,5 Seats,CHENNAI
₹ 4.55 Lakh,Hatchback,"83,887 Kms",1st Owner,2017,20.89,Petrol,2017,Comprehensive,5 Speed,Manual,5 Seats,CHENNAI
₹ 4.75 Lakh,Hatchback,"1,50,000 Kms",1st Owner,2015,21.19,Diesel,2015,Third Party insurance,6 Speed,Manual,5 Seats,CHENNAI
₹ 28 Lakh,MUV,"39,000 Kms",1st Owner,2021,12.0,Diesel,2021,Comprehensive,6 Speed,Automatic,7 Seats,CHENNAI
₹ 9.75 Lakh,Sedan,"23,000 Kms",1st Owner,2018,17.0,Petrol,2018,Comprehensive,6 Speed,Automatic,5 Seats,CHENNAI
₹ 7.50 Lakh,Sedan,"80,000 Kms",1st Owner,2017,17.0,Petrol,2017,Third Party insurance,6 Speed,Manual,5 Seats,CHENNAI
₹ 4.85 Lakh,Hatchback,"34,000 Kms",1st Owner,2016,23.1,Petrol,2016,Comprehensive,5 Speed ,Automatic,5 Seats,CHENNAI
₹ 4.60 Lakh,Hatchback,"29,973 Kms",1st Owner,2017,23.1,Petrol,2017,Comprehensive,5 Speed ,Manual,5 Seats,CHENNAI
₹ 12.65 Lakh,Sedan,"30,000 Kms",1st Owner,2021,18.6,Petrol,2021,Third Party insurance,6 Speed,Manual,5 Seats,CHENNAI
₹ 5.67 Lakh,Hatchback,"80,805 Kms",2nd Owner,2016,21.19,Diesel,2016,Comprehensive,6 Speed,Manual,5 Seats,CHENNAI
₹ 6.19 Lakh,Hatchback,"26,235 Kms",1st Owner,2020,23.84,Petrol,2020,Comprehensive,5 Speed,Manual,5 Seats,CHENNAI
₹ 6.30 Lakh,Sedan,"95,963 Kms",0th Owner,2017,17.8,Petrol,2017,Third Party insurance,5 Speed,Manual,5 Seats,CHENNAI
₹ 8.35 Lakh,SUV,"83,294 Kms",1st Owner,2018,15.8,Petrol,2018,Comprehensive,6 Speed,Manual,5 Seats,CHENNAI
₹ 17.03 Lakh,SUV,"17,963 Kms",2nd Owner,2021,17.41,Diesel,2021,Third Party,6 Speed,Manual,5 Seats,CHENNAI
₹ 6.35 Lakh,Hatchback,"1,02,696 Kms",1st Owner,2019,21.4,Petrol,2019,Comprehensive,5 Speed,Manual,5 Seats,CHENNAI
₹ 6.35 Lakh,Hatchback,"57,206 Kms",2nd Owner,2019,22.54,Diesel,2019,Comprehensive,6 Speed,Manual,5 Seats,CHENNAI
₹ 3 Lakh,Hatchback,"1,20,000 Kms",2nd Owner,2013,20.0,Diesel,2013,Third Party insurance,5 Speed,Manual,5 Seats,CHENNAI
₹ 6.57 Lakh,Hatchback,"81,829 Kms",1st Owner,2017,18.6,Petrol,2017,Comprehensive,5 Speed,Manual,5 Seats,CHENNAI
₹ 3.90 Lakh,Hatchback,"54,395 Kms",2nd Owner,2014,25.24,Petrol,2014,Third Party,5-Speed,Manual,5 Seats,CHENNAI
₹ 6.20 Lakh,Sedan,"50,000 Kms",1st Owner,2019,24.7,Diesel,2019,Third Party insurance,5 Speed,Manual,5 Seats,CHENNAI
₹ 4.65 Lakh,Sedan,"70,000 Kms",2nd Owner,2017,17.0,Petrol,2017,Third Party insurance,5 Speed,Manual,5 Seats,CHENNAI
₹ 5.90 Lakh,Hatchback,"36,000 Kms",1st Owner,2015,18.6,Petrol,2015,Comprehensive,5 Speed,Manual,5 Seats,CHENNAI
₹ 9.50 Lakh,SUV,"1,25,000 Kms",2nd Owner,2016,12.08,Diesel,2016,Comprehensive,5 Speed,Manual,7 Seats,CHENNAI
₹ 21.50 Lakh,Sedan,"75,000 Kms",2nd Owner,2018,17.9,Diesel,2018,Comprehensive,7 Speed,Automatic,5 Seats,CHENNAI
₹ 46 Lakh,Sedan,"45,007 Kms",1st Owner,2018,16.1,Diesel,2018,Comprehensive,9 Speed,Automatic,5 Seats,CHENNAI
₹ 4.90 Lakh,Sedan,"49,617 Kms",1st Owner,2016,19.5,Petrol,2016,Comprehensive,5 Speed,Manual,5 Seats,CHENNAI
₹ 6.20 Lakh,Sedan,"57,782 Kms",1st Owner,2016,16.78,Petrol,2016,Comprehensive,5 Speed,Manual,5 Seats,CHENNAI
₹ 19.50 Lakh,Sedan,"38,000 Kms",1st Owner,2015,17.2,Diesel,2015,Comprehensive,6 Speed,Automatic,5 Seats,CHENNAI
₹ 6.80 Lakh,Sedan,"1,10,000 Kms",3rd Owner,2008,11.5,Diesel,2008,Third Party insurance,6 Speed,Automatic,5 Seats,CHENNAI
₹ 5.94 Lakh,Hatchback,"22,066 Kms",2nd Owner,2018,18.7,Petrol,2018,Third Party,5 Speed,Manual,5 Seats,CHENNAI
₹ 5.36 Lakh,Hatchback,"65,707 Kms",1st Owner,2016,18.6,Petrol,2016,Comprehensive,5 Speed,Manual,5 Seats,CHENNAI
₹ 3.65 Lakh,Hatchback,"89,488 Kms",1st Owner,2015,23.1,Petrol,2015,Third Party insurance,5 Speed ,Manual,5 Seats,CHENNAI
₹ 5.44 Lakh,Hatchback,"88,663 Kms",2nd Owner,2017,20.89,Petrol,2017,Comprehensive,5 Speed,Automatic,5 Seats,CHENNAI
₹ 5.66 Lakh,Hatchback,"31,679 Kms",1st Owner,2020,23.84,Petrol,2020,Comprehensive,5 Speed,Manual,5 Seats,CHENNAI
₹ 4.20 Lakh,Hatchback,"68,178 Kms",1st Owner,2013,18.9,Petrol,2013,Comprehensive,5 Speed,Manual,5 Seats,CHENNAI
₹ 7.48 Lakh,Sedan,"61,279 Kms",2nd Owner,2017,17.8,Petrol,2017,Comprehensive,5 Speed,Manual,5 Seats,CHENNAI
₹ 8.80 Lakh,Sedan,"8,963 Kms",1st Owner,2021,18.6,Petrol,2021,Comprehensive,5 Speed,Manual,5 Seats,CHENNAI
₹ 6.16 Lakh,Sedan,"80,281 Kms",1st Owner,2017,21.21,Petrol,2017,Third Party insurance,5 Speed,Manual,5 Seats,CHENNAI
₹ 15.54 Lakh,SUV,"50,580 Kms",1st Owner,2020,14.16,Petrol,2020,Third Party,6 Speed,Manual,5 Seats,CHENNAI
₹ 21 Lakh,Hatchback,"21,000 Kms",1st Owner,2014,19.23,Petrol,2014,Comprehensive,6 Speed AT,Automatic,5 Seats,CHENNAI
₹ 21.75 Lakh,SUV,"55,000 Kms",1st Owner,2016,15.73,Diesel,2016,Comprehensive,7-Speed S-Tronic ,Automatic,5 Seats,CHENNAI
₹ 42 Lakh,SUV,"70,000 Kms",2nd Owner,2018,17.9,Diesel,2018,Third Party insurance,9 Speed,Automatic,5 Seats,CHENNAI
₹ 43 Lakh,SUV,"58,000 Kms",1st Owner,2019,8.5,Petrol,2019,Comprehensive,7 Speed,Automatic,5 Seats,CHENNAI
₹ 7.25 Lakh,Sedan,"65,224 Kms",1st Owner,2018,16.09,Petrol,2018,Comprehensive,5 Speed,Manual,5 Seats,CHENNAI
₹ 2.75 Lakh,Hatchback,"1,20,000 Kms",1st Owner,2010,21.1,Petrol,2010,Third Party insurance,5-Speed,Manual,5 Seats,CHENNAI
₹ 57.50 Lakh,SUV,"42,001 Kms",1st Owner,2018,15.97,Diesel,2018,Comprehensive,8 Speed,Automatic,5 Seats,CHENNAI
₹ 6.35 Lakh,Sedan,"30,316 Kms",1st Owner,2017,19.0,Petrol,2017,Comprehensive,5 Speed,Manual,5 Seats,CHENNAI
₹ 18 Lakh,Sedan,"64,000 Kms",3rd Owner,2013,13.0,Diesel,2013,Comprehensive,7 Speed,Automatic,5 Seats,CHENNAI
₹ 19 Lakh,Sedan,"40,000 Kms",1st Owner,2015,9.0,Diesel,2015,Comprehensive,8 Speed,Automatic,5 Seats,CHENNAI
₹ 5.10 Lakh,Hatchback,"1,00,526 Kms",1st Owner,2017,22.38,Petrol,2017,Comprehensive,5-Speed,Manual,5 Seats,CHENNAI
₹ 8.17 Lakh,Hatchback,"17,273 Kms",1st Owner,2021,22.38,Petrol,2021,Comprehensive,5-Speed,Manual,5 Seats,CHENNAI
₹ 8.50 Lakh,SUV,"1,07,737 Kms",1st Owner,2018,23.65,Diesel,2018,Third Party insurance,5 Speed,Manual,5 Seats,CHENNAI
₹ 5.39 Lakh,SUV,"1,11,586 Kms",2nd Owner,2016,15.85,Petrol,2016,Comprehensive,5 Speed,Manual,5 Seats,CHENNAI
₹ 5.38 Lakh,Hatchback,"73,369 Kms",2nd Owner,2017,21.4,Petrol,2017,Third Party,CVT,Automatic,5 Seats,CHENNAI
₹ 2.35 Lakh,Hatchback,"63,697 Kms",1st Owner,2012,19.7,Petrol,2012,Comprehensive,5 Speed,Manual,5 Seats,CHENNAI
₹ 6.66 Lakh,Hatchback,"45,224 Kms",1st Owner,2018,18.6,Petrol,2018,Comprehensive,5 Speed,Manual,5 Seats,CHENNAI
₹ 2.10 Lakh,Hatchback,"1,10,701 Kms",2nd Owner,2010,20.0,Diesel,2010,Comprehensive,5 Speed,Manual,5 Seats,CHENNAI
₹ 4.13 Lakh,Hatchback,"49,124 Kms",2nd Owner,2016,20.51,Petrol,2016,Third Party,5 Speed,Manual,5 Seats,CHENNAI
₹ 5.05 Lakh,Sedan,"96,861 Kms",1st Owner,2016,22.41,Petrol,2016,Comprehensive,5 Speed,Manual,5 Seats,CHENNAI
₹ 3 Lakh,Hatchback,"64,636 Kms",2nd Owner,2009,20.36,Petrol,2009,Comprehensive,5 Speed,Manual,5 Seats,CHENNAI
₹ 8.90 Lakh,Sedan,"1,34,000 Kms",1st Owner,2014,17.68,Diesel,2014,Third Party insurance,8 Speed,Automatic,5 Seats,CHENNAI
₹ 1.40 Lakh,Hatchback,"20,000 Kms",1st Owner,2002,16.1,Petrol,2002,Comprehensive,4 Speed,Manual,4 Seats,CHENNAI
₹ 8.10 Lakh,SUV,"14,118 Kms",1st Owner,2022,19.03,Petrol,2022,Comprehensive,5 Speed,Automatic,5 Seats,CHENNAI
₹ 41 Lakh,SUV,"1,200 Kms",1st Owner,2023,18.9,Diesel,2023,Comprehensive,9-Speed,Automatic,7 Seats,CHENNAI
₹ 7.25 Lakh,SUV,"36,000 Kms",2nd Owner,2018,14.8,Petrol,2018,Comprehensive,6 Speed,Automatic,5 Seats,CHENNAI
₹ 17.55 Lakh,SUV,"10,000 Kms",1st Owner,2022,17.2,Petrol,2022,Comprehensive,6-speed,Automatic,5 Seats,CHENNAI
₹ 10.50 Lakh,SUV,"50,000 Kms",1st Owner,2019,16.8,Petrol,2019,Third Party insurance,6-Speed,Manual,5 Seats,CHENNAI
₹ 10 Lakh,SUV,"30,000 Kms",1st Owner,2021,17.03,Petrol,2021,Third Party insurance,5 Speed,Manual,5 Seats,CHENNAI
₹ 8.50 Lakh,Sedan,"29,000 Kms",1st Owner,2018,14.84,Petrol,2018,Third Party insurance,6 Speed,Automatic,5 Seats,CHENNAI
₹ 5.08 Lakh,Hatchback,"55,940 Kms",2nd Owner,2014,18.6,Petrol,2014,Third Party insurance,5 Speed,Manual,5 Seats,CHENNAI
₹ 8.51 Lakh,Sedan,"1,15,915 Kms",2nd Owner,2018,25.6,Diesel,2018,Third Party,6 Speed,Manual,5 Seats,CHENNAI
₹ 6.25 Lakh,Hatchback,"1,000 Kms",1st Owner,2022,22.3,Petrol,2022,Comprehensive,5 Speed,Automatic,5 Seats,CHENNAI
₹ 5.60 Lakh,Hatchback,"96,184 Kms",2nd Owner,2016,19.0,Petrol,2016,Comprehensive,5 Speed,Automatic,5 Seats,CHENNAI
₹ 3.35 Lakh,Hatchback,"87,780 Kms",1st Owner,2014,19.81,Petrol,2014,Comprehensive,5 Speed,Manual,5 Seats,CHENNAI
₹ 4.45 Lakh,Hatchback,"1,18,921 Kms",1st Owner,2015,18.6,Petrol,2015,Comprehensive,5 Speed,Manual,5 Seats,CHENNAI
₹ 8.30 Lakh,SUV,"73,834 Kms",2nd Owner,2019,23.0,Diesel,2019,Comprehensive,5 Speed,Manual,5 Seats,CHENNAI
₹ 17.90 Lakh,SUV,"20,000 Kms",1st Owner,2022,18.9,Diesel,2022,Comprehensive,6 Speed,Automatic,4 Seats,CHENNAI
₹ 6.30 Lakh,Hatchback,"38,514 Kms",1st Owner,2016,21.4,Petrol,2016,Comprehensive,5 Speed,Manual,5 Seats,CHENNAI
₹ 5.27 Lakh,Sedan,"74,401 Kms",2nd Owner,2016,22.41,Petrol,2016,Comprehensive,5 Speed,Manual,5 Seats,CHENNAI
₹ 13.20 Lakh,SUV,"40,000 Kms",1st Owner,2020,16.8,Petrol,2020,Third Party insurance,7-speed DCT,Automatic,5 Seats,CHENNAI
₹ 8.60 Lakh,Hatchback,"9,000 Kms",1st Owner,2022,22.38,Petrol,2022,Comprehensive,5-Speed,Manual,5 Seats,CHENNAI
₹ 7.66 Lakh,SUV,"50,000 Kms",1st Owner,2017,15.29,Petrol,2017,Third Party insurance,6 Speed,Manual,5 Seats,CHENNAI
₹ 6.10 Lakh,Sedan,"40,000 Kms",1st Owner,2020,22.41,Petrol,2020,Third Party insurance,5 Speed,Manual,5 Seats,CHENNAI
₹ 4.75 Lakh,Sedan,"80,000 Kms",3rd Owner,2015,21.66,Diesel,2015,Third Party insurance,7 Speed,Automatic,5 Seats,CHENNAI
₹ 3.90 Lakh,Hatchback,"82,000 Kms",2nd Owner,2014,18.9,Petrol,2014,Third Party insurance,5 Speed,Manual,5 Seats,CHENNAI
₹ 6.80 Lakh,Sedan,"32,947 Kms",1st Owner,2020,20.1,Petrol,2020,Comprehensive,5-Speed,Automatic,5 Seats,CHENNAI
₹ 31.50 Lakh,SUV,"9,000 Kms",1st Owner,2022,18.9,Diesel,2022,Comprehensive,6-Speed,Manual,7 Seats,CHENNAI
₹ 8.55 Lakh,Sedan,"25,000 Kms",1st Owner,2018,17.0,Petrol,2018,Comprehensive,6 Speed,Manual,5 Seats,CHENNAI
₹ 12 Lakh,MUV,"10,000 Kms",1st Owner,2022,19.01,Petrol,2022,Third Party insurance,5-Speed,Manual,6 Seats,CHENNAI
₹ 17.86 Lakh,Sedan,"8,413 Kms",1st Owner,2022,18.72,Petrol,2022,Zero Dep,6-Speed,Manual,5 Seats,CHENNAI
₹ 6.14 Lakh,Hatchback,"34,460 Kms",1st Owner,2016,18.6,Petrol,2016,Comprehensive,5 Speed,Manual,5 Seats,CHENNAI
₹ 3.40 Lakh,Sedan,"33,886 Kms",1st Owner,2010,17.5,Petrol,2010,Comprehensive,5 Speed,Manual,5 Seats,CHENNAI
₹ 5.58 Lakh,Hatchback,"57,910 Kms",2nd Owner,2016,17.19,Petrol,2016,Third Party insurance,5 Speed,Manual,5 Seats,CHENNAI
₹ 6.50 Lakh,MUV,"46,233 Kms",2nd Owner,2020,20.0,Petrol,2020,Comprehensive,5 Speed,Manual,7 Seats,CHENNAI
₹ 9.50 Lakh,Sedan,"60,000 Kms",1st Owner,2017,18.3,Petrol,2017,Comprehensive,CVT,Automatic,5 Seats,CHENNAI
₹ 7.10 Lakh,Hatchback,"48,979 Kms",1st Owner,2021,22.38,Petrol,2021,Third Party,5-Speed,Manual,5 Seats,CHENNAI
₹ 17 Lakh,SUV,"42,000 Kms",1st Owner,2019,13.96,Petrol,2019,Comprehensive,6 Speed,Automatic,5 Seats,CHENNAI
₹ 6.84 Lakh,SUV,"1,06,165 Kms",1st Owner,2016,22.77,Diesel,2016,Comprehensive,5 Speed,Manual,5 Seats,CHENNAI
₹ 3.09 Lakh,Hatchback,"91,261 Kms",1st Owner,2018,22.7,Petrol,2018,Third Party,5-Speed,Manual,5 Seats,CHENNAI
₹ 5 Lakh,Hatchback,"36,711 Kms",1st Owner,2018,21.63,Petrol,2018,Comprehensive,5 Speed,Manual,5 Seats,CHENNAI
₹ 55 Lakh,Sedan,"9,000 Kms",1st Owner,2021,15.3,Petrol,2021,Comprehensive,8-Speed Steptronic,Automatic,5 Seats,CHENNAI
₹ 6.50 Lakh,Hatchback,"30,428 Kms",0th Owner,2018,21.4,Petrol,2018,Third Party insurance,5 Speed,Manual,5 Seats,CHENNAI
₹ 3.60 Lakh,Hatchback,"49,791 Kms",1st Owner,2018,23.01,Petrol,2018,Comprehensive,5 Speed,Manual,5 Seats,CHENNAI
₹ 18.75 Lakh,SUV,"40,000 Kms",1st Owner,2021,16.65,Diesel,2021,Third Party insurance,6-speed,Manual,6 Seats,CHENNAI
₹ 4.50 Lakh,Sedan,"40,000 Kms",2nd Owner,2014,19.1,Petrol,2014,Third Party insurance,5 Speed ,Manual,5 Seats,CHENNAI
₹ 6.60 Lakh,Hatchback,"50,000 Kms",2nd Owner,2018,21.4,Petrol,2018,Third Party insurance,CVT,Automatic,5 Seats,CHENNAI
₹ 9.50 Lakh,SUV,"60,000 Kms",1st Owner,2019,24.3,Diesel,2019,Third Party insurance,5 Speed,Manual,5 Seats,CHENNAI
₹ 5 Lakh,Sedan,"60,000 Kms",1st Owner,2017,17.0,Petrol,2017,Third Party insurance,5 Speed,Manual,5 Seats,CHENNAI
₹ 23.90 Lakh,SUV,"70,000 Kms",1st Owner,2017,12.62,Diesel,2017,Third Party insurance,6 Speed,Automatic,7 Seats,CHENNAI
₹ 3.61 Lakh,Hatchback,"1,07,158 Kms",2nd Owner,2014,20.51,Petrol,2014,Third Party insurance,5 Speed,Manual,5 Seats,CHENNAI
₹ 5.49 Lakh,Hatchback,"90,811 Kms",1st Owner,2019,18.9,Petrol,2019,Third Party insurance,5 Speed,Manual,5 Seats,CHENNAI
₹ 2.10 Lakh,Hatchback,"76,454 Kms",3rd Owner,2012,15.6,Petrol,2012,Comprehensive,5 Speed,Manual,5 Seats,CHENNAI
₹ 7.04 Lakh,Hatchback,"57,464 Kms",1st Owner,2021,22.38,Petrol,2021,Third Party,5-Speed,Manual,5 Seats,CHENNAI
₹ 7.29 Lakh,Sedan,"95,072 Kms",1st Owner,2019,19.5,Petrol,2019,Comprehensive,5 Speed,Manual,5 Seats,CHENNAI
₹ 7 Lakh,Sedan,"51,789 Kms",1st Owner,2014,18.0,Petrol,2014,Comprehensive,5 Speed CVT,Automatic,5 Seats,CHENNAI
₹ 6.19 Lakh,Hatchback,"56,028 Kms",2nd Owner,2018,18.6,Petrol,2018,Third Party,5 Speed,Manual,5 Seats,CHENNAI
₹ 7.25 Lakh,Sedan,"60,000 Kms",1st Owner,2017,17.8,Petrol,2017,Third Party insurance,5 Speed,Manual,5 Seats,CHENNAI
₹ 6.21 Lakh,Hatchback,"36,460 Kms",1st Owner,2020,20.7,Petrol,2020,Zero Dep,5-Speed,Manual,5 Seats,CHENNAI
₹ 6.85 Lakh,Sedan,"1,03,249 Kms",1st Owner,2020,19.5,Petrol,2020,Zero Dep,5 Speed,Manual,5 Seats,CHENNAI
₹ 9.50 Lakh,Sedan,"45,568 Kms",1st Owner,2021,18.6,Petrol,2021,Third Party insurance,6 Speed,Manual,5 Seats,CHENNAI
₹ 18.50 Lakh,SUV,"1,30,000 Kms",1st Owner,2017,12.62,Diesel,2017,Comprehensive,6 Speed,Automatic,7 Seats,CHENNAI
₹ 18.50 Lakh,SUV,"60,000 Kms",1st Owner,2021,16.65,Diesel,2021,Third Party insurance,6-speed,Manual,6 Seats,CHENNAI
₹ 4.10 Lakh,Sedan,"1,00,521 Kms",1st Owner,2013,20.5,Diesel,2013,Comprehensive,5 Speed,Manual,5 Seats,CHENNAI
₹ 5.70 Lakh,Sedan,"42,709 Kms",1st Owner,2019,19.44,Petrol,2019,Comprehensive,5 Speed,Manual,5 Seats,CHENNAI
₹ 5.50 Lakh,SUV,"1,50,000 Kms",2nd Owner,2016,18.49,Diesel,2016,Third Party insurance,5 Speed,Manual,7 Seats,CHENNAI
₹ 6 Lakh,Sedan,"1,00,000 Kms",1st Owner,2015,17.4,Petrol,2015,Third Party insurance,5 Speed ,Manual,5 Seats,CHENNAI
₹ 2.26 Lakh,Sedan,"1,20,000 Kms",3rd Owner,2009,15.0,Diesel,2009,Third Party insurance,5 Speed,Manual,5 Seats,CHENNAI
₹ 13.50 Lakh,Sedan,"30,000 Kms",1st Owner,2018,14.62,Petrol,2018,Comprehensive,6 Speed,Automatic,5 Seats,CHENNAI
₹ 26 Lakh,Sedan,"70,000 Kms",1st Owner,2016,22.69,Diesel,2016,Third Party insurance,8 Speed,Automatic,5 Seats,CHENNAI
₹ 3.65 Lakh,Hatchback,"1,04,279 Kms",1st Owner,2014,18.9,Petrol,2014,Third Party insurance,5 Speed,Manual,5 Seats,CHENNAI
₹ 7.07 Lakh,Hatchback,"73,321 Kms",1st Owner,2018,17.19,Petrol,2018,Comprehensive,5 Speed,Manual,5 Seats,CHENNAI
₹ 8 Lakh,Sedan,"50,000 Kms",1st Owner,2017,17.0,Petrol,2017,Third Party insurance,6 Speed,Manual,5 Seats,CHENNAI
₹ 5.20 Lakh,Hatchback,"34,279 Kms",1st Owner,2018,20.3,Petrol,2018,Zero Dep,5 Speed,Manual,5 Seats,CHENNAI
₹ 6.02 Lakh,Hatchback,"55,040 Kms",2nd Owner,2016,18.6,Petrol,2016,Comprehensive,5 Speed,Manual,5 Seats,CHENNAI
₹ 10.50 Lakh,Sedan,"39,000 Kms",2nd Owner,2018,22.0,Diesel,2018,Comprehensive,6 Speed,Automatic,5 Seats,CHENNAI
₹ 5.46 Lakh,Hatchback,"1,04,336 Kms",2nd Owner,2014,22.54,Diesel,2014,Comprehensive,6 Speed,Manual,5 Seats,CHENNAI
₹ 34.75 Lakh,Sedan,"45,000 Kms",3rd Owner,2019,18.0,Diesel,2019,Comprehensive,8 Speed,Automatic,5 Seats,CHENNAI
₹ 11.88 Lakh,Sedan,"69,617 Kms",1st Owner,2020,18.6,Petrol,2020,Third Party,6 Speed,Manual,5 Seats,CHENNAI
₹ 6.21 Lakh,Hatchback,"47,429 Kms",1st Owner,2016,18.6,Petrol,2016,Comprehensive,5 Speed,Manual,5 Seats,CHENNAI
₹ 5.15 Lakh,Hatchback,"67,000 Kms",1st Owner,2015,21.21,Petrol,2015,Comprehensive,5,Manual,5 Seats,CHENNAI
₹ 6 Lakh,Hatchback,"80,000 Kms",1st Owner,2016,16.2,Petrol,2016,Third Party insurance,5 Speed,Manual,5 Seats,CHENNAI
₹ 7.75 Lakh,Hatchback,"27,000 Kms",1st Owner,2018,18.78,Petrol,2018,Comprehensive,5 Speed,Manual,5 Seats,CHENNAI
₹ 6.45 Lakh,SUV,"56,000 Kms",2nd Owner,2016,22.77,Diesel,2016,Comprehensive,5 Speed,Manual,5 Seats,CHENNAI
₹ 6.50 Lakh,Sedan,"33,379 Kms",1st Owner,2018,18.6,Petrol,2018,Comprehensive,5 Speed,Manual,5 Seats,CHENNAI
₹ 7 Lakh,Sedan,"80,000 Kms",1st Owner,2017,28.09,Diesel,2017,Third Party insurance,5 Speed,Manual,5 Seats,CHENNAI
₹ 4.37 Lakh,Sedan,"90,000 Kms",1st Owner,2016,19.1,Petrol,2016,Third Party insurance,5 Speed,Manual,5 Seats,CHENNAI
₹ 4.60 Lakh,Sedan,"50,197 Kms",1st Owner,2015,19.1,Petrol,2015,Third Party insurance,5 Speed ,Manual,5 Seats,CHENNAI
₹ 2.50 Lakh,Sedan,"80,000 Kms",2nd Owner,2012,16.36,Petrol,2012,Third Party insurance,5 Speed,Manual,5 Seats,CHENNAI
₹ 5.20 Lakh,Hatchback,"60,611 Kms",0th Owner,2016,18.7,Petrol,2016,Third Party insurance,5 Speed,Manual,5 Seats,CHENNAI
₹ 5.66 Lakh,SUV,"61,120 Kms",3rd Owner,2017,15.85,Petrol,2017,Third Party insurance,5 Speed,Manual,5 Seats,CHENNAI
₹ 4.03 Lakh,Hatchback,"55,415 Kms",1st Owner,2019,23.01,Petrol,2019,Third Party insurance,5 Speed,Manual,5 Seats,CHENNAI
₹ 49.50 Lakh,SUV,"52,000 Kms",1st Owner,2018,16.38,Diesel,2018,Comprehensive,8 Speed,Automatic,5 Seats,CHENNAI
₹ 5.17 Lakh,Hatchback,"48,579 Kms",1st Owner,2015,18.7,Petrol,2015,Comprehensive,5 Speed,Manual,5 Seats,CHENNAI
₹ 4.49 Lakh,Sedan,"59,532 Kms",2nd Owner,2016,19.1,Petrol,2016,Third Party insurance,5 Speed ,Manual,5 Seats,CHENNAI
₹ 4.55 Lakh,Sedan,"2,00,300 Kms",2nd Owner,2014,17.0,Petrol,2014,Comprehensive,5 Speed,Manual,5 Seats,CHENNAI
₹ 6.43 Lakh,Sedan,"1,13,231 Kms",1st Owner,2014,14.69,Petrol,2014,Third Party,6 Speed,Manual,5 Seats,CHENNAI
₹ 7.05 Lakh,SUV,"1,06,338 Kms",2nd Owner,2018,18.49,Diesel,2018,Comprehensive,5 Speed,Manual,7 Seats,CHENNAI
₹ 8.89 Lakh,Hatchback,"40,629 Kms",1st Owner,2021,23.64,Diesel,2021,Third Party,5-Speed,Manual,5 Seats,CHENNAI
₹ 6.21 Lakh,Sedan,"73,341 Kms",2nd Owner,2016,26.59,Diesel,2016,Third Party insurance,5 Speed,Automatic,5 Seats,CHENNAI
₹ 14 Lakh,Sedan,"39,001 Kms",2nd Owner,2011,22.69,Diesel,2011,Comprehensive,8 Speed,Automatic,5 Seats,CHENNAI
₹ 6.30 Lakh,Sedan,"81,532 Kms",1st Owner,2014,17.4,Petrol,2014,Comprehensive,5 Speed,Manual,5 Seats,CHENNAI
₹ 5.30 Lakh,Sedan,"1,08,818 Kms",1st Owner,2015,17.4,Petrol,2015,Third Party insurance,5 Speed,Manual,5 Seats,CHENNAI
₹ 6.78 Lakh,Hatchback,"35,419 Kms",1st Owner,2017,21.01,Petrol,2017,Third Party insurance,5 Speed,Manual,5 Seats,CHENNAI
₹ 12 Lakh,Sedan,"80,000 Kms",2nd Owner,2011,19.71,Diesel,2011,Third Party insurance,9 Speed,Automatic,5 Seats,CHENNAI
₹ 5.24 Lakh,Sedan,"1,00,000 Kms",2nd Owner,2014,20.4,Diesel,2014,Third Party insurance,6 Speed,Manual,5 Seats,CHENNAI
₹ 21.50 Lakh,Sedan,"12,000 Kms",1st Owner,2014,17.11,Diesel,2014,Comprehensive,8 Speed,Automatic,5 Seats,CHENNAI
₹ 6.75 Lakh,Sedan,"70,001 Kms",1st Owner,2011,22.32,Diesel,2011,Comprehensive,6 Speed ,Manual,5 Seats,CHENNAI
₹ 4.70 Lakh,Sedan,"61,331 Kms",1st Owner,2014,24.4,Diesel,2014,Comprehensive,5 Speed ,Manual,5 Seats,CHENNAI
₹ 5.30 Lakh,Sedan,"51,438 Kms",1st Owner,2014,25.8,Diesel,2014,Third Party insurance,5 Speed,Manual,5 Seats,CHENNAI
₹ 4.63 Lakh,Hatchback,"67,988 Kms",1st Owner,2019,20.3,Petrol,2019,Comprehensive,5 Speed,Manual,5 Seats,CHENNAI
₹ 7.27 Lakh,Hatchback,"36,032 Kms",2nd Owner,2019,18.2,Petrol,2019,Zero Dep,5 Speed,Automatic,5 Seats,CHENNAI
₹ 5.15 Lakh,Sedan,"1,14,883 Kms",1st Owner,2015,17.4,Petrol,2015,Comprehensive,5 Speed,Manual,5 Seats,CHENNAI
₹ 5.47 Lakh,Sedan,"88,584 Kms",1st Owner,2016,22.41,Petrol,2016,Zero Dep,5 Speed,Manual,5 Seats,CHENNAI
₹ 3.07 Lakh,Hatchback,"97,419 Kms",2nd Owner,2012,23.2,Diesel,2012,Third Party insurance,5 Speed,Manual,5 Seats,CHENNAI
₹ 48 Lakh,SUV,"70,000 Kms",1st Owner,2019,13.17,Petrol,2019,Third Party insurance,8 Speed,Automatic,5 Seats,CHENNAI
₹ 5.29 Lakh,SUV,"1,06,498 Kms",2nd Owner,2015,22.7,Diesel,2015,Comprehensive,5 Speed,Manual,5 Seats,CHENNAI
₹ 48 Lakh,SUV,"70,000 Kms",1st Owner,2019,13.17,Petrol,2019,Third Party insurance,8 Speed,Automatic,5 Seats,CHENNAI
₹ 6.24 Lakh,Hatchback,"68,177 Kms",2nd Owner,2016,25.2,Diesel,2016,Comprehensive,5 Speed,Manual,5 Seats,CHENNAI
₹ 18.16 Lakh,Sedan,"27,524 Kms",1st Owner,2022,18.72,Petrol,2022,Zero Dep,6-Speed,Manual,5 Seats,CHENNAI
₹ 8.50 Lakh,SUV,"75,471 Kms",1st Owner,2017,23.65,Diesel,2017,Comprehensive,5 Speed,Manual,5 Seats,CHENNAI
₹ 7.45 Lakh,Sedan,"8,000 Kms",1st Owner,2021,18.6,Petrol,2021,Comprehensive,5 Speed,Manual,5 Seats,CHENNAI
₹ 16.90 Lakh,MUV,"13,200 Kms",1st Owner,2022,18.9,Petrol,2022,Comprehensive,6-Speed iMT,Automatic,6 Seats,CHENNAI
₹ 11.50 Lakh,SUV,"20,000 Kms",1st Owner,2021,18.9,Petrol,2021,Third Party insurance,6-speed,Manual,5 Seats,CHENNAI
₹ 30 Lakh,SUV,"20,000 Kms",1st Owner,2022,18.6,Diesel,2022,Third Party insurance,8-Speed,Automatic,5 Seats,CHENNAI
₹ 3.10 Lakh,Hatchback,"60,730 Kms",1st Owner,2017,23.95,Petrol,2017,Comprehensive,5 Speed,Manual,5 Seats,CHENNAI
₹ 4.95 Lakh,Sedan,"44,494 Kms",2nd Owner,2016,20.85,Petrol,2016,Comprehensive,5 Speed,Manual,5 Seats,CHENNAI
₹ 8 Lakh,MUV,"20,000 Kms",1st Owner,2017,17.5,Petrol,2017,Third Party insurance,5 Speed,Manual,7 Seats,CHENNAI
₹ 8.25 Lakh,SUV,"45,673 Kms",1st Owner,2019,21.5,Diesel,2019,Comprehensive,6 Speed,Automatic,5 Seats,CHENNAI
₹ 35.75 Lakh,SUV,"26,000 Kms",1st Owner,2020,14.24,Diesel,2020,Comprehensive,6 Speed,Manual,7 Seats,CHENNAI
₹ 7.74 Lakh,Sedan,"51,878 Kms",1st Owner,2017,17.01,Petrol,2017,Third Party,5 Speed,Manual,5 Seats,CHENNAI
₹ 5.25 Lakh,Hatchback,"56,747 Kms",1st Owner,2017,19.15,Petrol,2017,Third Party,CVT,Automatic,5 Seats,CHENNAI
₹ 6 Lakh,Hatchback,"38,000 Kms",1st Owner,2018,20.4,Petrol,2018,Comprehensive,5 Speed,Manual,5 Seats,CHENNAI
₹ 5.82 Lakh,Hatchback,"76,457 Kms",2nd Owner,2016,18.6,Petrol,2016,Zero Dep,5 Speed,Manual,5 Seats,CHENNAI
₹ 5.51 Lakh,Hatchback,"78,880 Kms",2nd Owner,2017,18.7,Petrol,2017,Comprehensive,5 Speed,Manual,5 Seats,CHENNAI
₹ 5.25 Lakh,Sedan,"19,593 Kms",1st Owner,2015,20.85,Petrol,2015,Comprehensive,5 Speed,Manual,5 Seats,CHENNAI
₹ 5.83 Lakh,Hatchback,"84,429 Kms",1st Owner,2016,18.6,Petrol,2016,Zero Dep,5 Speed,Manual,5 Seats,CHENNAI
₹ 8.25 Lakh,Hatchback,"27,599 Kms",1st Owner,2021,25.0,Diesel,2021,Third Party insurance,6 Speed,Manual,5 Seats,CHENNAI
₹ 6.70 Lakh,MUV,"76,898 Kms",1st Owner,2020,20.0,Petrol,2020,Zero Dep,5 Speed,Manual,7 Seats,CHENNAI
₹ 3.96 Lakh,Hatchback,"1,19,070 Kms",2nd Owner,2013,16.47,Petrol,2013,Comprehensive,5 Speed,Manual,5 Seats,CHENNAI
"₹ 49,000 ",Hatchback,"1,20,000 Kms",2nd Owner,2004,13.5,Diesel,2004,Third Party insurance,5 Speed,Manual,5 Seats,CHENNAI
₹ 5.90 Lakh,Sedan,"32,199 Kms",1st Owner,2017,20.85,Petrol,2017,Third Party insurance,5 Speed,Manual,5 Seats,CHENNAI
₹ 4 Lakh,Hatchback,"85,607 Kms",1st Owner,2016,23.84,Petrol,2016,Comprehensive,5 Speed,Manual,5 Seats,CHENNAI
₹ 7 Lakh,Hatchback,"30,000 Kms",1st Owner,2019,21.4,Petrol,2019,Third Party insurance,5 Speed,Manual,5 Seats,CHENNAI
₹ 7 Lakh,SUV,"80,000 Kms",1st Owner,2017,18.49,Diesel,2017,Third Party insurance,5 Speed,Manual,7 Seats,CHENNAI
₹ 11.50 Lakh,SUV,"12,00,000 Kms",1st Owner,2019,18.9,Diesel,2019,Comprehensive,6 Speed,Manual,7 Seats,CHENNAI
₹ 5.95 Lakh,Hatchback,"45,429 Kms",1st Owner,2016,19.0,Petrol,2016,Comprehensive,5 Speed,Automatic,5 Seats,CHENNAI
₹ 4.60 Lakh,Hatchback,"9,000 Kms",1st Owner,2019,22.25,Petrol,2019,Comprehensive,5 Speed,Manual,5 Seats,CHENNAI
₹ 3.95 Lakh,Hatchback,"31,000 Kms",1st Owner,2019,24.7,Petrol,2019,Comprehensive,5 Speed,Manual,5 Seats,CHENNAI
₹ 4.35 Lakh,Hatchback,"81,488 Kms",1st Owner,2013,20.14,Diesel,2013,Comprehensive,5 Speed,Manual,5 Seats,CHENNAI
₹ 6.66 Lakh,Hatchback,"94,439 Kms",1st Owner,2019,18.78,Petrol,2019,Third Party,5 Speed,Manual,5 Seats,CHENNAI
₹ 3.80 Lakh,Hatchback,"98,481 Kms",3rd Owner,2013,22.38,Petrol,2013,Third Party insurance,5-Speed,Manual,5 Seats,CHENNAI
₹ 7 Lakh,Hatchback,"20,000 Kms",1st Owner,2018,21.4,Petrol,2018,Third Party insurance,5 Speed,Manual,5 Seats,CHENNAI
₹ 6.92 Lakh,Sedan,"1,00,894 Kms",2nd Owner,2016,22.15,Diesel,2016,Comprehensive,7 Speed,Automatic,5 Seats,CHENNAI
₹ 5.90 Lakh,Hatchback,"86,215 Kms",1st Owner,2016,25.2,Diesel,2016,Third Party insurance,5 Speed,Manual,5 Seats,CHENNAI
₹ 1.25 Lakh,Sedan,"1,20,000 Kms",2nd Owner,2006,17.8,Diesel,2006,Third Party insurance,5 Speed,Manual,5 Seats,CHENNAI
₹ 5.20 Lakh,Hatchback,"98,115 Kms",2nd Owner,2017,16.2,Petrol,2017,Third Party,5 Speed,Manual,5 Seats,CHENNAI
₹ 6.95 Lakh,Sedan,"47,125 Kms",1st Owner,2019,17.5,Petrol,2019,Third Party insurance,5 Speed,Manual,5 Seats,CHENNAI
₹ 6.07 Lakh,Hatchback,"4,453 Kms",1st Owner,2022,23.56,Petrol,2022,Third Party,5 Speed,Manual,5 Seats,CHENNAI
₹ 6.88 Lakh,SUV,"9,991 Kms",1st Owner,2022,20.09,Petrol,2022,Third Party,5 Speed,Manual,5 Seats,CHENNAI
₹ 6.60 Lakh,Hatchback,"4,564 Kms",1st Owner,2021,18.9,Petrol,2021,Comprehensive,5 Speed,Manual,5 Seats,CHENNAI
₹ 2.50 Lakh,Hatchback,"1,08,713 Kms",1st Owner,2012,20.0,Diesel,2012,Comprehensive,5 Speed,Manual,5 Seats,CHENNAI
₹ 12.45 Lakh,Sedan,"13,000 Kms",1st Owner,2021,18.6,Petrol,2021,Comprehensive,6 Speed,Manual,5 Seats,CHENNAI
₹ 5.75 Lakh,SUV,"55,450 Kms",2nd Owner,2017,17.5,Petrol,2017,Comprehensive,5 Speed,Manual,5 Seats,CHENNAI
₹ 8.45 Lakh,SUV,"49,000 Kms",1st Owner,2016,13.0,Petrol,2016,Comprehensive,6 Speed,Manual,5 Seats,CHENNAI
₹ 4.05 Lakh,Sedan,"86,694 Kms",1st Owner,2015,20.14,Petrol,2015,Comprehensive,5 Speed,Manual,5 Seats,CHENNAI
₹ 3 Lakh,Sedan,"1,50,000 Kms",2nd Owner,2013,23.4,Diesel,2013,Third Party insurance,5 Speed,Manual,5 Seats,CHENNAI
₹ 9.25 Lakh,Sedan,"25,284 Kms",0th Owner,2019,17.4,Petrol,2019,Third Party insurance,5 Speed,Manual,5 Seats,CHENNAI
₹ 7.50 Lakh,Hatchback,"30,000 Kms",1st Owner,2021,21.01,Petrol,2021,Third Party insurance,5-Speed,Manual,5 Seats,CHENNAI
₹ 13 Lakh,Sedan,"1,09,000 Kms",2nd Owner,2015,18.88,Diesel,2015,Third Party insurance,8 Speed,Automatic,5 Seats,CHENNAI
₹ 17.14 Lakh,MUV,"4,605 Kms",1st Owner,2022,16.2,Petrol,2022,Comprehensive,6-Speed,Manual,6 Seats,CHENNAI
₹ 9.28 Lakh,SUV,"49,218 Kms",1st Owner,2020,18.2,Petrol,2020,Comprehensive,6-Speed iMT,Manual,5 Seats,CHENNAI
₹ 9.50 Lakh,Sedan,"45,568 Kms",1st Owner,2021,18.6,Petrol,2021,Comprehensive,6 Speed,Manual,5 Seats,CHENNAI
₹ 7.02 Lakh,SUV,"36,035 Kms",1st Owner,2022,20.09,Petrol,2022,Third Party,5 Speed,Manual,5 Seats,CHENNAI
₹ 8.45 Lakh,SUV,"45,242 Kms",1st Owner,2020,20.1,Diesel,2020,Comprehensive,6 Speed,Manual,5 Seats,CHENNAI
₹ 34.75 Lakh,SUV,"38,000 Kms",2nd Owner,2018,12.51,Diesel,2018,Comprehensive,9 Speed,Automatic,7 Seats,CHENNAI
₹ 5.13 Lakh,Hatchback,"52,979 Kms",1st Owner,2019,23.84,Petrol,2019,Comprehensive,5 Speed,Automatic,5 Seats,CHENNAI
₹ 5.70 Lakh,Sedan,"67,130 Kms",2nd Owner,2015,24.7,Diesel,2015,Third Party insurance,5 Speed,Manual,5 Seats,CHENNAI
₹ 8.51 Lakh,SUV,"19,595 Kms",1st Owner,2018,15.4,Petrol,2018,Comprehensive,6 Speed,Manual,7 Seats,CHENNAI
₹ 23.50 Lakh,SUV,"23,183 Kms",1st Owner,2022,18.9,Diesel,2022,Third Party,6-Speed,Manual,7 Seats,CHENNAI
₹ 57.90 Lakh,Sedan,"15,000 Kms",1st Owner,2022,19.62,Diesel,2022,Comprehensive,8-Speed Steptronic,Automatic,5 Seats,CHENNAI
₹ 3.70 Lakh,Hatchback,"67,558 Kms",1st Owner,2014,23.1,Petrol,2014,Comprehensive,5 Speed ,Manual,5 Seats,CHENNAI
₹ 19 Lakh,SUV,"40,000 Kms",1st Owner,2021,14.5,Petrol,2021,Third Party insurance,6-speed,Manual,6 Seats,CHENNAI
₹ 4.60 Lakh,Hatchback,"55,664 Kms",1st Owner,2014,16.47,Petrol,2014,Comprehensive,5 Speed,Manual,5 Seats,CHENNAI
₹ 4.60 Lakh,Hatchback,"55,664 Kms",1st Owner,2014,16.47,Petrol,2014,Third Party insurance,5 Speed,Manual,5 Seats,CHENNAI
₹ 3.65 Lakh,Hatchback,"1,09,324 Kms",1st Owner,2013,21.9,Diesel,2013,Comprehensive,5-Speed,Manual,5 Seats,CHENNAI
₹ 26 Lakh,SUV,"1,18,008 Kms",1st Owner,2018,16.25,Diesel,2018,Comprehensive,7 Speed,Automatic,7 Seats,CHENNAI
₹ 7.90 Lakh,SUV,"72,000 Kms",1st Owner,2016,19.72,Diesel,2016,Comprehensive,6 Speed,Manual,5 Seats,CHENNAI
₹ 4.50 Lakh,Hatchback,"86,630 Kms",1st Owner,2013,22.9,Diesel,2013,Comprehensive,5 Speed,Manual,5 Seats,CHENNAI
₹ 3.70 Lakh,Hatchback,"82,476 Kms",1st Owner,2014,20.51,Petrol,2014,Comprehensive,5 Speed,Manual,5 Seats,CHENNAI
₹ 6.65 Lakh,Hatchback,"27,749 Kms",2nd Owner,2019,20.7,Petrol,2019,Third Party,5-Speed,Automatic,5 Seats,CHENNAI
₹ 10.36 Lakh,SUV,"21,609 Kms",1st Owner,2020,18.15,Petrol,2020,Third Party,7-Speed,Automatic,5 Seats,CHENNAI
₹ 8.75 Lakh,Sedan,"89,609 Kms",1st Owner,2019,16.0,Petrol,2019,Third Party insurance,5 Speed,Manual,5 Seats,CHENNAI
₹ 5.39 Lakh,Hatchback,"83,556 Kms",2nd Owner,2019,24.4,Diesel,2019,Comprehensive,5-Speed,Manual,5 Seats,CHENNAI
₹ 8.47 Lakh,SUV,"31,513 Kms",1st Owner,2022,20.09,Petrol,2022,Third Party,5 Speed,Manual,5 Seats,CHENNAI
₹ 7.55 Lakh,Sedan,"45,939 Kms",1st Owner,2016,17.4,Petrol,2016,Third Party insurance,5 Speed,Manual,5 Seats,CHENNAI
₹ 4.96 Lakh,Hatchback,"40,531 Kms",1st Owner,2020,19.01,Petrol,2020,Third Party insurance,5-Speed,Manual,5 Seats,CHENNAI
₹ 3.75 Lakh,MUV,"1,20,000 Kms",3rd Owner,2009,13.6,Diesel,2009,Third Party insurance,5 Speed,Manual,7 Seats,CHENNAI
₹ 10.09 Lakh,SUV,"17,663 Kms",1st Owner,2020,18.76,Petrol,2020,Third Party,4 Speed,Automatic,5 Seats,CHENNAI
₹ 3.39 Lakh,Hatchback,"77,706 Kms",3rd Owner,2013,18.9,Petrol,2013,Third Party,5 Speed,Manual,5 Seats,CHENNAI
₹ 49 Lakh,SUV,"49,000 Kms",1st Owner,2016,14.75,Diesel,2016,Comprehensive,8 Speed,Automatic,7 Seats,CHENNAI
₹ 68 Lakh,SUV,"60,000 Kms",1st Owner,2019,17.2,Diesel,2019,Comprehensive,8 Speed,Automatic,7 Seats,CHENNAI
₹ 34 Lakh,Sedan,"35,000 Kms",1st Owner,2018,20.37,Diesel,2018,Comprehensive,8 Speed,Automatic,5 Seats,CHENNAI
₹ 50 Lakh,SUV,"54,000 Kms",1st Owner,2018,16.38,Diesel,2018,Comprehensive,8 Speed,Automatic,5 Seats,CHENNAI
₹ 5.19 Lakh,Sedan,"1,10,000 Kms",1st Owner,2010,12.8,Petrol,2010,Third Party insurance,5 Speed,Manual,5 Seats,CHENNAI
₹ 21.50 Lakh,SUV,"1,35,000 Kms",2nd Owner,2013,12.07,Diesel,2013,Comprehensive,8 Speed Tiptronic,Automatic,7 Seats,CHENNAI
₹ 14.50 Lakh,Sedan,"80,000 Kms",1st Owner,2012,17.11,Diesel,2012,Comprehensive,6 Speed,Automatic,5 Seats,CHENNAI
₹ 8.25 Lakh,SUV,"72,020 Kms",1st Owner,2018,23.65,Diesel,2018,Third Party insurance,5 Speed,Manual,5 Seats,CHENNAI
₹ 18.50 Lakh,MUV,"98,000 Kms",1st Owner,2017,13.68,Diesel,2017,Comprehensive,5 Speed,Manual,7 Seats,CHENNAI
₹ 1.65 Lakh,Hatchback,"36,385 Kms",0th Owner,2007,19.7,Petrol,2007,Third Party insurance,5 Speed,Manual,5 Seats,CHENNAI
₹ 19.91 Lakh,SUV,"4,259 Kms",1st Owner,2022,20.4,Diesel,2022,Third Party,6-speed,Manual,7 Seats,CHENNAI
₹ 19.94 Lakh,SUV,"12,925 Kms",1st Owner,2021,14.6,Diesel,2021,Third Party,6-Speed,Automatic,5 Seats,CHENNAI
₹ 16.45 Lakh,SUV,"27,000 Kms",1st Owner,2022,17.88,Petrol,2022,Comprehensive,7-Speed DSG,Automatic,5 Seats,CHENNAI
₹ 7.19 Lakh,SUV,"27,425 Kms",2nd Owner,2019,17.0,Petrol,2019,Comprehensive,6 Speed,Manual,5 Seats,CHENNAI
₹ 6.33 Lakh,Hatchback,"13,126 Kms",1st Owner,2021,26.0,Petrol,2021,Zero Dep,5-Speed,Automatic,5 Seats,CHENNAI
₹ 7.99 Lakh,MUV,"57,000 Kms",1st Owner,2018,19.34,Petrol,2018,Third Party insurance,5 Speed,Manual,7 Seats,CHENNAI
₹ 8.61 Lakh,Hatchback,"24,500 Kms",2nd Owner,2020,21.4,Petrol,2020,Comprehensive,CVT,Automatic,5 Seats,CHENNAI
₹ 6.10 Lakh,Sedan,"40,000 Kms",1st Owner,2020,22.41,Petrol,2020,Third Party insurance,5 Speed,Manual,5 Seats,CHENNAI
₹ 7.49 Lakh,MUV,"27,216 Kms",1st Owner,2021,20.0,Petrol,2021,Zero Dep,5 Speed,Manual,7 Seats,CHENNAI
₹ 6.48 Lakh,Hatchback,"12,060 Kms",1st Owner,2021,19.01,Petrol,2021,Comprehensive,5-Speed,Manual,5 Seats,CHENNAI
₹ 2.50 Lakh,Sedan,"1,50,000 Kms",1st Owner,2009,19.3,Diesel,2009,Third Party insurance,5 Speed,Manual,5 Seats,CHENNAI
₹ 2.65 Lakh,Hatchback,"46,931 Kms",2nd Owner,2012,21.1,Petrol,2012,Comprehensive,5 Speed,Manual,5 Seats,CHENNAI
₹ 4.90 Lakh,Hatchback,"60,000 Kms",1st Owner,2014,16.47,Petrol,2014,Comprehensive,5 Speed,Manual,5 Seats,CHENNAI
₹ 15.90 Lakh,SUV,"45,787 Kms",1st Owner,2020,16.5,Petrol,2020,Third Party insurance,6-Speed,Manual,5 Seats,CHENNAI
₹ 1.14 Lakh,Sedan,"80,000 Kms",2nd Owner,2009,14.4,Petrol,2009,Third Party insurance,5 Speed,Manual,5 Seats,CHENNAI
₹ 4.75 Lakh,Sedan,"44,000 Kms",1st Owner,2014,25.8,Diesel,2014,Comprehensive,5 Speed,Manual,5 Seats,CHENNAI
₹ 9.73 Lakh,Sedan,"4,786 Kms",1st Owner,2020,18.3,Petrol,2020,Third Party insurance,CVT,Automatic,5 Seats,CHENNAI
₹ 6.30 Lakh,Hatchback,"39,024 Kms",1st Owner,2018,18.6,Petrol,2018,Comprehensive,5 Speed,Manual,5 Seats,CHENNAI
₹ 58.50 Lakh,Sedan,"6,000 Kms",1st Owner,2022,15.3,Petrol,2022,Comprehensive,8-Speed Steptronic,Automatic,5 Seats,CHENNAI
₹ 1.50 Lakh,Hatchback,"40,000 Kms",1st Owner,2014,25.4,Petrol,2014,Third Party insurance,4 Speed,Manual,4 Seats,CHENNAI
₹ 8.27 Lakh,SUV,"1,14,386 Kms",1st Owner,2018,15.8,Petrol,2018,Third Party insurance,6 Speed,Manual,5 Seats,CHENNAI
₹ 7.15 Lakh,MUV,"27,369 Kms",1st Owner,2022,20.0,Petrol,2022,Third Party,5 Speed,Manual,7 Seats,CHENNAI
₹ 21 Lakh,MUV,"58,000 Kms",1st Owner,2019,13.68,Diesel,2019,Comprehensive,5 Speed,Manual,7 Seats,CHENNAI
₹ 5.69 Lakh,Hatchback,"16,561 Kms",2nd Owner,2019,18.9,Petrol,2019,Comprehensive,5 Speed,Manual,5 Seats,CHENNAI
₹ 4.90 Lakh,Hatchback,"23,328 Kms",1st Owner,2021,21.74,Petrol,2021,Comprehensive,5 Speed,Manual,5 Seats,CHENNAI
₹ 4.85 Lakh,Hatchback,"16,473 Kms",1st Owner,2020,21.7,Petrol,2020,Comprehensive,5 Speed,Manual,5 Seats,CHENNAI
₹ 4.52 Lakh,Hatchback,"46,375 Kms",2nd Owner,2017,18.5,Petrol,2017,Third Party,5 Speed,Manual,5 Seats,CHENNAI
₹ 4.85 Lakh,Hatchback,"16,473 Kms",1st Owner,2020,21.7,Petrol,2020,Comprehensive,5 Speed,Manual,5 Seats,CHENNAI
₹ 6.22 Lakh,Hatchback,"91,799 Kms",1st Owner,2017,21.4,Petrol,2017,Comprehensive,CVT,Automatic,5 Seats,CHENNAI
₹ 5.54 Lakh,Hatchback,"38,919 Kms",3rd Owner,2016,18.6,Petrol,2016,Comprehensive,5 Speed,Manual,5 Seats,CHENNAI
₹ 3.75 Lakh,Hatchback,"70,235 Kms",1st Owner,2016,18.9,Petrol,2016,Comprehensive,5 Speed,Manual,5 Seats,CHENNAI
₹ 9.67 Lakh,Sedan,"3,989 Kms",1st Owner,2020,18.3,Petrol,2020,Third Party insurance,CVT,Automatic,5 Seats,CHENNAI
₹ 4.75 Lakh,Sedan,"91,773 Kms",1st Owner,2015,24.7,Diesel,2015,Comprehensive,5 Speed,Manual,5 Seats,CHENNAI
₹ 3.20 Lakh,Hatchback,"60,000 Kms",2nd Owner,2019,22.05,Petrol,2019,Third Party insurance,5 Speed,Manual,5 Seats,CHENNAI
₹ 6.95 Lakh,Sedan,"28,906 Kms",1st Owner,2018,18.6,Petrol,2018,Comprehensive,5 Speed,Manual,5 Seats,CHENNAI
₹ 3.50 Lakh,Hatchback,"1,50,000 Kms",1st Owner,2016,27.62,Diesel,2016,Third Party insurance,5 Speed ,Manual,5 Seats,CHENNAI
₹ 2.50 Lakh,Hatchback,"70,000 Kms",3rd Owner,2009,17.0,Petrol,2009,Third Party insurance,5 Speed,Manual,5 Seats,CHENNAI
₹ 12.50 Lakh,SUV,"70,000 Kms",1st Owner,2017,16.0,Diesel,2017,Comprehensive,6 Speed ,Manual,7 Seats,CHENNAI
₹ 2.60 Lakh,Hatchback,"43,428 Kms",1st Owner,2014,22.74,Petrol,2014,Third Party insurance,5 Speed,Manual,5 Seats,CHENNAI
₹ 2.85 Lakh,Hatchback,"67,000 Kms",1st Owner,2013,25.44,Diesel,2013,Comprehensive,5 Speed,Manual,5 Seats,CHENNAI
₹ 6.16 Lakh,Hatchback,"70,528 Kms",1st Owner,2017,21.4,Petrol,2017,Comprehensive,CVT,Automatic,5 Seats,CHENNAI
₹ 5.94 Lakh,Hatchback,"35,413 Kms",1st Owner,2016,18.6,Petrol,2016,Third Party insurance,5 Speed,Manual,5 Seats,CHENNAI
₹ 3.20 Lakh,Hatchback,"40,000 Kms",2nd Owner,2018,24.7,Petrol,2018,Third Party insurance,5 Speed,Manual,5 Seats,CHENNAI
₹ 6.47 Lakh,Hatchback,"66,285 Kms",1st Owner,2017,19.0,Petrol,2017,Third Party insurance,5 Speed,Automatic,5 Seats,CHENNAI
₹ 14 Lakh,SUV,"83,129 Kms",1st Owner,2019,16.5,Petrol,2019,Zero Dep,7-Speed DCT,Automatic,5 Seats,CHENNAI
₹ 6 Lakh,Sedan,"87,055 Kms",1st Owner,2016,17.4,Petrol,2016,Comprehensive,5 Speed,Manual,5 Seats,CHENNAI
₹ 5.05 Lakh,Hatchback,"37,218 Kms",2nd Owner,2019,18.9,Petrol,2019,Third Party insurance,5 Speed,Manual,5 Seats,CHENNAI
₹ 9 Lakh,SUV,"60,000 Kms",1st Owner,2019,18.27,Petrol,2019,Third Party insurance,6-Speed,Manual,5 Seats,CHENNAI
₹ 7.30 Lakh,Hatchback,"33,640 Kms",1st Owner,2019,18.6,Petrol,2019,Third Party insurance,5 Speed,Manual,5 Seats,CHENNAI
₹ 6.48 Lakh,Hatchback,"23,608 Kms",1st Owner,2020,18.5,Petrol,2020,Comprehensive,5-Speed,Manual,5 Seats,CHENNAI
₹ 4.35 Lakh,Hatchback,"22,353 Kms",1st Owner,2013,18.5,Petrol,2013,Comprehensive,5 Speed,Manual,5 Seats,CHENNAI
₹ 9 Lakh,Sedan,"1,20,000 Kms",1st Owner,2017,21.72,Diesel,2017,Third Party insurance,7 Speed,Automatic,5 Seats,CHENNAI
₹ 7.40 Lakh,Sedan,"54,241 Kms",1st Owner,2018,17.4,Petrol,2018,Comprehensive,5 Speed,Manual,5 Seats,CHENNAI
₹ 3.20 Lakh,Hatchback,"86,173 Kms",1st Owner,2012,21.79,Petrol,2012,Third Party insurance,5 Speed,Manual,5 Seats,CHENNAI
₹ 2.95 Lakh,Hatchback,"91,143 Kms",1st Owner,2011,20.36,Petrol,2011,Comprehensive,5 Speed,Manual,5 Seats,CHENNAI
₹ 7.90 Lakh,SUV,"36,000 Kms",1st Owner,2016,18.49,Diesel,2016,Comprehensive,5 Speed,Manual,7 Seats,CHENNAI
₹ 5.30 Lakh,Sedan,"1,08,818 Kms",1st Owner,2015,17.4,Petrol,2015,Third Party insurance,5 Speed ,Manual,5 Seats,CHENNAI
₹ 3.15 Lakh,Hatchback,"1,20,000 Kms",2nd Owner,2011,22.07,Diesel,2011,Third Party insurance,5 Speed,Manual,5 Seats,CHENNAI
₹ 8.50 Lakh,Sedan,"1,07,000 Kms",2nd Owner,2008,14.84,Diesel,2008,Comprehensive,7 Speed,Automatic,5 Seats,CHENNAI
₹ 5.70 Lakh,Sedan,"90,530 Kms",1st Owner,2014,17.0,Petrol,2014,Comprehensive,5 Speed,Manual,5 Seats,CHENNAI
₹ 5.76 Lakh,Hatchback,"77,957 Kms",1st Owner,2016,18.6,Petrol,2016,Comprehensive,5 Speed,Manual,5 Seats,CHENNAI
₹ 8.42 Lakh,SUV,"81,394 Kms",2nd Owner,2017,13.0,Petrol,2017,Third Party insurance,6 Speed,Manual,5 Seats,CHENNAI
₹ 6.75 Lakh,Sedan,"64,341 Kms",1st Owner,2017,20.73,Petrol,2017,Third Party insurance,5 Speed,Manual,5 Seats,CHENNAI
₹ 5.18 Lakh,Hatchback,"33,407 Kms",1st Owner,2017,18.9,Petrol,2017,Comprehensive,5 Speed,Manual,5 Seats,CHENNAI
₹ 3.97 Lakh,Hatchback,"14,811 Kms",1st Owner,2021,20.71,Petrol,2021,Comprehensive,5-Speed,Manual,5 Seats,CHENNAI
₹ 7.75 Lakh,Sedan,"37,000 Kms",1st Owner,2017,14.3,Petrol,2017,Comprehensive,5 Speed,Manual,5 Seats,CHENNAI
₹ 11.66 Lakh,SUV,"49,326 Kms",2nd Owner,2017,17.1,Diesel,2017,Third Party,6 Speed,Manual,5 Seats,CHENNAI
₹ 4.50 Lakh,Sedan,"1,20,000 Kms",3rd Owner,2009,9.8,Petrol,2009,Third Party insurance,5 Speed,Manual,5 Seats,CHENNAI
₹ 7.32 Lakh,Hatchback,"4,939 Kms",1st Owner,2022,20.09,Petrol,2022,Zero Dep,5 Speed,Automatic,5 Seats,CHENNAI
₹ 5.77 Lakh,SUV,"82,620 Kms",1st Owner,2014,16.5,Petrol,2014,Comprehensive,6 Speed,Automatic,5 Seats,CHENNAI
₹ 6 Lakh,Sedan,"60,000 Kms",2nd Owner,2009,13.14,Petrol,2009,Third Party insurance,Six Speed Manual,Manual,5 Seats,CHENNAI
₹ 5.10 Lakh,Hatchback,"86,857 Kms",1st Owner,2015,20.14,Diesel,2015,Third Party insurance,5 Speed,Manual,5 Seats,CHENNAI
₹ 9 Lakh,Sedan,"70,000 Kms",3rd Owner,2010,14.84,Diesel,2010,Third Party insurance,7 Speed,Automatic,5 Seats,CHENNAI
₹ 15 Lakh,SUV,"1,20,000 Kms",2nd Owner,2012,11.33,Diesel,2012,Third Party insurance,8 Speed,Automatic,7 Seats,CHENNAI
₹ 6.25 Lakh,Hatchback,"14,483 Kms",1st Owner,2022,25.19,Petrol,2022,Third Party,5 Speed,Automatic,5 Seats,CHENNAI
₹ 12.75 Lakh,SUV,"19,000 Kms",1st Owner,2022,18.9,Diesel,2022,Comprehensive,6-speed,Manual,5 Seats,CHENNAI
₹ 3.95 Lakh,Hatchback,"36,202 Kms",1st Owner,2016,18.16,Petrol,2016,Comprehensive,5 Speed,Manual,5 Seats,CHENNAI
₹ 3.20 Lakh,MUV,"30,000 Kms",1st Owner,2017,19.44,Petrol,2017,Third Party insurance,5 Speed,Manual,7 Seats,CHENNAI
₹ 4.50 Lakh,Hatchback,"70,000 Kms",1st Owner,2017,24.29,Diesel,2017,Third Party insurance,5 Speed,Manual,5 Seats,CHENNAI
₹ 10.85 Lakh,SUV,"20,000 Kms",1st Owner,2022,18.9,Petrol,2022,Third Party insurance,iMT,Manual,5 Seats,CHENNAI
₹ 4 Lakh,Hatchback,"24,077 Kms",1st Owner,2021,20.71,Petrol,2021,Comprehensive,5-Speed,Manual,5 Seats,CHENNAI
₹ 4.85 Lakh,Sedan,"81,985 Kms",1st Owner,2012,19.3,Diesel,2012,Comprehensive,5 Speed,Manual,5 Seats,CHENNAI
₹ 9.85 Lakh,MUV,"30,000 Kms",2nd Owner,2020,17.99,Petrol,2020,Third Party insurance,4 Speed,Automatic,7 Seats,CHENNAI
₹ 6.81 Lakh,Sedan,"91,841 Kms",1st Owner,2017,17.8,Petrol,2017,Third Party insurance,5 Speed,Manual,5 Seats,CHENNAI
₹ 6.21 Lakh,SUV,"64,961 Kms",3rd Owner,2016,15.63,Petrol,2016,Third Party insurance,6 Speed,Automatic,5 Seats,CHENNAI
₹ 4.10 Lakh,Hatchback,"20,950 Kms",1st Owner,2018,23.95,Petrol,2018,Comprehensive,5 Speed,Automatic,5 Seats,CHENNAI
₹ 5.05 Lakh,Hatchback,"94,348 Kms",2nd Owner,2016,18.6,Petrol,2016,Comprehensive,5 Speed,Manual,5 Seats,CHENNAI
₹ 12.90 Lakh,SUV,"32,000 Kms",1st Owner,2022,18.9,Diesel,2022,Comprehensive,6-Speed,Manual,5 Seats,CHENNAI
₹ 7.08 Lakh,Hatchback,"51,744 Kms",1st Owner,2019,18.6,Petrol,2019,Third Party insurance,5 Speed,Manual,5 Seats,CHENNAI
₹ 17.34 Lakh,SUV,"81,152 Kms",2nd Owner,2020,15.1,Diesel,2020,Comprehensive,6 Speed,Automatic,7 Seats,CHENNAI
₹ 6.50 Lakh,Sedan,"19,516 Kms",1st Owner,2018,18.6,Petrol,2018,Comprehensive,5 Speed,Manual,5 Seats,CHENNAI
₹ 7.60 Lakh,Hatchback,"29,093 Kms",1st Owner,2021,18.6,Petrol,2021,Comprehensive,5 Speed,Manual,5 Seats,CHENNAI
₹ 7.85 Lakh,Sedan,"54,408 Kms",1st Owner,2018,23.8,Diesel,2018,Third Party insurance,5 Speed,Automatic,5 Seats,CHENNAI
₹ 7.45 Lakh,Hatchback,"16,000 Kms",1st Owner,2019,21.01,Petrol,2019,Comprehensive,5 Speed,Manual,5 Seats,CHENNAI
₹ 20 Lakh,SUV,"1,00,000 Kms",1st Owner,2018,12.62,Diesel,2018,Third Party insurance,6 Speed,Automatic,7 Seats,CHENNAI
₹ 2.70 Lakh,Hatchback,"56,876 Kms",1st Owner,2016,22.7,Petrol,2016,Comprehensive,5-Speed,Manual,5 Seats,CHENNAI
₹ 4.50 Lakh,Hatchback,"50,000 Kms",1st Owner,2014,22.07,Diesel,2014,Third Party insurance,5 Speed,Manual,5 Seats,CHENNAI
₹ 4.20 Lakh,Sedan,"84,505 Kms",2nd Owner,2015,18.6,Petrol,2015,Comprehensive,5 Speed,Manual,5 Seats,CHENNAI
₹ 27.90 Lakh,MUV,"34,000 Kms",1st Owner,2021,12.0,Diesel,2021,Comprehensive,6 Speed,Automatic,7 Seats,CHENNAI
₹ 5.50 Lakh,Hatchback,"22,305 Kms",1st Owner,2020,21.79,Petrol,2020,Comprehensive,5 Speed,Manual,5 Seats,CHENNAI
₹ 4.21 Lakh,Hatchback,"33,573 Kms",1st Owner,2019,23.01,Petrol,2019,Comprehensive,5 Speed,Manual,5 Seats,CHENNAI
₹ 3.03 Lakh,Hatchback,"33,615 Kms",1st Owner,2019,22.7,Petrol,2019,Third Party,5-Speed,Manual,5 Seats,CHENNAI
₹ 7.80 Lakh,Hatchback,"30,000 Kms",2nd Owner,2018,18.2,Petrol,2018,Third Party insurance,5 Speed,Automatic,5 Seats,CHENNAI
₹ 6.43 Lakh,Sedan,"34,935 Kms",1st Owner,2020,20.3,Petrol,2020,Comprehensive,5 Speed,Manual,5 Seats,CHENNAI
₹ 4.74 Lakh,Hatchback,"66,511 Kms",2nd Owner,2018,23.1,Petrol,2018,Comprehensive,5 Speed,Automatic,5 Seats,CHENNAI
₹ 42 Lakh,Sedan,"24,000 Kms",1st Owner,2021,19.16,Petrol,2021,Comprehensive,6 Speed,Automatic,5 Seats,CHENNAI
₹ 6.44 Lakh,Sedan,"68,979 Kms",1st Owner,2017,21.21,Petrol,2017,Comprehensive,5 Speed,Manual,5 Seats,CHENNAI
₹ 12 Lakh,MUV,"50,000 Kms",1st Owner,2021,19.01,Petrol,2021,Third Party insurance,5 Speed,Manual,7 Seats,CHENNAI
₹ 5.19 Lakh,Hatchback,"45,161 Kms",2nd Owner,2019,20.51,Petrol,2019,Comprehensive,5 Speed,Automatic,5 Seats,CHENNAI
₹ 8.11 Lakh,SUV,"42,917 Kms",1st Owner,2018,23.0,Diesel,2018,Comprehensive,5 Speed,Manual,5 Seats,CHENNAI
₹ 7.25 Lakh,Hatchback,"20,000 Kms",1st Owner,2019,21.01,Petrol,2019,Third Party insurance,5 Speed,Manual,5 Seats,CHENNAI
₹ 7.25 Lakh,Hatchback,"32,000 Kms",1st Owner,2018,19.56,Petrol,2018,Comprehensive,CVT,Automatic,5 Seats,CHENNAI
₹ 7.50 Lakh,Hatchback,"40,000 Kms",1st Owner,2019,22.54,Diesel,2019,Third Party insurance,6 Speed,Manual,5 Seats,CHENNAI
₹ 9.50 Lakh,Sedan,"29,911 Kms",1st Owner,2020,17.4,Petrol,2020,Comprehensive,5 Speed,Manual,5 Seats,CHENNAI
₹ 9.25 Lakh,Sedan,"23,000 Kms",1st Owner,2018,17.0,Petrol,2018,Comprehensive,6 Speed,Automatic,5 Seats,CHENNAI
₹ 5.25 Lakh,Sedan,"1,00,000 Kms",2nd Owner,2018,22.95,Diesel,2018,Third Party insurance,5 Speed,Manual,5 Seats,CHENNAI
₹ 18.75 Lakh,MUV,"42,000 Kms",1st Owner,2016,13.68,Diesel,2016,Comprehensive,5 Speed,Manual,7 Seats,CHENNAI
₹ 26.50 Lakh,Sedan,"58,000 Kms",1st Owner,2016,19.27,Diesel,2016,Comprehensive,7 Speed,Automatic,5 Seats,CHENNAI
₹ 5.50 Lakh,Hatchback,"53,764 Kms",1st Owner,2015,25.2,Diesel,2015,Comprehensive,5 Speed,Manual,5 Seats,CHENNAI
₹ 5 Lakh,Hatchback,"61,455 Kms",1st Owner,2015,18.9,Petrol,2015,Third Party insurance,5 Speed,Manual,5 Seats,CHENNAI
₹ 12.09 Lakh,SUV,"52,732 Kms",2nd Owner,2018,16.0,Petrol,2018,Zero Dep,7 Speed,Automatic,5 Seats,CHENNAI
₹ 6.56 Lakh,Hatchback,"61,159 Kms",2nd Owner,2017,19.0,Petrol,2017,Comprehensive,5 Speed,Automatic,5 Seats,CHENNAI
₹ 2.95 Lakh,Hatchback,"90,000 Kms",2nd Owner,2010,17.0,Petrol,2010,Third Party insurance,5 Speed,Manual,5 Seats,CHENNAI
₹ 4.31 Lakh,Sedan,"95,296 Kms",1st Owner,2015,18.0,Petrol,2015,Comprehensive,5 Speed,Manual,5 Seats,CHENNAI
₹ 8.95 Lakh,SUV,"1,06,506 Kms",1st Owner,2018,15.8,Petrol,2018,Comprehensive,6 Speed,Manual,5 Seats,CHENNAI
₹ 15 Lakh,Sedan,"70,000 Kms",2nd Owner,2012,16.73,Diesel,2012,Third Party insurance,8 Speed Sport,Automatic,5 Seats,CHENNAI
₹ 3.92 Lakh,Hatchback,"1,08,551 Kms",2nd Owner,2015,18.9,Petrol,2015,Comprehensive,5 Speed,Manual,5 Seats,CHENNAI
₹ 4.70 Lakh,Sedan,"54,186 Kms",1st Owner,2014,25.8,Diesel,2014,Comprehensive,5 Speed,Manual,5 Seats,CHENNAI
₹ 7.26 Lakh,Sedan,"1,06,848 Kms",1st Owner,2018,19.0,Petrol,2018,Comprehensive,CVT,Automatic,5 Seats,CHENNAI
₹ 10.23 Lakh,Sedan,"38,464 Kms",2nd Owner,2020,16.35,Petrol,2020,Third Party,6 Speed,Automatic,5 Seats,CHENNAI
₹ 5 Lakh,Hatchback,"59,841 Kms",1st Owner,2017,20.89,Petrol,2017,Third Party insurance,5 Speed,Manual,5 Seats,CHENNAI
₹ 45.50 Lakh,SUV,"3,000 Kms",1st Owner,2023,18.9,Diesel,2023,Comprehensive,6 Speed with Sequential Shift,Automatic,7 Seats,CHENNAI
₹ 15.90 Lakh,SUV,"19,649 Kms",1st Owner,2020,18.9,Petrol,2020,Third Party insurance,6-speed IVT,Automatic,5 Seats,CHENNAI
₹ 56 Lakh,Sedan,"3,300 Kms",1st Owner,2021,19.62,Diesel,2021,Comprehensive,8-Speed Steptronic,Automatic,5 Seats,CHENNAI
₹ 1.40 Lakh,Sedan,"60,000 Kms",3rd Owner,2003,9.0,Petrol,2003,Third Party insurance,5 Speed,Manual,5 Seats,CHENNAI
₹ 19 Lakh,SUV,"40,000 Kms",1st Owner,2021,14.2,Petrol,2021,Third Party insurance,6-speed,Automatic,6 Seats,CHENNAI
₹ 14.25 Lakh,SUV,"27,000 Kms",1st Owner,2020,18.9,Petrol,2020,Comprehensive,IVT,Automatic,5 Seats,CHENNAI
₹ 4.10 Lakh,Hatchback,"20,950 Kms",1st Owner,2018,23.95,Petrol,2018,Comprehensive,5 Speed,Automatic,5 Seats,CHENNAI
₹ 12.50 Lakh,SUV,"50,000 Kms",1st Owner,2018,17.1,Diesel,2018,Third Party insurance,6 Speed,Manual,5 Seats,CHENNAI
₹ 1.25 Lakh,Hatchback,"39,000 Kms",1st Owner,2014,25.4,Petrol,2014,Third Party insurance,4 Speed,Manual,4 Seats,CHENNAI
₹ 9.03 Lakh,SUV,"55,927 Kms",1st Owner,2017,15.29,Petrol,2017,Comprehensive,6 Speed,Manual,5 Seats,CHENNAI
₹ 4.88 Lakh,Hatchback,"35,325 Kms",2nd Owner,2014,18.6,Petrol,2014,Comprehensive,5 Speed,Manual,5 Seats,CHENNAI
₹ 6.60 Lakh,Hatchback,"20,000 Kms",2nd Owner,2020,21.01,Petrol,2020,Third Party insurance,5 Speed,Manual,5 Seats,CHENNAI
₹ 6.04 Lakh,Hatchback,"41,248 Kms",1st Owner,2017,18.6,Petrol,2017,Third Party insurance,5 Speed,Manual,5 Seats,CHENNAI
₹ 4.17 Lakh,Hatchback,"70,076 Kms",1st Owner,2016,23.84,Petrol,2016,Third Party,5 Speed,Manual,5 Seats,CHENNAI
₹ 4.05 Lakh,SUV,"1,28,398 Kms",1st Owner,2016,16.82,Petrol,2016,Comprehensive,6 Speed,Manual,5 Seats,CHENNAI
₹ 4.44 Lakh,Hatchback,"20,973 Kms",3rd Owner,2017,20.51,Petrol,2017,Comprehensive,5 Speed,Automatic,5 Seats,CHENNAI
₹ 2.20 Lakh,Hatchback,"90,000 Kms",2nd Owner,2007,16.1,Petrol,2007,Third Party insurance,5 Speed,Manual,5 Seats,CHENNAI
₹ 6.15 Lakh,Sedan,"98,807 Kms",1st Owner,2020,20.5,Petrol,2020,Comprehensive,5-Speed,Manual,5 Seats,CHENNAI
₹ 3.96 Lakh,Sedan,"1,02,249 Kms",2nd Owner,2015,18.0,Petrol,2015,Comprehensive,5 Speed,Manual,5 Seats,CHENNAI
₹ 6.50 Lakh,Hatchback,"18,837 Kms",1st Owner,2018,18.9,Petrol,2018,Comprehensive,4 Speed,Automatic,5 Seats,CHENNAI
₹ 14 Lakh,SUV,"50,000 Kms",1st Owner,2018,17.1,Diesel,2018,Comprehensive,6 Speed,Manual,5 Seats,CHENNAI
₹ 2.10 Lakh,Hatchback,"1,20,000 Kms",1st Owner,2012,21.1,Petrol,2012,Third Party insurance,5 Speed,Manual,5 Seats,CHENNAI
₹ 24.75 Lakh,MUV,"19,000 Kms",1st Owner,2021,12.0,Diesel,2021,Comprehensive,6 Speed,Automatic,7 Seats,CHENNAI
₹ 4 Lakh,Hatchback,"10,000 Kms",1st Owner,2020,22.05,Petrol,2020,Third Party insurance,5 Speed,Manual,5 Seats,CHENNAI
₹ 3.50 Lakh,Hatchback,"1,28,876 Kms",1st Owner,2015,21.63,Petrol,2015,Comprehensive,5 Speed,Automatic,5 Seats,CHENNAI
₹ 4.30 Lakh,Hatchback,"37,942 Kms",0th Owner,2016,20.51,Petrol,2016,Third Party insurance,5 Speed,Manual,5 Seats,CHENNAI
₹ 5.15 Lakh,Hatchback,"37,300 Kms",1st Owner,2018,18.9,Petrol,2018,Comprehensive,5 Speed,Manual,5 Seats,CHENNAI
₹ 37.50 Lakh,SUV,"30,000 Kms",2nd Owner,2017,17.9,Diesel,2017,Comprehensive,9 Speed,Automatic,5 Seats,CHENNAI
₹ 1.20 Lakh,Hatchback,"60,000 Kms",1st Owner,2002,17.3,Petrol,2002,Third Party insurance,5 Speed,Manual,5 Seats,CHENNAI
₹ 4.92 Lakh,Hatchback,"82,784 Kms",1st Owner,2014,22.54,Diesel,2014,Comprehensive,6 Speed,Manual,5 Seats,CHENNAI
₹ 7.31 Lakh,Sedan,"63,274 Kms",1st Owner,2021,22.41,Petrol,2021,Third Party,5 Speed,Manual,5 Seats,CHENNAI
₹ 3.45 Lakh,Hatchback,"87,521 Kms",1st Owner,2015,23.95,Petrol,2015,Comprehensive,5 Speed,Automatic,5 Seats,CHENNAI
₹ 5.23 Lakh,Hatchback,"77,388 Kms",2nd Owner,2017,17.19,Petrol,2017,Third Party,5 Speed,Manual,5 Seats,CHENNAI
₹ 3.02 Lakh,Hatchback,"1,14,772 Kms",1st Owner,2014,20.51,Petrol,2014,Comprehensive,5 Speed,Manual,5 Seats,CHENNAI
₹ 23 Lakh,MUV,"40,000 Kms",1st Owner,2019,13.68,Diesel,2019,Third Party insurance,5 Speed,Manual,7 Seats,CHENNAI
₹ 5 Lakh,MUV,"62,493 Kms",2nd Owner,2019,19.83,Petrol,2019,Third Party insurance,5 Speed,Manual,7 Seats,CHENNAI
₹ 13.50 Lakh,Sedan,"20,000 Kms",1st Owner,2021,18.6,Petrol,2021,Third Party insurance,6 Speed,Manual,5 Seats,CHENNAI
₹ 4.72 Lakh,Hatchback,"59,985 Kms",1st Owner,2019,20.3,Petrol,2019,Comprehensive,5 Speed,Manual,5 Seats,CHENNAI
₹ 5.64 Lakh,Sedan,"1,04,073 Kms",2nd Owner,2017,20.73,Petrol,2017,Comprehensive,5 Speed,Manual,5 Seats,CHENNAI
₹ 4.10 Lakh,Sedan,"1,00,000 Kms",2nd Owner,2017,25.4,Diesel,2017,Third Party insurance,5 Speed,Manual,5 Seats,CHENNAI
₹ 4.70 Lakh,Hatchback,"1,20,000 Kms",1st Owner,2017,27.28,Diesel,2017,Third Party insurance,5 Speed,Manual,5 Seats,CHENNAI
₹ 6.30 Lakh,Hatchback,"53,819 Kms",1st Owner,2017,21.4,Petrol,2017,Comprehensive,CVT,Automatic,5 Seats,CHENNAI
₹ 3.75 Lakh,Hatchback,"98,914 Kms",1st Owner,2016,25.83,Diesel,2016,Third Party insurance,5 Speed,Manual,5 Seats,CHENNAI
₹ 5.20 Lakh,Sedan,"1,10,000 Kms",1st Owner,2017,21.66,Diesel,2017,Third Party insurance,5 Speed,Manual,5 Seats,CHENNAI
₹ 10 Lakh,SUV,"1,10,000 Kms",3rd Owner,2015,16.0,Diesel,2015,Third Party insurance,6 Speed ,Manual,7 Seats,CHENNAI
₹ 15.97 Lakh,Sedan,"4,135 Kms",1st Owner,2022,17.4,Petrol,2022,Third Party insurance,5 Speed,Manual,5 Seats,CHENNAI
₹ 8 Lakh,Hatchback,"35,000 Kms",1st Owner,2019,17.4,Petrol,2019,Comprehensive,5 Speed,Automatic,5 Seats,CHENNAI
₹ 5.75 Lakh,Hatchback,"35,983 Kms",1st Owner,2017,18.7,Petrol,2017,Third Party insurance,5 Speed,Manual,5 Seats,CHENNAI
₹ 20.50 Lakh,SUV,"45,000 Kms",1st Owner,2020,16.3,Diesel,2020,Comprehensive,6 Speed,Manual,5 Seats,CHENNAI
₹ 14.22 Lakh,SUV,"91,109 Kms",1st Owner,2019,17.0,Diesel,2019,Zero Dep,6,Manual,5 Seats,CHENNAI
₹ 5.62 Lakh,Sedan,"23,325 Kms",1st Owner,2018,20.14,Petrol,2018,Zero Dep,5 Speed,Manual,5 Seats,CHENNAI
₹ 6.90 Lakh,Hatchback,"51,690 Kms",1st Owner,2018,18.2,Petrol,2018,Comprehensive,5 Speed,Automatic,5 Seats,CHENNAI
₹ 5.73 Lakh,Hatchback,"69,786 Kms",2nd Owner,2017,17.19,Petrol,2017,Comprehensive,5 Speed,Manual,5 Seats,CHENNAI
₹ 5.58 Lakh,Sedan,"53,612 Kms",2nd Owner,2018,20.3,Petrol,2018,Comprehensive,5 Speed,Automatic,5 Seats,CHENNAI
₹ 5.80 Lakh,Hatchback,"41,502 Kms",1st Owner,2018,21.21,Petrol,2018,Comprehensive,5,Manual,5 Seats,CHENNAI
₹ 6.84 Lakh,SUV,"43,841 Kms",2nd Owner,2017,17.5,Petrol,2017,Third Party insurance,5 Speed,Manual,5 Seats,CHENNAI
₹ 2.90 Lakh,Hatchback,"1,10,000 Kms",2nd Owner,2010,17.0,Petrol,2010,Third Party insurance,5 Speed,Manual,5 Seats,CHENNAI
₹ 7.62 Lakh,SUV,"77,380 Kms",1st Owner,2018,14.8,Petrol,2018,Comprehensive,6 Speed,Automatic,5 Seats,CHENNAI
₹ 6.63 Lakh,Hatchback,"69,269 Kms",1st Owner,2018,21.1,Petrol,2018,Third Party insurance,5 Speed,Manual,5 Seats,CHENNAI
₹ 8.70 Lakh,SUV,"53,060 Kms",1st Owner,2018,23.65,Diesel,2018,Third Party insurance,5 Speed,Manual,5 Seats,CHENNAI
₹ 3.20 Lakh,Sedan,"70,000 Kms",2nd Owner,2011,13.17,Petrol,2011,Third Party insurance,5 Speed,Manual,5 Seats,CHENNAI
₹ 7.50 Lakh,Sedan,"58,071 Kms",1st Owner,2017,17.0,Petrol,2017,Comprehensive,5 Speed,Manual,5 Seats,CHENNAI
₹ 47.50 Lakh,Sedan,500 Kms,1st Owner,2023,14.82,Petrol,2023,Comprehensive,7-Speed Steptronic,Automatic,5 Seats,CHENNAI
₹ 9.50 Lakh,SUV,"40,000 Kms",1st Owner,2021,21.7,Diesel,2021,Third Party insurance,5 Speed,Manual,5 Seats,CHENNAI
₹ 10.25 Lakh,MUV,"20,000 Kms",2nd Owner,2020,17.99,Petrol,2020,Third Party insurance,4 Speed,Automatic,7 Seats,CHENNAI
₹ 2.45 Lakh,Sedan,"68,283 Kms",2nd Owner,2008,17.5,Petrol,2008,Third Party insurance,5 Speed,Manual,5 Seats,CHENNAI
₹ 3.95 Lakh,Sedan,"73,045 Kms",0th Owner,2014,18.0,Petrol,2014,Third Party insurance,5 Speed,Manual,5 Seats,CHENNAI
₹ 10.80 Lakh,SUV,"49,000 Kms",1st Owner,2018,22.1,Diesel,2018,Comprehensive,6 Speed,Manual,5 Seats,CHENNAI
₹ 2 Lakh,MUV,"1,50,000 Kms",1st Owner,2009,12.2,Diesel,2009,Third Party insurance,5 Speed,Manual,10 Seats,CHENNAI
₹ 6.08 Lakh,Hatchback,"47,547 Kms",2nd Owner,2016,18.6,Petrol,2016,Third Party insurance,5 Speed,Manual,5 Seats,CHENNAI
₹ 6.98 Lakh,Hatchback,"1,00,844 Kms",2nd Owner,2017,21.19,Diesel,2017,Third Party insurance,6 Speed,Manual,5 Seats,CHENNAI
₹ 3.35 Lakh,Sedan,"1,58,945 Kms",1st Owner,2013,24.7,Diesel,2013,Third Party insurance,5 Speed,Manual,5 Seats,CHENNAI
₹ 5.02 Lakh,Hatchback,"1,11,275 Kms",1st Owner,2014,22.54,Diesel,2014,Third Party insurance,6 Speed,Manual,5 Seats,CHENNAI
₹ 10.27 Lakh,SUV,"71,770 Kms",2nd Owner,2018,14.8,Petrol,2018,Comprehensive,6 Speed,Automatic,5 Seats,CHENNAI
₹ 9 Lakh,Sedan,"40,000 Kms",1st Owner,2019,17.0,Petrol,2019,Third Party insurance,6 Speed,Manual,5 Seats,CHENNAI
₹ 7.69 Lakh,SUV,"55,435 Kms",1st Owner,2017,17.5,Petrol,2017,Comprehensive,5 Speed,Manual,5 Seats,CHENNAI
₹ 5.95 Lakh,Sedan,"51,396 Kms",1st Owner,2016,18.5,Petrol,2016,Third Party insurance,4 Speed ,Automatic,5 Seats,CHENNAI
₹ 3.75 Lakh,Hatchback,"79,063 Kms",2nd Owner,2015,20.51,Petrol,2015,Comprehensive,5 Speed,Manual,5 Seats,CHENNAI
₹ 5.85 Lakh,Sedan,"89,570 Kms",1st Owner,2015,20.73,Petrol,2015,Comprehensive,5 Speed,Manual,5 Seats,CHENNAI
₹ 4.50 Lakh,Sedan,"50,000 Kms",2nd Owner,2012,17.01,Petrol,2012,Third Party insurance,5 Speed,Manual,5 Seats,CHENNAI
₹ 21.50 Lakh,SUV,"30,000 Kms",1st Owner,2022,16.14,Diesel,2022,Third Party insurance,6-Speed,Manual,7 Seats,CHENNAI
₹ 9.95 Lakh,Sedan,"1,00,000 Kms",2nd Owner,2012,18.88,Diesel,2012,Third Party insurance,8 Speed,Automatic,5 Seats,CHENNAI
₹ 11 Lakh,Sedan,"18,477 Kms",1st Owner,2021,17.0,Petrol,2021,Comprehensive,5 Speed,Manual,5 Seats,CHENNAI
₹ 3.50 Lakh,Hatchback,"1,20,000 Kms",3rd Owner,2014,16.47,Petrol,2014,Third Party insurance,5 Speed,Manual,5 Seats,CHENNAI
₹ 7.30 Lakh,Sedan,"77,204 Kms",1st Owner,2018,20.28,Petrol,2018,Comprehensive,4 Speed,Automatic,5 Seats,CHENNAI
₹ 10 Lakh,Sedan,"70,000 Kms",2nd Owner,2012,16.73,Diesel,2012,Third Party insurance,8 Speed Sport,Automatic,5 Seats,CHENNAI
₹ 17.91 Lakh,SUV,"78,000 Kms",1st Owner,2013,13.0,Diesel,2013,Comprehensive,5 Speed,Manual,7 Seats,CHENNAI
₹ 13.50 Lakh,Sedan,"55,000 Kms",2nd Owner,2012,22.69,Diesel,2012,Comprehensive,8 Speed,Automatic,5 Seats,CHENNAI
₹ 5.10 Lakh,Hatchback,"30,272 Kms",1st Owner,2017,17.0,Petrol,2017,Comprehensive,5 Speed,Manual,5 Seats,CHENNAI
₹ 8.60 Lakh,SUV,"64,285 Kms",1st Owner,2018,18.88,Petrol,2018,Third Party insurance,5 Speed,Manual,5 Seats,CHENNAI
₹ 4.85 Lakh,Hatchback,"76,697 Kms",3rd Owner,2014,22.54,Diesel,2014,Zero Dep,6 Speed,Manual,5 Seats,CHENNAI
₹ 17 Lakh,Hatchback,"1,00,000 Kms",1st Owner,2015,20.7,Diesel,2015,Third Party insurance,6 Speed ,Automatic,5 Seats,CHENNAI
₹ 6.36 Lakh,Sedan,"95,291 Kms",1st Owner,2017,21.21,Petrol,2017,Third Party,5 Speed,Automatic,5 Seats,CHENNAI
₹ 5.71 Lakh,Sedan,"84,005 Kms",1st Owner,2017,17.0,Petrol,2017,Comprehensive,5 Speed,Manual,5 Seats,CHENNAI
₹ 8.25 Lakh,SUV,"8,000 Kms",1st Owner,2021,19.03,Petrol,2021,Comprehensive,5 Speed,Automatic,5 Seats,CHENNAI
₹ 3.93 Lakh,Hatchback,"49,254 Kms",1st Owner,2021,21.7,Petrol,2021,Zero Dep,5-Speed,Manual,5 Seats,CHENNAI
₹ 11 Lakh,SUV,"20,000 Kms",1st Owner,2021,18.4,Diesel,2021,Third Party insurance,6-Speed,Manual,5 Seats,CHENNAI
₹ 4.20 Lakh,Hatchback,"97,522 Kms",2nd Owner,2016,18.9,Petrol,2016,Third Party,5 Speed,Manual,5 Seats,CHENNAI
₹ 7.04 Lakh,SUV,"34,097 Kms",1st Owner,2017,18.88,Petrol,2017,Zero Dep,5 Speed,Manual,5 Seats,CHENNAI
₹ 9.50 Lakh,SUV,"10,000 Kms",1st Owner,2022,17.4,Petrol,2022,Third Party insurance,CVT,Automatic,5 Seats,CHENNAI
₹ 90 Lakh,SUV,"3,000 Kms",1st Owner,2022,18.9,Diesel,2022,Comprehensive,9G-TRONIC,Automatic,5 Seats,CHENNAI
₹ 7.70 Lakh,Hatchback,"19,252 Kms",0th Owner,2021,20.0,Petrol,2021,Third Party insurance,6 Speed IMT,Manual,5 Seats,CHENNAI
₹ 12 Lakh,SUV,"30,000 Kms",1st Owner,2020,18.9,Diesel,2020,Third Party insurance,6-Speed,Automatic,5 Seats,CHENNAI
₹ 1.20 Lakh,Hatchback,"80,000 Kms",3rd Owner,2010,14.6,Petrol,2010,Third Party insurance,5-Speed,Manual,5 Seats,CHENNAI
₹ 7.50 Lakh,Sedan,"25,581 Kms",1st Owner,2021,20.85,Petrol,2021,Comprehensive,5 Speed,Manual,5 Seats,CHENNAI
₹ 37.50 Lakh,SUV,"34,000 Kms",1st Owner,2022,12.78,Petrol,2022,Comprehensive,7-Speed DSG,Automatic,7 Seats,CHENNAI
₹ 26.55 Lakh,SUV,"45,000 Kms",1st Owner,2018,20.68,Diesel,2018,Comprehensive,8 Speed,Automatic,5 Seats,CHENNAI
₹ 4.10 Lakh,Hatchback,"20,000 Kms",2nd Owner,2019,24.04,Petrol,2019,Third Party insurance,5 Speed,Automatic,5 Seats,CHENNAI
₹ 10.50 Lakh,SUV,"20,000 Kms",1st Owner,2021,20.0,Petrol,2021,Third Party insurance,5 Speed,Manual,5 Seats,CHENNAI
₹ 6.22 Lakh,Hatchback,"1,23,394 Kms",1st Owner,2016,27.39,Diesel,2016,Third Party insurance,5 Speed,Manual,5 Seats,CHENNAI
₹ 7.30 Lakh,Hatchback,"1,06,275 Kms",2nd Owner,2018,20.14,Diesel,2018,Comprehensive,5 Speed,Manual,5 Seats,CHENNAI
₹ 9.50 Lakh,Sedan,"58,416 Kms",1st Owner,2019,17.4,Petrol,2019,Third Party insurance,5 Speed,Manual,5 Seats,CHENNAI
₹ 3.57 Lakh,Hatchback,"18,704 Kms",2nd Owner,2017,23.95,Petrol,2017,Comprehensive,5 Speed,Manual,5 Seats,CHENNAI
₹ 6.21 Lakh,Sedan,"27,166 Kms",1st Owner,2015,17.4,Petrol,2015,Comprehensive,5 Speed ,Manual,5 Seats,CHENNAI
₹ 11.25 Lakh,Sedan,"30,000 Kms",2nd Owner,2020,18.3,Petrol,2020,Third Party insurance,CVT,Automatic,5 Seats,CHENNAI
₹ 16.39 Lakh,SUV,"76,384 Kms",1st Owner,2021,18.0,Diesel,2021,Third Party,6-Speed,Automatic,5 Seats,CHENNAI
₹ 12.15 Lakh,SUV,"45,000 Kms",1st Owner,2017,17.01,Diesel,2017,Comprehensive,6 Speed,Automatic,5 Seats,CHENNAI
₹ 6.35 Lakh,Hatchback,"17,160 Kms",1st Owner,2016,18.6,Petrol,2016,Third Party,5 Speed,Manual,5 Seats,CHENNAI
₹ 14.66 Lakh,SUV,"15,817 Kms",1st Owner,2022,20.08,Petrol,2022,Third Party,6-Speed,Manual,5 Seats,CHENNAI
₹ 5 Lakh,Hatchback,"10,000 Kms",2nd Owner,2021,21.74,Petrol,2021,Third Party insurance,5 Speed,Manual,5 Seats,CHENNAI
₹ 4.25 Lakh,Hatchback,"31,268 Kms",0th Owner,2020,21.74,Petrol,2020,Third Party insurance,5 Speed,Manual,5 Seats,CHENNAI
₹ 5 Lakh,Hatchback,"7,267 Kms",1st Owner,2019,23.1,Petrol,2019,Third Party insurance,5 Speed ,Manual,5 Seats,CHENNAI
₹ 5.50 Lakh,Hatchback,"30,000 Kms",2nd Owner,2017,18.7,Petrol,2017,Third Party insurance,5 Speed,Manual,5 Seats,CHENNAI
"₹ 87,000 ",Hatchback,"60,000 Kms",2nd Owner,2012,25.4,Petrol,2012,Third Party insurance,4 Speed,Manual,4 Seats,CHENNAI
₹ 4.90 Lakh,SUV,"1,00,000 Kms",3rd Owner,2013,12.05,Diesel,2013,Third Party insurance,6 Speed,Manual,8 Seats,CHENNAI
₹ 3 Lakh,Sedan,"2,22,996 Kms",1st Owner,2014,18.6,Petrol,2014,Comprehensive,5 Speed,Manual,5 Seats,CHENNAI
₹ 7.70 Lakh,SUV,"30,742 Kms",1st Owner,2018,17.5,Petrol,2018,Third Party insurance,5 Speed,Manual,5 Seats,CHENNAI
₹ 3.90 Lakh,Hatchback,"1,10,000 Kms",1st Owner,2014,25.2,Diesel,2014,Third Party insurance,5 Speed,Manual,5 Seats,CHENNAI
₹ 2.10 Lakh,Hatchback,"1,32,787 Kms",2nd Owner,2010,20.0,Diesel,2010,Comprehensive,5 Speed,Manual,5 Seats,CHENNAI
₹ 11.05 Lakh,SUV,"29,351 Kms",1st Owner,2021,22.07,Diesel,2021,Comprehensive,6-Speed,Automatic,5 Seats,CHENNAI
₹ 7.25 Lakh,SUV,"10,048 Kms",1st Owner,2018,17.0,Petrol,2018,Zero Dep,6 Speed,Manual,5 Seats,CHENNAI
₹ 5.80 Lakh,Sedan,"50,000 Kms",2nd Owner,2016,20.73,Petrol,2016,Third Party insurance,5 Speed,Manual,5 Seats,CHENNAI
₹ 6.59 Lakh,Hatchback,"14,696 Kms",1st Owner,2017,21.4,Petrol,2017,Comprehensive,CVT,Automatic,5 Seats,CHENNAI
₹ 3.56 Lakh,Hatchback,"27,153 Kms",1st Owner,2016,25.17,Petrol,2016,Comprehensive,5 Speed,Manual,5 Seats,CHENNAI
₹ 4.80 Lakh,Hatchback,"50,000 Kms",1st Owner,2016,18.9,Petrol,2016,Third Party insurance,5 Speed,Manual,5 Seats,CHENNAI
₹ 6.89 Lakh,MUV,"43,879 Kms",1st Owner,2021,20.0,Petrol,2021,Comprehensive,5 Speed,Manual,7 Seats,CHENNAI
₹ 6.25 Lakh,Hatchback,"40,480 Kms",1st Owner,2017,16.2,Petrol,2017,Third Party insurance,5 Speed,Manual,5 Seats,CHENNAI
₹ 8.03 Lakh,SUV,"32,112 Kms",1st Owner,2018,17.0,Petrol,2018,Zero Dep,5 Speed,Manual,5 Seats,CHENNAI
₹ 5.16 Lakh,Hatchback,"31,239 Kms",2nd Owner,2017,25.24,Petrol,2017,Comprehensive,5-Speed,Manual,5 Seats,CHENNAI
₹ 9.50 Lakh,Sedan,"20,000 Kms",1st Owner,2018,28.09,Diesel,2018,Third Party insurance,5 Speed,Manual,5 Seats,CHENNAI
₹ 8.25 Lakh,SUV,"80,000 Kms",2nd Owner,2014,15.1,Diesel,2014,Third Party insurance,6 Speed ,Manual,7 Seats,CHENNAI
₹ 3.75 Lakh,Hatchback,"91,112 Kms",1st Owner,2017,25.32,Diesel,2017,Comprehensive,5 Speed,Manual,6 Seats,CHENNAI
₹ 1.80 Lakh,Hatchback,"68,767 Kms",0th Owner,2009,19.7,Petrol,2009,Third Party insurance,5 Speed,Manual,5 Seats,CHENNAI
₹ 19 Lakh,MUV,"30,000 Kms",1st Owner,2022,16.5,Petrol,2022,Third Party insurance,7-Speed DCT,Automatic,6 Seats,CHENNAI
₹ 9 Lakh,SUV,"10,000 Kms",1st Owner,2022,18.4,Petrol,2022,Third Party insurance,5-Speed,Manual,5 Seats,CHENNAI
₹ 2.05 Lakh,Hatchback,"42,600 Kms",1st Owner,2013,22.74,Petrol,2013,Comprehensive,5 Speed,Manual,5 Seats,CHENNAI
₹ 7.10 Lakh,Hatchback,"13,270 Kms",0th Owner,2021,21.01,Petrol,2021,Third Party insurance,5 Speed,Manual,5 Seats,CHENNAI
₹ 6.30 Lakh,Sedan,"40,000 Kms",1st Owner,2019,21.21,Petrol,2019,Third Party insurance,5 Speed,Manual,5 Seats,CHENNAI
₹ 1.55 Lakh,Sedan,"1,20,000 Kms",3rd Owner,2009,15.3,Petrol,2009,Third Party insurance,5 Speed,Manual,5 Seats,CHENNAI
₹ 7.99 Lakh,Sedan,"22,286 Kms",2nd Owner,2017,17.8,Petrol,2017,Third Party insurance,5 Speed,Manual,5 Seats,CHENNAI
₹ 6.30 Lakh,Hatchback,"12,132 Kms",1st Owner,2022,20.52,Petrol,2022,Comprehensive,5 Speed,Manual,5 Seats,CHENNAI
₹ 4.15 Lakh,Hatchback,"79,048 Kms",1st Owner,2018,19.01,Petrol,2018,Third Party insurance,5-Speed,Manual,5 Seats,CHENNAI
₹ 4.17 Lakh,Hatchback,"48,360 Kms",3rd Owner,2016,23.84,Petrol,2016,Third Party insurance,5 Speed,Manual,5 Seats,CHENNAI
₹ 3.34 Lakh,Hatchback,"54,538 Kms",2nd Owner,2016,25.17,Petrol,2016,Comprehensive,5 Speed,Manual,5 Seats,CHENNAI
₹ 5.90 Lakh,Sedan,"32,157 Kms",1st Owner,2017,20.85,Petrol,2017,Third Party insurance,5 Speed,Manual,5 Seats,CHENNAI
₹ 10.29 Lakh,SUV,"34,182 Kms",1st Owner,2019,16.8,Petrol,2019,Zero Dep,6-Speed,Manual,5 Seats,CHENNAI
₹ 2.50 Lakh,Hatchback,"1,76,801 Kms",1st Owner,2009,28.4,Diesel,2009,Comprehensive,5,Manual,5 Seats,CHENNAI
₹ 7.11 Lakh,SUV,"81,508 Kms",1st Owner,2021,18.75,Petrol,2021,Comprehensive,5 Speed,Manual,5 Seats,CHENNAI
₹ 9.50 Lakh,SUV,"42,036 Kms",2nd Owner,2020,16.35,Petrol,2020,Comprehensive,6-Speed,Automatic,5 Seats,CHENNAI
₹ 21.40 Lakh,SUV,"22,500 Kms",1st Owner,2015,13.0,Diesel,2015,Comprehensive,7 Speed,Automatic,5 Seats,CHENNAI
₹ 1.40 Lakh,Sedan,"80,000 Kms",3rd Owner,2008,14.49,Petrol,2008,Third Party insurance,5 Speed,Manual,5 Seats,CHENNAI
₹ 7.60 Lakh,SUV,"29,640 Kms",1st Owner,2017,17.5,Petrol,2017,Third Party insurance,5 Speed,Manual,5 Seats,CHENNAI
₹ 70 Lakh,SUV,"52,000 Kms",1st Owner,2018,22.3,Diesel,2018,Comprehensive,8,Automatic,5 Seats,CHENNAI
₹ 3 Lakh,Hatchback,"1,00,000 Kms",3rd Owner,2012,21.9,Diesel,2012,Third Party insurance,6 Speed,Manual,5 Seats,CHENNAI
₹ 10.80 Lakh,SUV,"32,000 Kms",1st Owner,2020,21.7,Diesel,2020,Comprehensive,5 Speed,Manual,5 Seats,CHENNAI
₹ 6.50 Lakh,Sedan,"23,678 Kms",2nd Owner,2016,20.73,Petrol,2016,Third Party insurance,5 Speed,Manual,5 Seats,CHENNAI
₹ 6.80 Lakh,Hatchback,"38,502 Kms",1st Owner,2018,21.01,Petrol,2018,Comprehensive,5 Speed,Manual,5 Seats,CHENNAI
₹ 22 Lakh,SUV,"1,00,000 Kms",1st Owner,2018,16.25,Diesel,2018,Comprehensive,7 Speed,Automatic,7 Seats,CHENNAI
₹ 5.15 Lakh,Hatchback,"30,000 Kms",2nd Owner,2020,18.5,Petrol,2020,Third Party insurance,5 Speed,Manual,5 Seats,CHENNAI
₹ 5.20 Lakh,Hatchback,"40,091 Kms",1st Owner,2019,18.9,Petrol,2019,Comprehensive,5 Speed,Manual,5 Seats,CHENNAI
₹ 3.44 Lakh,Hatchback,"48,113 Kms",1st Owner,2016,25.17,Petrol,2016,Third Party,5 Speed,Manual,5 Seats,CHENNAI
₹ 31 Lakh,Sedan,"50,000 Kms",1st Owner,2017,19.27,Diesel,2017,Third Party insurance,9 Speed,Automatic,5 Seats,CHENNAI
₹ 9.23 Lakh,SUV,"50,486 Kms",1st Owner,2021,18.27,Petrol,2021,Comprehensive,6-Speed,Manual,5 Seats,CHENNAI
₹ 6.62 Lakh,Hatchback,"26,465 Kms",1st Owner,2017,19.0,Petrol,2017,Third Party,5 Speed,Automatic,5 Seats,CHENNAI
₹ 7.50 Lakh,Sedan,"50,000 Kms",2nd Owner,2008,11.74,Petrol,2008,Third Party insurance,7 Speed,Automatic,5 Seats,CHENNAI
₹ 6.37 Lakh,Sedan,"33,246 Kms",1st Owner,2017,21.21,Petrol,2017,Third Party insurance,5 Speed,Automatic,5 Seats,CHENNAI
₹ 8 Lakh,SUV,"30,000 Kms",1st Owner,2019,23.0,Diesel,2019,Third Party insurance,5 Speed,Manual,5 Seats,CHENNAI
₹ 4.54 Lakh,Hatchback,"31,754 Kms",1st Owner,2021,21.74,Petrol,2021,Comprehensive,5 Speed,Manual,5 Seats,CHENNAI
₹ 11.84 Lakh,SUV,"91,992 Kms",2nd Owner,2018,17.1,Diesel,2018,Third Party,6 Speed,Manual,5 Seats,CHENNAI
₹ 7.60 Lakh,SUV,"70,000 Kms",1st Owner,2019,24.3,Diesel,2019,Third Party insurance,5 Speed,Manual,5 Seats,CHENNAI
₹ 11 Lakh,MUV,"60,000 Kms",1st Owner,2013,12.99,Diesel,2013,Third Party insurance,5 Speed,Manual,8 Seats,CHENNAI
₹ 5.45 Lakh,Hatchback,"30,000 Kms",1st Owner,2019,18.9,Petrol,2019,Third Party insurance,5 Speed,Manual,5 Seats,CHENNAI
₹ 4 Lakh,Sedan,"50,000 Kms",2nd Owner,2013,14.3,Petrol,2013,Third Party insurance,6 Speed ,Automatic,5 Seats,CHENNAI
₹ 2.55 Lakh,Hatchback,"53,250 Kms",1st Owner,2010,21.79,Petrol,2010,Comprehensive,5 Speed,Manual,5 Seats,CHENNAI
₹ 2.50 Lakh,Hatchback,"51,555 Kms",1st Owner,2010,19.4,Diesel,2010,Third Party insurance,5 Speed,Manual,5 Seats,CHENNAI
₹ 7.50 Lakh,Hatchback,"10,000 Kms",1st Owner,2022,22.38,Petrol,2022,Third Party insurance,5-Speed,Manual,5 Seats,CHENNAI
₹ 7 Lakh,Hatchback,"40,000 Kms",1st Owner,2019,22.54,Diesel,2019,Third Party insurance,6 Speed,Manual,5 Seats,CHENNAI
₹ 3.65 Lakh,Sedan,"1,10,000 Kms",1st Owner,2011,16.8,Petrol,2011,Third Party insurance,5 Speed,Manual,5 Seats,CHENNAI
₹ 7.50 Lakh,Sedan,"60,000 Kms",1st Owner,2017,17.4,Petrol,2017,Third Party insurance,5 Speed,Manual,5 Seats,CHENNAI
₹ 2.54 Lakh,Hatchback,"85,486 Kms",3rd Owner,2014,21.1,Petrol,2014,Third Party insurance,5 Speed,Manual,5 Seats,CHENNAI
₹ 9.25 Lakh,Hatchback,"5,022 Kms",1st Owner,2022,18.5,Petrol,2022,Third Party,6-Speed DCT,Automatic,5 Seats,CHENNAI
₹ 7.50 Lakh,Hatchback,"39,386 Kms",1st Owner,2019,19.56,Petrol,2019,Comprehensive,CVT,Automatic,5 Seats,CHENNAI
₹ 3.26 Lakh,Hatchback,"72,679 Kms",2nd Owner,2016,25.17,Petrol,2016,Third Party insurance,5 Speed,Manual,5 Seats,CHENNAI
₹ 4.32 Lakh,Hatchback,"83,738 Kms",2nd Owner,2015,18.9,Petrol,2015,Comprehensive,5 Speed,Manual,5 Seats,CHENNAI
₹ 9.50 Lakh,Hatchback,"10,551 Kms",1st Owner,2021,16.2,Petrol,2021,Third Party insurance,5 Speed,Manual,5 Seats,CHENNAI
₹ 4.79 Lakh,Hatchback,"31,795 Kms",3rd Owner,2019,23.1,Petrol,2019,Zero Dep,5 Speed,Automatic,5 Seats,CHENNAI
₹ 2.30 Lakh,Hatchback,"76,656 Kms",2nd Owner,2009,21.1,Petrol,2009,Comprehensive,5-Speed,Manual,5 Seats,CHENNAI
₹ 3.01 Lakh,Hatchback,"52,524 Kms",1st Owner,2017,22.7,Petrol,2017,Comprehensive,5-Speed,Manual,5 Seats,CHENNAI
₹ 4.43 Lakh,Hatchback,"96,165 Kms",1st Owner,2013,22.9,Diesel,2013,Comprehensive,5 Speed,Manual,5 Seats,CHENNAI
₹ 4.40 Lakh,Hatchback,"92,860 Kms",1st Owner,2014,22.54,Diesel,2014,Comprehensive,6 Speed,Manual,5 Seats,CHENNAI
₹ 6.60 Lakh,MUV,"46,976 Kms",1st Owner,2013,19.01,Petrol,2013,Comprehensive,5 Speed,Manual,7 Seats,CHENNAI
₹ 1.65 Lakh,Hatchback,"36,383 Kms",1st Owner,2007,19.7,Petrol,2007,Comprehensive,5 Speed,Manual,5 Seats,CHENNAI
₹ 10.90 Lakh,SUV,"2,000 Kms",1st Owner,2022,17.0,Petrol,2022,Comprehensive,6-speed AutoSHIFT,Automatic,5 Seats,CHENNAI
₹ 12.25 Lakh,SUV,"26,000 Kms",1st Owner,2021,18.3,Petrol,2021,Comprehensive,7-Speed DCT,Automatic,5 Seats,CHENNAI
₹ 6.20 Lakh,Hatchback,"42,891 Kms",1st Owner,2018,21.21,Petrol,2018,Comprehensive,5,Automatic,5 Seats,CHENNAI
₹ 3.95 Lakh,Hatchback,"34,640 Kms",1st Owner,2015,18.9,Petrol,2015,Comprehensive,5 Speed,Manual,5 Seats,CHENNAI
₹ 5.80 Lakh,Hatchback,"40,000 Kms",1st Owner,2017,21.4,Petrol,2017,Third Party insurance,5 Speed,Manual,5 Seats,CHENNAI
₹ 3.10 Lakh,Sedan,"1,29,306 Kms",0th Owner,2009,19.3,Diesel,2009,Third Party insurance,5 Speed,Manual,5 Seats,CHENNAI
₹ 14.50 Lakh,SUV,"42,662 Kms",1st Owner,2021,20.08,Petrol,2021,Comprehensive,6-Speed,Manual,5 Seats,CHENNAI
₹ 5.25 Lakh,Sedan,"64,011 Kms",1st Owner,2016,19.1,Petrol,2016,Comprehensive,4 Speed ,Automatic,5 Seats,CHENNAI
₹ 4.10 Lakh,Hatchback,"85,750 Kms",3rd Owner,2013,22.38,Petrol,2013,Comprehensive,5-Speed,Manual,5 Seats,CHENNAI
₹ 8.65 Lakh,Hatchback,"24,774 Kms",1st Owner,2021,17.1,Petrol,2021,Comprehensive,5 Speed,Manual,5 Seats,CHENNAI
₹ 5.81 Lakh,Hatchback,"74,348 Kms",1st Owner,2019,18.9,Petrol,2019,Third Party,5 Speed,Manual,5 Seats,CHENNAI
₹ 5.18 Lakh,Sedan,"40,711 Kms",1st Owner,2017,20.3,Petrol,2017,Third Party,5 Speed,Manual,5 Seats,CHENNAI
₹ 7.90 Lakh,Hatchback,"39,386 Kms",1st Owner,2019,19.56,Petrol,2019,Comprehensive,CVT,Automatic,5 Seats,CHENNAI
₹ 5.47 Lakh,Hatchback,"93,806 Kms",2nd Owner,2016,21.4,Petrol,2016,Third Party insurance,5 Speed,Manual,5 Seats,CHENNAI
₹ 3 Lakh,Hatchback,"80,000 Kms",1st Owner,2014,20.0,Diesel,2014,Third Party insurance,5 Speed,Manual,5 Seats,CHENNAI
₹ 4.07 Lakh,Hatchback,"86,304 Kms",1st Owner,2016,23.84,Petrol,2016,Third Party insurance,5 Speed,Manual,5 Seats,CHENNAI
₹ 6.92 Lakh,SUV,"46,566 Kms",2nd Owner,2019,17.5,Petrol,2019,Third Party,5 Speed,Manual,5 Seats,CHENNAI
₹ 4.55 Lakh,Hatchback,"74,367 Kms",1st Owner,2015,21.21,Petrol,2015,Third Party insurance,5,Manual,5 Seats,CHENNAI
₹ 2.95 Lakh,Hatchback,"48,098 Kms",1st Owner,2016,22.74,Petrol,2016,Comprehensive,5 Speed,Manual,5 Seats,CHENNAI
₹ 6.80 Lakh,Sedan,"36,408 Kms",2nd Owner,2014,18.0,Petrol,2014,Comprehensive,5 Speed CVT,Automatic,5 Seats,CHENNAI
₹ 9.85 Lakh,MUV,"60,000 Kms",1st Owner,2017,24.52,Diesel,2017,Third Party insurance,5 Speed,Manual,7 Seats,CHENNAI
₹ 3.40 Lakh,Hatchback,"61,696 Kms",2nd Owner,2014,20.36,Petrol,2014,Third Party insurance,5 Speed,Manual,5 Seats,CHENNAI
₹ 1 Lakh,Hatchback,"1,10,000 Kms",1st Owner,2007,17.2,Diesel,2007,Third Party insurance,5 Speed,Manual,5 Seats,CHENNAI
₹ 3.65 Lakh,Hatchback,"85,223 Kms",1st Owner,2015,23.1,Petrol,2015,Third Party insurance,5 Speed ,Manual,5 Seats,CHENNAI
₹ 10.50 Lakh,MUV,"1,20,000 Kms",1st Owner,2012,12.99,Diesel,2012,Third Party insurance,5 Speed,Manual,8 Seats,CHENNAI
₹ 1.83 Lakh,Sedan,"1,10,000 Kms",2nd Owner,2013,25.0,Diesel,2013,Third Party insurance,5 Speed,Manual,5 Seats,CHENNAI
₹ 6.60 Lakh,Hatchback,"33,961 Kms",1st Owner,2016,16.2,Petrol,2016,Comprehensive,5 Speed,Manual,5 Seats,CHENNAI
₹ 4.03 Lakh,Sedan,"76,597 Kms",2nd Owner,2014,18.0,Petrol,2014,Comprehensive,5 Speed,Manual,5 Seats,CHENNAI
₹ 5.63 Lakh,Hatchback,"36,573 Kms",3rd Owner,2017,21.4,Petrol,2017,Third Party,5 Speed,Manual,5 Seats,CHENNAI
₹ 20 Lakh,SUV,"10,000 Kms",1st Owner,2023,20.58,Petrol,2023,Third Party insurance,6 Speed,Automatic,5 Seats,CHENNAI
₹ 4.36 Lakh,Hatchback,"45,636 Kms",1st Owner,2016,20.51,Petrol,2016,Comprehensive,5 Speed,Automatic,5 Seats,CHENNAI
₹ 6.81 Lakh,Sedan,"58,698 Kms",1st Owner,2017,19.12,Petrol,2017,Comprehensive,4 Speed,Automatic,5 Seats,CHENNAI
₹ 5.90 Lakh,Hatchback,"10,000 Kms",1st Owner,2023,24.35,Petrol,2023,Third Party insurance,5 Speed,Manual,5 Seats,CHENNAI
₹ 6.32 Lakh,Hatchback,"77,603 Kms",1st Owner,2016,27.39,Diesel,2016,Comprehensive,5 Speed,Manual,5 Seats,CHENNAI
₹ 8.90 Lakh,SUV,"60,000 Kms",1st Owner,2019,24.3,Diesel,2019,Third Party insurance,5 Speed,Automatic,5 Seats,CHENNAI
₹ 7.26 Lakh,Sedan,"65,675 Kms",2nd Owner,2018,23.8,Diesel,2018,Comprehensive,5 Speed,Automatic,5 Seats,CHENNAI
₹ 5.51 Lakh,Sedan,"1,20,797 Kms",1st Owner,2015,26.59,Diesel,2015,Comprehensive,5 Speed,Manual,5 Seats,CHENNAI
₹ 8.50 Lakh,Hatchback,"10,000 Kms",1st Owner,2019,17.4,Petrol,2019,Third Party insurance,5 Speed,Automatic,5 Seats,CHENNAI
₹ 3.82 Lakh,Hatchback,"18,228 Kms",2nd Owner,2018,23.95,Petrol,2018,Third Party insurance,5 Speed,Manual,5 Seats,CHENNAI
₹ 7.65 Lakh,Sedan,"33,654 Kms",1st Owner,2017,19.3,Diesel,2017,Comprehensive,5 Speed,Manual,5 Seats,CHENNAI
₹ 1.95 Lakh,Hatchback,"61,633 Kms",2nd Owner,2010,19.0,Petrol,2010,Comprehensive,5 Speed,Manual,5 Seats,CHENNAI
₹ 3.90 Lakh,Hatchback,"45,333 Kms",1st Owner,2018,23.01,Petrol,2018,Comprehensive,5 Speed,Manual,5 Seats,CHENNAI
₹ 4.80 Lakh,Hatchback,"63,670 Kms",1st Owner,2018,24.0,Diesel,2018,Third Party insurance,5 Speed,Manual,5 Seats,CHENNAI
₹ 4.55 Lakh,Hatchback,"95,535 Kms",1st Owner,2013,22.9,Diesel,2013,Comprehensive,5 Speed,Manual,5 Seats,CHENNAI
₹ 17.50 Lakh,MUV,"1,75,000 Kms",1st Owner,2016,11.36,Diesel,2016,Comprehensive,6 Speed,Automatic,7 Seats,CHENNAI
₹ 5.20 Lakh,Hatchback,"80,000 Kms",2nd Owner,2015,20.14,Diesel,2015,Third Party insurance,5 Speed,Manual,5 Seats,CHENNAI
₹ 26.25 Lakh,MUV,"55,500 Kms",1st Owner,2020,13.68,Diesel,2020,Comprehensive,6 Speed,Automatic,7 Seats,CHENNAI
₹ 7.82 Lakh,SUV,"42,375 Kms",2nd Owner,2017,17.5,Petrol,2017,Third Party insurance,5 Speed,Manual,5 Seats,CHENNAI
₹ 6.11 Lakh,Sedan,"63,155 Kms",2nd Owner,2018,25.4,Diesel,2018,Third Party insurance,5 Speed,Manual,5 Seats,CHENNAI
₹ 17 Lakh,SUV,"85,000 Kms",2nd Owner,2015,13.0,Diesel,2015,Comprehensive,5 Speed,Manual,7 Seats,CHENNAI
₹ 5.15 Lakh,Sedan,"1,06,121 Kms",1st Owner,2014,23.4,Diesel,2014,Third Party,5 Speed,Manual,5 Seats,CHENNAI
₹ 6.79 Lakh,Hatchback,"51,012 Kms",1st Owner,2022,22.38,Petrol,2022,Comprehensive,5-Speed,Manual,5 Seats,CHENNAI
₹ 4.10 Lakh,Sedan,"62,930 Kms",1st Owner,2012,19.0,Petrol,2012,Third Party insurance,5 Speed,Manual,5 Seats,CHENNAI
₹ 7.98 Lakh,SUV,"1,11,242 Kms",1st Owner,2019,18.49,Diesel,2019,Third Party insurance,5 Speed,Manual,7 Seats,CHENNAI
₹ 9.45 Lakh,SUV,"16,000 Kms",1st Owner,2022,18.4,Petrol,2022,Comprehensive,5-Speed,Manual,5 Seats,CHENNAI
₹ 8.85 Lakh,SUV,"72,898 Kms",1st Owner,2018,19.6,Diesel,2018,Third Party,6 Speed,Manual,5 Seats,CHENNAI
₹ 5.74 Lakh,Hatchback,"97,326 Kms",1st Owner,2018,18.6,Petrol,2018,Zero Dep,5 Speed,Manual,5 Seats,CHENNAI
₹ 7.10 Lakh,SUV,"1,870 Kms",1st Owner,2018,25.5,Diesel,2018,Comprehensive,6 Speed,Manual,5 Seats,CHENNAI
₹ 6.20 Lakh,Hatchback,"10,000 Kms",1st Owner,2022,20.3,Petrol,2022,Third Party insurance,5 Speed,Automatic,5 Seats,CHENNAI
₹ 2.25 Lakh,Hatchback,"1,10,000 Kms",1st Owner,2016,25.44,Diesel,2016,Third Party insurance,5 Speed,Manual,5 Seats,CHENNAI
₹ 5 Lakh,Hatchback,"20,000 Kms",1st Owner,2017,20.89,Petrol,2017,Third Party insurance,5 Speed,Manual,5 Seats,CHENNAI
₹ 11.50 Lakh,SUV,"70,000 Kms",1st Owner,2018,19.67,Diesel,2018,Third Party insurance,6 Speed,Manual,5 Seats,CHENNAI
₹ 2.85 Lakh,Hatchback,"30,000 Kms",1st Owner,2018,22.7,Petrol,2018,Third Party insurance,5-Speed,Manual,5 Seats,CHENNAI
₹ 4.45 Lakh,Sedan,"1,67,332 Kms",0th Owner,2015,17.4,Petrol,2015,Third Party insurance,5 Speed ,Manual,5 Seats,CHENNAI
₹ 5.50 Lakh,Sedan,"71,887 Kms",2nd Owner,2015,17.4,Petrol,2015,Comprehensive,5 Speed,Manual,5 Seats,CHENNAI
₹ 2 Lakh,Hatchback,"1,00,000 Kms",2nd Owner,2011,20.0,Diesel,2011,Third Party insurance,5 Speed,Manual,5 Seats,CHENNAI
₹ 13 Lakh,SUV,"20,000 Kms",2nd Owner,2021,17.2,Petrol,2021,Third Party insurance,6-speed,Automatic,5 Seats,CHENNAI
₹ 6.78 Lakh,SUV,"61,426 Kms",2nd Owner,2018,14.19,Petrol,2018,Third Party,5 Speed,Manual,5 Seats,CHENNAI
₹ 3.10 Lakh,Hatchback,"1,21,735 Kms",2nd Owner,2012,18.3,Petrol,2012,Third Party insurance,5 Speed,Manual,5 Seats,CHENNAI
₹ 18.25 Lakh,SUV,"15,000 Kms",1st Owner,2022,18.9,Petrol,2022,Comprehensive,6-speed IVT,Automatic,5 Seats,CHENNAI
₹ 4.31 Lakh,Hatchback,"71,195 Kms",1st Owner,2013,22.9,Diesel,2013,Comprehensive,5 Speed,Manual,5 Seats,CHENNAI
₹ 7.28 Lakh,Sedan,"91,700 Kms",1st Owner,2016,18.19,Petrol,2016,Third Party,7 Speed,Automatic,5 Seats,CHENNAI
₹ 2.25 Lakh,Hatchback,"1,32,724 Kms",0th Owner,2015,23.95,Petrol,2015,Third Party insurance,5 Speed,Manual,5 Seats,CHENNAI
₹ 8.61 Lakh,SUV,"59,232 Kms",1st Owner,2016,24.3,Diesel,2016,Comprehensive,5 Speed,Manual,5 Seats,CHENNAI
₹ 7.80 Lakh,Hatchback,"55,023 Kms",1st Owner,2017,17.21,Petrol,2017,Third Party insurance,7 Speed,Automatic,5 Seats,CHENNAI
₹ 14.78 Lakh,SUV,"58,323 Kms",1st Owner,2020,18.9,Diesel,2020,Third Party,6-speed,Manual,5 Seats,CHENNAI
₹ 6.95 Lakh,SUV,"73,498 Kms",2nd Owner,2016,18.49,Diesel,2016,Third Party,5 Speed,Manual,7 Seats,CHENNAI
₹ 8 Lakh,SUV,"52,743 Kms",1st Owner,2018,24.3,Diesel,2018,Comprehensive,5 Speed,Manual,5 Seats,CHENNAI
₹ 27 Lakh,SUV,"49,000 Kms",1st Owner,2018,17.05,Diesel,2018,Comprehensive,8-Speed ,Automatic,5 Seats,CHENNAI
₹ 4.20 Lakh,Sedan,"1,00,000 Kms",2nd Owner,2012,22.32,Diesel,2012,Third Party insurance,4 Speed,Manual,5 Seats,CHENNAI
₹ 2.90 Lakh,Hatchback,"1,11,350 Kms",1st Owner,2011,16.1,Petrol,2011,Comprehensive,5 Speed,Manual,5 Seats,CHENNAI
₹ 20 Lakh,SUV,"1,05,000 Kms",2nd Owner,2013,12.7,Diesel,2013,Comprehensive,9 Speed,Automatic,5 Seats,CHENNAI
₹ 1 Lakh,Sedan,"1,50,000 Kms",1st Owner,2005,18.7,Diesel,2005,Third Party insurance,5 Speed ,Manual,5 Seats,CHENNAI
₹ 6.50 Lakh,Hatchback,"20,000 Kms",1st Owner,2022,26.49,CNG,2022,Third Party insurance,5-Speed,Manual,5 Seats,CHENNAI
₹ 5 Lakh,Sedan,"63,134 Kms",1st Owner,2017,25.83,Diesel,2017,Third Party insurance,5 Speed,Manual,5 Seats,CHENNAI
₹ 7.90 Lakh,Sedan,"89,547 Kms",1st Owner,2019,17.4,Petrol,2019,Third Party insurance,CVT,Automatic,5 Seats,CHENNAI
₹ 9 Lakh,SUV,"25,000 Kms",1st Owner,2018,21.7,Diesel,2018,Comprehensive,5 Speed,Manual,5 Seats,CHENNAI
₹ 5.68 Lakh,Hatchback,"61,583 Kms",2nd Owner,2016,16.2,Petrol,2016,Third Party,5 Speed,Manual,5 Seats,CHENNAI
₹ 4.61 Lakh,Sedan,"1,02,002 Kms",1st Owner,2015,25.8,Diesel,2015,Third Party,5 Speed,Manual,5 Seats,CHENNAI
₹ 4 Lakh,Hatchback,"38,980 Kms",2nd Owner,2016,18.9,Petrol,2016,Comprehensive,5 Speed,Manual,5 Seats,CHENNAI
₹ 9.83 Lakh,Sedan,"1,08,463 Kms",1st Owner,2017,14.62,Petrol,2017,Third Party,6 Speed,Automatic,5 Seats,CHENNAI
₹ 7.39 Lakh,SUV,"30,033 Kms",1st Owner,2017,17.5,Petrol,2017,Zero Dep,5 Speed,Manual,5 Seats,CHENNAI
₹ 3.40 Lakh,Hatchback,"29,084 Kms",1st Owner,2016,25.17,Petrol,2016,Comprehensive,5 Speed,Manual,5 Seats,CHENNAI
₹ 3.66 Lakh,Hatchback,"69,437 Kms",3rd Owner,2016,23.1,Petrol,2016,Third Party,5 Speed ,Manual,5 Seats,CHENNAI
₹ 3 Lakh,Sedan,"70,000 Kms",2nd Owner,2009,12.8,Petrol,2009,Third Party insurance,5 Speed,Manual,5 Seats,CHENNAI
₹ 3.68 Lakh,Hatchback,"88,122 Kms",3rd Owner,2013,22.38,Petrol,2013,Comprehensive,5-Speed,Manual,5 Seats,CHENNAI
₹ 3.46 Lakh,Sedan,"98,263 Kms",2nd Owner,2011,15.04,Petrol,2011,Third Party,5 Speed,Manual,5 Seats,CHENNAI
₹ 4.50 Lakh,Hatchback,"73,674 Kms",2nd Owner,2016,18.7,Petrol,2016,Comprehensive,5 Speed,Manual,5 Seats,CHENNAI
₹ 4.50 Lakh,Hatchback,"37,718 Kms",1st Owner,2016,23.1,Petrol,2016,Comprehensive,5 Speed ,Manual,5 Seats,CHENNAI
₹ 5.90 Lakh,Hatchback,"66,030 Kms",1st Owner,2016,27.3,Diesel,2016,Third Party insurance,6 Speed,Manual,5 Seats,CHENNAI
₹ 1.85 Lakh,Hatchback,"72,110 Kms",1st Owner,2006,17.0,Petrol,2006,Third Party insurance,5 Speed,Manual,5 Seats,CHENNAI
₹ 82 Lakh,Hybrids,"35,000 Kms",1st Owner,2017,18.0,Petrol,2017,Comprehensive,8 Speed,Automatic,4 Seats,CHENNAI
₹ 2 Lakh,Sedan,"1,00,000 Kms",1st Owner,2008,17.0,Petrol,2008,Third Party insurance,5 Speed,Manual,5 Seats,CHENNAI
₹ 3 Lakh,Hatchback,"10,000 Kms",1st Owner,2013,18.9,Petrol,2013,Third Party insurance,5 Speed,Manual,5 Seats,CHENNAI
₹ 1.50 Lakh,Hatchback,"20,000 Kms",1st Owner,2010,21.1,Petrol,2010,Third Party insurance,5-Speed,Manual,5 Seats,CHENNAI
"₹ 80,000 ",Minivans,"90,000 Kms",3rd Owner,2002,11.3,Petrol,2002,Third Party insurance,5 Speed,Manual,8 Seats,CHENNAI
₹ 1.80 Lakh,Hatchback,"90,000 Kms",4th Owner,2014,15.7,Petrol,2014,Third Party insurance,5-Speed,Manual,5 Seats,CHENNAI
₹ 8.43 Lakh,Hatchback,"56,118 Kms",1st Owner,2020,19.56,Petrol,2020,Third Party insurance,5-Speed,Automatic,5 Seats,CHENNAI
₹ 3 Lakh,Hatchback,"93,968 Kms",1st Owner,2012,20.36,Petrol,2012,Comprehensive,5 Speed,Manual,5 Seats,CHENNAI
₹ 5.60 Lakh,Hatchback,"30,000 Kms",1st Owner,2021,20.7,Petrol,2021,Third Party insurance,5-Speed,Manual,5 Seats,CHENNAI
₹ 7.44 Lakh,Hatchback,"41,364 Kms",2nd Owner,2020,17.74,Petrol,2020,Third Party,5 Speed,Manual,5 Seats,CHENNAI
₹ 4.19 Lakh,Sedan,"1,08,898 Kms",2nd Owner,2013,16.8,Petrol,2013,Comprehensive,5 Speed AT+ Paddle Shifters,Automatic,5 Seats,CHENNAI
₹ 26.55 Lakh,MUV,"3,500 Kms",1st Owner,2022,8.0,Petrol,2022,Comprehensive,6 Speed,Automatic,7 Seats,CHENNAI
₹ 13.69 Lakh,SUV,"35,589 Kms",1st Owner,2020,16.8,Petrol,2020,Comprehensive,6-Speed,Manual,5 Seats,CHENNAI
"₹ 90,000 ",Sedan,"1,50,000 Kms",1st Owner,2003,13.7,Petrol,2003,Third Party insurance,5 Speed,Manual,5 Seats,CHENNAI
₹ 3.80 Lakh,Hatchback,"41,514 Kms",1st Owner,2016,19.81,Petrol,2016,Comprehensive,5 Speed,Manual,5 Seats,CHENNAI
₹ 6.61 Lakh,MUV,"27,925 Kms",1st Owner,2021,20.0,Petrol,2021,Third Party,5 Speed,Manual,7 Seats,CHENNAI
₹ 20 Lakh,Sedan,"10,000 Kms",1st Owner,2022,18.41,Petrol,2022,Third Party insurance,6-speed,Automatic,5 Seats,CHENNAI
₹ 3.20 Lakh,SUV,"40,000 Kms",2nd Owner,2017,18.15,Petrol,2017,Third Party insurance,5 Speed,Manual,6 Seats,CHENNAI
₹ 2 Lakh,Hatchback,"60,000 Kms",2nd Owner,2014,21.1,Petrol,2014,Third Party insurance,5 Speed,Manual,5 Seats,CHENNAI
₹ 1.45 Lakh,Sedan,"90,000 Kms",5th Owner,2008,13.9,Petrol,2008,Third Party insurance,5 Speed,Manual,5 Seats,CHENNAI
₹ 3.25 Lakh,Hatchback,"65,744 Kms",3rd Owner,2013,16.47,Petrol,2013,Third Party insurance,5 Speed,Manual,5 Seats,CHENNAI
₹ 2 Lakh,Hatchback,"80,000 Kms",4th Owner,2011,16.98,Petrol,2011,Third Party insurance,4 Speed,Automatic,5 Seats,CHENNAI
₹ 10.25 Lakh,MUV,"30,000 Kms",2nd Owner,2020,17.99,Petrol,2020,Third Party insurance,4 Speed,Automatic,7 Seats,CHENNAI
"₹ 50,000 ",Hatchback,"60,000 Kms",3rd Owner,2007,17.2,Diesel,2007,Third Party insurance,5 Speed,Manual,5 Seats,CHENNAI
₹ 13 Lakh,SUV,"20,000 Kms",1st Owner,2022,17.2,Petrol,2022,Third Party insurance,6-speed,Automatic,5 Seats,CHENNAI
₹ 2.32 Lakh,Sedan,"90,000 Kms",3rd Owner,2012,15.8,Petrol,2012,Third Party insurance,Five Speed Manual Transmission,Manual,5 Seats,CHENNAI
₹ 16.39 Lakh,SUV,"18,655 Kms",1st Owner,2021,17.88,Petrol,2021,Third Party,7-Speed DSG,Manual,5 Seats,CHENNAI
₹ 5.36 Lakh,Hatchback,"51,578 Kms",1st Owner,2020,19.01,Petrol,2020,Third Party insurance,5-Speed,Manual,5 Seats,CHENNAI
₹ 2.30 Lakh,Hatchback,"1,13,000 Kms",1st Owner,2012,25.83,Diesel,2012,Comprehensive,5 Speed,Manual,5 Seats,CHENNAI
₹ 3.57 Lakh,Hatchback,"27,861 Kms",1st Owner,2016,25.17,Petrol,2016,Third Party insurance,5 Speed,Manual,5 Seats,CHENNAI
₹ 7.86 Lakh,Sedan,"20,419 Kms",1st Owner,2020,21.56,Petrol,2020,Third Party,5 Speed,Manual,5 Seats,CHENNAI
₹ 4.10 Lakh,Sedan,"49,165 Kms",2nd Owner,2013,16.09,Petrol,2013,Third Party insurance,5 Speed,Manual,5 Seats,CHENNAI
₹ 6.07 Lakh,SUV,"38,309 Kms",2nd Owner,2018,17.5,Petrol,2018,Comprehensive,5 Speed,Manual,5 Seats,CHENNAI
₹ 11.50 Lakh,SUV,"12,000 Kms",1st Owner,2022,18.76,Petrol,2022,Comprehensive,4 Speed,Automatic,5 Seats,CHENNAI
₹ 6.84 Lakh,Hatchback,"27,872 Kms",1st Owner,2017,19.0,Petrol,2017,Comprehensive,5 Speed,Automatic,5 Seats,CHENNAI
₹ 4.51 Lakh,Hatchback,"14,023 Kms",1st Owner,2022,22.25,Petrol,2022,Third Party,5 Speed,Manual,5 Seats,CHENNAI
₹ 9.85 Lakh,MUV,"30,000 Kms",1st Owner,2019,19.34,Petrol,2019,Third Party insurance,5 Speed,Manual,7 Seats,CHENNAI
₹ 8 Lakh,SUV,"30,000 Kms",1st Owner,2021,21.5,Diesel,2021,Third Party insurance,6 Speed,Manual,5 Seats,CHENNAI
₹ 4.50 Lakh,Sedan,"1,16,377 Kms",2nd Owner,2012,23.9,Diesel,2012,Third Party insurance,6 Speed ,Manual,5 Seats,CHENNAI
₹ 7.85 Lakh,Hatchback,"13,109 Kms",1st Owner,2021,22.07,Diesel,2021,Comprehensive,5 Speed,Manual,5 Seats,CHENNAI
₹ 4.15 Lakh,Sedan,"67,500 Kms",1st Owner,2015,25.83,Diesel,2015,Comprehensive,5 Speed,Manual,5 Seats,CHENNAI
₹ 1.50 Lakh,Hatchback,"84,169 Kms",1st Owner,2007,18.9,Petrol,2007,Third Party insurance,5 Speed,Manual,5 Seats,CHENNAI
₹ 15 Lakh,Sedan,"50,000 Kms",2nd Owner,2016,20.38,Diesel,2016,Third Party insurance,6 Speed,Automatic,5 Seats,CHENNAI
₹ 1.70 Lakh,Hatchback,"80,000 Kms",3rd Owner,2011,15.6,Petrol,2011,Third Party insurance,5 Speed,Manual,5 Seats,CHENNAI
₹ 10 Lakh,MUV,"14,475 Kms",1st Owner,2022,16.02,Petrol,2022,Comprehensive,5 Speed ,Manual,7 Seats,CHENNAI
₹ 5.70 Lakh,Hatchback,"20,000 Kms",3rd Owner,2020,20.7,Petrol,2020,Third Party insurance,5-Speed,Automatic,5 Seats,CHENNAI
₹ 6.38 Lakh,Hatchback,"53,631 Kms",1st Owner,2018,21.4,Petrol,2018,Third Party insurance,CVT,Automatic,5 Seats,CHENNAI
₹ 6.74 Lakh,SUV,"92,562 Kms",1st Owner,2018,14.8,Petrol,2018,Third Party,6 Speed,Automatic,5 Seats,CHENNAI
₹ 2 Lakh,Sedan,"90,000 Kms",3rd Owner,2010,15.0,Petrol,2010,Third Party insurance,5 Speed,Manual,5 Seats,CHENNAI
₹ 4.33 Lakh,Hatchback,"24,690 Kms",1st Owner,2021,22.05,Petrol,2021,Zero Dep,5 Speed,Manual,5 Seats,CHENNAI
₹ 5.18 Lakh,Hatchback,"15,915 Kms",1st Owner,2020,22.0,Petrol,2020,Comprehensive,5 Speed,Automatic,5 Seats,CHENNAI
₹ 1.75 Lakh,Hatchback,"1,00,000 Kms",2nd Owner,2011,20.0,Diesel,2011,Third Party insurance,5 Speed,Manual,5 Seats,CHENNAI
₹ 8.40 Lakh,SUV,"36,390 Kms",1st Owner,2021,20.5,Petrol,2021,Comprehensive,5 Speed,Manual,5 Seats,CHENNAI
₹ 2.95 Lakh,Hatchback,"9,112 Kms",1st Owner,2012,21.1,Petrol,2012,Comprehensive,5-Speed,Manual,5 Seats,CHENNAI
₹ 7.40 Lakh,Hatchback,"13,923 Kms",1st Owner,2021,16.0,Petrol,2021,Comprehensive,6 Speed,Automatic,5 Seats,CHENNAI
₹ 5.20 Lakh,Hatchback,"58,263 Kms",1st Owner,2017,25.24,Petrol,2017,Comprehensive,5-Speed,Manual,5 Seats,CHENNAI
₹ 4.70 Lakh,Minivans,"20,000 Kms",1st Owner,2021,16.11,Petrol,2021,Third Party insurance,5 Speed,Manual,7 Seats,CHENNAI
₹ 2 Lakh,Hatchback,"80,000 Kms",3rd Owner,2015,23.2,Diesel,2015,Third Party insurance,5 Speed,Manual,5 Seats,CHENNAI
₹ 3.95 Lakh,Hatchback,"65,991 Kms",0th Owner,2013,22.9,Diesel,2013,Third Party insurance,5 Speed ,Manual,5 Seats,CHENNAI
₹ 3.50 Lakh,Hatchback,"13,397 Kms",1st Owner,2016,25.32,Diesel,2016,Comprehensive,5 Speed,Manual,6 Seats,CHENNAI
₹ 5.50 Lakh,Sedan,"57,121 Kms",2nd Owner,2015,19.12,Petrol,2015,Comprehensive,4 Speed,Automatic,5 Seats,CHENNAI
₹ 4 Lakh,Sedan,"70,418 Kms",1st Owner,2015,17.57,Petrol,2015,Comprehensive,5 Speed,Manual,5 Seats,CHENNAI
₹ 6.40 Lakh,Sedan,"22,421 Kms",0th Owner,2019,19.0,Petrol,2019,Third Party insurance,5 Speed,Automatic,5 Seats,CHENNAI
₹ 1.35 Lakh,Hatchback,"83,045 Kms",0th Owner,2009,17.0,Diesel,2009,Third Party insurance,5 Speed,Manual,5 Seats,CHENNAI
₹ 1.70 Lakh,Hatchback,"86,715 Kms",0th Owner,2008,20.36,Petrol,2008,Third Party insurance,5 Speed,Manual,5 Seats,CHENNAI
₹ 1.95 Lakh,Hatchback,"77,032 Kms",0th Owner,2008,19.81,Petrol,2008,Third Party insurance,5 Speed,Manual,5 Seats,CHENNAI
₹ 3.12 Lakh,Hatchback,"21,614 Kms",1st Owner,2019,22.7,Petrol,2019,Third Party insurance,5-Speed,Manual,5 Seats,CHENNAI
₹ 3.83 Lakh,Hatchback,"35,375 Kms",1st Owner,2020,22.05,Petrol,2020,Third Party,5 Speed,Manual,5 Seats,CHENNAI
₹ 3.10 Lakh,Sedan,"89,545 Kms",0th Owner,2010,20.54,Diesel,2010,Third Party insurance,5 Speed,Manual,5 Seats,CHENNAI
₹ 5.90 Lakh,Hatchback,"83,298 Kms",1st Owner,2019,18.6,Petrol,2019,Third Party insurance,5 Speed,Manual,5 Seats,CHENNAI
₹ 7.58 Lakh,Hatchback,"33,250 Kms",1st Owner,2022,20.89,Petrol,2022,Zero Dep,5 Speed,Automatic,5 Seats,CHENNAI
₹ 4.80 Lakh,Hatchback,"75,000 Kms",2nd Owner,2015,18.2,Petrol,2015,Comprehensive,5 Speed,Manual,5 Seats,CHENNAI
₹ 7.94 Lakh,SUV,"87,026 Kms",1st Owner,2018,23.0,Diesel,2018,Comprehensive,5 Speed,Manual,5 Seats,CHENNAI
₹ 28.50 Lakh,MUV,"33,000 Kms",1st Owner,2021,12.0,Diesel,2021,Comprehensive,6 Speed,Automatic,7 Seats,CHENNAI
₹ 10.69 Lakh,Sedan,"37,294 Kms",2nd Owner,2020,18.6,Petrol,2020,Comprehensive,6 Speed,Manual,5 Seats,CHENNAI
₹ 3.27 Lakh,Hatchback,"65,840 Kms",1st Owner,2016,25.17,Petrol,2016,Third Party,5 Speed,Manual,5 Seats,CHENNAI
₹ 19 Lakh,SUV,"45,000 Kms",2nd Owner,2019,13.8,Diesel,2019,Comprehensive,5,Automatic,7 Seats,CHENNAI
₹ 4.25 Lakh,Sedan,"62,865 Kms",1st Owner,2015,18.6,Petrol,2015,Comprehensive,5 Speed,Manual,5 Seats,CHENNAI
₹ 4.35 Lakh,Hatchback,"62,442 Kms",1st Owner,2017,25.32,Diesel,2017,Third Party insurance,5 Speed,Manual,6 Seats,CHENNAI
₹ 3.30 Lakh,Sedan,"1,54,931 Kms",2nd Owner,2014,15.04,Petrol,2014,Comprehensive,5 Speed,Manual,5 Seats,CHENNAI
₹ 8 Lakh,Sedan,"63,318 Kms",1st Owner,2017,17.4,Petrol,2017,Comprehensive,5 Speed,Manual,5 Seats,CHENNAI
₹ 7.50 Lakh,Sedan,"47,146 Kms",1st Owner,2017,17.0,Petrol,2017,Comprehensive,5 Speed,Manual,5 Seats,CHENNAI
₹ 4.95 Lakh,Hatchback,"17,797 Kms",1st Owner,2016,18.9,Petrol,2016,Comprehensive,4 Speed,Automatic,5 Seats,CHENNAI
₹ 4.75 Lakh,Hatchback,"52,802 Kms",1st Owner,2015,18.6,Petrol,2015,Comprehensive,5 Speed,Manual,5 Seats,CHENNAI
₹ 7 Lakh,SUV,"46,830 Kms",2nd Owner,2018,25.5,Diesel,2018,Third Party insurance,6 Speed,Manual,5 Seats,CHENNAI
₹ 27 Lakh,Sedan,"34,000 Kms",1st Owner,2016,21.76,Diesel,2016,Comprehensive,8 Speed,Automatic,5 Seats,CHENNAI
₹ 7.85 Lakh,SUV,"70,038 Kms",1st Owner,2018,17.0,Petrol,2018,Third Party insurance,5 Speed,Manual,5 Seats,CHENNAI
₹ 7.95 Lakh,Hatchback,"15,957 Kms",1st Owner,2021,18.05,Petrol,2021,Third Party,5-Speed,Manual,5 Seats,CHENNAI
₹ 4.15 Lakh,Sedan,"63,860 Kms",2nd Owner,2014,18.6,Petrol,2014,Comprehensive,5 Speed,Manual,5 Seats,CHENNAI
₹ 6.60 Lakh,Sedan,"51,252 Kms",1st Owner,2017,21.21,Petrol,2017,Comprehensive,5 Speed,Automatic,5 Seats,CHENNAI
₹ 5.43 Lakh,SUV,"56,071 Kms",2nd Owner,2015,15.63,Petrol,2015,Third Party,6 Speed,Automatic,5 Seats,CHENNAI
₹ 6.50 Lakh,Hatchback,"38,100 Kms",1st Owner,2017,27.3,Diesel,2017,Third Party insurance,6 Speed,Manual,5 Seats,CHENNAI
₹ 11.29 Lakh,SUV,"87,634 Kms",3rd Owner,2017,16.0,Diesel,2017,Comprehensive,6 Speed,Automatic,7 Seats,CHENNAI
₹ 2.70 Lakh,Hatchback,"14,424 Kms",1st Owner,2010,20.36,Petrol,2010,Third Party insurance,5 Speed,Manual,5 Seats,CHENNAI
₹ 5.57 Lakh,Sedan,"39,542 Kms",2nd Owner,2018,20.3,Petrol,2018,Third Party,5 Speed,Automatic,5 Seats,CHENNAI
₹ 4.41 Lakh,Hatchback,"1,14,507 Kms",2nd Owner,2016,18.9,Petrol,2016,Third Party,5 Speed,Manual,5 Seats,CHENNAI
₹ 3.40 Lakh,Hatchback,"67,129 Kms",1st Owner,2015,20.3,Diesel,2015,Comprehensive,5 Speed,Manual,5 Seats,CHENNAI
₹ 10 Lakh,Hatchback,"35,405 Kms",1st Owner,2021,18.24,Petrol,2021,Third Party,6 Speed,Manual,5 Seats,CHENNAI
₹ 2.95 Lakh,Hatchback,"62,992 Kms",1st Owner,2010,22.07,Diesel,2010,Comprehensive,5 Speed,Manual,5 Seats,CHENNAI
₹ 1.65 Lakh,Hatchback,"94,241 Kms",1st Owner,2009,17.92,Petrol,2009,Comprehensive,5 Speed,Manual,5 Seats,CHENNAI
₹ 1.49 Lakh,Hatchback,"1,01,423 Kms",2nd Owner,2013,25.0,Diesel,2013,Comprehensive,5 Speed,Manual,5 Seats,CHENNAI
₹ 4.75 Lakh,Sedan,"21,647 Kms",1st Owner,2013,17.6,Petrol,2013,Third Party insurance,5 Speed,Manual,5 Seats,CHENNAI
₹ 1.35 Lakh,Hatchback,"78,210 Kms",4th Owner,2010,18.06,Petrol,2010,Third Party insurance,5 Speed ,Manual,5 Seats,CHENNAI
₹ 4.30 Lakh,Hatchback,"39,922 Kms",1st Owner,2015,18.9,Petrol,2015,Comprehensive,5 Speed,Manual,5 Seats,CHENNAI
₹ 3.75 Lakh,Hatchback,"61,372 Kms",2nd Owner,2017,21.79,Petrol,2017,Third Party insurance,5 Speed,Manual,5 Seats,CHENNAI
₹ 1.45 Lakh,Hatchback,"60,250 Kms",1st Owner,2008,19.81,Petrol,2008,Comprehensive,5 Speed,Manual,5 Seats,CHENNAI
₹ 3.98 Lakh,Hatchback,"91,617 Kms",3rd Owner,2014,18.9,Petrol,2014,Comprehensive,4 Speed,Automatic,5 Seats,CHENNAI
₹ 10.76 Lakh,Hatchback,"23,899 Kms",1st Owner,2021,20.25,Petrol,2021,Third Party,7 Speed,Automatic,5 Seats,CHENNAI
₹ 4.30 Lakh,Hatchback,"89,000 Kms",1st Owner,2015,21.21,Petrol,2015,Comprehensive,5,Manual,5 Seats,CHENNAI
₹ 4 Lakh,Hatchback,"97,445 Kms",2nd Owner,2017,23.1,Petrol,2017,Comprehensive,5 Speed,Automatic,5 Seats,CHENNAI
₹ 2.87 Lakh,Hatchback,"69,680 Kms",2nd Owner,2012,20.36,Petrol,2012,Comprehensive,5 Speed,Manual,5 Seats,CHENNAI
₹ 4.95 Lakh,Hatchback,"87,431 Kms",1st Owner,2014,18.6,Petrol,2014,Comprehensive,5 Speed,Manual,5 Seats,CHENNAI
₹ 2.98 Lakh,Hatchback,"98,204 Kms",1st Owner,2015,21.1,Petrol,2015,Zero Dep,5 Speed,Manual,5 Seats,CHENNAI
₹ 4.25 Lakh,MUV,"1,61,471 Kms",1st Owner,2014,24.2,Diesel,2014,Comprehensive,5 Speed,Manual,7 Seats,CHENNAI
₹ 4.31 Lakh,Sedan,"1,08,338 Kms",2nd Owner,2012,16.8,Petrol,2012,Comprehensive,5 Speed,Manual,5 Seats,CHENNAI
₹ 5.77 Lakh,Hatchback,"47,045 Kms",1st Owner,2016,18.6,Petrol,2016,Comprehensive,5 Speed,Manual,5 Seats,CHENNAI
₹ 6 Lakh,Sedan,"18,079 Kms",1st Owner,2018,20.3,Petrol,2018,Third Party insurance,5 Speed,Automatic,5 Seats,CHENNAI
₹ 2.25 Lakh,Hatchback,"44,985 Kms",1st Owner,2009,19.81,Petrol,2009,Third Party insurance,5 Speed,Manual,5 Seats,CHENNAI
₹ 6.75 Lakh,Sedan,"84,095 Kms",1st Owner,2017,26.21,Diesel,2017,Third Party insurance,5 Speed,Manual,5 Seats,CHENNAI
₹ 14.75 Lakh,SUV,"50,520 Kms",1st Owner,2020,17.1,Diesel,2020,Comprehensive,6 Speed,Manual,5 Seats,CHENNAI
₹ 1.45 Lakh,Sedan,"82,124 Kms",3rd Owner,2010,19.2,Diesel,2010,Comprehensive,5 Speed,Manual,5 Seats,CHENNAI
₹ 1 Lakh,Hatchback,"91,644 Kms",2nd Owner,2005,17.0,Petrol,2005,Comprehensive,5 Speed,Manual,5 Seats,CHENNAI
"₹ 70,000 ",Hatchback,"1,00,658 Kms",4th Owner,2005,17.0,Petrol,2005,Comprehensive,5 Speed,Manual,5 Seats,CHENNAI
₹ 7.50 Lakh,Sedan,"3,228 Kms",1st Owner,2018,18.1,Petrol,2018,Third Party insurance,5 Speed,Automatic,5 Seats,CHENNAI
₹ 1.50 Lakh,Sedan,"41,516 Kms",1st Owner,2010,15.64,Petrol,2010,Third Party insurance,5 Speed,Manual,5 Seats,CHENNAI
₹ 1.95 Lakh,Hatchback,"86,147 Kms",2nd Owner,2012,25.44,Diesel,2012,Third Party insurance,5 Speed,Manual,5 Seats,CHENNAI
₹ 3.64 Lakh,Sedan,"1,01,566 Kms",3rd Owner,2010,17.0,Petrol,2010,Comprehensive,5 Speed,Manual,5 Seats,CHENNAI
₹ 7.29 Lakh,Sedan,"73,139 Kms",1st Owner,2018,21.13,Diesel,2018,Zero Dep,5 Speed,Manual,5 Seats,CHENNAI
₹ 8.40 Lakh,Sedan,"16,787 Kms",1st Owner,2019,21.0,Diesel,2019,Comprehensive,CVT,Automatic,5 Seats,CHENNAI
₹ 6.80 Lakh,Sedan,"99,715 Kms",2nd Owner,2016,14.3,Petrol,2016,Comprehensive,6 Speed ,Automatic,5 Seats,CHENNAI
₹ 4.14 Lakh,MUV,"44,386 Kms",1st Owner,2018,19.02,Petrol,2018,Comprehensive,5 Speed,Manual,7 Seats,CHENNAI
₹ 3.80 Lakh,Hatchback,"56,200 Kms",1st Owner,2014,15.26,Petrol,2014,Comprehensive,5 Speed,Manual,5 Seats,CHENNAI
₹ 4.28 Lakh,MUV,"17,003 Kms",1st Owner,2018,19.02,Petrol,2018,Third Party insurance,5 Speed,Manual,7 Seats,CHENNAI
₹ 4.65 Lakh,Hatchback,"44,632 Kms",1st Owner,2014,18.9,Petrol,2014,Third Party insurance,4 Speed,Automatic,5 Seats,CHENNAI
₹ 10.34 Lakh,SUV,"32,091 Kms",1st Owner,2018,13.0,Petrol,2018,Third Party insurance,6 Speed,Automatic,5 Seats,CHENNAI
₹ 7.72 Lakh,MUV,"22,740 Kms",2nd Owner,2021,18.2,Petrol,2021,Third Party insurance,5 Speed,Automatic,7 Seats,CHENNAI
₹ 35 Lakh,SUV,"98,000 Kms",2nd Owner,2016,17.9,Diesel,2016,Comprehensive,9 Speed,Automatic,5 Seats,CHENNAI
₹ 4.50 Lakh,Sedan,"95,495 Kms",1st Owner,2018,17.0,Petrol,2018,Third Party insurance,5 Speed,Manual,5 Seats,CHENNAI
₹ 2.10 Lakh,Sedan,"1,22,533 Kms",2nd Owner,2010,17.01,Petrol,2010,Third Party insurance,5 Speed,Manual,5 Seats,CHENNAI
₹ 4.10 Lakh,Sedan,"55,320 Kms",1st Owner,2013,22.41,Petrol,2013,Third Party insurance,5 Speed,Manual,5 Seats,CHENNAI
₹ 3.25 Lakh,Hatchback,"68,459 Kms",1st Owner,2012,21.9,Diesel,2012,Third Party insurance,6 Speed,Manual,5 Seats,CHENNAI
₹ 4.50 Lakh,Sedan,"14,195 Kms",1st Owner,2016,18.6,Petrol,2016,Third Party insurance,5 Speed,Manual,5 Seats,CHENNAI
₹ 2.80 Lakh,Hatchback,"67,900 Kms",1st Owner,2012,18.6,Petrol,2012,Third Party insurance,5 Speed,Manual,5 Seats,CHENNAI
₹ 4.10 Lakh,Hatchback,"47,756 Kms",1st Owner,2017,20.51,Petrol,2017,Third Party insurance,5 Speed,Automatic,5 Seats,CHENNAI
₹ 5.20 Lakh,Hatchback,"42,856 Kms",1st Owner,2016,18.9,Petrol,2016,Third Party insurance,4 Speed,Automatic,5 Seats,CHENNAI
₹ 5.60 Lakh,Hatchback,"43,000 Kms",1st Owner,2014,20.14,Diesel,2014,Comprehensive,5 Speed,Manual,5 Seats,CHENNAI
₹ 7.02 Lakh,Sedan,"27,652 Kms",2nd Owner,2019,17.1,Petrol,2019,Third Party,6 Speed,Manual,5 Seats,CHENNAI
₹ 6.56 Lakh,MUV,"23,539 Kms",1st Owner,2021,20.0,Petrol,2021,Third Party,5 Speed,Manual,7 Seats,CHENNAI
₹ 5.25 Lakh,Sedan,"50,000 Kms",1st Owner,2015,20.73,Petrol,2015,Comprehensive,5 Speed,Manual,5 Seats,CHENNAI
₹ 3.57 Lakh,Hatchback,"18,861 Kms",2nd Owner,2017,24.39,Petrol,2017,Comprehensive,5 Speed,Manual,5 Seats,CHENNAI
₹ 5.12 Lakh,Hatchback,"41,138 Kms",1st Owner,2017,20.4,Petrol,2017,Third Party insurance,5 Speed,Manual,5 Seats,CHENNAI
₹ 2.50 Lakh,Hatchback,"55,039 Kms",1st Owner,2012,19.81,Petrol,2012,Comprehensive,5 Speed,Manual,5 Seats,CHENNAI
₹ 7 Lakh,Hatchback,"41,361 Kms",2nd Owner,2018,18.6,Petrol,2018,Third Party,5 Speed,Manual,5 Seats,CHENNAI
₹ 5.35 Lakh,SUV,"81,037 Kms",1st Owner,2015,23.0,Diesel,2015,Comprehensive,5 Speed,Manual,5 Seats,CHENNAI
₹ 6.41 Lakh,Hatchback,"28,897 Kms",2nd Owner,2017,19.0,Petrol,2017,Comprehensive,5 Speed,Automatic,5 Seats,CHENNAI
₹ 3.39 Lakh,SUV,"46,308 Kms",2nd Owner,2016,18.15,Petrol,2016,Comprehensive,5 Speed,Manual,6 Seats,CHENNAI
₹ 1.70 Lakh,Hatchback,"80,033 Kms",1st Owner,2009,18.9,Petrol,2009,Third Party insurance,5 Speed,Manual,5 Seats,CHENNAI
₹ 26.50 Lakh,SUV,"15,000 Kms",2nd Owner,2015,19.19,Diesel,2015,Comprehensive,8 Speed,Automatic,5 Seats,CHENNAI
₹ 3.10 Lakh,Hatchback,"1,00,056 Kms",1st Owner,2012,20.52,Petrol,2012,Comprehensive,5 Speed,Manual,5 Seats,CHENNAI
₹ 7.25 Lakh,Hatchback,"90,062 Kms",1st Owner,2018,18.6,Petrol,2018,Comprehensive,5 Speed,Manual,5 Seats,CHENNAI
₹ 1.15 Lakh,Sedan,"80,030 Kms",3rd Owner,2005,17.4,Petrol,2005,Comprehensive,5 Speed,Manual,5 Seats,CHENNAI
₹ 6.45 Lakh,SUV,"90,042 Kms",1st Owner,2016,18.49,Diesel,2016,Comprehensive,5 Speed,Automatic,7 Seats,CHENNAI
₹ 4.40 Lakh,Hatchback,"78,030 Kms",1st Owner,2017,20.52,Petrol,2017,Comprehensive,5 Speed,Manual,5 Seats,CHENNAI
₹ 16.50 Lakh,SUV,"55,000 Kms",2nd Owner,2013,16.09,Diesel,2013,Comprehensive,8 Speed,Automatic,5 Seats,CHENNAI
₹ 9.75 Lakh,SUV,"1,00,049 Kms",1st Owner,2014,13.01,Diesel,2014,Comprehensive,6 Speed ,Automatic,7 Seats,CHENNAI
₹ 5.35 Lakh,SUV,"1,38,033 Kms",1st Owner,2010,14.8,Diesel,2010,Third Party insurance,5 Speed,Manual,7 Seats,CHENNAI
₹ 4.33 Lakh,MUV,"14,126 Kms",1st Owner,2018,19.02,Petrol,2018,Comprehensive,5 Speed,Manual,7 Seats,CHENNAI
₹ 10.45 Lakh,SUV,"35,464 Kms",1st Owner,2020,16.42,Petrol,2020,Comprehensive,6-Speed,Manual,5 Seats,CHENNAI
₹ 5.50 Lakh,SUV,"1,00,036 Kms",2nd Owner,2013,12.83,Diesel,2013,Third Party insurance,5 Speed,Manual,7 Seats,CHENNAI
₹ 4.11 Lakh,Hatchback,"55,161 Kms",3rd Owner,2015,18.9,Petrol,2015,Third Party insurance,5 Speed,Manual,5 Seats,CHENNAI
₹ 5.18 Lakh,Hatchback,"33,771 Kms",1st Owner,2019,20.3,Petrol,2019,Third Party insurance,5 Speed,Automatic,5 Seats,CHENNAI
₹ 5.25 Lakh,MUV,"75,011 Kms",1st Owner,2016,18.2,Diesel,2016,Comprehensive,5 Speed,Manual,8 Seats,CHENNAI
₹ 6.47 Lakh,Sedan,"41,659 Kms",1st Owner,2016,17.01,Petrol,2016,Third Party,5 Speed,Manual,5 Seats,CHENNAI
₹ 9.25 Lakh,Sedan,"1,26,055 Kms",2nd Owner,2012,16.0,Diesel,2012,Third Party insurance,6 Speed,Automatic,5 Seats,CHENNAI
₹ 6.45 Lakh,Sedan,"19,935 Kms",1st Owner,2020,20.3,Petrol,2020,Third Party insurance,5 Speed,Manual,5 Seats,CHENNAI
₹ 2.53 Lakh,Hatchback,"61,126 Kms",1st Owner,2016,22.7,Petrol,2016,Comprehensive,5-Speed,Manual,5 Seats,CHENNAI
₹ 10.25 Lakh,SUV,"1,00,043 Kms",2nd Owner,2012,13.5,Diesel,2012,Comprehensive,5 Speed,Manual,7 Seats,CHENNAI
₹ 11.75 Lakh,SUV,"70,034 Kms",1st Owner,2013,13.5,Diesel,2013,Third Party insurance,5 Speed,Manual,7 Seats,CHENNAI
₹ 6 Lakh,Hatchback,"90,068 Kms",2nd Owner,2018,20.14,Diesel,2018,Comprehensive,5 Speed,Manual,5 Seats,CHENNAI
₹ 4.05 Lakh,Sedan,"86,694 Kms",1st Owner,2015,19.1,Petrol,2015,Third Party insurance,5 Speed ,Manual,5 Seats,CHENNAI
₹ 10.40 Lakh,Sedan,"86,000 Kms",2nd Owner,2011,15.8,Diesel,2011,Comprehensive,6 Speed,Automatic,5 Seats,CHENNAI
₹ 5.85 Lakh,Sedan,"79,399 Kms",1st Owner,2015,20.73,Petrol,2015,Comprehensive,5 Speed,Manual,5 Seats,CHENNAI
₹ 11.75 Lakh,Sedan,"86,038 Kms",1st Owner,2012,16.55,Diesel,2012,Third Party insurance,7 Speed,Automatic,5 Seats,CHENNAI
₹ 3.85 Lakh,Hatchback,"69,863 Kms",1st Owner,2015,18.9,Petrol,2015,Third Party insurance,5 Speed,Manual,5 Seats,CHENNAI
₹ 17.50 Lakh,MUV,"20,00,022 Kms",1st Owner,2017,13.68,Diesel,2017,Comprehensive,5 Speed,Manual,7 Seats,CHENNAI
₹ 3.10 Lakh,Hatchback,"1,33,727 Kms",1st Owner,2013,20.36,Petrol,2013,Third Party insurance,5 Speed,Manual,5 Seats,CHENNAI
₹ 9.16 Lakh,SUV,"85,781 Kms",1st Owner,2016,13.0,Petrol,2016,Comprehensive,6 Speed,Automatic,5 Seats,CHENNAI
₹ 8 Lakh,Hatchback,"8,837 Kms",1st Owner,2022,23.64,Diesel,2022,Third Party,5-Speed,Manual,5 Seats,CHENNAI
₹ 4.75 Lakh,Sedan,"1,20,057 Kms",2nd Owner,2011,21.43,Diesel,2011,Third Party insurance,6 Speed,Manual,5 Seats,CHENNAI
₹ 6.99 Lakh,Hatchback,"48,527 Kms",1st Owner,2019,22.35,Petrol,2019,Comprehensive,5-Speed,Manual,5 Seats,CHENNAI
₹ 7.14 Lakh,SUV,"71,096 Kms",2nd Owner,2017,25.5,Diesel,2017,Comprehensive,6 Speed,Manual,5 Seats,CHENNAI
₹ 7.50 Lakh,Sedan,"22,000 Kms",1st Owner,2020,18.6,Petrol,2020,Comprehensive,5 Speed,Manual,5 Seats,CHENNAI
₹ 6.26 Lakh,Hatchback,"1,10,054 Kms",1st Owner,2020,20.7,Petrol,2020,Zero Dep,5-Speed,Manual,5 Seats,CHENNAI
₹ 4.65 Lakh,Sedan,"85,028 Kms",1st Owner,2012,17.4,Petrol,2012,Comprehensive,5 Speed ,Manual,5 Seats,CHENNAI
₹ 12.68 Lakh,Sedan,"10,990 Kms",1st Owner,2021,18.6,Petrol,2021,Zero Dep,6 Speed,Manual,5 Seats,CHENNAI
₹ 8.05 Lakh,Sedan,"1,15,484 Kms",2nd Owner,2017,14.59,Petrol,2017,Third Party,6 Speed,Manual,5 Seats,CHENNAI
₹ 4.75 Lakh,SUV,"80,062 Kms",2nd Owner,2011,17.67,Diesel,2011,Third Party insurance,6 Speed,Manual,5 Seats,CHENNAI
₹ 3.75 Lakh,Sedan,"80,039 Kms",1st Owner,2012,20.5,Diesel,2012,Third Party insurance,5-speed,Manual,5 Seats,CHENNAI
₹ 5.10 Lakh,Hatchback,"16,473 Kms",1st Owner,2020,21.7,Petrol,2020,Third Party insurance,5 Speed,Manual,5 Seats,CHENNAI
₹ 93.50 Lakh,SUV,"8,000 Kms",1st Owner,2022,11.24,Petrol,2022,Comprehensive,8-Speed Steptronic,Automatic,5 Seats,CHENNAI
₹ 6.60 Lakh,Hatchback,"53,819 Kms",1st Owner,2017,21.4,Petrol,2017,Third Party insurance,CVT,Automatic,5 Seats,CHENNAI
₹ 4.95 Lakh,MUV,"1,00,060 Kms",2nd Owner,2011,15.4,Diesel,2011,Third Party insurance,5 Speed,Manual,8 Seats,CHENNAI
₹ 7.90 Lakh,Sedan,"93,000 Kms",1st Owner,2017,18.19,Petrol,2017,Comprehensive,7 Speed,Automatic,5 Seats,CHENNAI
₹ 6.90 Lakh,MUV,"82,000 Kms",1st Owner,2013,20.77,Diesel,2013,Comprehensive,5 Speed ,Manual,7 Seats,CHENNAI
₹ 14.50 Lakh,Sedan,"1,00,057 Kms",1st Owner,2013,18.12,Diesel,2013,Third Party insurance,8 Speed,Automatic,5 Seats,CHENNAI
₹ 5.70 Lakh,Sedan,"1,00,425 Kms",1st Owner,2016,21.66,Diesel,2016,Third Party insurance,5 Speed,Manual,5 Seats,CHENNAI
₹ 8.27 Lakh,Sedan,"1,02,497 Kms",1st Owner,2018,22.0,Diesel,2018,Zero Dep,6 Speed,Manual,5 Seats,CHENNAI
₹ 3.45 Lakh,Sedan,"97,942 Kms",2nd Owner,2011,17.6,Petrol,2011,Third Party insurance,5 Speed,Manual,5 Seats,CHENNAI
₹ 6.50 Lakh,Hatchback,"78,423 Kms",1st Owner,2019,18.78,Petrol,2019,Third Party insurance,5 Speed,Manual,5 Seats,CHENNAI
₹ 2.44 Lakh,Hatchback,"43,088 Kms",2nd Owner,2014,22.05,Petrol,2014,Third Party,5 Speed,Manual,5 Seats,CHENNAI
₹ 8.15 Lakh,SUV,"14,103 Kms",1st Owner,2021,20.5,Petrol,2021,Third Party insurance,5 Speed,Manual,5 Seats,CHENNAI
₹ 11 Lakh,Sedan,"74,000 Kms",1st Owner,2011,15.8,Diesel,2011,Comprehensive,6 Speed,Automatic,5 Seats,CHENNAI
₹ 11.50 Lakh,SUV,"41,285 Kms",1st Owner,2022,18.76,Petrol,2022,Comprehensive,4 Speed,Automatic,5 Seats,CHENNAI
₹ 2.10 Lakh,Hatchback,"76,554 Kms",3rd Owner,2012,15.6,Petrol,2012,Third Party insurance,5 Speed,Manual,5 Seats,CHENNAI
₹ 3.91 Lakh,MUV,"25,119 Kms",1st Owner,2018,19.02,Petrol,2018,Third Party insurance,5 Speed,Manual,7 Seats,CHENNAI
₹ 15.29 Lakh,SUV,"4,977 Kms",1st Owner,2022,20.08,Petrol,2022,Comprehensive,6-Speed,Manual,5 Seats,CHENNAI
₹ 53 Lakh,SUV,"10,000 Kms",1st Owner,2023,12.18,Petrol,2023,Comprehensive,8-speed,Automatic,5 Seats,CHENNAI
₹ 2.50 Lakh,Sedan,"85,037 Kms",3rd Owner,2004,9.0,Petrol,2004,Comprehensive,5 Speed,Automatic,5 Seats,CHENNAI
₹ 5.49 Lakh,Hatchback,"2,177 Kms",2nd Owner,2021,21.7,Petrol,2021,Comprehensive,5 Speed,Manual,5 Seats,CHENNAI
₹ 8.60 Lakh,SUV,"40,511 Kms",1st Owner,2018,21.7,Diesel,2018,Third Party insurance,5 Speed,Manual,5 Seats,CHENNAI
₹ 11.45 Lakh,SUV,"30,400 Kms",1st Owner,2021,18.0,Petrol,2021,Third Party insurance,6-Speed IMT,Manual,5 Seats,CHENNAI
₹ 7.90 Lakh,SUV,"75,000 Kms",1st Owner,2017,25.5,Diesel,2017,Comprehensive,6 Speed,Manual,5 Seats,CHENNAI
₹ 16.50 Lakh,SUV,"27,600 Kms",1st Owner,2021,17.2,Petrol,2021,Third Party insurance,6-speed,Automatic,5 Seats,CHENNAI
₹ 4.75 Lakh,Hatchback,"53,908 Kms",1st Owner,2015,24.0,Diesel,2015,Third Party insurance,5 Speed,Manual,5 Seats,CHENNAI
₹ 57 Lakh,Sedan,"30,000 Kms",1st Owner,2020,16.1,Diesel,2020,Comprehensive,9 Speed,Automatic,5 Seats,CHENNAI
₹ 49.50 Lakh,SUV,"46,000 Kms",1st Owner,2017,17.9,Diesel,2017,Comprehensive,9 Speed,Automatic,5 Seats,CHENNAI
₹ 8.29 Lakh,SUV,"9,471 Kms",1st Owner,2021,18.8,Petrol,2021,Zero Dep,5 Speed,Automatic,5 Seats,CHENNAI
₹ 6.48 Lakh,Hatchback,"12,011 Kms",1st Owner,2020,23.84,Petrol,2020,Comprehensive,5 Speed,Automatic,5 Seats,CHENNAI
₹ 3.75 Lakh,Sedan,"85,000 Kms",2nd Owner,2011,14.4,Petrol,2011,Comprehensive,6 Speed,Automatic,5 Seats,CHENNAI
₹ 9.64 Lakh,SUV,"27,370 Kms",1st Owner,2016,13.0,Petrol,2016,Comprehensive,6 Speed,Automatic,5 Seats,CHENNAI
₹ 2.88 Lakh,Hatchback,"53,098 Kms",2nd Owner,2016,21.1,Petrol,2016,Comprehensive,5 Speed,Manual,5 Seats,CHENNAI
₹ 3.40 Lakh,Hatchback,"51,680 Kms",1st Owner,2019,22.7,Petrol,2019,Third Party insurance,5-Speed,Manual,5 Seats,CHENNAI
₹ 9.06 Lakh,Sedan,"35,821 Kms",2nd Owner,2018,18.0,Petrol,2018,Comprehensive,CVT,Automatic,5 Seats,CHENNAI
₹ 33 Lakh,Coupe,"60,000 Kms",2nd Owner,2013,12.07,Petrol,2013,Comprehensive,9 Speed,Automatic,5 Seats,CHENNAI
₹ 6.86 Lakh,Hatchback,"39,323 Kms",2nd Owner,2018,17.4,Petrol,2018,Comprehensive,5 Speed,Automatic,5 Seats,CHENNAI
₹ 3.35 Lakh,Hatchback,"60,799 Kms",1st Owner,2016,25.17,Petrol,2016,Comprehensive,5 Speed,Manual,5 Seats,CHENNAI
₹ 13.50 Lakh,Sedan,"1,30,000 Kms",2nd Owner,2014,14.84,Diesel,2014,Comprehensive,7 Speed,Automatic,5 Seats,CHENNAI
₹ 18 Lakh,Sedan,"63,000 Kms",1st Owner,2014,19.16,Petrol,2014,Comprehensive,6 Speed ,Automatic,5 Seats,CHENNAI
₹ 49 Lakh,Sedan,"50,000 Kms",1st Owner,2017,17.0,Diesel,2017,Comprehensive,9 Speed,Automatic,5 Seats,CHENNAI
₹ 57.50 Lakh,Sedan,"22,600 Kms",1st Owner,2021,19.62,Diesel,2021,Third Party insurance,8-Speed Steptronic,Automatic,5 Seats,CHENNAI
₹ 9 Lakh,Sedan,"30,000 Kms",1st Owner,2021,20.65,Petrol,2021,Third Party insurance,5 Speed,Manual,5 Seats,CHENNAI
₹ 9 Lakh,Sedan,"58,619 Kms",1st Owner,2018,17.0,Petrol,2018,Third Party insurance,6 Speed,Manual,5 Seats,CHENNAI
₹ 8.90 Lakh,SUV,"23,300 Kms",1st Owner,2019,17.0,Petrol,2019,Third Party insurance,5 Speed,Manual,5 Seats,CHENNAI
₹ 2.80 Lakh,Hatchback,"1,21,032 Kms",3rd Owner,2010,17.0,Petrol,2010,Third Party insurance,5 Speed,Manual,5 Seats,CHENNAI
₹ 2.65 Lakh,Hatchback,"91,000 Kms",1st Owner,2010,20.36,Petrol,2010,Comprehensive,5 Speed,Manual,5 Seats,CHENNAI
₹ 12 Lakh,SUV,"30,000 Kms",1st Owner,2020,20.8,Diesel,2020,Comprehensive,6-Speed,Manual,5 Seats,CHENNAI
₹ 5.74 Lakh,Hatchback,"82,171 Kms",2nd Owner,2019,21.4,Petrol,2019,Comprehensive,5 Speed,Manual,5 Seats,CHENNAI
₹ 7.11 Lakh,Hatchback,"18,551 Kms",1st Owner,2022,26.49,CNG,2022,Comprehensive,5-Speed,Manual,5 Seats,CHENNAI
₹ 9.60 Lakh,Hatchback,"35,000 Kms",1st Owner,2020,20.28,Petrol,2020,Comprehensive,7 Speed DCT,Automatic,5 Seats,CHENNAI
₹ 2.73 Lakh,Hatchback,"50,252 Kms",1st Owner,2016,24.7,Petrol,2016,Comprehensive,5 Speed,Manual,5 Seats,CHENNAI
₹ 5.93 Lakh,Sedan,"34,715 Kms",2nd Owner,2019,19.5,Petrol,2019,Comprehensive,5 Speed,Manual,5 Seats,CHENNAI
₹ 17.25 Lakh,SUV,"30,197 Kms",1st Owner,2020,13.96,Petrol,2020,Third Party insurance,6 Speed,Automatic,5 Seats,CHENNAI
₹ 8.45 Lakh,SUV,"79,089 Kms",2nd Owner,2018,13.0,Petrol,2018,Third Party,6 Speed,Manual,5 Seats,CHENNAI
₹ 3 Lakh,Sedan,"24,035 Kms",2nd Owner,2011,16.95,Petrol,2011,Comprehensive,5 Speed,Manual,5 Seats,CHENNAI
₹ 7.35 Lakh,Hatchback,"39,605 Kms",1st Owner,2020,26.2,Diesel,2020,Comprehensive,5-Speed,Manual,5 Seats,CHENNAI
₹ 4.07 Lakh,Hatchback,"66,992 Kms",1st Owner,2016,20.51,Petrol,2016,Comprehensive,5 Speed,Automatic,5 Seats,CHENNAI
₹ 59 Lakh,SUV,"50,000 Kms",1st Owner,2021,18.9,Diesel,2021,Comprehensive,9 speed Tronic,Automatic,5 Seats,CHENNAI
₹ 4.60 Lakh,Hatchback,"29,973 Kms",1st Owner,2017,21.63,Petrol,2017,Third Party insurance,5 Speed,Manual,5 Seats,CHENNAI
₹ 3.60 Lakh,Hatchback,"49,791 Kms",1st Owner,2018,25.17,Petrol,2018,Third Party insurance,5 Speed,Manual,5 Seats,CHENNAI
₹ 16.50 Lakh,SUV,"52,609 Kms",1st Owner,2020,13.96,Petrol,2020,Third Party insurance,6 Speed,Automatic,5 Seats,CHENNAI
₹ 3.60 Lakh,Hatchback,"70,000 Kms",1st Owner,2010,16.0,Petrol,2010,Comprehensive,Five Speed Manual Transmission Gearbox,Manual,5 Seats,CHENNAI
₹ 7 Lakh,SUV,"23,000 Kms",1st Owner,2018,17.5,Petrol,2018,Third Party insurance,5 Speed,Manual,5 Seats,CHENNAI
₹ 2.10 Lakh,Hatchback,"52,172 Kms",1st Owner,2010,19.7,Petrol,2010,Third Party insurance,5 Speed,Manual,5 Seats,CHENNAI
₹ 18.25 Lakh,SUV,"29,041 Kms",1st Owner,2022,18.9,Diesel,2022,Third Party insurance,6-speed,Manual,5 Seats,CHENNAI
₹ 4.85 Lakh,Hatchback,"67,022 Kms",1st Owner,2017,19.34,Petrol,2017,Third Party insurance,CVT,Automatic,5 Seats,CHENNAI
₹ 90 Lakh,Sedan,"9,900 Kms",1st Owner,2021,11.7,Petrol,2021,Comprehensive,8-speed,Automatic,5 Seats,CHENNAI
₹ 5.13 Lakh,Sedan,"1,03,651 Kms",2nd Owner,2016,21.66,Diesel,2016,Zero Dep,5 Speed,Manual,5 Seats,CHENNAI
₹ 5.20 Lakh,Sedan,"49,682 Kms",1st Owner,2016,15.5,Petrol,2016,Third Party insurance,5 Speed,Automatic,5 Seats,CHENNAI
₹ 48 Lakh,SUV,"31,000 Kms",1st Owner,2018,14.7,Diesel,2018,Comprehensive,8 Speed,Automatic,5 Seats,CHENNAI
₹ 3.05 Lakh,Hatchback,"53,751 Kms",3rd Owner,2018,25.17,Petrol,2018,Comprehensive,5 Speed,Manual,5 Seats,CHENNAI
₹ 2.38 Lakh,Hatchback,"1,11,283 Kms",2nd Owner,2015,22.05,Petrol,2015,Comprehensive,5 Speed,Manual,5 Seats,CHENNAI
₹ 5.40 Lakh,SUV,"63,000 Kms",2nd Owner,2013,22.7,Diesel,2013,Comprehensive,5 Speed,Manual,5 Seats,CHENNAI
₹ 3.62 Lakh,MUV,"52,509 Kms",1st Owner,2016,19.44,Petrol,2016,Comprehensive,5 Speed,Manual,7 Seats,CHENNAI
₹ 4.60 Lakh,Hatchback,"69,319 Kms",1st Owner,2017,23.08,Diesel,2017,Third Party insurance,5 Speed ,Manual,5 Seats,CHENNAI
₹ 4.51 Lakh,Hatchback,"89,191 Kms",1st Owner,2018,25.24,Petrol,2018,Comprehensive,5-Speed,Manual,5 Seats,CHENNAI
₹ 4.42 Lakh,SUV,"1,23,152 Kms",1st Owner,2017,25.32,Diesel,2017,Comprehensive,5 Speed,Manual,6 Seats,CHENNAI
₹ 14.80 Lakh,Sedan,"65,000 Kms",2nd Owner,2013,17.68,Diesel,2013,Comprehensive,8 Speed,Automatic,5 Seats,CHENNAI
₹ 4.30 Lakh,Sedan,"1,16,413 Kms",1st Owner,2014,25.8,Diesel,2014,Comprehensive,5 Speed,Manual,5 Seats,CHENNAI
₹ 22.90 Lakh,Sedan,"56,000 Kms",1st Owner,2015,15.26,Petrol,2015,Third Party insurance,7 Speed,Automatic,5 Seats,CHENNAI
₹ 20.90 Lakh,Sedan,"78,000 Kms",1st Owner,2015,15.26,Petrol,2015,Third Party insurance,7 Speed,Automatic,5 Seats,CHENNAI
₹ 75 Lakh,SUV,"30,000 Kms",1st Owner,2020,18.9,Diesel,2020,Comprehensive,9G-TRONIC,Automatic,5 Seats,CHENNAI
₹ 64.50 Lakh,SUV,"2,000 Kms",1st Owner,2022,18.9,Petrol,2022,Third Party insurance,AMG SPEEDSHIFT DCT 8G,Automatic,5 Seats,CHENNAI
₹ 59 Lakh,Sedan,300 Kms,1st Owner,2022,18.9,Petrol,2022,Comprehensive,AMG 7-SPEED DCT,Automatic,5 Seats,CHENNAI
₹ 9.50 Lakh,SUV,"11,600 Kms",1st Owner,2022,18.9,Petrol,2022,Third Party insurance,5-Speed,Manual,5 Seats,CHENNAI
₹ 17.50 Lakh,SUV,"18,377 Kms",1st Owner,2021,15.81,Petrol,2021,Third Party insurance,6 Speed,Manual,5 Seats,CHENNAI
₹ 3.65 Lakh,Sedan,"97,000 Kms",2nd Owner,2010,16.8,Petrol,2010,Comprehensive,5 Speed,Automatic,5 Seats,CHENNAI
₹ 2.87 Lakh,Hatchback,"75,184 Kms",1st Owner,2015,21.1,Petrol,2015,Comprehensive,5 Speed,Manual,5 Seats,CHENNAI
₹ 4.37 Lakh,Sedan,"49,387 Kms",2nd Owner,2014,22.41,Petrol,2014,Comprehensive,5 Speed,Manual,5 Seats,CHENNAI
₹ 3.10 Lakh,Hatchback,"81,000 Kms",1st Owner,2011,20.36,Petrol,2011,Comprehensive,5 Speed,Manual,5 Seats,CHENNAI
₹ 2.87 Lakh,Hatchback,"80,320 Kms",1st Owner,2010,18.9,Petrol,2010,Comprehensive,5 Speed,Manual,5 Seats,CHENNAI
₹ 12.02 Lakh,Sedan,"8,608 Kms",1st Owner,2021,16.24,Petrol,2021,Zero Dep,6 Speed,Automatic,5 Seats,CHENNAI
₹ 9.75 Lakh,Sedan,"23,000 Kms",1st Owner,2018,17.0,Petrol,2018,Comprehensive,6 Speed,Automatic,5 Seats,CHENNAI
₹ 5.15 Lakh,SUV,"96,892 Kms",3rd Owner,2015,19.01,Diesel,2015,Third Party insurance,6 Speed,Manual,5 Seats,CHENNAI
₹ 6.65 Lakh,SUV,"75,000 Kms",1st Owner,2016,19.87,Diesel,2016,Comprehensive,5 speed,Manual,5 Seats,CHENNAI
₹ 2.79 Lakh,Hatchback,"61,237 Kms",1st Owner,2016,22.05,Petrol,2016,Third Party,5 Speed,Manual,5 Seats,CHENNAI
₹ 7.66 Lakh,SUV,"32,806 Kms",1st Owner,2021,20.0,Petrol,2021,Comprehensive,5 Speed,Manual,5 Seats,CHENNAI
₹ 3.80 Lakh,Hatchback,"52,138 Kms",1st Owner,2019,23.01,Petrol,2019,Third Party insurance,5 Speed,Manual,5 Seats,CHENNAI
₹ 5.20 Lakh,Sedan,"37,429 Kms",1st Owner,2016,19.44,Petrol,2016,Third Party insurance,5 Speed,Manual,5 Seats,CHENNAI
₹ 2.60 Lakh,Hatchback,"78,978 Kms",2nd Owner,2010,21.79,Petrol,2010,Third Party insurance,5 Speed,Manual,5 Seats,CHENNAI
₹ 14.75 Lakh,SUV,"1,00,000 Kms",2nd Owner,2012,13.0,Diesel,2012,Comprehensive,5 Speed,Manual,7 Seats,CHENNAI
₹ 19.75 Lakh,SUV,"96,000 Kms",2nd Owner,2014,15.26,Diesel,2014,Third Party insurance,7 Speed,Automatic,5 Seats,CHENNAI
₹ 28 Lakh,SUV,"69,000 Kms",1st Owner,2018,16.25,Diesel,2018,Comprehensive,7 Speed,Automatic,7 Seats,CHENNAI
₹ 4.50 Lakh,Hatchback,"52,044 Kms",1st Owner,2015,19.4,Petrol,2015,Third Party insurance,5 Speed,Manual,5 Seats,CHENNAI
₹ 24.25 Lakh,Sedan,"37,000 Kms",1st Owner,2019,19.2,Petrol,2019,Third Party insurance,7 Speed,Automatic,5 Seats,CHENNAI
₹ 8.40 Lakh,MUV,"8,541 Kms",1st Owner,2023,20.0,Petrol,2023,Third Party insurance,5 Speed,Manual,7 Seats,CHENNAI
₹ 7.10 Lakh,Sedan,"30,000 Kms",2nd Owner,2019,14.84,Petrol,2019,Comprehensive,6 Speed,Automatic,5 Seats,CHENNAI
₹ 4.59 Lakh,Hatchback,"44,768 Kms",1st Owner,2018,21.63,Petrol,2018,Comprehensive,AGS,Automatic,5 Seats,CHENNAI
₹ 7.69 Lakh,SUV,"27,062 Kms",1st Owner,2020,15.9,Petrol,2020,Comprehensive,5 Speed,Manual,5 Seats,CHENNAI
₹ 9 Lakh,Sedan,"46,973 Kms",1st Owner,2018,17.0,Petrol,2018,Third Party insurance,6 Speed,Manual,5 Seats,CHENNAI
₹ 12.77 Lakh,Sedan,"22,239 Kms",1st Owner,2022,19.4,Petrol,2022,Third Party,6-Speed,Manual,5 Seats,CHENNAI
₹ 9.69 Lakh,SUV,"16,455 Kms",1st Owner,2021,17.57,Petrol,2021,Comprehensive,6-Speed,Manual,5 Seats,CHENNAI
₹ 60 Lakh,Sedan,"20,000 Kms",1st Owner,2021,20.37,Diesel,2021,Comprehensive,8-Speed Steptronic,Automatic,5 Seats,CHENNAI
₹ 9.42 Lakh,Hatchback,"5,107 Kms",1st Owner,2022,18.5,Petrol,2022,Comprehensive,6-Speed DCT,Automatic,5 Seats,CHENNAI
₹ 6.90 Lakh,Hatchback,"34,000 Kms",1st Owner,2022,20.7,Petrol,2022,Third Party insurance,5-Speed,Manual,5 Seats,CHENNAI
₹ 12.56 Lakh,SUV,"88,923 Kms",1st Owner,2018,16.0,Petrol,2018,Comprehensive,7 Speed,Automatic,5 Seats,CHENNAI
₹ 2.88 Lakh,Hatchback,"94,581 Kms",2nd Owner,2013,18.9,Petrol,2013,Third Party insurance,5 Speed,Manual,5 Seats,CHENNAI
₹ 36 Lakh,SUV,"71,000 Kms",1st Owner,2017,18.0,Diesel,2017,Comprehensive,8 Speed,Automatic,7 Seats,CHENNAI
₹ 9.50 Lakh,Hatchback,"30,924 Kms",1st Owner,2021,20.0,Petrol,2021,Third Party insurance,6 Speed IMT,Manual,5 Seats,CHENNAI
₹ 2.22 Lakh,Hatchback,"58,747 Kms",2nd Owner,2011,20.92,Petrol,2011,Third Party insurance,5 Speed,Manual,5 Seats,CHENNAI
₹ 2.35 Lakh,Hatchback,"63,697 Kms",1st Owner,2012,19.7,Petrol,2012,Third Party insurance,5 Speed,Manual,5 Seats,CHENNAI
₹ 8.90 Lakh,SUV,"53,000 Kms",1st Owner,2017,25.5,Diesel,2017,Third Party insurance,6 Speed,Manual,5 Seats,CHENNAI
₹ 6.60 Lakh,SUV,"43,000 Kms",1st Owner,2016,21.7,Diesel,2016,Comprehensive,5 Speed,Manual,5 Seats,CHENNAI
₹ 39 Lakh,Sedan,"21,000 Kms",1st Owner,2020,19.16,Petrol,2020,Comprehensive,CVT,Automatic,5 Seats,CHENNAI
₹ 3.80 Lakh,Sedan,"1,08,513 Kms",2nd Owner,2013,25.8,Diesel,2013,Comprehensive,5 Speed,Manual,5 Seats,CHENNAI
₹ 6.75 Lakh,Sedan,"91,000 Kms",1st Owner,2015,21.66,Diesel,2015,Comprehensive,7 Speed,Automatic,5 Seats,CHENNAI
₹ 50 Lakh,Sedan,"37,000 Kms",1st Owner,2018,22.37,Petrol,2018,Comprehensive,E-CVT,Automatic,5 Seats,CHENNAI
₹ 9.71 Lakh,SUV,"71,721 Kms",1st Owner,2021,23.7,Diesel,2021,Comprehensive,6 Speed,Manual,5 Seats,CHENNAI
₹ 3.52 Lakh,Hatchback,"39,276 Kms",1st Owner,2019,23.01,Petrol,2019,Third Party,5 Speed,Manual,5 Seats,CHENNAI
₹ 23 Lakh,Sedan,"35,000 Kms",1st Owner,2014,19.33,Diesel,2014,Comprehensive,8 Speed,Automatic,5 Seats,CHENNAI
₹ 8.66 Lakh,SUV,"85,616 Kms",1st Owner,2019,24.3,Diesel,2019,Zero Dep,5 Speed,Automatic,5 Seats,CHENNAI
₹ 5.08 Lakh,Sedan,"56,380 Kms",1st Owner,2016,16.78,Petrol,2016,Third Party insurance,5 Speed,Manual,5 Seats,CHENNAI
₹ 2.60 Lakh,Hatchback,"83,000 Kms",3rd Owner,2009,18.5,Petrol,2009,Comprehensive,5 Speed,Manual,5 Seats,CHENNAI
₹ 7.96 Lakh,SUV,"66,211 Kms",1st Owner,2016,24.3,Diesel,2016,Comprehensive,5 Speed,Manual,5 Seats,CHENNAI
₹ 24.80 Lakh,Sedan,"37,000 Kms",1st Owner,2019,19.2,Petrol,2019,Third Party insurance,7 Speed,Automatic,5 Seats,CHENNAI
₹ 4.34 Lakh,Hatchback,"60,662 Kms",1st Owner,2016,18.9,Petrol,2016,Comprehensive,5 Speed,Manual,5 Seats,CHENNAI
₹ 7.82 Lakh,SUV,"24,140 Kms",1st Owner,2021,18.8,Petrol,2021,Comprehensive,5 Speed,Automatic,5 Seats,CHENNAI
₹ 20.90 Lakh,Sedan,"56,000 Kms",1st Owner,2015,15.26,Petrol,2015,Third Party insurance,7 Speed,Automatic,5 Seats,CHENNAI
₹ 24.80 Lakh,SUV,"47,000 Kms",1st Owner,2017,16.9,Petrol,2017,Third Party insurance,6 Speed,Automatic,5 Seats,CHENNAI
₹ 19.90 Lakh,SUV,"54,700 Kms",1st Owner,2016,15.73,Diesel,2016,Third Party insurance,7-Speed S-Tronic ,Automatic,5 Seats,CHENNAI
₹ 10.90 Lakh,Hatchback,"27,000 Kms",1st Owner,2021,20.28,Petrol,2021,Third Party insurance,7 Speed DCT,Automatic,5 Seats,CHENNAI
₹ 3.50 Lakh,Hatchback,"63,000 Kms",2nd Owner,2013,25.44,Diesel,2013,Third Party insurance,5 Speed,Manual,5 Seats,CHENNAI
₹ 33.75 Lakh,SUV,"65,000 Kms",1st Owner,2019,20.68,Diesel,2019,Comprehensive,8 Speed ,Automatic,5 Seats,CHENNAI
₹ 9.95 Lakh,Sedan,"81,000 Kms",4th Owner,2013,14.57,Diesel,2013,Third Party insurance,8 Speed,Automatic,5 Seats,CHENNAI
₹ 24.80 Lakh,SUV,"94,000 Kms",2nd Owner,2014,11.3,Diesel,2014,Third Party insurance,7 Speed,Automatic,7 Seats,CHENNAI
₹ 19.50 Lakh,MUV,"11,000 Kms",1st Owner,2022,16.5,Petrol,2022,Comprehensive,7-Speed DCT,Automatic,7 Seats,CHENNAI
₹ 16.21 Lakh,Sedan,"12,901 Kms",1st Owner,2022,18.12,Petrol,2022,Comprehensive,6-Speed,Automatic,5 Seats,CHENNAI
₹ 4.71 Lakh,Hatchback,"29,708 Kms",1st Owner,2019,19.59,Petrol,2019,Third Party insurance,5 Speed,Automatic,5 Seats,CHENNAI
₹ 16.90 Lakh,SUV,"22,186 Kms",1st Owner,2021,14.85,Petrol,2021,Third Party insurance,8 Speed CVT,Automatic,5 Seats,CHENNAI
₹ 3.96 Lakh,MUV,"71,413 Kms",1st Owner,2019,19.02,Petrol,2019,Comprehensive,5 Speed,Manual,7 Seats,CHENNAI
₹ 3.01 Lakh,Hatchback,"50,046 Kms",3rd Owner,2011,17.0,Petrol,2011,Third Party insurance,5 Speed,Manual,5 Seats,CHENNAI
₹ 14.90 Lakh,SUV,"57,600 Kms",1st Owner,2019,16.2,Petrol,2019,Third Party insurance,7 Speed,Automatic,5 Seats,CHENNAI
₹ 3.93 Lakh,Hatchback,"46,116 Kms",2nd Owner,2019,19.83,Petrol,2019,Comprehensive,5 Speed,Manual,5 Seats,CHENNAI
₹ 26.80 Lakh,SUV,"11,700 Kms",1st Owner,2020,18.9,Petrol,2020,Third Party insurance,7-speed Stronic,Automatic,5 Seats,CHENNAI
₹ 18.91 Lakh,SUV,"24,602 Kms",1st Owner,2021,14.08,Diesel,2021,Third Party,6-Speed,Automatic,6 Seats,CHENNAI
₹ 5.55 Lakh,Hatchback,"81,454 Kms",1st Owner,2018,18.78,Petrol,2018,Third Party insurance,5 Speed,Manual,5 Seats,CHENNAI
₹ 60 Lakh,Sedan,"6,000 Kms",1st Owner,2022,16.13,Petrol,2022,Comprehensive,8-Speed Steptronic Sport Automatic Transmission,Automatic,5 Seats,CHENNAI
₹ 9.90 Lakh,SUV,"37,655 Kms",1st Owner,2019,14.8,Petrol,2019,Third Party insurance,6 Speed,Automatic,5 Seats,CHENNAI
₹ 13.90 Lakh,Sedan,"73,000 Kms",2nd Owner,2013,17.11,Diesel,2013,Comprehensive,8 Speed,Automatic,5 Seats,CHENNAI
₹ 8.50 Lakh,Sedan,"15,100 Kms",1st Owner,2017,16.09,Petrol,2017,Third Party insurance,5 Speed,Manual,5 Seats,CHENNAI
₹ 24.25 Lakh,SUV,"70,000 Kms",2nd Owner,2016,15.17,Diesel,2016,Comprehensive,7-Speed S-Tronic,Automatic,5 Seats,CHENNAI
₹ 23.50 Lakh,SUV,"75,000 Kms",2nd Owner,2016,15.17,Diesel,2016,Comprehensive,7-Speed S-Tronic,Automatic,5 Seats,CHENNAI
₹ 44 Lakh,SUV,"15,000 Kms",0th Owner,2022,18.9,Petrol,2022,Third Party insurance,7-speed DCT,Automatic,5 Seats,CHENNAI
₹ 10.50 Lakh,SUV,"23,700 Kms",1st Owner,2020,18.2,Petrol,2020,Third Party insurance,6-Speed iMT,Manual,5 Seats,CHENNAI
₹ 9.72 Lakh,SUV,"7,087 Kms",0th Owner,2022,20.5,Petrol,2022,Third Party insurance,5 Speed,Manual,5 Seats,CHENNAI
₹ 7.25 Lakh,Hatchback,"40,000 Kms",1st Owner,2020,20.7,Petrol,2020,Comprehensive,5-Speed,Manual,5 Seats,CHENNAI
₹ 3.16 Lakh,Hatchback,"58,155 Kms",2nd Owner,2016,25.17,Petrol,2016,Third Party insurance,5 Speed,Manual,5 Seats,CHENNAI
₹ 8.60 Lakh,SUV,"30,015 Kms",3rd Owner,2020,14.8,Petrol,2020,Third Party,6 Speed,Automatic,5 Seats,CHENNAI
₹ 8.90 Lakh,Sedan,"5,239 Kms",1st Owner,2022,20.1,Petrol,2022,Third Party insurance,5-Speed,Automatic,5 Seats,CHENNAI
₹ 2.51 Lakh,Hatchback,"62,606 Kms",2nd Owner,2011,20.36,Petrol,2011,Third Party insurance,5 Speed,Manual,5 Seats,CHENNAI
₹ 4.33 Lakh,Hatchback,"65,287 Kms",1st Owner,2017,23.84,Petrol,2017,Third Party,5 Speed,Manual,5 Seats,CHENNAI
₹ 32 Lakh,Sedan,"12,000 Kms",2nd Owner,2019,20.38,Diesel,2019,Comprehensive,6 Speed,Automatic,5 Seats,CHENNAI
₹ 7.15 Lakh,Sedan,"50,267 Kms",1st Owner,2018,28.09,Diesel,2018,Comprehensive,5 Speed,Automatic,5 Seats,CHENNAI
₹ 3.45 Lakh,Hatchback,"87,277 Kms",1st Owner,2015,23.95,Petrol,2015,Third Party insurance,5 Speed,Automatic,5 Seats,CHENNAI
₹ 8.55 Lakh,SUV,"11,323 Kms",1st Owner,2021,18.55,Petrol,2021,Third Party insurance,5 Speed,Manual,5 Seats,CHENNAI
₹ 3.65 Lakh,Hatchback,"90,487 Kms",1st Owner,2016,26.0,Petrol,2016,Comprehensive,5-Speed,Automatic,5 Seats,CHENNAI
₹ 2.20 Lakh,Hatchback,"55,405 Kms",1st Owner,2010,19.0,Petrol,2010,Third Party insurance,5 Speed,Manual,5 Seats,CHENNAI
₹ 60.75 Lakh,Sedan,"15,000 Kms",1st Owner,2022,19.62,Diesel,2022,Comprehensive,8-Speed Steptronic,Automatic,5 Seats,CHENNAI
₹ 8.90 Lakh,SUV,"31,450 Kms",1st Owner,2017,18.49,Diesel,2017,Third Party insurance,5 Speed,Manual,7 Seats,CHENNAI
₹ 13.50 Lakh,SUV,"90,000 Kms",1st Owner,2013,15.73,Diesel,2013,Comprehensive,7-Speed S-Tronic ,Automatic,5 Seats,CHENNAI
₹ 12.20 Lakh,Sedan,"36,000 Kms",2nd Owner,2012,14.74,Petrol,2012,Comprehensive,7 Speed,Automatic,5 Seats,CHENNAI
₹ 24 Lakh,SUV,"40,000 Kms",2nd Owner,2017,15.73,Diesel,2017,Comprehensive,7-Speed S-Tronic ,Automatic,5 Seats,CHENNAI
₹ 16.50 Lakh,SUV,"95,000 Kms",1st Owner,2017,13.7,Petrol,2017,Comprehensive,5 Speed,Automatic,5 Seats,CHENNAI
₹ 2.75 Lakh,Hatchback,"1,07,280 Kms",2nd Owner,2010,18.5,Petrol,2010,Not Available,5 Speed,Manual,5 Seats,CHENNAI
₹ 10.50 Lakh,SUV,"45,700 Kms",1st Owner,2019,20.45,Diesel,2019,Third Party insurance,6 Speed,Manual,5 Seats,CHENNAI
₹ 2.95 Lakh,Hatchback,"74,686 Kms",1st Owner,2013,20.3,Diesel,2013,Third Party insurance,5-Speed,Manual,5 Seats,CHENNAI
₹ 4.61 Lakh,Hatchback,"1,19,004 Kms",1st Owner,2018,25.24,Petrol,2018,Comprehensive,5-Speed,Manual,5 Seats,CHENNAI
₹ 7.19 Lakh,SUV,"1,17,079 Kms",1st Owner,2019,23.7,Diesel,2019,Comprehensive,6-Speed,Manual,5 Seats,CHENNAI
₹ 5.50 Lakh,Hatchback,"35,000 Kms",1st Owner,2017,18.7,Petrol,2017,Comprehensive,5 Speed,Manual,5 Seats,CHENNAI
₹ 2.87 Lakh,Hatchback,"76,730 Kms",1st Owner,2012,17.92,Petrol,2012,Comprehensive,5 Speed,Manual,5 Seats,CHENNAI
₹ 10.35 Lakh,SUV,"21,123 Kms",1st Owner,2022,18.0,Petrol,2022,Third Party insurance,6-Speed IMT,Manual,5 Seats,CHENNAI
₹ 8.75 Lakh,Sedan,"98,000 Kms",1st Owner,2014,14.28,Petrol,2014,Comprehensive,7 Speed,Automatic,5 Seats,CHENNAI
₹ 4.45 Lakh,Hatchback,"69,684 Kms",1st Owner,2018,23.84,Petrol,2018,Third Party insurance,5 Speed,Manual,5 Seats,CHENNAI
₹ 11.90 Lakh,SUV,"16,600 Kms",1st Owner,2020,16.42,Petrol,2020,Third Party insurance,7-Speed,Automatic,5 Seats,CHENNAI
₹ 5.40 Lakh,Sedan,"90,403 Kms",2nd Owner,2016,16.09,Petrol,2016,Third Party insurance,5 Speed,Manual,5 Seats,CHENNAI
₹ 5.84 Lakh,Hatchback,"81,009 Kms",3rd Owner,2016,20.14,Diesel,2016,Comprehensive,5 Speed,Manual,5 Seats,CHENNAI
₹ 17.70 Lakh,SUV,"16,500 Kms",1st Owner,2021,17.88,Petrol,2021,Comprehensive,7-Speed DSG,Manual,5 Seats,CHENNAI
₹ 4.30 Lakh,Hatchback,"84,741 Kms",2nd Owner,2017,27.28,Diesel,2017,Third Party insurance,5 Speed,Manual,5 Seats,CHENNAI
₹ 9.90 Lakh,SUV,"51,122 Kms",1st Owner,2018,18.49,Diesel,2018,Third Party insurance,6 Speed,Manual,9 Seats,CHENNAI
₹ 26.50 Lakh,Sedan,"60,000 Kms",2nd Owner,2016,13.0,Diesel,2016,Comprehensive,7 Speed,Automatic,5 Seats,CHENNAI
₹ 1.20 Lakh,Hatchback,"96,094 Kms",4th Owner,2010,20.0,Diesel,2010,Third Party insurance,5 Speed,Manual,5 Seats,CHENNAI
₹ 6.20 Lakh,Hatchback,"42,891 Kms",1st Owner,2018,22.0,Petrol,2018,Third Party insurance,5,Automatic,5 Seats,CHENNAI
₹ 8.90 Lakh,SUV,"59,100 Kms",1st Owner,2018,19.87,Diesel,2018,Third Party insurance,5 speed,Manual,5 Seats,CHENNAI
₹ 8.01 Lakh,SUV,"55,913 Kms",1st Owner,2018,17.0,Petrol,2018,Not Available,6 Speed,Automatic,5 Seats,CHENNAI
₹ 20.50 Lakh,SUV,"65,000 Kms",1st Owner,2017,16.65,Diesel,2017,Comprehensive,7 Speed,Automatic,5 Seats,CHENNAI
₹ 35.75 Lakh,Sedan,"60,000 Kms",1st Owner,2019,21.76,Diesel,2019,Comprehensive,8 Speed,Automatic,5 Seats,CHENNAI
₹ 19 Lakh,SUV,"10,000 Kms",1st Owner,2022,18.0,Diesel,2022,Third Party insurance,6-Speed,Automatic,5 Seats,DELHI
₹ 7.62 Lakh,SUV,"57,437 Kms",2nd Owner,2016,15.29,Petrol,2016,Zero Dep,6 Speed,Manual,5 Seats,DELHI
₹ 56 Lakh,SUV,"8,000 Kms",1st Owner,2020,12.74,Petrol,2020,Comprehensive,9 speed Tronic,Automatic,5 Seats,DELHI
₹ 5.23 Lakh,Hatchback,"28,151 Kms",2nd Owner,2018,22.38,Petrol,2018,Comprehensive,5-Speed,Manual,5 Seats,DELHI
₹ 7.65 Lakh,SUV,"60,000 Kms",1st Owner,2017,15.29,Petrol,2017,Third Party insurance,6 Speed,Manual,5 Seats,DELHI
₹ 8.95 Lakh,SUV,"20,000 Kms",1st Owner,2021,18.4,Petrol,2021,Comprehensive,5-Speed,Manual,5 Seats,DELHI
₹ 7.08 Lakh,Sedan,"42,682 Kms",1st Owner,2021,28.0,CNG,2021,Third Party,5-Speed,Manual,5 Seats,DELHI
₹ 4 Lakh,Hatchback,"44,653 Kms",1st Owner,2017,18.78,Petrol,2017,Comprehensive,5 Speed,Manual,5 Seats,DELHI
₹ 7.25 Lakh,Hatchback,"7,000 Kms",1st Owner,2022,18.9,CNG,2022,Comprehensive,5-Speed,Manual,5 Seats,DELHI
₹ 6.63 Lakh,Hatchback,"67,823 Kms",1st Owner,2019,21.01,Petrol,2019,Third Party insurance,5 Speed,Manual,5 Seats,DELHI
₹ 3.90 Lakh,Hatchback,"50,000 Kms",1st Owner,2014,16.5,Petrol,2014,Comprehensive,5 Speed,Automatic,5 Seats,DELHI
₹ 7.84 Lakh,SUV,"97,055 Kms",1st Owner,2019,20.45,Diesel,2019,Comprehensive,6 Speed,Manual,5 Seats,DELHI
₹ 21 Lakh,Sedan,"1,14,000 Kms",1st Owner,2017,19.16,Petrol,2017,Comprehensive,6 Speed,Automatic,5 Seats,DELHI
₹ 13.50 Lakh,SUV,"24,000 Kms",1st Owner,2022,18.9,Diesel,2022,Zero Dep,6 Speed,Manual,5 Seats,DELHI
₹ 23.50 Lakh,Sedan,"30,000 Kms",1st Owner,2016,18.12,Diesel,2016,Third Party insurance,8 Speed,Automatic,5 Seats,DELHI
₹ 46 Lakh,Hatchback,"6,000 Kms",1st Owner,2023,18.9,Electric,2023,Comprehensive,5 Speed,Automatic,4 Seats,DELHI
₹ 22.50 Lakh,MUV,"7,000 Kms",1st Owner,2022,8.0,Petrol,2022,Comprehensive,5 Speed,Manual,7 Seats,DELHI
₹ 35 Lakh,SUV,"34,000 Kms",1st Owner,2021,12.4,Diesel,2021,Comprehensive,8 speed,Automatic,7 Seats,DELHI
₹ 9 Lakh,SUV,"29,000 Kms",1st Owner,2013,17.05,Diesel,2013,Third Party insurance,8-Speed ,Automatic,5 Seats,DELHI
₹ 52.45 Lakh,SUV,"38,000 Kms",1st Owner,2020,12.74,Petrol,2020,Comprehensive,9 speed Tronic,Automatic,5 Seats,DELHI
₹ 3.50 Lakh,SUV,"1,50,000 Kms",1st Owner,2013,14.0,Diesel,2013,Third Party insurance,5 Speed,Manual,7 Seats,DELHI
₹ 8.39 Lakh,SUV,"83,329 Kms",1st Owner,2019,23.7,Diesel,2019,Comprehensive,6-Speed,Manual,5 Seats,DELHI
₹ 1.20 Lakh,Hatchback,"43,000 Kms",1st Owner,2008,18.2,Petrol,2008,Third Party insurance,5 Speed,Manual,5 Seats,DELHI
₹ 7.50 Lakh,Hatchback,"8,000 Kms",1st Owner,2022,20.7,Petrol,2022,Third Party insurance,5-Speed,Manual,5 Seats,DELHI
₹ 12.84 Lakh,SUV,"11,404 Kms",1st Owner,2021,17.2,Petrol,2021,Comprehensive,6-speed,Automatic,5 Seats,DELHI
₹ 8.50 Lakh,SUV,"70,000 Kms",2nd Owner,2019,13.0,Petrol,2019,Third Party insurance,6 Speed,Manual,5 Seats,DELHI
₹ 8.70 Lakh,Hatchback,"23,000 Kms",1st Owner,2023,23.64,Diesel,2023,Comprehensive,5-Speed,Manual,5 Seats,DELHI
₹ 6.34 Lakh,Hatchback,"19,044 Kms",1st Owner,2022,20.89,Petrol,2022,Comprehensive,5 Speed,Manual,5 Seats,DELHI
₹ 75 Lakh,Sedan,"23,500 Kms",1st Owner,2017,12.5,Petrol,2017,Comprehensive,8 Speed,Automatic,5 Seats,DELHI
₹ 12.50 Lakh,SUV,"17,367 Kms",1st Owner,2019,15.8,Petrol,2019,Comprehensive,6 Speed,Manual,5 Seats,DELHI
₹ 13.25 Lakh,SUV,"3,800 Kms",1st Owner,2020,20.8,Diesel,2020,Third Party insurance,6-Speed,Manual,5 Seats,DELHI
₹ 32.15 Lakh,Sedan,"45,000 Kms",1st Owner,2017,15.34,Petrol,2017,Comprehensive,8 Speed,Automatic,5 Seats,DELHI
₹ 4.21 Lakh,Hatchback,"43,124 Kms",2nd Owner,2014,18.9,Petrol,2014,Comprehensive,4 Speed,Automatic,5 Seats,DELHI
₹ 13 Lakh,SUV,"20,000 Kms",1st Owner,2020,15.1,Diesel,2020,Third Party insurance,6 Speed,Manual,7 Seats,DELHI
₹ 10 Lakh,SUV,"60,000 Kms",1st Owner,2017,17.01,Diesel,2017,Third Party insurance,6 Speed,Automatic,5 Seats,DELHI
₹ 6 Lakh,Hatchback,"36,000 Kms",1st Owner,2018,21.01,Petrol,2018,Third Party,5 Speed,Manual,5 Seats,DELHI
₹ 4.95 Lakh,Hatchback,"44,559 Kms",1st Owner,2015,18.9,Petrol,2015,Third Party insurance,4 Speed,Automatic,5 Seats,DELHI
₹ 20.50 Lakh,SUV,"10,000 Kms",1st Owner,2022,14.025,Petrol,2022,Third Party insurance,6-speed,Manual,6 Seats,DELHI
₹ 6.27 Lakh,Hatchback,"37,587 Kms",1st Owner,2021,19.33,Petrol,2021,Comprehensive,5-Speed,Manual,5 Seats,DELHI
₹ 3.40 Lakh,Sedan,"90,000 Kms",1st Owner,2016,17.8,Petrol,2016,Third Party insurance,5 Speed,Manual,5 Seats,DELHI
₹ 1.90 Lakh,Hatchback,"73,786 Kms",1st Owner,2010,20.36,Petrol,2010,Comprehensive,5 Speed,Manual,5 Seats,DELHI
₹ 3 Lakh,Sedan,"50,000 Kms",1st Owner,2009,14.53,Petrol,2009,Third Party insurance,7 Speed,Automatic,5 Seats,DELHI
₹ 5.75 Lakh,Hatchback,"22,000 Kms",1st Owner,2018,21.21,Petrol,2018,Third Party insurance,5,Manual,5 Seats,DELHI
₹ 7.43 Lakh,Hatchback,"38,103 Kms",1st Owner,2019,19.56,Petrol,2019,Comprehensive,CVT,Automatic,5 Seats,DELHI
₹ 6.45 Lakh,Hatchback,"15,000 Kms",1st Owner,2022,20.89,Petrol,2022,Third Party insurance,5 Speed,Manual,5 Seats,DELHI
₹ 17 Lakh,MUV,"69,000 Kms",1st Owner,2018,11.36,Diesel,2018,Comprehensive,6 Speed,Automatic,7 Seats,DELHI
₹ 3.59 Lakh,Hatchback,"48,327 Kms",2nd Owner,2013,18.9,Petrol,2013,Comprehensive,5 Speed,Manual,5 Seats,DELHI
₹ 1.20 Lakh,Hatchback,"40,000 Kms",1st Owner,2008,18.2,Petrol,2008,Third Party insurance,5 Speed,Manual,5 Seats,DELHI
₹ 11.21 Lakh,SUV,"38,967 Kms",1st Owner,2020,16.5,Petrol,2020,Third Party insurance,6-Speed,Manual,5 Seats,DELHI
₹ 13.75 Lakh,SUV,"50,000 Kms",1st Owner,2020,20.8,Diesel,2020,Comprehensive,6-Speed,Manual,5 Seats,DELHI
₹ 5.25 Lakh,Hatchback,"33,000 Kms",1st Owner,2016,21.01,Petrol,2016,Comprehensive,5 Speed,Manual,5 Seats,DELHI
₹ 3.75 Lakh,Sedan,"70,000 Kms",1st Owner,2014,16.78,Petrol,2014,Comprehensive,5 Speed,Manual,5 Seats,DELHI
"₹ 90,000 ",Hatchback,"1,20,000 Kms",3rd Owner,2006,18.9,Petrol,2006,Third Party insurance,5 Speed,Manual,5 Seats,DELHI
₹ 16.99 Lakh,SUV,"72,000 Kms",1st Owner,2018,13.8,Diesel,2018,Comprehensive,5,Automatic,7 Seats,DELHI
₹ 8.95 Lakh,SUV,"58,511 Kms",1st Owner,2017,15.29,Petrol,2017,Comprehensive,6 Speed,Manual,5 Seats,DELHI
₹ 4.10 Lakh,Sedan,"60,000 Kms",1st Owner,2014,23.4,Diesel,2014,Third Party insurance,5 Speed,Manual,5 Seats,DELHI
₹ 12.50 Lakh,SUV,"40,000 Kms",3rd Owner,2019,16.36,Diesel,2019,Third Party insurance,6 Speed,Manual,7 Seats,DELHI
₹ 5.25 Lakh,Hatchback,"43,500 Kms",1st Owner,2019,22.0,Petrol,2019,Comprehensive,5,Manual,5 Seats,DELHI
₹ 6.25 Lakh,Sedan,"68,192 Kms",1st Owner,2019,17.5,Petrol,2019,Comprehensive,5 Speed,Manual,5 Seats,DELHI
₹ 8.50 Lakh,SUV,"1,00,000 Kms",3rd Owner,2017,16.0,Diesel,2017,Third Party insurance,6 Speed ,Manual,7 Seats,DELHI
₹ 3.40 Lakh,Hatchback,"74,872 Kms",1st Owner,2015,27.3,Diesel,2015,Comprehensive,6 Speed,Manual,5 Seats,DELHI
₹ 17.50 Lakh,MUV,"47,000 Kms",1st Owner,2019,12.0,Diesel,2019,Comprehensive,5 Speed,Manual,7 Seats,DELHI
₹ 12.95 Lakh,SUV,"9,000 Kms",1st Owner,2022,19.89,Petrol,2022,Third Party,5-Speed,Manual,5 Seats,DELHI
₹ 6.99 Lakh,Hatchback,"31,000 Kms",1st Owner,2019,18.78,Petrol,2019,Comprehensive,5 Speed,Manual,5 Seats,DELHI
₹ 3.99 Lakh,Hatchback,"33,709 Kms",2nd Owner,2018,23.84,Petrol,2018,Comprehensive,5 Speed,Manual,5 Seats,DELHI
₹ 3.87 Lakh,Hatchback,"1,23,617 Kms",1st Owner,2018,20.89,Petrol,2018,Comprehensive,5 Speed,Manual,5 Seats,DELHI
₹ 14.75 Lakh,Sedan,"31,000 Kms",1st Owner,2015,17.68,Diesel,2015,Comprehensive,8 Speed,Automatic,5 Seats,DELHI
₹ 4.85 Lakh,Hatchback,"45,000 Kms",1st Owner,2019,30.48,CNG,2019,Third Party insurance,5 Speed,Manual,5 Seats,DELHI
₹ 2.95 Lakh,Hatchback,"82,000 Kms",1st Owner,2014,33.54,CNG,2014,Third Party insurance,5 Speed,Manual,5 Seats,DELHI
₹ 4.25 Lakh,Hatchback,"36,400 Kms",1st Owner,2015,23.1,Petrol,2015,Comprehensive,5 Speed ,Automatic,5 Seats,DELHI
₹ 71.25 Lakh,Sedan,"75,000 Kms",2nd Owner,2017,13.5,Diesel,2017,Comprehensive,9 Speed,Automatic,5 Seats,DELHI
₹ 2.50 Lakh,Hatchback,"69,000 Kms",1st Owner,2013,19.4,Petrol,2013,Third Party insurance,5 Speed,Manual,5 Seats,DELHI
₹ 3.50 Lakh,Sedan,"1,10,000 Kms",1st Owner,2015,20.4,Diesel,2015,Third Party insurance,5 Speed,Manual,5 Seats,DELHI
₹ 6.45 Lakh,SUV,"62,500 Kms",1st Owner,2016,19.61,Diesel,2016,Comprehensive,6 Speed,Automatic,5 Seats,DELHI
₹ 4.60 Lakh,Hatchback,"20,000 Kms",1st Owner,2021,22.25,Petrol,2021,Third Party insurance,5 Speed,Manual,5 Seats,DELHI
₹ 4.58 Lakh,Sedan,"70,307 Kms",2nd Owner,2014,17.4,Petrol,2014,Zero Dep,5 Speed ,Manual,5 Seats,DELHI
₹ 18 Lakh,SUV,"50,000 Kms",1st Owner,2015,14.16,Diesel,2015,Third Party insurance,7 Speed,Automatic,5 Seats,DELHI
₹ 5.80 Lakh,Hatchback,"30,000 Kms",1st Owner,2020,20.89,Petrol,2020,Third Party insurance,5 Speed,Manual,5 Seats,DELHI
₹ 42 Lakh,SUV,"65,000 Kms",1st Owner,2017,15.97,Diesel,2017,Comprehensive,8 Speed,Automatic,5 Seats,DELHI
₹ 5.17 Lakh,Hatchback,"4,108 Kms",2nd Owner,2022,20.89,Petrol,2022,Third Party,5 Speed,Manual,5 Seats,DELHI
₹ 7.50 Lakh,Hatchback,"40,000 Kms",1st Owner,2020,18.6,Petrol,2020,Comprehensive,5 Speed,Manual,5 Seats,DELHI
₹ 2.13 Lakh,Hatchback,"91,926 Kms",1st Owner,2012,20.36,Petrol,2012,Comprehensive,5 Speed,Manual,5 Seats,DELHI
₹ 14.50 Lakh,Sedan,"40,000 Kms",1st Owner,2014,13.0,Diesel,2014,Third Party insurance,7 Speed,Automatic,5 Seats,DELHI
₹ 11 Lakh,MUV,"40,000 Kms",1st Owner,2021,26.08,CNG,2021,Third Party insurance,5 Speed,Manual,7 Seats,DELHI
₹ 6.11 Lakh,Hatchback,"60,000 Kms",1st Owner,2019,21.4,Petrol,2019,Third Party insurance,5 Speed,Manual,5 Seats,DELHI
₹ 7.45 Lakh,Hatchback,"23,200 Kms",1st Owner,2021,21.01,Petrol,2021,Third Party insurance,5-Speed,Manual,5 Seats,DELHI
₹ 18.51 Lakh,SUV,"36,000 Kms",1st Owner,2021,18.0,Diesel,2021,Comprehensive,6-Speed,Automatic,5 Seats,DELHI
₹ 4.15 Lakh,Hatchback,"50,000 Kms",1st Owner,2015,18.9,Petrol,2015,Comprehensive,5 Speed,Manual,5 Seats,DELHI
₹ 10.75 Lakh,SUV,"39,000 Kms",1st Owner,2017,17.1,Diesel,2017,Comprehensive,6 Speed,Manual,5 Seats,DELHI
₹ 5.50 Lakh,Hatchback,"55,000 Kms",1st Owner,2016,21.4,Petrol,2016,Comprehensive,CVT,Automatic,5 Seats,DELHI
₹ 5.40 Lakh,Hatchback,"55,000 Kms",1st Owner,2020,19.33,Petrol,2020,Comprehensive,5-Speed,Manual,5 Seats,DELHI
₹ 5.40 Lakh,MUV,"24,777 Kms",1st Owner,2019,20.0,Petrol,2019,Third Party,5 Speed,Manual,7 Seats,DELHI
₹ 5.75 Lakh,SUV,"50,000 Kms",1st Owner,2016,24.3,Diesel,2016,Third Party insurance,5 Speed,Manual,5 Seats,DELHI
₹ 62 Lakh,SUV,"15,000 Kms",1st Owner,2021,12.1,Petrol,2021,Comprehensive,8 Speed,Automatic,5 Seats,DELHI
₹ 2.86 Lakh,Sedan,"50,854 Kms",2nd Owner,2012,22.41,Petrol,2012,Comprehensive,5 Speed,Manual,5 Seats,DELHI
₹ 8.90 Lakh,Sedan,"1,34,000 Kms",1st Owner,2014,17.68,Diesel,2014,Third Party insurance,8 Speed,Automatic,5 Seats,DELHI
₹ 34.49 Lakh,SUV,"33,000 Kms",1st Owner,2021,12.4,Diesel,2021,Comprehensive,8 speed,Automatic,7 Seats,DELHI
₹ 12.80 Lakh,Sedan,"34,000 Kms",1st Owner,2019,14.62,Petrol,2019,Comprehensive,6 Speed,Automatic,5 Seats,DELHI
₹ 3.56 Lakh,Sedan,"52,515 Kms",1st Owner,2014,22.41,Petrol,2014,Comprehensive,5 Speed,Manual,5 Seats,DELHI
₹ 19.50 Lakh,MUV,"45,000 Kms",1st Owner,2020,8.0,Petrol,2020,Comprehensive,5 Speed,Manual,7 Seats,DELHI
₹ 20.90 Lakh,Sedan,"59,000 Kms",1st Owner,2015,18.53,Diesel,2015,Third Party insurance,7 Speed,Automatic,5 Seats,DELHI
₹ 1.15 Lakh,Sedan,"29,582 Kms",2nd Owner,2009,16.0,Petrol,2009,Not Available,Five Speed,Manual,5 Seats,DELHI
₹ 15 Lakh,SUV,"10,000 Kms",1st Owner,2023,18.9,Petrol,2023,Third Party insurance,6-Speed,Manual,7 Seats,DELHI
₹ 11.90 Lakh,Sedan,"41,000 Kms",1st Owner,2017,14.28,Petrol,2017,Third Party insurance,7 Speed,Automatic,5 Seats,DELHI
₹ 2.95 Lakh,Hatchback,"57,806 Kms",2nd Owner,2017,25.17,Petrol,2017,Comprehensive,5 Speed,Manual,5 Seats,DELHI
₹ 10 Lakh,Sedan,"20,000 Kms",1st Owner,2019,18.0,Petrol,2019,Third Party insurance,CVT,Automatic,5 Seats,DELHI
₹ 2.13 Lakh,Hatchback,"66,227 Kms",1st Owner,2018,22.7,Petrol,2018,Zero Dep,5-Speed,Manual,5 Seats,DELHI
₹ 1.35 Lakh,Hatchback,"1,00,000 Kms",3rd Owner,2010,19.81,Petrol,2010,Third Party insurance,5 Speed,Manual,5 Seats,DELHI
₹ 5.95 Lakh,Hatchback,"43,220 Kms",2nd Owner,2019,23.84,Petrol,2019,Comprehensive,5 Speed,Automatic,5 Seats,DELHI
₹ 3 Lakh,Sedan,"1,00,000 Kms",1st Owner,2015,18.0,Petrol,2015,Third Party insurance,5 Speed ,Manual,5 Seats,DELHI
₹ 4.25 Lakh,Hatchback,"13,500 Kms",2nd Owner,2018,23.01,Petrol,2018,Comprehensive,5 Speed,Manual,5 Seats,DELHI
₹ 3.30 Lakh,Sedan,"60,000 Kms",2nd Owner,2016,23.84,Petrol,2016,Third Party insurance,5 Speed,Manual,5 Seats,DELHI
₹ 4.78 Lakh,Hatchback,"43,929 Kms",1st Owner,2016,21.4,Petrol,2016,Third Party insurance,5 Speed,Manual,5 Seats,DELHI
₹ 4.50 Lakh,Hatchback,"70,000 Kms",1st Owner,2017,20.51,Petrol,2017,Third Party insurance,5 Speed,Manual,5 Seats,DELHI
₹ 9 Lakh,SUV,"70,000 Kms",2nd Owner,2018,15.1,Diesel,2018,Third Party insurance,6 Speed,Manual,7 Seats,DELHI
₹ 6.80 Lakh,Hatchback,"50,000 Kms",1st Owner,2020,21.01,Petrol,2020,Third Party insurance,5 Speed,Manual,5 Seats,DELHI
₹ 1.35 Lakh,Hatchback,"1,00,000 Kms",3rd Owner,2010,19.81,Petrol,2010,Third Party insurance,5 Speed,Manual,5 Seats,DELHI
₹ 3.85 Lakh,Hatchback,"34,250 Kms",1st Owner,2018,25.17,Petrol,2018,Comprehensive,5 Speed,Manual,5 Seats,DELHI
₹ 2.40 Lakh,Hatchback,"90,000 Kms",2nd Owner,2012,19.4,Petrol,2012,Third Party insurance,5 Speed,Manual,5 Seats,DELHI
₹ 6.26 Lakh,Hatchback,"64,847 Kms",1st Owner,2020,18.9,CNG,2020,Third Party,5-Speed,Manual,5 Seats,DELHI
₹ 13.50 Lakh,SUV,"50,000 Kms",1st Owner,2021,18.9,Diesel,2021,Third Party insurance,6-speed,Manual,5 Seats,DELHI
₹ 2.40 Lakh,Hatchback,"90,000 Kms",2nd Owner,2012,19.4,Petrol,2012,Third Party insurance,5 Speed,Manual,5 Seats,DELHI
₹ 3.45 Lakh,Hatchback,"62,150 Kms",1st Owner,2015,19.81,Petrol,2015,1,5 Speed,Manual,5 Seats,DELHI
₹ 5.05 Lakh,Hatchback,"41,200 Kms",1st Owner,2018,20.89,Petrol,2018,Third Party insurance,5 Speed,Automatic,5 Seats,DELHI
₹ 7.49 Lakh,SUV,"67,000 Kms",1st Owner,2018,14.7,Petrol,2018,Comprehensive,6 Speed,Automatic,5 Seats,DELHI
₹ 1.40 Lakh,Hatchback,"41,705 Kms",2nd Owner,2011,21.1,Petrol,2011,Third Party insurance,5 Speed,Manual,5 Seats,DELHI
₹ 15 Lakh,SUV,"9,000 Kms",1st Owner,2021,15.2,Petrol,2021,Third Party,6 Speed,Automatic,4 Seats,DELHI
₹ 29.95 Lakh,SUV,"27,120 Kms",1st Owner,2019,13.7,Petrol,2019,Comprehensive,7 Speed,Automatic,5 Seats,DELHI
₹ 3.25 Lakh,Hatchback,"1,20,000 Kms",1st Owner,2014,25.2,Diesel,2014,Third Party insurance,5 Speed,Manual,5 Seats,DELHI
₹ 4.31 Lakh,Hatchback,"55,000 Kms",1st Owner,2017,20.4,Petrol,2017,Comprehensive,5 Speed,Manual,5 Seats,DELHI
₹ 7.80 Lakh,SUV,"69,000 Kms",1st Owner,2017,15.8,Petrol,2017,Third Party insurance,6 Speed,Manual,5 Seats,DELHI
₹ 1.70 Lakh,Hatchback,"90,000 Kms",2nd Owner,2009,20.36,Petrol,2009,Third Party insurance,5 Speed,Manual,5 Seats,DELHI
₹ 5.30 Lakh,Hatchback,"40,000 Kms",1st Owner,2019,21.01,Petrol,2019,Third Party insurance,5-Speed,Manual,5 Seats,DELHI
₹ 9.49 Lakh,SUV,"18,432 Kms",1st Owner,2021,18.76,Petrol,2021,Zero Dep,4 Speed,Automatic,5 Seats,DELHI
₹ 4.79 Lakh,Sedan,"43,584 Kms",1st Owner,2016,17.8,Petrol,2016,Third Party insurance,5 Speed,Manual,5 Seats,DELHI
₹ 5.62 Lakh,Hatchback,"17,665 Kms",1st Owner,2017,21.4,Petrol,2017,Third Party insurance,5 Speed,Manual,5 Seats,DELHI
₹ 6 Lakh,SUV,"70,000 Kms",2nd Owner,2017,22.77,Diesel,2017,Third Party insurance,5 Speed,Manual,5 Seats,DELHI
₹ 7.35 Lakh,Sedan,"10,203 Kms",1st Owner,2022,19.28,Petrol,2022,Third Party,5-Speed,Manual,5 Seats,DELHI
₹ 4.20 Lakh,Hatchback,"70,000 Kms",2nd Owner,2015,18.9,Petrol,2015,Third Party insurance,5 Speed,Manual,5 Seats,DELHI
₹ 5.49 Lakh,Sedan,"63,000 Kms",1st Owner,2015,16.8,Petrol,2015,Comprehensive,5 Speed,Manual,5 Seats,DELHI
₹ 3.22 Lakh,Hatchback,"45,244 Kms",2nd Owner,2013,16.47,Petrol,2013,Third Party,5 Speed,Manual,5 Seats,DELHI
₹ 1.80 Lakh,Hatchback,"80,000 Kms",2nd Owner,2009,20.36,Petrol,2009,Third Party insurance,5 Speed,Manual,5 Seats,DELHI
₹ 4.72 Lakh,Hatchback,"77,611 Kms",2nd Owner,2016,21.4,Petrol,2016,Comprehensive,5 Speed,Manual,5 Seats,DELHI
₹ 7.15 Lakh,SUV,"68,000 Kms",1st Owner,2016,15.29,Petrol,2016,Comprehensive,6 Speed,Manual,5 Seats,DELHI
₹ 2.20 Lakh,Hatchback,"1,10,000 Kms",1st Owner,2012,19.0,Petrol,2012,Third Party insurance,5 Speed,Manual,5 Seats,DELHI
₹ 9 Lakh,Sedan,"30,000 Kms",1st Owner,2021,17.4,Petrol,2021,Third Party insurance,5 Speed,Manual,5 Seats,DELHI
₹ 25.50 Lakh,MUV,"15,000 Kms",1st Owner,2022,8.0,Petrol,2022,Comprehensive,6 Speed,Automatic,7 Seats,DELHI
₹ 4.99 Lakh,Sedan,"67,000 Kms",1st Owner,2014,16.8,Petrol,2014,Comprehensive,5 Speed,Manual,5 Seats,DELHI
₹ 8.57 Lakh,SUV,"70,000 Kms",1st Owner,2014,13.5,Diesel,2014,Third Party insurance,5 Speed,Manual,7 Seats,DELHI
₹ 4.45 Lakh,Hatchback,"34,568 Kms",2nd Owner,2017,20.4,Petrol,2017,Comprehensive,5 Speed,Manual,5 Seats,DELHI
₹ 23.50 Lakh,SUV,"10,000 Kms",1st Owner,2022,18.9,Petrol,2022,Third Party insurance,6-speed,Automatic,7 Seats,DELHI
₹ 5.01 Lakh,Hatchback,"54,101 Kms",1st Owner,2017,16.2,Petrol,2017,Zero Dep,5 Speed,Manual,5 Seats,DELHI
₹ 4 Lakh,Hatchback,"1,20,000 Kms",1st Owner,2015,23.59,Diesel,2015,Third Party insurance,5 Speed,Manual,5 Seats,DELHI
₹ 4.40 Lakh,Sedan,"67,000 Kms",1st Owner,2016,19.5,Petrol,2016,Comprehensive,5 Speed,Manual,5 Seats,DELHI
₹ 6.31 Lakh,Sedan,"88,952 Kms",2nd Owner,2016,18.19,Petrol,2016,Third Party insurance,7 Speed,Automatic,5 Seats,DELHI
₹ 5.45 Lakh,Hatchback,"65,000 Kms",1st Owner,2019,20.52,Petrol,2019,Comprehensive,5 Speed,Manual,5 Seats,DELHI
₹ 5.49 Lakh,Sedan,"69,000 Kms",2nd Owner,2015,18.0,Petrol,2015,Comprehensive,5 Speed CVT,Automatic,5 Seats,DELHI
₹ 2.43 Lakh,Hatchback,"50,979 Kms",1st Owner,2012,18.9,Petrol,2012,Comprehensive,5 Speed,Manual,5 Seats,DELHI
₹ 8.90 Lakh,Sedan,"95,000 Kms",2nd Owner,2014,17.11,Diesel,2014,Comprehensive,8 Speed,Automatic,5 Seats,DELHI
₹ 5.46 Lakh,Hatchback,"58,696 Kms",1st Owner,2016,18.6,Petrol,2016,Third Party insurance,5 Speed,Manual,5 Seats,DELHI
₹ 64.75 Lakh,SUV,"8,000 Kms",1st Owner,2022,12.81,Petrol,2022,Third Party insurance,8-speed,Automatic,5 Seats,DELHI
₹ 28 Lakh,SUV,"45,000 Kms",1st Owner,2019,17.9,Diesel,2019,Comprehensive,7 Speed,Automatic,5 Seats,DELHI
₹ 10.90 Lakh,SUV,"30,000 Kms",1st Owner,2022,18.15,Petrol,2022,Third Party insurance,7-Speed DCT,Automatic,5 Seats,DELHI
₹ 5.75 Lakh,Hatchback,"44,000 Kms",1st Owner,2020,20.89,Petrol,2020,Comprehensive,5 Speed,Manual,5 Seats,DELHI
₹ 1.32 Crore,SUV,"1,600 Kms",1st Owner,2023,9.2,Petrol,2023,Comprehensive,8-Speed Automatic Transmission,Automatic,5 Seats,DELHI
₹ 8 Lakh,Sedan,"30,000 Kms",1st Owner,2022,22.61,Petrol,2022,Third Party insurance,5 Speed,Automatic,5 Seats,DELHI
₹ 16.51 Lakh,SUV,"35,011 Kms",2nd Owner,2022,18.9,Diesel,2022,Third Party,6 Speed,Automatic,4 Seats,DELHI
₹ 8.20 Lakh,SUV,"18,110 Kms",1st Owner,2021,17.33,Petrol,2021,Zero Dep,6 Speed,Manual,5 Seats,DELHI
₹ 5.45 Lakh,SUV,"90,000 Kms",1st Owner,2014,15.1,Diesel,2014,Third Party insurance,6 Speed ,Manual,7 Seats,DELHI
₹ 6.25 Lakh,SUV,"24,349 Kms",2nd Owner,2017,17.5,Petrol,2017,Third Party,5 Speed,Manual,5 Seats,DELHI
₹ 8 Lakh,SUV,"60,000 Kms",1st Owner,2019,22.1,Diesel,2019,Third Party insurance,6 Speed,Manual,5 Seats,DELHI
₹ 5.99 Lakh,Hatchback,"81,711 Kms",1st Owner,2017,18.6,Petrol,2017,Zero Dep,5 Speed,Manual,5 Seats,DELHI
₹ 1.32 Crore,SUV,101 Kms,1st Owner,2023,9.2,Petrol,2023,Comprehensive,8-Speed Automatic Transmission,Automatic,5 Seats,DELHI
₹ 7.25 Lakh,Hatchback,"30,400 Kms",1st Owner,2022,26.49,CNG,2022,Comprehensive,5-Speed,Manual,5 Seats,DELHI
₹ 2.16 Lakh,Hatchback,"23,961 Kms",2nd Owner,2013,21.1,Petrol,2013,Comprehensive,5 Speed,Manual,5 Seats,DELHI
₹ 5.25 Lakh,Hatchback,"66,300 Kms",1st Owner,2018,17.71,Petrol,2018,Third Party insurance,5 Speed,Manual,5 Seats,DELHI
₹ 69.50 Lakh,Coupe,"38,000 Kms",1st Owner,2020,16.34,Diesel,2020,Comprehensive,9G-TRONIC,Automatic,5 Seats,DELHI
₹ 4.80 Lakh,Hatchback,"20,802 Kms",1st Owner,2019,21.63,Petrol,2019,Zero Dep,5 Speed,Manual,5 Seats,DELHI
₹ 2.76 Lakh,Hatchback,"54,420 Kms",1st Owner,2013,20.51,Petrol,2013,Third Party,5 Speed,Manual,5 Seats,DELHI
₹ 34.50 Lakh,Sedan,"72,000 Kms",2nd Owner,2014,13.5,Diesel,2014,Comprehensive,7 Speed,Automatic,5 Seats,DELHI
₹ 88 Lakh,SUV,"19,000 Kms",1st Owner,2020,18.8,Petrol,2020,Comprehensive,8 Speed,Automatic,5 Seats,DELHI
₹ 3.35 Lakh,Sedan,"92,000 Kms",1st Owner,2012,17.01,Petrol,2012,Comprehensive,5 Speed,Manual,5 Seats,DELHI
₹ 22.90 Lakh,Sedan,"24,000 Kms",1st Owner,2019,20.38,Diesel,2019,Third Party insurance,6 Speed,Automatic,5 Seats,DELHI
₹ 11.50 Lakh,SUV,"59,801 Kms",1st Owner,2018,14.8,Petrol,2018,Comprehensive,6 Speed,Automatic,5 Seats,DELHI
₹ 9.85 Lakh,SUV,"32,228 Kms",1st Owner,2020,18.76,Petrol,2020,Comprehensive,4 Speed,Automatic,5 Seats,DELHI
₹ 15.50 Lakh,SUV,"1,02,788 Kms",3rd Owner,2012,11.3,Petrol,2012,Third Party insurance,Six Speed Manual with Paddle Shifter,Manual,5 Seats,DELHI
₹ 5.67 Lakh,Sedan,"88,594 Kms",1st Owner,2018,25.8,Diesel,2018,Comprehensive,5 Speed,Manual,5 Seats,DELHI
₹ 27.75 Lakh,Sedan,"21,000 Kms",2nd Owner,2018,15.04,Petrol,2018,Third Party insurance,7 Speed,Automatic,5 Seats,DELHI
₹ 8.80 Lakh,SUV,"33,756 Kms",2nd Owner,2017,19.67,Diesel,2017,Comprehensive,6 Speed,Manual,5 Seats,DELHI
₹ 7.38 Lakh,SUV,"38,192 Kms",1st Owner,2017,17.5,Petrol,2017,Zero Dep,5 Speed,Manual,5 Seats,DELHI
₹ 30.50 Lakh,MUV,"50,000 Kms",1st Owner,2020,14.11,Diesel,2020,Comprehensive,8-Speed,Automatic,7 Seats,DELHI
₹ 4.69 Lakh,Sedan,"97,411 Kms",1st Owner,2017,17.8,Petrol,2017,Comprehensive,5 Speed,Manual,5 Seats,DELHI
₹ 9.35 Lakh,Hatchback,"11,077 Kms",1st Owner,2021,17.1,Petrol,2021,Zero Dep,7 Speed,Automatic,5 Seats,DELHI
₹ 12.90 Lakh,SUV,"55,000 Kms",2nd Owner,2020,19.67,Diesel,2020,Third Party insurance,6 Speed,Manual,5 Seats,DELHI
₹ 7.65 Lakh,Sedan,"43,100 Kms",1st Owner,2016,14.3,Petrol,2016,Third Party insurance,6 Speed ,Automatic,5 Seats,DELHI
₹ 7.65 Lakh,SUV,"82,501 Kms",1st Owner,2018,23.0,Diesel,2018,Comprehensive,5 Speed,Manual,5 Seats,DELHI
₹ 5.24 Lakh,Hatchback,"91,881 Kms",1st Owner,2016,21.4,Petrol,2016,Comprehensive,5 Speed,Manual,5 Seats,DELHI
₹ 3.80 Lakh,Hatchback,"36,000 Kms",2nd Owner,2017,20.4,Petrol,2017,Third Party insurance,5 Speed,Manual,5 Seats,DELHI
₹ 6.21 Lakh,Hatchback,"62,479 Kms",2nd Owner,2018,21.4,Petrol,2018,Comprehensive,CVT,Automatic,5 Seats,DELHI
₹ 9.90 Lakh,SUV,"53,000 Kms",2nd Owner,2016,15.4,Diesel,2016,Comprehensive,5 Speed,Manual,7 Seats,DELHI
₹ 2.30 Lakh,Hatchback,"51,000 Kms",2nd Owner,2013,19.4,Petrol,2013,Comprehensive,5 Speed,Manual,5 Seats,DELHI
₹ 5.49 Lakh,Hatchback,"63,774 Kms",1st Owner,2015,18.6,Petrol,2015,Comprehensive,5 Speed,Manual,5 Seats,DELHI
₹ 4.75 Lakh,Sedan,"45,000 Kms",1st Owner,2017,17.8,Petrol,2017,Comprehensive,5 Speed,Manual,5 Seats,DELHI
₹ 7.75 Lakh,Sedan,"21,900 Kms",1st Owner,2021,20.5,Petrol,2021,Third Party,5-Speed,Manual,5 Seats,DELHI
₹ 6.49 Lakh,Sedan,"27,381 Kms",1st Owner,2016,17.01,Petrol,2016,Comprehensive,5 Speed,Manual,5 Seats,DELHI
₹ 2.90 Lakh,Hatchback,"54,147 Kms",2nd Owner,2017,30.46,CNG,2017,Comprehensive,5 Speed,Manual,5 Seats,DELHI
₹ 5.51 Lakh,Hatchback,"56,716 Kms",1st Owner,2020,32.52,CNG,2020,Zero Dep,5 Speed,Manual,5 Seats,DELHI
₹ 72 Lakh,SUV,"68,000 Kms",2nd Owner,2017,12.65,Diesel,2017,Third Party insurance,8 Speed,Automatic,5 Seats,DELHI
₹ 2.95 Lakh,Hatchback,"49,000 Kms",2nd Owner,2015,21.79,Petrol,2015,Comprehensive,5 Speed,Manual,5 Seats,DELHI
₹ 4.85 Lakh,Sedan,"63,000 Kms",1st Owner,2016,20.85,Petrol,2016,Comprehensive,5 Speed,Manual,5 Seats,DELHI
₹ 1.95 Lakh,Hatchback,"77,000 Kms",1st Owner,2011,25.0,Diesel,2011,Comprehensive,5 Speed,Manual,5 Seats,DELHI
₹ 54 Lakh,SUV,"3,000 Kms",1st Owner,2023,20.37,Diesel,2023,Comprehensive,7 Speed Steptronic Sport,Automatic,5 Seats,DELHI
₹ 17.75 Lakh,MUV,"54,000 Kms",1st Owner,2019,11.36,Diesel,2019,Comprehensive,6 Speed,Automatic,7 Seats,DELHI
₹ 8.25 Lakh,Sedan,"55,000 Kms",1st Owner,2018,17.4,Petrol,2018,Comprehensive,5 Speed,Manual,5 Seats,DELHI
₹ 16.50 Lakh,Sedan,"50,000 Kms",2nd Owner,2018,15.1,Petrol,2018,Third Party insurance,7 Speed,Automatic,5 Seats,DELHI
₹ 1.38 Crore,SUV,"16,000 Kms",1st Owner,2022,18.9,Petrol,2022,Comprehensive,9G-TRONIC automatic,Automatic,7 Seats,DELHI
₹ 10.16 Lakh,Sedan,"14,598 Kms",2nd Owner,2019,17.0,Petrol,2019,Zero Dep,6 Speed,Manual,5 Seats,DELHI
₹ 11.95 Lakh,SUV,"96,000 Kms",2nd Owner,2015,12.55,Diesel,2015,Comprehensive,5 Speed ,Automatic,7 Seats,DELHI
₹ 7.36 Lakh,SUV,"40,190 Kms",2nd Owner,2018,24.3,Diesel,2018,Comprehensive,5 Speed,Manual,5 Seats,DELHI
₹ 91 Lakh,SUV,"8,000 Kms",1st Owner,2022,11.21,Petrol,2022,Comprehensive,5 Speed,Automatic,7 Seats,DELHI
₹ 7.66 Lakh,SUV,"80,000 Kms",1st Owner,2016,17.01,Diesel,2016,Comprehensive,6 Speed,Automatic,5 Seats,DELHI
₹ 8.59 Lakh,SUV,"46,445 Kms",1st Owner,2016,13.0,Petrol,2016,Comprehensive,6 Speed,Manual,5 Seats,DELHI
₹ 19.10 Lakh,MUV,"6,000 Kms",1st Owner,2022,8.0,Petrol,2022,Comprehensive,5 Speed,Manual,7 Seats,DELHI
₹ 69 Lakh,Sedan,"26,000 Kms",1st Owner,2021,13.32,Petrol,2021,Third Party insurance,8-Speed Steptronic Sport Automatic Transmission,Automatic,4 Seats,DELHI
₹ 7.04 Lakh,Sedan,"65,083 Kms",1st Owner,2017,20.73,Petrol,2017,Third Party insurance,5 Speed,Manual,5 Seats,DELHI
₹ 17.51 Lakh,SUV,"1,50,000 Kms",2nd Owner,2014,11.74,Diesel,2014,Comprehensive,7 Speed,Automatic,5 Seats,DELHI
₹ 14.43 Lakh,Sedan,"5,378 Kms",1st Owner,2021,18.3,Petrol,2021,Zero Dep,CVT,Automatic,5 Seats,DELHI
₹ 7.65 Lakh,Sedan,"63,001 Kms",1st Owner,2016,18.0,Petrol,2016,Comprehensive,5 Speed CVT,Automatic,5 Seats,DELHI
₹ 9.50 Lakh,Sedan,"68,000 Kms",2nd Owner,2014,17.11,Diesel,2014,Comprehensive,6 Speed,Automatic,5 Seats,DELHI
₹ 6.75 Lakh,MUV,"15,000 Kms",1st Owner,2022,20.0,Petrol,2022,Third Party insurance,5 Speed,Manual,7 Seats,DELHI
₹ 20.95 Lakh,SUV,"1,06,180 Kms",1st Owner,2017,13.22,Diesel,2017,Comprehensive,7 Speed,Automatic,5 Seats,DELHI
₹ 14 Lakh,SUV,"68,000 Kms",1st Owner,2020,16.35,Diesel,2020,Comprehensive,6-Speed,Manual,5 Seats,DELHI
₹ 19.75 Lakh,SUV,"11,000 Kms",1st Owner,2022,18.9,Petrol,2022,Comprehensive,7-speed DCT,Automatic,5 Seats,DELHI
₹ 10.95 Lakh,SUV,"24,000 Kms",1st Owner,2021,18.9,Petrol,2021,Comprehensive,6-speed,Manual,5 Seats,DELHI
₹ 8.50 Lakh,Sedan,"55,000 Kms",1st Owner,2018,17.4,Petrol,2018,Comprehensive,5 Speed,Manual,5 Seats,DELHI
₹ 14.85 Lakh,SUV,"12,010 Kms",1st Owner,2020,15.2,Diesel,2020,Comprehensive,6 Speed,Manual,4 Seats,DELHI
₹ 6.21 Lakh,Hatchback,"60,665 Kms",1st Owner,2020,21.01,Petrol,2020,Third Party,5 Speed,Manual,5 Seats,DELHI
₹ 11.20 Lakh,SUV,"10,000 Kms",2nd Owner,2021,18.9,Petrol,2021,Third Party insurance,6-speed,Manual,5 Seats,DELHI
₹ 7.27 Lakh,MUV,"82,896 Kms",2nd Owner,2012,20.77,Diesel,2012,Third Party,5 Speed ,Manual,7 Seats,DELHI
₹ 65 Lakh,Coupe,"35,000 Kms",2nd Owner,2019,19.0,Diesel,2019,Comprehensive,7 Speed,Automatic,5 Seats,DELHI
₹ 17.25 Lakh,SUV,"1,000 Kms",1st Owner,2023,16.39,Petrol,2023,Comprehensive,4-speed,Automatic,4 Seats,DELHI
₹ 6.22 Lakh,Sedan,"57,463 Kms",1st Owner,2015,17.4,Petrol,2015,Comprehensive,5 Speed ,Manual,5 Seats,DELHI
₹ 13.10 Lakh,SUV,"3,100 Kms",1st Owner,2023,18.9,Petrol,2023,Comprehensive,6-speed,Manual,5 Seats,DELHI
₹ 52 Lakh,SUV,"25,000 Kms",2nd Owner,2020,11.2,Diesel,2020,Comprehensive,6 Speed ,Automatic,5 Seats,DELHI
₹ 6.25 Lakh,SUV,"58,716 Kms",1st Owner,2016,15.85,Petrol,2016,Zero Dep,5 Speed,Manual,5 Seats,DELHI
₹ 7.25 Lakh,Hatchback,"27,000 Kms",1st Owner,2021,21.0,Petrol,2021,Comprehensive,5 Speed,Manual,5 Seats,DELHI
₹ 5.32 Lakh,Hatchback,"51,017 Kms",1st Owner,2017,21.4,Petrol,2017,Comprehensive,5 Speed,Manual,5 Seats,DELHI
₹ 43 Lakh,Hatchback,"25,000 Kms",1st Owner,2020,13.79,Petrol,2020,Comprehensive,8 Speed,Automatic,5 Seats,DELHI
₹ 36.45 Lakh,SUV,"33,000 Kms",2nd Owner,2017,18.0,Petrol,2017,Third Party insurance,8 Speed,Automatic,7 Seats,DELHI
₹ 7.10 Lakh,Hatchback,"17,000 Kms",1st Owner,2022,22.35,Petrol,2022,Comprehensive,5 Speed,Manual,5 Seats,DELHI
₹ 13.90 Lakh,SUV,"95,000 Kms",1st Owner,2014,12.55,Diesel,2014,Comprehensive,5 Speed ,Automatic,7 Seats,DELHI
₹ 76 Lakh,SUV,"15,000 Kms",2nd Owner,2020,18.9,Diesel,2020,Comprehensive,9G-TRONIC,Automatic,5 Seats,DELHI
₹ 6.90 Lakh,Sedan,"49,000 Kms",1st Owner,2016,19.12,Petrol,2016,Comprehensive,4 Speed,Automatic,5 Seats,DELHI
₹ 20 Lakh,Sedan,"34,000 Kms",2nd Owner,2015,15.64,Petrol,2015,Third Party insurance,8 Speed,Automatic,5 Seats,DELHI
₹ 3.50 Lakh,Sedan,"70,000 Kms",1st Owner,2013,20.85,Petrol,2013,Comprehensive,5 Speed,Manual,5 Seats,DELHI
₹ 11.45 Lakh,SUV,"29,100 Kms",1st Owner,2020,18.2,Petrol,2020,Comprehensive,6-Speed iMT,Manual,5 Seats,DELHI
₹ 5.18 Lakh,Sedan,"57,116 Kms",1st Owner,2018,20.3,Petrol,2018,Zero Dep,5 Speed,Manual,5 Seats,DELHI
₹ 2.61 Lakh,Hatchback,"56,000 Kms",1st Owner,2016,21.1,Petrol,2016,Comprehensive,5 Speed,Manual,5 Seats,DELHI
₹ 8.66 Lakh,SUV,"9,343 Kms",1st Owner,2021,16.5,Petrol,2021,Third Party,5 Speed,Manual,5 Seats,DELHI
₹ 51 Lakh,Sedan,"15,000 Kms",2nd Owner,2021,14.11,Petrol,2021,Comprehensive,7 Speed,Automatic,5 Seats,DELHI
₹ 38.50 Lakh,SUV,"13,000 Kms",1st Owner,2022,18.9,Diesel,2022,Comprehensive,6 Speed iMT,Manual,7 Seats,DELHI
₹ 9.44 Lakh,SUV,"90,347 Kms",2nd Owner,2017,13.0,Petrol,2017,Third Party insurance,6 Speed,Automatic,5 Seats,DELHI
₹ 89 Lakh,Sedan,"36,000 Kms",1st Owner,2021,13.5,Diesel,2021,Comprehensive,9 Speed,Automatic,5 Seats,DELHI
₹ 21.25 Lakh,SUV,"60,000 Kms",1st Owner,2017,17.05,Diesel,2017,Comprehensive,8-Speed ,Automatic,5 Seats,DELHI
₹ 5.18 Lakh,Sedan,"64,668 Kms",1st Owner,2019,19.4,Petrol,2019,Zero Dep,5 Speed,Manual,5 Seats,DELHI
₹ 45 Lakh,SUV,"7,800 Kms",0th Owner,2023,12.04,Diesel,2023,Comprehensive,8 Speed,Automatic,6 Seats,DELHI
₹ 5.74 Lakh,Sedan,"87,313 Kms",1st Owner,2014,17.4,Petrol,2014,Comprehensive,5 Speed ,Manual,5 Seats,DELHI
₹ 38 Lakh,SUV,"60,000 Kms",2nd Owner,2018,14.7,Diesel,2018,Comprehensive,8 Speed,Automatic,5 Seats,DELHI
₹ 4.49 Lakh,Hatchback,"39,000 Kms",1st Owner,2015,18.7,Petrol,2015,Comprehensive,5 Speed,Manual,5 Seats,DELHI
₹ 19.25 Lakh,SUV,"18,000 Kms",1st Owner,2021,11.67,Petrol,2021,Comprehensive,6-speed DCT,Automatic,6 Seats,DELHI
₹ 56.50 Lakh,SUV,"18,000 Kms",2nd Owner,2020,18.9,Diesel,2020,Comprehensive,9 Speed,Automatic,7 Seats,DELHI
₹ 66 Lakh,SUV,"11,000 Kms",1st Owner,2016,18.8,Petrol,2016,Comprehensive,8 Speed,Automatic,5 Seats,DELHI
₹ 62 Lakh,SUV,"30,000 Kms",1st Owner,2021,12.1,Petrol,2021,Comprehensive,8 Speed,Automatic,5 Seats,DELHI
₹ 27 Lakh,SUV,"8,000 Kms",1st Owner,2018,17.9,Diesel,2018,Comprehensive,7 Speed,Automatic,5 Seats,DELHI
₹ 40.50 Lakh,Sedan,"57,000 Kms",1st Owner,2017,15.0,Petrol,2017,Comprehensive,9 Speed,Automatic,5 Seats,DELHI
₹ 36 Lakh,SUV,"89,500 Kms",2nd Owner,2016,14.75,Diesel,2016,Comprehensive,8 Speed,Automatic,7 Seats,DELHI
₹ 7.19 Lakh,SUV,"27,684 Kms",2nd Owner,2017,17.5,Petrol,2017,Third Party,5 Speed,Manual,5 Seats,DELHI
₹ 33 Lakh,Sedan,"22,000 Kms",1st Owner,2017,14.74,Petrol,2017,Comprehensive,9 Speed,Automatic,5 Seats,DELHI
₹ 5.07 Lakh,Hatchback,"71,566 Kms",1st Owner,2019,20.4,Petrol,2019,Comprehensive,5 Speed,Manual,5 Seats,DELHI
₹ 39.95 Lakh,SUV,"75,000 Kms",2nd Owner,2016,14.75,Diesel,2016,Third Party insurance,8 Speed,Automatic,7 Seats,DELHI
₹ 26 Lakh,Sedan,"58,000 Kms",2nd Owner,2017,19.4,Diesel,2017,Comprehensive,7 Speed,Automatic,4 Seats,DELHI
₹ 6.65 Lakh,Sedan,"75,455 Kms",2nd Owner,2015,18.0,Petrol,2015,Third Party,5 Speed CVT,Automatic,5 Seats,DELHI
₹ 15 Lakh,SUV,"10,000 Kms",1st Owner,2022,14.82,Petrol,2022,Comprehensive,8 Speed CVT,Automatic,5 Seats,DELHI
₹ 23.49 Lakh,SUV,"80,000 Kms",1st Owner,2017,10.91,Diesel,2017,Third Party insurance,6 Speed,Automatic,7 Seats,DELHI
₹ 10.52 Lakh,SUV,"85,031 Kms",1st Owner,2018,14.8,Petrol,2018,Comprehensive,6 Speed,Automatic,5 Seats,DELHI
₹ 67 Lakh,SUV,"22,000 Kms",1st Owner,2021,18.9,Diesel,2021,Comprehensive,9-speed automatic,Automatic,5 Seats,DELHI
₹ 9.30 Lakh,SUV,"37,527 Kms",1st Owner,2020,21.7,Diesel,2020,Zero Dep,5 Speed,Manual,5 Seats,DELHI
₹ 8.50 Lakh,SUV,"80,000 Kms",1st Owner,2019,24.3,Diesel,2019,Comprehensive,5 Speed,Manual,5 Seats,DELHI
₹ 51 Lakh,Sedan,"14,000 Kms",1st Owner,2022,18.9,Petrol,2022,Comprehensive,AMG 7-SPEED DCT,Automatic,5 Seats,DELHI
₹ 13 Lakh,SUV,"40,000 Kms",1st Owner,2018,15.1,Diesel,2018,Third Party insurance,6 Speed,Automatic,7 Seats,DELHI
₹ 6.25 Lakh,Hatchback,"10,000 Kms",1st Owner,2020,21.01,Petrol,2020,Third Party insurance,5-Speed,Manual,5 Seats,DELHI
₹ 56 Lakh,SUV,"50,000 Kms",1st Owner,2016,16.12,Diesel,2016,Comprehensive,8 Speed ,Automatic,5 Seats,DELHI
₹ 19.50 Lakh,SUV,"65,000 Kms",2nd Owner,2017,20.68,Diesel,2017,Third Party insurance,8 Speed,Automatic,5 Seats,DELHI
₹ 14.99 Lakh,SUV,"72,011 Kms",1st Owner,2015,15.17,Diesel,2015,Comprehensive,7-Speed S-Tronic,Automatic,5 Seats,DELHI
₹ 24.50 Lakh,SUV,"40,011 Kms",1st Owner,2021,14.9,Diesel,2021,Comprehensive,9 Speed,Automatic,5 Seats,DELHI
₹ 7.35 Lakh,MUV,"85,000 Kms",1st Owner,2016,19.34,Petrol,2016,Comprehensive,5 Speed,Manual,7 Seats,DELHI
₹ 7.26 Lakh,SUV,"36,206 Kms",2nd Owner,2018,17.0,Petrol,2018,Zero Dep,5 Speed,Manual,5 Seats,DELHI
₹ 16.50 Lakh,MUV,"48,011 Kms",1st Owner,2017,13.68,Diesel,2017,Comprehensive,5 Speed,Manual,8 Seats,DELHI
₹ 6.88 Lakh,Hatchback,"86,919 Kms",2nd Owner,2019,21.4,Petrol,2019,Comprehensive,5 Speed,Manual,5 Seats,DELHI
₹ 3.95 Crore,SUV,"4,000 Kms",1st Owner,2022,18.9,Petrol,2022,Comprehensive,SPEEDSHIFT TCT 9G,Automatic,5 Seats,DELHI
₹ 3.65 Lakh,Sedan,"69,650 Kms",2nd Owner,2014,18.0,CNG,2014,Comprehensive,5 Speed,Manual,5 Seats,DELHI
₹ 6.27 Lakh,Sedan,"41,051 Kms",1st Owner,2018,19.44,Petrol,2018,Third Party,5 Speed,Manual,5 Seats,DELHI
₹ 17.99 Lakh,MUV,"52,011 Kms",1st Owner,2019,11.36,Diesel,2019,Comprehensive,6 Speed,Automatic,7 Seats,DELHI
₹ 3.35 Lakh,Hatchback,"52,439 Kms",1st Owner,2013,19.81,Petrol,2013,Comprehensive,5 Speed,Manual,5 Seats,DELHI
₹ 5.28 Lakh,Sedan,"82,347 Kms",2nd Owner,2014,19.12,Petrol,2014,Comprehensive,4 Speed,Automatic,5 Seats,DELHI
₹ 18.99 Lakh,SUV,"52,001 Kms",2nd Owner,2014,12.07,Diesel,2014,Comprehensive,8 Speed Tiptronic,Automatic,7 Seats,DELHI
₹ 5.11 Lakh,Sedan,"97,249 Kms",1st Owner,2014,20.73,Petrol,2014,Third Party,5 Speed,Manual,5 Seats,DELHI
₹ 93 Lakh,SUV,"11,800 Kms",1st Owner,2023,18.9,Petrol,2023,Comprehensive,5 Speed,Automatic,7 Seats,DELHI
₹ 20.99 Lakh,SUV,"5,700 Kms",1st Owner,2022,16.14,Diesel,2022,Comprehensive,6-Speed,Manual,6 Seats,DELHI
₹ 19.50 Lakh,SUV,"52,011 Kms",1st Owner,2021,14.08,Diesel,2021,Comprehensive,6-Speed,Automatic,7 Seats,DELHI
₹ 8.49 Lakh,SUV,"52,368 Kms",1st Owner,2018,24.3,Diesel,2018,Third Party insurance,5 Speed,Manual,5 Seats,DELHI
₹ 79.50 Lakh,SUV,"33,500 Kms",1st Owner,2020,18.9,Diesel,2020,Comprehensive,9G-TRONIC,Automatic,5 Seats,DELHI
₹ 5 Lakh,Sedan,"80,000 Kms",1st Owner,2020,18.6,Petrol,2020,Third Party insurance,5 Speed,Manual,5 Seats,DELHI
₹ 5.25 Lakh,SUV,"85,162 Kms",2nd Owner,2017,25.5,Diesel,2017,Third Party insurance,6 Speed,Manual,5 Seats,DELHI
₹ 7.75 Lakh,MUV,"83,863 Kms",1st Owner,2017,17.03,Petrol,2017,Third Party insurance,4 Speed,Automatic,7 Seats,DELHI
₹ 1.10 Crore,SUV,"9,500 Kms",1st Owner,2019,10.54,Petrol,2019,Comprehensive,8-Speed Steptronic,Automatic,7 Seats,DELHI
₹ 4.86 Lakh,Hatchback,"62,526 Kms",1st Owner,2016,18.7,Petrol,2016,Zero Dep,5 Speed,Manual,5 Seats,DELHI
₹ 4.50 Lakh,Hatchback,"40,000 Kms",1st Owner,2018,22.0,Petrol,2018,Third Party insurance,5,Manual,5 Seats,DELHI
₹ 9.89 Lakh,SUV,"35,331 Kms",1st Owner,2019,19.87,Diesel,2019,Zero Dep,6-Speed,Manual,5 Seats,DELHI
₹ 55.50 Lakh,SUV,"40,000 Kms",1st Owner,2020,18.9,Diesel,2020,Comprehensive,9 Speed,Automatic,7 Seats,DELHI
₹ 51 Lakh,SUV,"10,000 Kms",1st Owner,2023,18.9,Petrol,2023,Third Party insurance,7-Speed,Automatic,5 Seats,DELHI
₹ 5.26 Lakh,Hatchback,"14,893 Kms",1st Owner,2019,20.3,Petrol,2019,Zero Dep,5 Speed,Manual,5 Seats,DELHI
₹ 1.70 Lakh,Hatchback,"1,10,000 Kms",2nd Owner,2011,18.9,Petrol,2011,Third Party insurance,5 Speed,Manual,5 Seats,DELHI
₹ 1.55 Crore,Sedan,"7,900 Kms",1st Owner,2021,13.5,Diesel,2021,Comprehensive,9 Speed,Automatic,5 Seats,DELHI
₹ 4.34 Lakh,Hatchback,"55,215 Kms",1st Owner,2016,18.9,Petrol,2016,Zero Dep,5 Speed,Manual,5 Seats,DELHI
₹ 3 Lakh,Sedan,"1,00,000 Kms",1st Owner,2014,17.4,Petrol,2014,Third Party insurance,5 Speed ,Manual,5 Seats,DELHI
₹ 11.03 Lakh,Sedan,"49,930 Kms",1st Owner,2021,25.0,Diesel,2021,Third Party,6 Speed,Manual,5 Seats,DELHI
₹ 6.45 Lakh,SUV,"54,000 Kms",1st Owner,2017,24.3,Diesel,2017,Third Party insurance,5 Speed,Manual,5 Seats,DELHI
₹ 51.50 Lakh,Sedan,"1,200 Kms",1st Owner,2021,18.9,Petrol,2021,Third Party,AMG 7-SPEED DCT,Automatic,5 Seats,DELHI
₹ 27.90 Lakh,SUV,"7,000 Kms",1st Owner,2020,18.9,Petrol,2020,Third Party,7-speed Stronic,Automatic,5 Seats,DELHI
₹ 11 Lakh,MUV,"40,000 Kms",1st Owner,2021,26.08,CNG,2021,Third Party insurance,5 Speed,Manual,7 Seats,DELHI
₹ 15.70 Lakh,SUV,"83,000 Kms",3rd Owner,2014,15.26,Diesel,2014,Comprehensive,7 Speed,Automatic,5 Seats,DELHI
₹ 1.30 Lakh,Hatchback,"60,000 Kms",2nd Owner,2011,20.36,Petrol,2011,Third Party insurance,5 Speed,Manual,5 Seats,DELHI
₹ 3 Lakh,Sedan,"1,00,000 Kms",1st Owner,2018,26.55,CNG,2018,Third Party insurance,5 Speed,Manual,5 Seats,DELHI
"₹ 85,000 ",Hatchback,"60,000 Kms",2nd Owner,2009,20.36,Petrol,2009,Third Party insurance,5 Speed,Manual,5 Seats,DELHI
₹ 37.50 Lakh,SUV,"25,000 Kms",1st Owner,2020,18.9,Petrol,2020,Comprehensive,8 Speed,Automatic,5 Seats,DELHI
₹ 4.22 Lakh,Sedan,"67,593 Kms",1st Owner,2015,18.0,Petrol,2015,Third Party,5 Speed,Manual,5 Seats,DELHI
₹ 15 Lakh,SUV,"50,000 Kms",1st Owner,2020,18.5,Diesel,2020,Third Party insurance,6-Speed,Automatic,5 Seats,DELHI
₹ 4.95 Lakh,Hatchback,"88,882 Kms",1st Owner,2016,21.4,Petrol,2016,Comprehensive,5 Speed,Manual,5 Seats,DELHI
₹ 8.15 Lakh,Sedan,"78,986 Kms",1st Owner,2016,14.28,Petrol,2016,Comprehensive,6 Speed,Manual,5 Seats,DELHI
₹ 2.15 Lakh,Sedan,"1,00,000 Kms",1st Owner,2014,23.4,Diesel,2014,Third Party insurance,5 Speed,Manual,5 Seats,DELHI
₹ 5.02 Lakh,Hatchback,"24,727 Kms",2nd Owner,2015,17.19,Petrol,2015,Comprehensive,5 Speed,Manual,5 Seats,DELHI
₹ 8 Lakh,SUV,"70,000 Kms",3rd Owner,2014,15.73,Diesel,2014,Third Party insurance,7-Speed S-Tronic ,Automatic,5 Seats,DELHI
₹ 1.59 Crore,Sedan,"34,000 Kms",1st Owner,2019,7.08,Petrol,2019,Comprehensive,9 Speed,Automatic,4 Seats,DELHI
₹ 5.65 Lakh,Hatchback,"79,328 Kms",1st Owner,2017,19.0,Petrol,2017,Comprehensive,5 Speed,Automatic,5 Seats,DELHI
₹ 2.80 Lakh,Hatchback,"50,000 Kms",1st Owner,2017,23.95,Petrol,2017,Third Party insurance,5 Speed,Manual,5 Seats,DELHI
₹ 5.24 Lakh,Hatchback,"62,113 Kms",2nd Owner,2017,21.4,Petrol,2017,Third Party insurance,5 Speed,Manual,5 Seats,DELHI
₹ 16.50 Lakh,SUV,"2,300 Kms",1st Owner,2023,18.9,Petrol,2023,Comprehensive,6-speed,Manual,5 Seats,DELHI
₹ 4.50 Lakh,Sedan,"1,20,000 Kms",3rd Owner,2013,14.53,Petrol,2013,Third Party insurance,7 Speed,Automatic,5 Seats,DELHI
₹ 3.15 Lakh,Hatchback,"1,20,000 Kms",2nd Owner,2018,27.28,Diesel,2018,Third Party insurance,5 Speed,Manual,5 Seats,DELHI
₹ 4.50 Lakh,Sedan,"1,20,000 Kms",3rd Owner,2013,14.53,Petrol,2013,Third Party insurance,7 Speed,Automatic,5 Seats,DELHI
₹ 44 Lakh,SUV,"5,000 Kms",1st Owner,2022,18.9,Petrol,2022,Comprehensive,8 Speed,Automatic,5 Seats,DELHI
₹ 11.20 Lakh,SUV,"10,000 Kms",2nd Owner,2021,18.9,Petrol,2021,Third Party insurance,6-speed,Manual,5 Seats,DELHI
₹ 7.50 Lakh,Sedan,"60,000 Kms",2nd Owner,2018,17.0,Petrol,2018,Third Party insurance,6 Speed,Manual,5 Seats,DELHI
₹ 6.35 Lakh,Hatchback,"30,000 Kms",1st Owner,2021,21.01,Petrol,2021,Third Party insurance,5 Speed,Manual,5 Seats,DELHI
₹ 11.10 Lakh,SUV,"67,000 Kms",1st Owner,2018,17.1,Diesel,2018,Comprehensive,6 Speed,Manual,5 Seats,DELHI
₹ 4.50 Lakh,Hatchback,"86,183 Kms",1st Owner,2016,18.9,Petrol,2016,Zero Dep,5 Speed,Manual,5 Seats,DELHI
₹ 2.60 Lakh,Sedan,"70,000 Kms",1st Owner,2013,23.59,Diesel,2013,Third Party insurance,5 Speed,Manual,5 Seats,DELHI
₹ 3.46 Lakh,Hatchback,"88,991 Kms",1st Owner,2013,22.38,Petrol,2013,Third Party,5-Speed,Manual,5 Seats,DELHI
₹ 52.60 Lakh,SUV,"18,000 Kms",2nd Owner,2019,16.55,Diesel,2019,Comprehensive,8-Speed Steptronic,Automatic,5 Seats,DELHI
₹ 14.75 Lakh,SUV,"55,000 Kms",1st Owner,2019,14.1,Petrol,2019,Comprehensive,7 Speed,Automatic,5 Seats,DELHI
₹ 4.79 Lakh,Hatchback,"62,657 Kms",1st Owner,2021,31.2,CNG,2021,Third Party,5-Speed,Manual,4 Seats,DELHI
₹ 3 Lakh,Hatchback,"16,452 Kms",1st Owner,2017,24.04,Petrol,2017,Comprehensive,5 Speed,Automatic,5 Seats,DELHI
₹ 24.75 Lakh,Sedan,"40,000 Kms",2nd Owner,2017,15.04,Petrol,2017,Comprehensive,7 Speed,Automatic,5 Seats,DELHI
₹ 7.40 Lakh,Hatchback,"31,029 Kms",1st Owner,2022,26.49,CNG,2022,Zero Dep,5-Speed,Manual,5 Seats,DELHI
₹ 4.50 Lakh,Hatchback,"40,000 Kms",2nd Owner,2018,22.0,Petrol,2018,Third Party insurance,5,Manual,5 Seats,DELHI
₹ 4.03 Lakh,Hatchback,"46,724 Kms",2nd Owner,2014,18.5,Petrol,2014,Comprehensive,5 Speed,Manual,5 Seats,DELHI
₹ 7.50 Lakh,Sedan,"86,000 Kms",1st Owner,2011,14.74,Petrol,2011,Third Party insurance,9 Speed,Automatic,5 Seats,DELHI
₹ 8 Lakh,SUV,"40,000 Kms",1st Owner,2015,16.0,Diesel,2015,Third Party insurance,6 Speed,Manual,7 Seats,DELHI
₹ 14.25 Lakh,Sedan,"80,000 Kms",1st Owner,2015,19.16,Petrol,2015,Third Party insurance,6 Speed,Automatic,5 Seats,DELHI
₹ 14.25 Lakh,Sedan,"70,000 Kms",1st Owner,2015,19.16,Petrol,2015,Third Party insurance,6 Speed,Automatic,5 Seats,DELHI
₹ 6.60 Lakh,Sedan,"60,000 Kms",1st Owner,2016,17.4,Petrol,2016,Comprehensive,5 Speed ,Manual,5 Seats,DELHI
₹ 1.50 Lakh,Hatchback,"60,000 Kms",1st Owner,2009,18.9,Petrol,2009,Third Party insurance,5 Speed,Manual,5 Seats,DELHI
₹ 11 Lakh,MUV,"40,000 Kms",1st Owner,2021,26.08,CNG,2021,Third Party insurance,5 Speed,Manual,7 Seats,DELHI
₹ 2.20 Lakh,Hatchback,"80,000 Kms",4th Owner,2015,27.62,Diesel,2015,Third Party insurance,5 Speed ,Manual,5 Seats,DELHI
₹ 28 Lakh,SUV,"90,000 Kms",1st Owner,2019,10.91,Diesel,2019,Comprehensive,6 Speed,Automatic,7 Seats,DELHI
₹ 6.76 Lakh,Hatchback,"71,727 Kms",1st Owner,2021,18.9,CNG,2021,Third Party,5-Speed,Manual,5 Seats,DELHI
₹ 11.25 Lakh,Sedan,"73,000 Kms",1st Owner,2013,14.21,Diesel,2013,Comprehensive,5 Speed,Automatic,5 Seats,DELHI
₹ 6.86 Lakh,SUV,"85,482 Kms",1st Owner,2017,17.5,Petrol,2017,Third Party insurance,5 Speed,Manual,5 Seats,DELHI
₹ 23 Lakh,SUV,"54,500 Kms",2nd Owner,2016,12.33,Petrol,2016,Comprehensive,7 Speed 7G-DCT,Automatic,5 Seats,DELHI
₹ 2.60 Lakh,Hatchback,"60,000 Kms",2nd Owner,2016,31.79,CNG,2016,Third Party insurance,5 Speed ,Manual,5 Seats,DELHI
₹ 7.98 Lakh,Sedan,"89,581 Kms",1st Owner,2017,17.01,Petrol,2017,Zero Dep,5 Speed,Manual,5 Seats,DELHI
₹ 2.75 Lakh,Sedan,"1,10,000 Kms",2nd Owner,2014,14.3,Petrol,2014,Third Party insurance,6 Speed,Automatic,5 Seats,DELHI
₹ 48.90 Lakh,SUV,"79,500 Kms",1st Owner,2016,11.0,Diesel,2016,Comprehensive,9 Speed,Automatic,7 Seats,DELHI
₹ 2.50 Lakh,Sedan,"69,164 Kms",2nd Owner,2011,17.6,Petrol,2011,Third Party,5 Speed,Manual,5 Seats,DELHI
₹ 14.50 Lakh,SUV,"28,000 Kms",1st Owner,2016,13.7,Petrol,2016,Comprehensive,5 Speed,Automatic,5 Seats,DELHI
₹ 7.87 Lakh,SUV,"66,175 Kms",1st Owner,2018,24.3,Diesel,2018,Comprehensive,5 Speed,Manual,5 Seats,DELHI
₹ 75 Lakh,SUV,"22,000 Kms",2nd Owner,2020,18.9,Petrol,2020,Comprehensive,7-speed PDK,Automatic,5 Seats,DELHI
₹ 4.85 Lakh,Sedan,"47,001 Kms",1st Owner,2017,20.3,Petrol,2017,Comprehensive,5 Speed,Manual,5 Seats,DELHI
₹ 17.15 Lakh,SUV,"1,45,000 Kms",1st Owner,2016,15.04,Diesel,2016,Comprehensive,6 Speed,Automatic,7 Seats,DELHI
₹ 61 Lakh,Sedan,"19,000 Kms",1st Owner,2021,15.0,Petrol,2021,Comprehensive,9 Speed,Automatic,5 Seats,DELHI
₹ 12 Lakh,Sedan,"43,600 Kms",2nd Owner,2015,17.11,Diesel,2015,Third Party insurance,8 Speed,Automatic,5 Seats,DELHI
₹ 4.25 Lakh,Hatchback,"63,521 Kms",1st Owner,2016,25.0,Petrol,2016,Comprehensive,5 Speed,Manual,5 Seats,DELHI
₹ 7 Lakh,Sedan,"18,021 Kms",1st Owner,2021,22.41,Petrol,2021,Comprehensive,5 Speed,Manual,5 Seats,DELHI
"₹ 61,000 ",Hatchback,"90,000 Kms",1st Owner,2008,17.3,Petrol,2008,Third Party insurance,5 Speed,Manual,5 Seats,DELHI
₹ 2.45 Crore,SUV,"38,000 Kms",1st Owner,2021,8.13,Diesel,2021,Comprehensive,9G-TRONIC,Automatic,5 Seats,DELHI
₹ 7.11 Lakh,Hatchback,"39,076 Kms",1st Owner,2021,18.5,Petrol,2021,Third Party,5 Speed,Manual,5 Seats,DELHI
₹ 52.50 Lakh,SUV,"36,000 Kms",1st Owner,2020,12.74,Petrol,2020,Comprehensive,9 speed Tronic,Automatic,5 Seats,DELHI
₹ 4.23 Lakh,Hatchback,"1,06,848 Kms",1st Owner,2018,35.6,CNG,2018,Zero Dep,5-Speed,Manual,5 Seats,DELHI
₹ 15 Lakh,MUV,"1,05,000 Kms",1st Owner,2017,13.68,Diesel,2017,Third Party insurance,5 Speed,Manual,7 Seats,DELHI
₹ 44.50 Lakh,Convertibles,"6,500 Kms",2nd Owner,2020,16.72,Petrol,2020,Third Party insurance,7 Speed,Automatic,4 Seats,DELHI
₹ 1.40 Lakh,Hatchback,"1,11,237 Kms",2nd Owner,2010,20.36,Petrol,2010,Third Party insurance,5 Speed,Manual,5 Seats,DELHI
₹ 7.15 Lakh,Hatchback,"70,000 Kms",2nd Owner,2018,17.21,Petrol,2018,Third Party insurance,7 Speed,Automatic,5 Seats,DELHI
₹ 10.75 Lakh,SUV,"95,000 Kms",2nd Owner,2015,11.1,Diesel,2015,Comprehensive,6 Speed,Automatic,7 Seats,DELHI
₹ 8.37 Lakh,SUV,"13,278 Kms",1st Owner,2022,18.75,Petrol,2022,Comprehensive,5 Speed,Manual,5 Seats,DELHI
₹ 16.50 Lakh,SUV,"35,000 Kms",2nd Owner,2022,18.9,Diesel,2022,Third Party,6 Speed,Automatic,4 Seats,DELHI
₹ 8.94 Lakh,SUV,"12,255 Kms",1st Owner,2022,20.0,Petrol,2022,Third Party,5 Speed,Manual,5 Seats,DELHI
₹ 62.50 Lakh,SUV,"68,000 Kms",1st Owner,2017,8.9,Petrol,2017,Comprehensive,9 Speed,Automatic,7 Seats,DELHI
₹ 9.50 Lakh,SUV,"67,000 Kms",1st Owner,2019,17.6,Diesel,2019,Third Party insurance,6 Speed,Manual,7 Seats,DELHI
₹ 6.50 Lakh,Hatchback,"37,000 Kms",1st Owner,2019,27.39,Diesel,2019,Comprehensive,5 Speed,Manual,5 Seats,DELHI
₹ 43.99 Lakh,Sedan,"8,000 Kms",1st Owner,2020,11.9,Petrol,2020,Comprehensive,9 Speed,Automatic,5 Seats,DELHI
₹ 5.95 Lakh,SUV,"54,000 Kms",1st Owner,2017,23.65,Diesel,2017,Third Party insurance,5 Speed,Manual,5 Seats,DELHI
₹ 4.99 Lakh,Sedan,"1,20,000 Kms",1st Owner,2014,25.1,Diesel,2014,Third Party insurance,6 Speed ,Manual,5 Seats,DELHI
₹ 1.50 Lakh,Sedan,"70,000 Kms",2nd Owner,2010,17.5,Petrol,2010,Third Party insurance,5 Speed,Manual,5 Seats,DELHI
₹ 63 Lakh,SUV,"17,000 Kms",1st Owner,2022,12.74,Petrol,2022,Comprehensive,9 speed Tronic,Automatic,5 Seats,DELHI
₹ 52 Lakh,SUV,"45,000 Kms",1st Owner,2016,11.0,Diesel,2016,Comprehensive,9 Speed,Automatic,7 Seats,DELHI
₹ 4.59 Lakh,Hatchback,"19,717 Kms",1st Owner,2018,25.24,Petrol,2018,Third Party insurance,5-Speed,Manual,5 Seats,DELHI
₹ 51.90 Lakh,Sedan,"20,000 Kms",1st Owner,2021,15.3,Petrol,2021,Comprehensive,8-Speed Steptronic,Automatic,5 Seats,DELHI
₹ 3.32 Lakh,Hatchback,"35,495 Kms",1st Owner,2017,24.39,Petrol,2017,Third Party,5 Speed,Manual,5 Seats,DELHI
₹ 21.90 Lakh,SUV,"25,000 Kms",2nd Owner,2016,13.7,Petrol,2016,Comprehensive,7 Speed 7G-DCT,Automatic,5 Seats,DELHI
₹ 15.50 Lakh,SUV,"27,401 Kms",1st Owner,2018,16.0,Petrol,2018,Third Party insurance,7 Speed,Automatic,5 Seats,DELHI
₹ 4.27 Lakh,Hatchback,"15,981 Kms",1st Owner,2019,21.7,Petrol,2019,Comprehensive,5 Speed,Manual,5 Seats,DELHI
₹ 19 Lakh,SUV,"7,500 Kms",1st Owner,2022,18.9,Petrol,2022,Comprehensive,8-Speed,Automatic,5 Seats,DELHI
₹ 42 Lakh,Sedan,"6,300 Kms",1st Owner,2022,18.9,Petrol,2022,Comprehensive,7-speed Stronic,Automatic,5 Seats,DELHI
₹ 1.83 Lakh,Hatchback,"73,052 Kms",1st Owner,2011,20.36,Petrol,2011,Third Party,5 Speed,Manual,5 Seats,DELHI
₹ 5.71 Lakh,Sedan,"61,000 Kms",1st Owner,2014,18.0,Petrol,2014,Comprehensive,5 Speed CVT,Automatic,5 Seats,DELHI
₹ 8.06 Lakh,SUV,"15,036 Kms",1st Owner,2021,20.09,Petrol,2021,Third Party,5 Speed,Manual,5 Seats,DELHI
₹ 17 Lakh,Sedan,"94,000 Kms",1st Owner,2015,20.37,Diesel,2015,Comprehensive,8-Speed Automatic Transmission,Automatic,5 Seats,DELHI
₹ 5.25 Lakh,Sedan,"39,000 Kms",1st Owner,2018,20.14,Petrol,2018,Third Party insurance,5 Speed,Manual,5 Seats,DELHI
₹ 2.50 Lakh,SUV,"90,000 Kms",3rd Owner,2016,18.15,Petrol,2016,Third Party insurance,5 Speed,Manual,6 Seats,DELHI
₹ 1.20 Lakh,Hatchback,"90,000 Kms",1st Owner,2011,16.25,Petrol,2011,Third Party insurance,5 Speed,Manual,5 Seats,DELHI
₹ 55.50 Lakh,SUV,"44,000 Kms",2nd Owner,2017,11.0,Diesel,2017,Third Party insurance,9 Speed,Automatic,7 Seats,DELHI
"₹ 60,000 ",Hatchback,"1,20,000 Kms",2nd Owner,2006,18.9,Petrol,2006,Third Party insurance,5 Speed,Manual,5 Seats,DELHI
₹ 2.65 Lakh,Hatchback,"30,000 Kms",1st Owner,2018,25.17,Petrol,2018,Third Party insurance,5 Speed,Manual,5 Seats,DELHI
₹ 61.50 Lakh,SUV,"4,900 Kms",1st Owner,2021,11.2,Petrol,2021,Comprehensive,8Speed,Automatic,5 Seats,DELHI
₹ 19.75 Lakh,Hatchback,"36,000 Kms",2nd Owner,2015,19.23,Petrol,2015,Comprehensive,6 Speed AT,Automatic,5 Seats,DELHI
₹ 5.19 Lakh,Hatchback,"4,975 Kms",1st Owner,2022,20.89,Petrol,2022,Comprehensive,5 Speed,Manual,5 Seats,DELHI
₹ 2.49 Lakh,Hatchback,"48,000 Kms",2nd Owner,2014,30.46,CNG,2014,Comprehensive,5 Speed,Manual,5 Seats,DELHI
₹ 5.58 Lakh,MUV,"36,758 Kms",1st Owner,2021,20.0,Petrol,2021,Third Party,5 Speed,Manual,7 Seats,DELHI
₹ 55.90 Lakh,Sedan,"3,500 Kms",1st Owner,2022,15.3,Petrol,2022,Comprehensive,8-Speed Steptronic,Automatic,5 Seats,DELHI
₹ 10.25 Lakh,SUV,"10,000 Kms",1st Owner,2022,18.24,Petrol,2022,Third Party insurance,CVT,Automatic,5 Seats,DELHI
₹ 6.98 Lakh,SUV,"61,882 Kms",1st Owner,2021,18.75,Petrol,2021,Comprehensive,5 Speed,Manual,5 Seats,DELHI
₹ 2.75 Lakh,Hatchback,"66,000 Kms",1st Owner,2011,17.0,Petrol,2011,Comprehensive,5 Speed,Manual,5 Seats,DELHI
₹ 39.50 Lakh,SUV,"46,000 Kms",1st Owner,2018,12.81,Petrol,2018,Comprehensive,9 Speed,Automatic,7 Seats,DELHI
₹ 5.24 Lakh,Hatchback,"6,088 Kms",1st Owner,2021,20.89,Petrol,2021,Comprehensive,5 Speed,Manual,5 Seats,DELHI
₹ 6.75 Lakh,Hatchback,"23,000 Kms",1st Owner,2018,17.4,Petrol,2018,Comprehensive,5 Speed,Automatic,5 Seats,DELHI
₹ 5.46 Lakh,Hatchback,"41,732 Kms",1st Owner,2018,21.4,Petrol,2018,Zero Dep,5 Speed,Manual,5 Seats,DELHI
₹ 36.85 Lakh,Sedan,"55,000 Kms",2nd Owner,2018,22.48,Diesel,2018,Comprehensive,8 Speed,Automatic,5 Seats,DELHI
₹ 7.75 Lakh,SUV,"51,000 Kms",1st Owner,2019,24.3,Diesel,2019,Comprehensive,5 Speed,Manual,5 Seats,DELHI
₹ 2.45 Lakh,Hatchback,"38,000 Kms",1st Owner,2015,21.1,Petrol,2015,Comprehensive,5 Speed,Manual,5 Seats,DELHI
₹ 10 Lakh,SUV,"60,000 Kms",1st Owner,2016,16.0,Diesel,2016,Third Party insurance,6 Speed,Manual,7 Seats,DELHI
₹ 30.90 Lakh,SUV,"75,000 Kms",1st Owner,2016,17.9,Diesel,2016,Comprehensive,9 Speed,Automatic,5 Seats,DELHI
₹ 13 Lakh,SUV,"92,000 Kms",3rd Owner,2014,14.16,Diesel,2014,Comprehensive,7 Speed,Automatic,5 Seats,DELHI
"₹ 95,000 ",Hatchback,"90,000 Kms",3rd Owner,2009,16.0,Petrol,2009,Third Party insurance,Five Speed Manual Transmission Gearbox,Manual,5 Seats,DELHI
₹ 13 Lakh,SUV,"92,000 Kms",2nd Owner,2013,14.16,Diesel,2013,Comprehensive,7 Speed,Automatic,5 Seats,DELHI
₹ 5.95 Lakh,Hatchback,"49,010 Kms",1st Owner,2019,18.6,Petrol,2019,Third Party insurance,5 Speed,Manual,5 Seats,DELHI
₹ 5.92 Lakh,Hatchback,"26,089 Kms",1st Owner,2019,21.4,Petrol,2019,Third Party,5 Speed,Manual,5 Seats,DELHI
₹ 5.20 Lakh,SUV,"54,000 Kms",1st Owner,2014,15.4,Diesel,2014,Third Party insurance,5 Speed,Manual,7 Seats,DELHI
₹ 3.52 Lakh,Hatchback,"37,302 Kms",1st Owner,2018,24.39,Petrol,2018,Comprehensive,5 Speed,Manual,5 Seats,DELHI
₹ 25.50 Lakh,Sedan,"42,000 Kms",2nd Owner,2018,17.9,Diesel,2018,Comprehensive,7 Speed,Automatic,5 Seats,DELHI
₹ 8.90 Lakh,Hatchback,"37,000 Kms",1st Owner,2021,21.4,Petrol,2021,Comprehensive,CVT,Automatic,5 Seats,DELHI
₹ 2.58 Lakh,Hatchback,"36,483 Kms",1st Owner,2015,22.05,Petrol,2015,Third Party,5 Speed,Manual,5 Seats,DELHI
₹ 7.75 Lakh,Sedan,"62,000 Kms",1st Owner,2015,14.62,Petrol,2015,Comprehensive,6 Speed,Automatic,5 Seats,DELHI
₹ 10.95 Lakh,SUV,"38,010 Kms",1st Owner,2019,15.8,Petrol,2019,Third Party insurance,6 Speed,Manual,5 Seats,DELHI
₹ 4.75 Lakh,Hatchback,"35,123 Kms",2nd Owner,2018,23.1,Petrol,2018,Comprehensive,5 Speed,Automatic,5 Seats,DELHI
₹ 8 Lakh,Sedan,"43,000 Kms",1st Owner,2016,18.0,Petrol,2016,Comprehensive,5 Speed CVT,Automatic,5 Seats,DELHI
₹ 7.38 Lakh,SUV,"25,154 Kms",2nd Owner,2019,23.0,Diesel,2019,Third Party insurance,5 Speed,Manual,5 Seats,DELHI
₹ 56 Lakh,Sedan,"10,000 Kms",1st Owner,2020,20.37,Diesel,2020,Comprehensive,8-Speed Steptronic,Automatic,5 Seats,DELHI
₹ 18.50 Lakh,SUV,"30,600 Kms",2nd Owner,2021,14.6,Diesel,2021,Comprehensive,6-Speed,Automatic,5 Seats,DELHI
₹ 7.75 Lakh,SUV,"55,000 Kms",1st Owner,2020,17.52,Petrol,2020,Third Party insurance,5-Speed,Manual,5 Seats,DELHI
₹ 15.50 Lakh,SUV,"14,500 Kms",2nd Owner,2021,18.9,Petrol,2021,Comprehensive,6 Speed,Automatic,4 Seats,DELHI
₹ 49.50 Lakh,SUV,"80,000 Kms",2nd Owner,2017,11.0,Diesel,2017,Comprehensive,9 Speed,Automatic,7 Seats,DELHI
₹ 5.75 Lakh,Sedan,"76,000 Kms",1st Owner,2013,14.5,Petrol,2013,Comprehensive,6 Speed,Automatic,5 Seats,DELHI
₹ 6.75 Lakh,Sedan,"58,000 Kms",1st Owner,2018,18.3,Petrol,2018,Third Party insurance,CVT,Automatic,5 Seats,DELHI
₹ 16.50 Lakh,SUV,"34,000 Kms",1st Owner,2020,16.2,Petrol,2020,Third Party insurance,7 Speed,Automatic,5 Seats,DELHI
₹ 66.75 Lakh,SUV,"25,000 Kms",1st Owner,2019,14.75,Diesel,2019,Third Party insurance,8 Speed,Automatic,7 Seats,DELHI
₹ 5.68 Lakh,Hatchback,"25,367 Kms",1st Owner,2017,21.4,Petrol,2017,Comprehensive,5 Speed,Manual,5 Seats,DELHI
₹ 23.50 Lakh,Sedan,"29,000 Kms",1st Owner,2016,15.04,Petrol,2016,Comprehensive,7 Speed,Automatic,5 Seats,DELHI
₹ 5.48 Lakh,Hatchback,"27,240 Kms",1st Owner,2017,21.4,Petrol,2017,Third Party,5 Speed,Manual,5 Seats,DELHI
₹ 51.50 Lakh,Sedan,"55,000 Kms",1st Owner,2015,7.81,Petrol,2015,Comprehensive,7 Speed,Automatic,5 Seats,DELHI
₹ 11.50 Lakh,SUV,"28,000 Kms",1st Owner,2020,18.9,Diesel,2020,Comprehensive,6-speed,Manual,5 Seats,DELHI
₹ 5.03 Lakh,Hatchback,"20,755 Kms",2nd Owner,2016,21.4,Petrol,2016,Comprehensive,5 Speed,Manual,5 Seats,DELHI
₹ 4.15 Crore,SUV,"3,500 Kms",1st Owner,2023,18.9,Petrol,2023,Comprehensive,SPEEDSHIFT TCT 9G,Automatic,5 Seats,DELHI
₹ 3.79 Lakh,Hatchback,"56,722 Kms",1st Owner,2014,22.0,Petrol,2014,Comprehensive,5,Manual,5 Seats,DELHI
₹ 9.25 Lakh,SUV,"81,000 Kms",2nd Owner,2013,11.1,Petrol,2013,Third Party insurance,5 Speed,Automatic,5 Seats,DELHI
₹ 1.97 Lakh,Hatchback,"55,566 Kms",1st Owner,2011,19.0,Petrol,2011,Comprehensive,5 Speed,Manual,5 Seats,DELHI
₹ 48.25 Lakh,Sedan,"5,500 Kms",1st Owner,2020,14.11,Petrol,2020,Third Party insurance,7 Speed,Automatic,5 Seats,DELHI
₹ 17.75 Lakh,SUV,"4,000 Kms",1st Owner,2023,18.9,Diesel,2023,Comprehensive,6-speed,Manual,5 Seats,DELHI
₹ 16.50 Lakh,Sedan,950 Kms,1st Owner,2023,20.6,Petrol,2023,Comprehensive,7-speed DCT,Automatic,5 Seats,DELHI
₹ 5.40 Lakh,SUV,"71,000 Kms",1st Owner,2017,16.5,Diesel,2017,Third Party insurance,5 Speed,Manual,7 Seats,DELHI
₹ 18.40 Lakh,MUV,"28,000 Kms",1st Owner,2019,13.68,Diesel,2019,Third Party insurance,5 Speed,Manual,8 Seats,DELHI
₹ 8.85 Lakh,Sedan,"35,000 Kms",1st Owner,2018,17.0,Petrol,2018,Comprehensive,6 Speed,Manual,5 Seats,DELHI
₹ 18 Lakh,SUV,"80,000 Kms",1st Owner,2020,14.01,Petrol,2020,Third Party insurance,7 Speed DCT,Automatic,5 Seats,DELHI
₹ 6 Lakh,Sedan,"60,000 Kms",2nd Owner,2016,19.12,Petrol,2016,Third Party insurance,4 Speed,Automatic,5 Seats,DELHI
₹ 9.65 Lakh,SUV,"12,710 Kms",1st Owner,2021,17.0,Petrol,2021,Third Party insurance,6 Speed,Manual,5 Seats,DELHI
₹ 2.08 Lakh,Hatchback,"64,694 Kms",1st Owner,2011,18.9,Petrol,2011,Comprehensive,5 Speed,Manual,5 Seats,DELHI
₹ 26.50 Lakh,Sedan,"67,510 Kms",2nd Owner,2019,22.69,Diesel,2019,Comprehensive,8 Speed,Automatic,5 Seats,DELHI
₹ 5.28 Lakh,Hatchback,"21,867 Kms",1st Owner,2018,18.9,Petrol,2018,Comprehensive,5 Speed,Manual,5 Seats,DELHI
₹ 87.65 Lakh,SUV,"18,000 Kms",2nd Owner,2022,13.38,Diesel,2022,Comprehensive,8-speed Steptronic Automatic,Automatic,5 Seats,DELHI
₹ 21.75 Lakh,Sedan,"78,010 Kms",1st Owner,2018,19.2,Petrol,2018,Comprehensive,7 Speed,Automatic,5 Seats,DELHI
₹ 5.55 Lakh,Hatchback,"36,247 Kms",1st Owner,2021,20.09,Petrol,2021,Comprehensive,5-Speed`,Manual,5 Seats,DELHI
₹ 62 Lakh,SUV,"3,106 Kms",1st Owner,2022,12.1,Petrol,2022,Comprehensive,8 Speed,Automatic,5 Seats,DELHI
₹ 51.75 Lakh,SUV,"40,000 Kms",2nd Owner,2020,12.74,Petrol,2020,Comprehensive,9 speed Tronic,Automatic,5 Seats,DELHI
₹ 6.22 Lakh,Hatchback,"55,566 Kms",1st Owner,2019,21.01,Petrol,2019,Comprehensive,5 Speed,Manual,5 Seats,DELHI
₹ 19.75 Lakh,Sedan,"91,000 Kms",1st Owner,2016,15.04,Petrol,2016,Comprehensive,7 Speed,Automatic,5 Seats,DELHI
₹ 7.33 Lakh,SUV,"46,318 Kms",1st Owner,2021,18.75,Petrol,2021,Zero Dep,5 Speed,Manual,5 Seats,DELHI
₹ 10.75 Lakh,Sedan,"7,359 Kms",1st Owner,2023,20.65,Petrol,2023,Comprehensive,5 Speed,Manual,5 Seats,DELHI
₹ 59.99 Lakh,SUV,"35,060 Kms",1st Owner,2022,18.9,Diesel,2022,Comprehensive,9 speed Tronic,Automatic,5 Seats,DELHI
₹ 31 Lakh,SUV,"22,060 Kms",1st Owner,2020,17.05,Diesel,2020,Comprehensive,8-Speed,Automatic,5 Seats,DELHI
₹ 31 Lakh,Sedan,"68,060 Kms",1st Owner,2017,15.34,Petrol,2017,Comprehensive,8 Speed,Automatic,5 Seats,DELHI
₹ 6.99 Lakh,SUV,"27,000 Kms",1st Owner,2017,24.3,Diesel,2017,Comprehensive,5 Speed,Manual,5 Seats,DELHI
"₹ 80,000 ",Sedan,"53,000 Kms",2nd Owner,2010,13.2,Petrol,2010,Third Party insurance,5 Speed,Manual,5 Seats,DELHI
₹ 2.50 Lakh,Sedan,"50,000 Kms",1st Owner,2013,25.8,Diesel,2013,Third Party insurance,5 Speed,Manual,5 Seats,DELHI
₹ 2.40 Lakh,Sedan,"1,20,000 Kms",4th Owner,2010,14.53,CNG,2010,Third Party insurance,6 Speed,Manual,5 Seats,DELHI
₹ 39.65 Lakh,Sedan,"15,000 Kms",1st Owner,2020,12.6,Diesel,2020,Comprehensive,9 Speed,Automatic,5 Seats,DELHI
₹ 5.78 Lakh,Sedan,"99,373 Kms",1st Owner,2015,17.4,Petrol,2015,Comprehensive,5 Speed ,Manual,5 Seats,DELHI
₹ 2.65 Lakh,SUV,"1,20,000 Kms",1st Owner,2016,22.77,Diesel,2016,Third Party insurance,5 Speed,Manual,5 Seats,DELHI
₹ 3.06 Lakh,Hatchback,"11,815 Kms",1st Owner,2017,22.05,Petrol,2017,Third Party,5 Speed,Manual,5 Seats,DELHI
₹ 5.49 Lakh,Sedan,"39,412 Kms",1st Owner,2016,21.21,Petrol,2016,Comprehensive,5 Speed,Manual,5 Seats,DELHI
₹ 4.50 Lakh,Hatchback,"60,000 Kms",2nd Owner,2016,21.4,Petrol,2016,Third Party insurance,5 Speed,Manual,5 Seats,DELHI
₹ 5.36 Lakh,Hatchback,"33,015 Kms",1st Owner,2018,22.38,Petrol,2018,Comprehensive,5-Speed,Manual,5 Seats,DELHI
₹ 2.35 Lakh,Hatchback,"44,371 Kms",2nd Owner,2012,19.4,Petrol,2012,Third Party insurance,5 Speed,Manual,5 Seats,DELHI
₹ 2.69 Crore,SUV,"3,500 Kms",1st Owner,2023,18.9,Diesel,2023,Comprehensive,10-speed Automatic,Automatic,5 Seats,DELHI
₹ 3.04 Lakh,Hatchback,"39,045 Kms",1st Owner,2013,18.9,Petrol,2013,Comprehensive,5 Speed,Manual,5 Seats,DELHI
₹ 2.95 Lakh,Hatchback,"49,000 Kms",1st Owner,2013,19.81,Petrol,2013,Third Party insurance,5 Speed,Manual,5 Seats,DELHI
₹ 12.96 Lakh,Sedan,"7,936 Kms",1st Owner,2021,18.3,Petrol,2021,Comprehensive,CVT,Automatic,5 Seats,DELHI
₹ 10.75 Lakh,Sedan,"66,000 Kms",2nd Owner,2014,17.68,Diesel,2014,Comprehensive,8 Speed,Automatic,5 Seats,DELHI
₹ 2.95 Lakh,Hatchback,"65,739 Kms",1st Owner,2016,21.1,Petrol,2016,Third Party insurance,5 Speed,Manual,5 Seats,DELHI
₹ 4.25 Lakh,Hatchback,"52,407 Kms",1st Owner,2016,23.1,Petrol,2016,Third Party insurance,5 Speed ,Automatic,5 Seats,DELHI
₹ 3.50 Lakh,Hatchback,"30,000 Kms",1st Owner,2011,16.95,Petrol,2011,Third Party insurance,4-Speed,Automatic,5 Seats,DELHI
₹ 43.75 Lakh,Sedan,"48,000 Kms",1st Owner,2018,17.42,Diesel,2018,Third Party insurance,8-Speed Steptronic,Automatic,5 Seats,DELHI
₹ 2.75 Lakh,Hatchback,"86,816 Kms",1st Owner,2013,21.79,Petrol,2013,Third Party insurance,5 Speed,Manual,5 Seats,DELHI
₹ 4.15 Lakh,Hatchback,"63,000 Kms",1st Owner,2015,17.71,Petrol,2015,Third Party insurance,5 Speed,Manual,5 Seats,DELHI
₹ 4.65 Lakh,Hatchback,"67,000 Kms",1st Owner,2018,23.84,Petrol,2018,Third Party insurance,5 Speed,Manual,5 Seats,DELHI
₹ 9.75 Lakh,Sedan,"59,000 Kms",2nd Owner,2014,17.11,Diesel,2014,Comprehensive,8 Speed,Automatic,5 Seats,DELHI
₹ 5.45 Lakh,Hatchback,"68,838 Kms",1st Owner,2016,18.6,Petrol,2016,Comprehensive,5 Speed,Manual,5 Seats,DELHI
₹ 5.10 Lakh,Hatchback,"46,835 Kms",1st Owner,2017,18.9,Petrol,2017,Third Party insurance,5 Speed,Manual,5 Seats,DELHI
₹ 14.03 Lakh,Sedan,"5,242 Kms",2nd Owner,2022,18.3,Petrol,2022,Third Party,CVT,Automatic,5 Seats,DELHI
₹ 7.49 Lakh,Hatchback,"17,457 Kms",1st Owner,2022,22.35,Petrol,2022,Comprehensive,5 Speed,Manual,5 Seats,DELHI
₹ 4.35 Lakh,Sedan,"62,789 Kms",1st Owner,2015,18.0,Petrol,2015,Third Party insurance,5 Speed,Manual,5 Seats,DELHI
₹ 3.46 Lakh,Hatchback,"33,618 Kms",1st Owner,2016,23.95,Petrol,2016,Comprehensive,5 Speed,Automatic,5 Seats,DELHI
₹ 2.05 Lakh,Sedan,"75,946 Kms",1st Owner,2010,17.0,Petrol,2010,Third Party insurance,5 Speed,Manual,5 Seats,DELHI
₹ 9.70 Lakh,SUV,"2,30,000 Kms",1st Owner,2013,13.0,Diesel,2013,Comprehensive,5 Speed,Manual,7 Seats,DELHI
₹ 2.57 Lakh,Hatchback,"87,208 Kms",1st Owner,2013,20.51,Petrol,2013,Comprehensive,5 Speed,Manual,5 Seats,DELHI
₹ 2.75 Lakh,Hatchback,"42,736 Kms",1st Owner,2016,22.5,Petrol,2016,Third Party insurance,5-Speed,Manual,5 Seats,DELHI
₹ 2.29 Lakh,Sedan,"55,556 Kms",1st Owner,2011,17.6,Petrol,2011,Comprehensive,5 Speed,Manual,5 Seats,DELHI
₹ 12.50 Lakh,SUV,"2,054 Kms",1st Owner,2023,17.38,Petrol,2023,Comprehensive,5-Speed,Manual,5 Seats,DELHI
₹ 77.50 Lakh,Sedan,"1,700 Kms",1st Owner,2023,15.0,Petrol,2023,Comprehensive,9 Speed,Automatic,5 Seats,DELHI
₹ 17.25 Lakh,SUV,"30,120 Kms",1st Owner,2021,16.5,Petrol,2021,Comprehensive,7-Speed DCT,Automatic,5 Seats,DELHI
₹ 3.49 Lakh,Sedan,"32,000 Kms",1st Owner,2011,17.1,Petrol,2011,Third Party insurance,5 Speed,Manual,5 Seats,DELHI
₹ 55 Lakh,SUV,"1,200 Kms",1st Owner,2023,18.9,Diesel,2023,Comprehensive,6 Speed with Sequential Shift,Automatic,7 Seats,DELHI
₹ 31.45 Lakh,SUV,"9,600 Kms",1st Owner,2021,18.9,Petrol,2021,Third Party,7-speed Stronic,Automatic,5 Seats,DELHI
₹ 6.99 Lakh,Sedan,"70,000 Kms",1st Owner,2017,17.8,Petrol,2017,Comprehensive,5 Speed,Manual,5 Seats,DELHI
₹ 12.75 Lakh,SUV,"85,000 Kms",1st Owner,2014,12.55,Diesel,2014,Third Party insurance,5 Speed,Automatic,7 Seats,DELHI
₹ 5.65 Lakh,Wagon,"40,000 Kms",1st Owner,2019,21.5,Petrol,2019,Comprehensive,5 Speed,Automatic,5 Seats,DELHI
₹ 7.22 Lakh,Hatchback,"14,163 Kms",1st Owner,2019,21.4,Petrol,2019,Comprehensive,5 Speed,Manual,5 Seats,DELHI
₹ 16.85 Lakh,SUV,"15,000 Kms",1st Owner,2022,15.2,Diesel,2022,Comprehensive,6 Speed,Manual,4 Seats,DELHI
₹ 8.04 Lakh,Sedan,"4,764 Kms",1st Owner,2020,20.5,Petrol,2020,Third Party,5-Speed,Manual,5 Seats,DELHI
₹ 43 Lakh,SUV,"20,000 Kms",1st Owner,2023,12.04,Diesel,2023,Comprehensive,8 Speed,Automatic,7 Seats,DELHI
₹ 22.75 Lakh,MUV,"7,600 Kms",1st Owner,2022,8.0,Petrol,2022,Comprehensive,5 Speed,Manual,7 Seats,DELHI
₹ 7.42 Lakh,Sedan,"69,815 Kms",1st Owner,2016,18.0,Petrol,2016,Third Party,5 Speed CVT,Automatic,5 Seats,DELHI
₹ 9.10 Lakh,SUV,"82,000 Kms",1st Owner,2018,22.1,Diesel,2018,Third Party insurance,6 Speed,Manual,5 Seats,DELHI
₹ 40 Lakh,SUV,"8,400 Kms",1st Owner,2021,14.82,Petrol,2021,Comprehensive,7-Speed,Automatic,5 Seats,DELHI
₹ 3.15 Lakh,Hatchback,"75,463 Kms",1st Owner,2013,22.38,Petrol,2013,Comprehensive,5-Speed,Manual,5 Seats,DELHI
₹ 2.31 Lakh,Hatchback,"66,000 Kms",1st Owner,2013,33.54,CNG,2013,Comprehensive,5 Speed,Manual,5 Seats,DELHI
₹ 5.57 Lakh,Hatchback,"22,091 Kms",1st Owner,2017,21.4,Petrol,2017,Third Party insurance,5 Speed,Manual,5 Seats,DELHI
₹ 57.75 Lakh,Sedan,"32,000 Kms",1st Owner,2019,17.09,Diesel,2019,Third Party insurance,8 Speed,Automatic,4 Seats,DELHI
₹ 2.31 Lakh,Hatchback,"65,000 Kms",2nd Owner,2012,19.81,Petrol,2012,Comprehensive,5 Speed,Manual,5 Seats,DELHI
₹ 3.69 Lakh,Hatchback,"66,000 Kms",1st Owner,2016,23.84,Petrol,2016,Comprehensive,5 Speed,Manual,5 Seats,DELHI
₹ 52.50 Lakh,SUV,"25,000 Kms",1st Owner,2019,15.97,Diesel,2019,Comprehensive,8 Speed,Automatic,5 Seats,DELHI
₹ 26.75 Lakh,SUV,"1,10,000 Kms",1st Owner,2018,10.91,Diesel,2018,Comprehensive,6 Speed,Automatic,7 Seats,DELHI
₹ 11.50 Lakh,SUV,"15,000 Kms",1st Owner,2022,18.9,Petrol,2022,Comprehensive,5 Speed,Manual,5 Seats,DELHI
₹ 7 Lakh,Hatchback,"30,000 Kms",1st Owner,2021,21.4,Petrol,2021,Comprehensive,5 Speed,Manual,5 Seats,DELHI
₹ 13 Lakh,SUV,"47,000 Kms",1st Owner,2021,17.8,Diesel,2021,Comprehensive,6-Speed,Automatic,5 Seats,DELHI
₹ 54.90 Lakh,SUV,"6,000 Kms",1st Owner,2023,20.37,Diesel,2023,Comprehensive,7 Speed Steptronic Sport,Automatic,5 Seats,DELHI
₹ 8.05 Lakh,Hatchback,"35,854 Kms",2nd Owner,2020,21.4,Petrol,2020,Third Party insurance,CVT,Automatic,5 Seats,DELHI
₹ 7.35 Lakh,SUV,"43,623 Kms",1st Owner,2018,17.0,Petrol,2018,Third Party insurance,6 Speed,Manual,5 Seats,DELHI
₹ 4.41 Lakh,Sedan,"64,229 Kms",2nd Owner,2015,16.78,Petrol,2015,Comprehensive,5 Speed,Manual,5 Seats,DELHI
₹ 55.75 Lakh,SUV,"33,000 Kms",1st Owner,2021,18.9,Diesel,2021,Comprehensive,9 Speed,Automatic,7 Seats,DELHI
₹ 28.90 Lakh,SUV,"59,605 Kms",2nd Owner,2019,10.91,Diesel,2019,Comprehensive,6 Speed,Automatic,7 Seats,DELHI
₹ 3.97 Lakh,Hatchback,"2,997 Kms",1st Owner,2019,23.01,Petrol,2019,Comprehensive,5 Speed,Manual,5 Seats,DELHI
₹ 4.55 Lakh,Hatchback,"9,606 Kms",1st Owner,2021,21.74,Petrol,2021,Third Party insurance,5 Speed,Manual,5 Seats,DELHI
₹ 38.50 Lakh,Sedan,"75,000 Kms",1st Owner,2015,13.5,Diesel,2015,Comprehensive,7 Speed,Automatic,5 Seats,DELHI
₹ 7.13 Lakh,Sedan,"41,898 Kms",2nd Owner,2020,19.0,Petrol,2020,Third Party insurance,CVT,Automatic,5 Seats,DELHI
₹ 7.37 Lakh,Hatchback,"23,159 Kms",1st Owner,2021,21.01,Petrol,2021,Third Party insurance,5-Speed,Manual,5 Seats,DELHI
₹ 5.40 Lakh,SUV,"53,488 Kms",1st Owner,2016,15.85,Petrol,2016,Third Party,5 Speed,Manual,5 Seats,DELHI
₹ 17.49 Lakh,MUV,"29,000 Kms",1st Owner,2019,13.68,Diesel,2019,Comprehensive,5 Speed,Manual,7 Seats,DELHI
₹ 22 Lakh,SUV,"6,000 Kms",1st Owner,2023,12.34,Petrol,2023,Zero Dep,6-speed CVT,Automatic,6 Seats,DELHI
₹ 6.27 Lakh,Sedan,"68,192 Kms",1st Owner,2019,21.21,Petrol,2019,Third Party insurance,5 Speed,Manual,5 Seats,DELHI
₹ 15.65 Lakh,SUV,600 Kms,1st Owner,2023,16.8,Petrol,2023,Comprehensive,6-Speed,Manual,5 Seats,DELHI
₹ 46.25 Lakh,Sedan,"13,000 Kms",1st Owner,2020,10.8,Petrol,2020,Third Party insurance,8 Speed,Automatic,5 Seats,DELHI
₹ 7.72 Lakh,SUV,"67,756 Kms",1st Owner,2018,24.3,Diesel,2018,Third Party insurance,5 Speed,Manual,5 Seats,DELHI
₹ 5.87 Lakh,SUV,"83,811 Kms",1st Owner,2017,25.1,Diesel,2017,Third Party insurance,5 Speed,Manual,5 Seats,DELHI
₹ 4.10 Lakh,Hatchback,"68,000 Kms",1st Owner,2016,31.79,CNG,2016,Comprehensive,5 Speed ,Manual,5 Seats,DELHI
₹ 6.99 Lakh,Hatchback,"4,100 Kms",1st Owner,2022,22.38,Petrol,2022,Comprehensive,5-Speed,Manual,5 Seats,DELHI
₹ 6.42 Lakh,Sedan,"46,243 Kms",1st Owner,2020,21.21,Petrol,2020,Comprehensive,5 Speed,Manual,5 Seats,DELHI
₹ 27 Lakh,Sedan,"37,000 Kms",1st Owner,2014,9.26,Petrol,2014,Comprehensive,7 Speed,Automatic,4 Seats,DELHI
₹ 3.66 Lakh,Hatchback,"52,123 Kms",2nd Owner,2015,19.34,Petrol,2015,Comprehensive,5 Speed ,Automatic,5 Seats,DELHI
₹ 49.50 Lakh,SUV,"66,000 Kms",2nd Owner,2016,11.0,Diesel,2016,Comprehensive,9 Speed,Automatic,7 Seats,DELHI
₹ 4.47 Lakh,Hatchback,"23,690 Kms",1st Owner,2015,18.9,Petrol,2015,Third Party insurance,5 Speed,Manual,5 Seats,DELHI
₹ 2.62 Lakh,Hatchback,"70,879 Kms",1st Owner,2016,22.05,Petrol,2016,Zero Dep,5 Speed,Manual,5 Seats,DELHI
₹ 2.65 Lakh,Hatchback,"42,000 Kms",1st Owner,2012,16.47,Petrol,2012,Comprehensive,5 Speed,Manual,5 Seats,DELHI
₹ 38.75 Lakh,SUV,"56,000 Kms",2nd Owner,2018,16.38,Diesel,2018,Comprehensive,8 Speed,Automatic,5 Seats,DELHI
₹ 7.61 Lakh,Sedan,"12,651 Kms",2nd Owner,2017,17.8,Petrol,2017,Comprehensive,5 Speed,Manual,5 Seats,DELHI
₹ 4.30 Lakh,Sedan,"61,000 Kms",1st Owner,2016,17.8,Petrol,2016,Comprehensive,5 Speed,Manual,5 Seats,DELHI
₹ 4.01 Lakh,Hatchback,"98,705 Kms",1st Owner,2018,35.6,CNG,2018,Comprehensive,5-Speed,Manual,5 Seats,DELHI
₹ 29.50 Lakh,MUV,"62,000 Kms",1st Owner,2020,14.11,Diesel,2020,Comprehensive,8-Speed,Automatic,7 Seats,DELHI
₹ 3.80 Lakh,Sedan,"28,000 Kms",1st Owner,2014,18.0,Petrol,2014,Comprehensive,5 Speed,Manual,5 Seats,DELHI
₹ 8.25 Lakh,SUV,"36,000 Kms",1st Owner,2020,16.5,Diesel,2020,Comprehensive,5 Speed,Manual,7 Seats,DELHI
₹ 6.35 Lakh,Sedan,"32,000 Kms",1st Owner,2017,28.4,Diesel,2017,Comprehensive,5 Speed,Manual,5 Seats,DELHI
₹ 22.50 Lakh,SUV,"38,000 Kms",1st Owner,2017,20.68,Diesel,2017,Third Party insurance,8 Speed,Automatic,5 Seats,DELHI
₹ 3.40 Lakh,Hatchback,"33,000 Kms",1st Owner,2017,23.95,Petrol,2017,Comprehensive,5 Speed,Manual,5 Seats,DELHI
₹ 9.50 Lakh,Sedan,"68,045 Kms",1st Owner,2018,22.0,Diesel,2018,Third Party insurance,6 Speed,Automatic,5 Seats,DELHI
₹ 18.25 Lakh,SUV,"12,000 Kms",1st Owner,2022,18.9,Diesel,2022,Third Party insurance,6 Speed,Manual,7 Seats,DELHI
₹ 72 Lakh,SUV,"4,000 Kms",1st Owner,2023,18.9,Diesel,2023,Comprehensive,9 speed Tronic,Automatic,5 Seats,DELHI
₹ 3.92 Lakh,Hatchback,"19,765 Kms",1st Owner,2018,20.51,Petrol,2018,Zero Dep,5 Speed,Manual,5 Seats,DELHI
₹ 12.05 Lakh,SUV,"7,076 Kms",1st Owner,2021,16.82,Petrol,2021,Third Party insurance,6 Speed,Manual,5 Seats,DELHI
₹ 7.43 Lakh,Sedan,"30,560 Kms",1st Owner,2017,17.8,Petrol,2017,Zero Dep,5 Speed,Manual,5 Seats,DELHI
₹ 33.75 Lakh,Sedan,"5,000 Kms",1st Owner,2020,18.9,Diesel,2020,Comprehensive,8 Speed,Automatic,5 Seats,DELHI
₹ 4.85 Lakh,Hatchback,"47,944 Kms",1st Owner,2018,31.79,CNG,2018,Third Party insurance,5 Speed,Manual,5 Seats,DELHI
₹ 8.79 Lakh,SUV,"78,550 Kms",1st Owner,2016,13.0,Petrol,2016,Comprehensive,6 Speed,Automatic,5 Seats,DELHI
₹ 10.50 Lakh,SUV,"65,000 Kms",1st Owner,2017,12.95,Petrol,2017,Third Party insurance,6 Speed,Automatic,5 Seats,DELHI
₹ 19.80 Lakh,SUV,"32,000 Kms",1st Owner,2022,18.0,Diesel,2022,Comprehensive,6-Speed,Automatic,5 Seats,DELHI
₹ 4.62 Lakh,Sedan,"58,996 Kms",2nd Owner,2017,19.5,Petrol,2017,Comprehensive,5 Speed,Manual,5 Seats,DELHI
₹ 26.50 Lakh,Sedan,"34,000 Kms",2nd Owner,2018,13.5,Diesel,2018,Comprehensive,8 Speed,Automatic,5 Seats,DELHI
₹ 5.09 Lakh,Hatchback,"59,537 Kms",2nd Owner,2015,18.6,Petrol,2015,Third Party insurance,5 Speed,Manual,5 Seats,DELHI
₹ 5.30 Lakh,Hatchback,"9,314 Kms",1st Owner,2022,21.79,Petrol,2022,Comprehensive,5 Speed,Manual,5 Seats,DELHI
₹ 7 Lakh,SUV,"60,000 Kms",2nd Owner,2019,18.9,Petrol,2019,Third Party insurance,5 Speed,Manual,5 Seats,DELHI
₹ 3.10 Lakh,Sedan,"41,684 Kms",1st Owner,2014,18.6,Petrol,2014,Third Party insurance,5 Speed,Manual,5 Seats,DELHI
₹ 7 Lakh,Sedan,"70,000 Kms",3rd Owner,2011,12.3,Petrol,2011,Third Party insurance,7 Speed,Automatic,5 Seats,DELHI
₹ 4.40 Lakh,Hatchback,"51,607 Kms",1st Owner,2016,18.16,Petrol,2016,Comprehensive,5 Speed,Manual,5 Seats,DELHI
₹ 4 Lakh,Sedan,"90,000 Kms",1st Owner,2015,20.65,Diesel,2015,Third Party insurance,5 Speed,Manual,5 Seats,DELHI
₹ 30.50 Lakh,MUV,"30,000 Kms",1st Owner,2020,14.11,Diesel,2020,Third Party insurance,8-Speed,Automatic,7 Seats,DELHI
₹ 15.75 Lakh,SUV,"40,000 Kms",1st Owner,2022,15.2,Diesel,2022,Third Party insurance,6 Speed,Manual,4 Seats,DELHI
₹ 49.95 Lakh,SUV,"35,000 Kms",1st Owner,2020,18.9,Diesel,2020,Comprehensive,9 speed Tronic,Automatic,5 Seats,DELHI
₹ 3.60 Lakh,Hatchback,"97,672 Kms",1st Owner,2013,22.38,Petrol,2013,Comprehensive,5-Speed,Manual,5 Seats,DELHI
₹ 3.60 Lakh,Sedan,"90,000 Kms",3rd Owner,2014,17.01,Petrol,2014,Third Party insurance,5 Speed,Manual,5 Seats,DELHI
₹ 3.44 Lakh,Hatchback,"68,740 Kms",2nd Owner,2015,18.06,Petrol,2015,Comprehensive,5 Speed ,Manual,5 Seats,DELHI
₹ 35.65 Lakh,Sedan,"37,000 Kms",1st Owner,2018,14.74,Petrol,2018,Comprehensive,9 Speed,Automatic,5 Seats,DELHI
₹ 6 Lakh,Sedan,"40,000 Kms",1st Owner,2017,28.09,Diesel,2017,Third Party insurance,5 Speed,Manual,5 Seats,DELHI
₹ 3.40 Lakh,Sedan,"86,245 Kms",2nd Owner,2015,18.0,Petrol,2015,Third Party insurance,5 Speed,Manual,5 Seats,DELHI
₹ 6.75 Lakh,Hatchback,"40,000 Kms",2nd Owner,2016,17.21,Petrol,2016,Third Party insurance,7 Speed,Automatic,5 Seats,DELHI
₹ 43.75 Lakh,Sedan,"15,000 Kms",2nd Owner,2020,15.34,Petrol,2020,Comprehensive,8 Speed,Automatic,5 Seats,DELHI
₹ 2.94 Lakh,Hatchback,"60,896 Kms",2nd Owner,2016,22.05,Petrol,2016,Comprehensive,5 Speed,Manual,5 Seats,DELHI
₹ 3.75 Lakh,Sedan,"60,000 Kms",1st Owner,2013,16.8,Petrol,2013,Third Party insurance,5 Speed,Manual,5 Seats,DELHI
₹ 8.01 Lakh,Sedan,"18,340 Kms",2nd Owner,2021,22.61,Petrol,2021,Comprehensive,5 Speed,Automatic,5 Seats,DELHI
₹ 29 Lakh,SUV,"20,000 Kms",1st Owner,2022,14.9,Diesel,2022,Third Party insurance,9 Speed,Automatic,5 Seats,DELHI
₹ 8 Lakh,SUV,"70,000 Kms",2nd Owner,2017,17.01,Diesel,2017,Third Party insurance,6 Speed,Automatic,5 Seats,DELHI
₹ 3.13 Lakh,Hatchback,"75,000 Kms",1st Owner,2015,33.54,CNG,2015,Comprehensive,5 Speed,Manual,5 Seats,DELHI
₹ 5.10 Lakh,SUV,"40,000 Kms",1st Owner,2017,17.5,Petrol,2017,Third Party insurance,5 Speed,Manual,5 Seats,DELHI
₹ 11.25 Lakh,SUV,"57,000 Kms",2nd Owner,2014,15.73,Diesel,2014,Third Party insurance,7-Speed S-Tronic ,Automatic,5 Seats,DELHI
₹ 4.55 Lakh,Hatchback,"48,000 Kms",1st Owner,2016,21.4,Petrol,2016,Comprehensive,5 Speed,Manual,5 Seats,DELHI
₹ 3 Lakh,Sedan,"1,20,000 Kms",1st Owner,2011,17.0,Petrol,2011,Third Party insurance,5 Speed,Manual,5 Seats,DELHI
₹ 7.25 Lakh,SUV,"25,000 Kms",1st Owner,2017,14.7,Petrol,2017,Comprehensive,6 Speed,Automatic,5 Seats,DELHI
₹ 23.25 Lakh,MUV,"29,000 Kms",1st Owner,2021,12.0,Diesel,2021,Third Party insurance,6 Speed,Automatic,7 Seats,DELHI
₹ 5.15 Lakh,Hatchback,"63,176 Kms",1st Owner,2019,25.83,Diesel,2019,Comprehensive,5 Speed,Manual,5 Seats,DELHI
₹ 40 Lakh,Sedan,"24,000 Kms",1st Owner,2021,17.42,Petrol,2021,Comprehensive,7-speed Stronic,Automatic,5 Seats,DELHI
₹ 4.18 Lakh,Hatchback,"22,820 Kms",1st Owner,2020,21.74,Petrol,2020,Comprehensive,5 Speed,Manual,5 Seats,DELHI
₹ 76 Lakh,SUV,"5,000 Kms",1st Owner,2022,18.9,Diesel,2022,Comprehensive,9-speed automatic,Automatic,5 Seats,DELHI
₹ 2 Lakh,Hatchback,"30,000 Kms",1st Owner,2009,20.36,Petrol,2009,Third Party insurance,5 Speed,Manual,5 Seats,DELHI
₹ 6.85 Lakh,Sedan,"74,538 Kms",1st Owner,2017,21.21,Petrol,2017,Comprehensive,5 Speed,Automatic,5 Seats,DELHI
₹ 36 Lakh,SUV,"40,000 Kms",1st Owner,2019,11.5,Petrol,2019,Third Party insurance,9 Speed,Automatic,5 Seats,DELHI
₹ 2.89 Lakh,Hatchback,"45,399 Kms",1st Owner,2018,22.05,Petrol,2018,Comprehensive,5 Speed,Manual,5 Seats,DELHI
₹ 6.10 Lakh,Sedan,"24,940 Kms",2nd Owner,2018,19.44,Petrol,2018,Third Party,5 Speed,Manual,5 Seats,DELHI
₹ 14 Lakh,SUV,"22,000 Kms",1st Owner,2019,17.01,Diesel,2019,Comprehensive,6 Speed,Automatic,5 Seats,DELHI
₹ 3.23 Lakh,Sedan,"98,681 Kms",1st Owner,2014,18.0,Petrol,2014,Comprehensive,5 Speed,Manual,5 Seats,DELHI
₹ 95 Lakh,SUV,"6,000 Kms",1st Owner,2023,18.9,Diesel,2023,Comprehensive,9G-TRONIC,Automatic,5 Seats,DELHI
₹ 5.25 Lakh,Hatchback,"40,000 Kms",1st Owner,2017,21.01,Petrol,2017,Comprehensive,5 Speed,Manual,5 Seats,DELHI
₹ 7.25 Lakh,SUV,"58,000 Kms",1st Owner,2018,25.5,Diesel,2018,Comprehensive,6 Speed,Manual,5 Seats,DELHI
₹ 4.25 Lakh,Hatchback,"75,000 Kms",1st Owner,2015,22.54,Diesel,2015,Comprehensive,6 Speed,Manual,5 Seats,DELHI
₹ 3.50 Lakh,SUV,"76,000 Kms",1st Owner,2014,22.7,Diesel,2014,Comprehensive,5 Speed,Manual,5 Seats,DELHI
₹ 3.25 Lakh,Hatchback,"60,000 Kms",1st Owner,2017,24.04,Petrol,2017,Comprehensive,5 Speed,Automatic,5 Seats,DELHI
₹ 6.75 Lakh,Sedan,"58,000 Kms",1st Owner,2016,18.0,Petrol,2016,Comprehensive,5 Speed CVT,Automatic,5 Seats,DELHI
₹ 4.15 Lakh,Sedan,"80,000 Kms",2nd Owner,2013,14.69,Petrol,2013,Comprehensive,6 Speed,Manual,5 Seats,DELHI
₹ 38.75 Lakh,Sedan,"20,000 Kms",1st Owner,2018,18.0,Diesel,2018,Third Party insurance,8 Speed,Automatic,5 Seats,DELHI
₹ 5.89 Lakh,Hatchback,"42,841 Kms",1st Owner,2017,21.4,Petrol,2017,Comprehensive,5 Speed,Manual,5 Seats,DELHI
₹ 6.50 Lakh,SUV,"67,000 Kms",1st Owner,2017,24.3,Diesel,2017,Comprehensive,5 Speed,Manual,5 Seats,DELHI
₹ 10.27 Lakh,MUV,"26,000 Kms",1st Owner,2020,19.01,Petrol,2020,Third Party insurance,5-Speed,Manual,6 Seats,DELHI
₹ 3.75 Lakh,Hatchback,"40,000 Kms",1st Owner,2017,18.9,Petrol,2017,Third Party insurance,5 Speed,Manual,5 Seats,DELHI
₹ 13 Lakh,SUV,"60,000 Kms",1st Owner,2019,15.1,Diesel,2019,Third Party insurance,6 Speed,Manual,7 Seats,DELHI
₹ 9.03 Lakh,Sedan,"37,140 Kms",2nd Owner,2015,17.01,Petrol,2015,Comprehensive,5 Speed,Manual,5 Seats,DELHI
₹ 3.50 Lakh,Hatchback,"1,20,000 Kms",1st Owner,2018,31.79,CNG,2018,Third Party insurance,5 Speed,Manual,5 Seats,DELHI
₹ 28.50 Lakh,SUV,"74,000 Kms",1st Owner,2018,12.9,Diesel,2018,Third Party insurance,6 Speed,Automatic,7 Seats,DELHI
₹ 9.04 Lakh,Hatchback,"16,430 Kms",1st Owner,2021,21.0,Petrol,2021,Zero Dep,5 Speed,Manual,5 Seats,DELHI
₹ 9.50 Lakh,SUV,"10,000 Kms",1st Owner,2022,17.03,Petrol,2022,Third Party insurance,5 Speed,Manual,5 Seats,DELHI
₹ 9.49 Lakh,Sedan,"63,054 Kms",1st Owner,2017,18.0,Petrol,2017,Comprehensive,CVT,Automatic,5 Seats,DELHI
₹ 39 Lakh,Sedan,"12,000 Kms",1st Owner,2022,15.1,Petrol,2022,Comprehensive,7-Speed DSG,Automatic,5 Seats,DELHI
₹ 74 Lakh,Sedan,"13,000 Kms",1st Owner,2022,16.1,Diesel,2022,Comprehensive,9 Speed,Automatic,5 Seats,DELHI
₹ 10.99 Lakh,SUV,"32,000 Kms",2nd Owner,2018,17.01,Diesel,2018,Comprehensive,6 Speed,Automatic,5 Seats,DELHI
₹ 15.11 Lakh,SUV,"3,500 Kms",1st Owner,2022,18.9,Petrol,2022,Comprehensive,6-speed,Manual,5 Seats,DELHI
₹ 64.75 Lakh,Convertibles,"7,023 Kms",1st Owner,2017,19.0,Petrol,2017,Third Party insurance,9 Speed,Automatic,2 Seats,DELHI
₹ 92 Lakh,SUV,"5,000 Kms",1st Owner,2022,18.9,Diesel,2022,Comprehensive,9G-TRONIC,Automatic,5 Seats,DELHI
₹ 40 Lakh,Sedan,"11,000 Kms",1st Owner,2021,18.9,Petrol,2021,Comprehensive,7-Speed DCT,Automatic,5 Seats,DELHI
₹ 42.50 Lakh,Sedan,"11,000 Kms",1st Owner,2020,11.9,Petrol,2020,Third Party insurance,9 Speed,Automatic,5 Seats,DELHI
₹ 4.22 Lakh,Hatchback,"50,629 Kms",1st Owner,2017,22.38,Petrol,2017,Third Party insurance,5-Speed,Manual,5 Seats,DELHI
₹ 6.78 Lakh,Hatchback,"63,534 Kms",1st Owner,2019,21.4,Petrol,2019,Zero Dep,CVT,Automatic,5 Seats,DELHI
₹ 3 Lakh,Hatchback,"52,000 Kms",1st Owner,2018,20.3,Petrol,2018,Comprehensive,5 Speed,Manual,5 Seats,DELHI
₹ 4.96 Lakh,Hatchback,"33,695 Kms",1st Owner,2022,31.59,CNG,2022,Zero Dep,5 Speed,Manual,4 Seats,DELHI
₹ 4.63 Lakh,Hatchback,"68,744 Kms",1st Owner,2015,19.0,Petrol,2015,Third Party,5 Speed,Automatic,5 Seats,DELHI
₹ 4.55 Lakh,Sedan,"70,000 Kms",1st Owner,2013,16.8,Petrol,2013,Third Party insurance,5 Speed,Manual,5 Seats,DELHI
₹ 7.51 Lakh,Hatchback,"9,540 Kms",1st Owner,2020,23.84,Petrol,2020,Third Party,5 Speed,Automatic,5 Seats,DELHI
₹ 7.75 Lakh,Sedan,"45,000 Kms",1st Owner,2017,19.12,Petrol,2017,Comprehensive,4 Speed,Automatic,5 Seats,DELHI
₹ 6.78 Lakh,Hatchback,"36,861 Kms",1st Owner,2019,21.4,Petrol,2019,Zero Dep,5 Speed,Manual,5 Seats,DELHI
₹ 5.50 Lakh,SUV,"68,000 Kms",1st Owner,2017,15.9,Petrol,2017,Comprehensive,5 Speed,Manual,5 Seats,DELHI
₹ 3.90 Lakh,Sedan,"68,000 Kms",1st Owner,2014,19.1,Petrol,2014,Comprehensive,5 Speed,Manual,5 Seats,DELHI
₹ 3.95 Lakh,Hatchback,"38,000 Kms",1st Owner,2015,21.21,Petrol,2015,Comprehensive,5,Manual,5 Seats,DELHI
₹ 2.95 Lakh,Hatchback,"39,000 Kms",1st Owner,2017,23.01,Petrol,2017,Comprehensive,5 Speed,Manual,5 Seats,DELHI
₹ 5.99 Lakh,Hatchback,"40,000 Kms",1st Owner,2017,16.2,Petrol,2017,Comprehensive,5 Speed,Manual,5 Seats,DELHI
₹ 17.49 Lakh,SUV,"18,000 Kms",1st Owner,2020,11.67,Petrol,2020,Comprehensive,6-speed DCT,Automatic,6 Seats,DELHI
₹ 3.99 Lakh,Hatchback,"60,000 Kms",1st Owner,2019,20.51,Petrol,2019,Comprehensive,5 Speed,Automatic,5 Seats,DELHI
₹ 4.49 Lakh,Sedan,"40,000 Kms",1st Owner,2018,25.83,Diesel,2018,Comprehensive,5 Speed,Manual,5 Seats,DELHI
₹ 3 Lakh,Hatchback,"68,000 Kms",1st Owner,2018,23.95,Petrol,2018,Comprehensive,5 Speed,Manual,5 Seats,DELHI
₹ 4.49 Lakh,Hatchback,"40,000 Kms",2nd Owner,2017,20.89,Petrol,2017,Comprehensive,5 Speed,Manual,5 Seats,DELHI
₹ 2.95 Lakh,Hatchback,"37,000 Kms",1st Owner,2014,21.79,Petrol,2014,Comprehensive,5 Speed,Manual,5 Seats,DELHI
₹ 6.49 Lakh,Sedan,"21,912 Kms",1st Owner,2018,21.21,Petrol,2018,Zero Dep,5 Speed,Automatic,5 Seats,DELHI
₹ 2.74 Lakh,Hatchback,"74,564 Kms",1st Owner,2013,20.36,Petrol,2013,Third Party,5 Speed,Manual,5 Seats,DELHI
₹ 3.75 Lakh,Hatchback,"48,000 Kms",1st Owner,2019,24.7,Petrol,2019,Comprehensive,5 Speed,Manual,5 Seats,DELHI
₹ 8.01 Lakh,Sedan,"96,758 Kms",1st Owner,2017,18.0,Petrol,2017,Comprehensive,5 Speed CVT,Automatic,5 Seats,DELHI
₹ 5.91 Lakh,Sedan,"60,341 Kms",1st Owner,2018,25.8,Diesel,2018,Zero Dep,5 Speed,Manual,5 Seats,DELHI
₹ 4.34 Lakh,Hatchback,"36,973 Kms",1st Owner,2017,20.4,Petrol,2017,Third Party,5 Speed,Manual,5 Seats,DELHI
₹ 6.99 Lakh,Sedan,"39,000 Kms",1st Owner,2017,28.09,Diesel,2017,Comprehensive,5 Speed,Manual,5 Seats,DELHI
₹ 2.71 Lakh,Hatchback,"52,514 Kms",1st Owner,2013,18.9,Petrol,2013,Third Party,5 Speed,Manual,5 Seats,DELHI
₹ 5.55 Lakh,Hatchback,"13,001 Kms",1st Owner,2022,21.5,Petrol,2022,Comprehensive,5 Speed,Manual,5 Seats,DELHI
₹ 8.25 Lakh,SUV,"72,000 Kms",1st Owner,2018,22.1,Diesel,2018,Comprehensive,6 Speed,Manual,5 Seats,DELHI
₹ 5.99 Lakh,SUV,"62,000 Kms",1st Owner,2017,15.9,Petrol,2017,Comprehensive,5 Speed,Manual,5 Seats,DELHI
₹ 4.81 Lakh,Sedan,"34,000 Kms",1st Owner,2017,16.78,Petrol,2017,Comprehensive,5 Speed,Manual,5 Seats,DELHI
₹ 3.85 Lakh,Sedan,"67,000 Kms",1st Owner,2015,18.0,Petrol,2015,Comprehensive,5 Speed,Manual,5 Seats,DELHI
₹ 6.99 Lakh,Hatchback,"45,000 Kms",1st Owner,2019,18.78,Petrol,2019,Comprehensive,5 Speed,Manual,5 Seats,DELHI
₹ 3.31 Lakh,Sedan,"64,000 Kms",1st Owner,2013,20.85,Petrol,2013,Comprehensive,5 Speed,Manual,5 Seats,DELHI
₹ 1.78 Lakh,Hatchback,"58,000 Kms",2nd Owner,2013,18.6,Petrol,2013,Comprehensive,5 Speed,Manual,5 Seats,DELHI
₹ 9.25 Lakh,SUV,"48,000 Kms",2nd Owner,2017,14.8,Petrol,2017,Comprehensive,6 Speed,Automatic,5 Seats,DELHI
₹ 2.90 Lakh,Hatchback,"70,000 Kms",1st Owner,2013,18.5,Petrol,2013,Comprehensive,5 Speed,Manual,5 Seats,DELHI
₹ 5.70 Lakh,Sedan,"59,863 Kms",2nd Owner,2017,19.12,Petrol,2017,Comprehensive,4 Speed,Automatic,5 Seats,DELHI
₹ 4.92 Lakh,Hatchback,"18,468 Kms",1st Owner,2022,31.59,CNG,2022,Zero Dep,5 Speed,Manual,4 Seats,DELHI
₹ 5.30 Lakh,Hatchback,"42,173 Kms",2nd Owner,2018,19.0,Petrol,2018,Third Party,5-Speed,Manual,5 Seats,DELHI
₹ 4.65 Lakh,SUV,"68,631 Kms",2nd Owner,2015,14.7,Petrol,2015,Comprehensive,6 Speed,Automatic,5 Seats,DELHI
₹ 3.51 Lakh,Hatchback,"18,833 Kms",1st Owner,2021,22.05,Petrol,2021,Zero Dep,5 Speed,Manual,5 Seats,DELHI
₹ 5.15 Lakh,Hatchback,"55,418 Kms",1st Owner,2021,20.89,Petrol,2021,Third Party,5 Speed,Manual,5 Seats,DELHI
₹ 2.25 Lakh,Hatchback,"20,000 Kms",1st Owner,2013,20.51,Petrol,2013,Third Party insurance,5 Speed,Manual,5 Seats,DELHI
₹ 6.20 Lakh,MUV,"53,400 Kms",1st Owner,2020,20.0,Petrol,2020,Zero Dep,5 Speed,Manual,7 Seats,DELHI
₹ 3.49 Lakh,Hatchback,"25,000 Kms",1st Owner,2018,23.01,Petrol,2018,Comprehensive,5 Speed,Manual,5 Seats,DELHI
₹ 13.85 Lakh,SUV,"87,576 Kms",1st Owner,2019,14.1,Petrol,2019,Comprehensive,7 Speed,Automatic,5 Seats,DELHI
₹ 2.90 Lakh,Hatchback,"58,000 Kms",1st Owner,2014,19.4,Petrol,2014,Comprehensive,5 Speed,Manual,5 Seats,DELHI
₹ 2.85 Lakh,MUV,"75,000 Kms",1st Owner,2015,19.44,Petrol,2015,Comprehensive,5 Speed,Manual,7 Seats,DELHI
₹ 3.30 Lakh,Sedan,"69,000 Kms",1st Owner,2013,14.8,Petrol,2013,Comprehensive,Six Speed Automatic Transmission,Automatic,5 Seats,DELHI
₹ 5.49 Lakh,SUV,"20,000 Kms",1st Owner,2015,16.55,Diesel,2015,Comprehensive,5 Speed,Manual,6 Seats,DELHI
₹ 3.65 Lakh,Hatchback,"45,000 Kms",1st Owner,2020,22.05,Petrol,2020,Comprehensive,5 Speed,Manual,5 Seats,DELHI
₹ 6.50 Lakh,Sedan,"20,000 Kms",1st Owner,2021,26.55,CNG,2021,Third Party insurance,5 Speed,Manual,5 Seats,DELHI
₹ 4.49 Lakh,SUV,"70,000 Kms",1st Owner,2015,23.65,Diesel,2015,Comprehensive,5 Speed,Manual,5 Seats,DELHI
₹ 5.99 Lakh,Hatchback,"72,000 Kms",1st Owner,2017,19.0,Petrol,2017,Comprehensive,5 Speed,Automatic,5 Seats,DELHI
₹ 46.45 Lakh,SUV,"7,800 Kms",0th Owner,2023,12.04,Diesel,2023,Comprehensive,8 Speed,Automatic,6 Seats,DELHI
₹ 4.99 Lakh,Hatchback,"25,000 Kms",1st Owner,2020,20.09,Petrol,2020,Comprehensive,5-Speed`,Manual,5 Seats,DELHI
₹ 88 Lakh,SUV,"19,000 Kms",1st Owner,2020,18.8,Petrol,2020,Comprehensive,8 Speed,Automatic,5 Seats,DELHI
₹ 13.58 Lakh,Sedan,"11,332 Kms",1st Owner,2022,18.07,Petrol,2022,Zero Dep,6-Speed,Automatic,5 Seats,DELHI
₹ 5.60 Lakh,Hatchback,"25,456 Kms",1st Owner,2016,21.4,Petrol,2016,Comprehensive,5 Speed,Manual,5 Seats,DELHI
₹ 2.75 Lakh,Hatchback,"65,000 Kms",2nd Owner,2013,21.79,Petrol,2013,Comprehensive,5 Speed,Manual,5 Seats,DELHI
₹ 5.86 Lakh,Hatchback,"93,616 Kms",1st Owner,2017,19.0,Petrol,2017,Zero Dep,5 Speed,Automatic,5 Seats,DELHI
₹ 4.63 Lakh,Hatchback,"74,134 Kms",1st Owner,2017,26.0,Petrol,2017,Comprehensive,5-Speed,Automatic,5 Seats,DELHI
₹ 6.99 Lakh,SUV,"70,000 Kms",1st Owner,2018,14.99,Petrol,2018,Comprehensive,5 speed,Automatic,5 Seats,DELHI
₹ 5.93 Lakh,Hatchback,"62,411 Kms",2nd Owner,2018,27.39,Diesel,2018,Zero Dep,5 Speed,Manual,5 Seats,DELHI
₹ 10.50 Lakh,Sedan,"56,000 Kms",2nd Owner,2012,12.3,Petrol,2012,Third Party insurance,5 Speed,Automatic,5 Seats,DELHI
₹ 5.67 Lakh,SUV,"63,661 Kms",2nd Owner,2018,25.32,Diesel,2018,Third Party,5 Speed,Manual,5 Seats,DELHI
₹ 17.50 Lakh,SUV,"24,000 Kms",1st Owner,2021,18.9,Petrol,2021,Comprehensive,6-speed CVT,Automatic,6 Seats,DELHI
₹ 16.50 Lakh,SUV,"14,000 Kms",1st Owner,2022,17.88,Petrol,2022,Comprehensive,7-Speed DSG,Manual,5 Seats,DELHI
₹ 9.30 Lakh,SUV,"70,000 Kms",1st Owner,2017,16.0,Diesel,2017,Third Party insurance,6 Speed,Manual,7 Seats,DELHI
₹ 7.49 Lakh,SUV,"50,000 Kms",1st Owner,2018,17.5,Petrol,2018,Comprehensive,5 Speed,Manual,5 Seats,DELHI
₹ 2.49 Lakh,Sedan,"74,000 Kms",1st Owner,2011,15.04,Petrol,2011,Comprehensive,5 Speed,Manual,5 Seats,DELHI
₹ 8.99 Lakh,SUV,"70,000 Kms",1st Owner,2018,17.6,Diesel,2018,Comprehensive,6 Speed,Manual,7 Seats,DELHI
₹ 2.25 Lakh,Hatchback,"65,000 Kms",1st Owner,2013,19.81,Petrol,2013,Third Party insurance,5 Speed,Manual,5 Seats,DELHI
₹ 3.99 Lakh,Hatchback,"40,000 Kms",1st Owner,2015,27.39,Diesel,2015,Comprehensive,5 Speed,Manual,5 Seats,DELHI
"₹ 80,000 ",Hatchback,"60,000 Kms",3rd Owner,2010,18.0,Petrol,2010,Third Party insurance,5 Speed,Manual,5 Seats,DELHI
₹ 2.25 Lakh,Sedan,"81,000 Kms",3rd Owner,2010,16.8,Petrol,2010,Comprehensive,5 Speed,Automatic,5 Seats,DELHI
₹ 1.37 Lakh,Hatchback,"80,000 Kms",1st Owner,2012,19.7,Petrol,2012,Third Party insurance,5 Speed,Manual,5 Seats,DELHI
₹ 3.89 Lakh,Sedan,"1,07,539 Kms",1st Owner,2014,23.4,Diesel,2014,Comprehensive,5 Speed,Manual,5 Seats,DELHI
₹ 5.48 Lakh,Hatchback,"52,059 Kms",1st Owner,2016,21.4,Petrol,2016,Comprehensive,5 Speed,Manual,5 Seats,DELHI
₹ 16.95 Lakh,SUV,"70,000 Kms",1st Owner,2021,15.81,Petrol,2021,Third Party insurance,6 Speed,Manual,5 Seats,DELHI
₹ 8.74 Lakh,Hatchback,"5,732 Kms",1st Owner,2021,21.0,Petrol,2021,Zero Dep,5 Speed,Manual,5 Seats,DELHI
₹ 5.96 Lakh,Sedan,"53,034 Kms",1st Owner,2018,19.5,Petrol,2018,Comprehensive,5 Speed,Manual,5 Seats,DELHI
₹ 1.79 Lakh,Sedan,"80,000 Kms",3rd Owner,2009,17.0,Petrol,2009,Third Party insurance,5 Speed,Manual,5 Seats,DELHI
₹ 5.01 Lakh,Hatchback,"66,462 Kms",2nd Owner,2017,21.4,Petrol,2017,Zero Dep,5 Speed,Manual,5 Seats,DELHI
₹ 5.75 Lakh,SUV,"70,000 Kms",1st Owner,2013,15.1,Diesel,2013,Third Party insurance,6 Speed ,Manual,7 Seats,DELHI
₹ 4.95 Lakh,Hatchback,"52,444 Kms",1st Owner,2017,21.4,Petrol,2017,Third Party,5 Speed,Manual,5 Seats,DELHI
₹ 5 Lakh,SUV,"60,000 Kms",1st Owner,2014,14.0,Diesel,2014,Third Party insurance,5 Speed,Manual,7 Seats,DELHI
₹ 15 Lakh,SUV,"40,000 Kms",2nd Owner,2019,13.96,Petrol,2019,Third Party insurance,6 Speed,Automatic,5 Seats,DELHI
₹ 7.25 Lakh,Hatchback,"10,000 Kms",1st Owner,2022,20.7,Petrol,2022,Third Party insurance,5-Speed,Manual,5 Seats,DELHI
₹ 10.30 Lakh,SUV,"10,000 Kms",1st Owner,2022,17.03,Petrol,2022,Third Party insurance,5 Speed,Manual,5 Seats,DELHI
₹ 6.50 Lakh,Sedan,"70,000 Kms",1st Owner,2017,28.09,Diesel,2017,Third Party insurance,5 Speed,Manual,5 Seats,DELHI
₹ 4.50 Lakh,Hatchback,"14,000 Kms",1st Owner,2014,18.9,Petrol,2014,Comprehensive,4 Speed,Automatic,5 Seats,DELHI
₹ 6.89 Lakh,SUV,"39,500 Kms",1st Owner,2019,21.7,Diesel,2019,Third Party insurance,5 Speed,Manual,5 Seats,DELHI
₹ 12.50 Lakh,Sedan,"64,213 Kms",1st Owner,2018,16.7,Petrol,2018,Comprehensive,6 Speed,Manual,5 Seats,DELHI
₹ 3.10 Lakh,Hatchback,"20,000 Kms",2nd Owner,2021,22.05,Petrol,2021,Third Party insurance,5 Speed,Manual,5 Seats,DELHI
₹ 12 Lakh,SUV,"60,000 Kms",1st Owner,2019,16.5,Petrol,2019,Comprehensive,6-Speed,Manual,5 Seats,DELHI
₹ 12.80 Lakh,Pickup Trucks,"1,20,000 Kms",1st Owner,2018,12.4,Diesel,2018,Third Party insurance,5 Speed,Manual,5 Seats,DELHI
₹ 4.52 Lakh,Hatchback,"48,768 Kms",2nd Owner,2017,18.9,Petrol,2017,Zero Dep,5 Speed,Manual,5 Seats,DELHI
₹ 4.04 Lakh,Hatchback,"91,970 Kms",2nd Owner,2020,25.24,Petrol,2020,Comprehensive,5-Speed,Manual,5 Seats,DELHI
₹ 20.25 Lakh,SUV,"7,100 Kms",1st Owner,2023,17.9,Petrol,2023,Comprehensive,7 Speed DCT,Automatic,5 Seats,DELHI
₹ 4.73 Lakh,Hatchback,"34,936 Kms",1st Owner,2016,21.4,Petrol,2016,Zero Dep,5 Speed,Manual,5 Seats,DELHI
₹ 2.52 Lakh,Hatchback,"64,071 Kms",3rd Owner,2011,16.7,Petrol,2011,Third Party,5 Speed,Manual,5 Seats,DELHI
₹ 9.50 Lakh,SUV,"10,000 Kms",1st Owner,2022,16.5,Petrol,2022,Comprehensive,5 Speed,Manual,5 Seats,DELHI
₹ 6.33 Lakh,Hatchback,"60,443 Kms",1st Owner,2018,21.4,Petrol,2018,Zero Dep,CVT,Automatic,5 Seats,DELHI
₹ 8.75 Lakh,Sedan,"56,000 Kms",1st Owner,2017,18.0,Petrol,2017,Comprehensive,5 Speed CVT,Automatic,5 Seats,DELHI
₹ 4.13 Lakh,Hatchback,"10,056 Kms",2nd Owner,2015,22.38,Petrol,2015,Comprehensive,5-Speed,Manual,5 Seats,DELHI
₹ 11 Lakh,Sedan,"13,000 Kms",1st Owner,2020,17.4,Petrol,2020,Comprehensive,5 Speed,Manual,5 Seats,DELHI
₹ 12.50 Lakh,SUV,"80,000 Kms",1st Owner,2020,18.9,Diesel,2020,Comprehensive,6-speed,Manual,5 Seats,DELHI
₹ 41.50 Lakh,SUV,"53,000 Kms",1st Owner,2019,15.68,Diesel,2019,Third Party insurance,9 Speed,Automatic,5 Seats,DELHI
₹ 6.50 Lakh,SUV,"1,10,000 Kms",2nd Owner,2012,10.4,Petrol,2012,Third Party insurance,5 Speed,Manual,5 Seats,DELHI
₹ 3 Lakh,Hatchback,"60,000 Kms",1st Owner,2012,18.9,Petrol,2012,Third Party insurance,5 Speed,Manual,5 Seats,DELHI
₹ 57 Lakh,Sedan,"22,000 Kms",1st Owner,2022,16.9,Petrol,2022,Comprehensive,9G TRONIC,Automatic,5 Seats,DELHI
₹ 7.13 Lakh,Hatchback,"30,000 Kms",1st Owner,2022,22.38,Petrol,2022,Third Party insurance,5-Speed,Manual,5 Seats,DELHI
₹ 5.15 Lakh,SUV,"90,000 Kms",2nd Owner,2015,15.63,Petrol,2015,Third Party insurance,6 Speed,Automatic,5 Seats,DELHI
₹ 6 Lakh,Hatchback,"50,000 Kms",1st Owner,2020,21.01,Petrol,2020,Third Party insurance,5 Speed,Manual,5 Seats,DELHI
₹ 20.90 Lakh,SUV,"22,000 Kms",1st Owner,2022,14.6,Diesel,2022,Comprehensive,6-Speed,Automatic,5 Seats,DELHI
₹ 6.90 Lakh,Sedan,"48,000 Kms",1st Owner,2016,19.12,Petrol,2016,Third Party insurance,4 Speed,Automatic,5 Seats,DELHI
₹ 5.13 Lakh,Hatchback,"35,467 Kms",1st Owner,2016,21.4,Petrol,2016,Comprehensive,5 Speed,Manual,5 Seats,DELHI
₹ 8.50 Lakh,Sedan,"54,481 Kms",1st Owner,2017,17.0,Petrol,2017,Comprehensive,6 Speed,Automatic,5 Seats,DELHI
₹ 8.35 Lakh,SUV,"24,000 Kms",1st Owner,2022,20.15,Petrol,2022,Comprehensive,5-Speed,Manual,5 Seats,DELHI
₹ 4.39 Lakh,Hatchback,"76,181 Kms",1st Owner,2017,18.9,Petrol,2017,Comprehensive,5 Speed,Manual,5 Seats,DELHI
₹ 7.20 Lakh,Hatchback,"23,842 Kms",1st Owner,2020,21.01,Petrol,2020,Comprehensive,5 Speed,Manual,5 Seats,DELHI
₹ 9.42 Lakh,SUV,"20,000 Kms",2nd Owner,2022,17.03,Petrol,2022,Third Party insurance,5 Speed,Manual,5 Seats,DELHI
₹ 5.38 Lakh,Sedan,"94,407 Kms",1st Owner,2014,18.0,Petrol,2014,Comprehensive,5 Speed CVT,Automatic,5 Seats,DELHI
₹ 1 Lakh,Sedan,"80,000 Kms",1st Owner,2009,16.36,Petrol,2009,Third Party insurance,5 Speed,Manual,5 Seats,DELHI
₹ 4.91 Lakh,Hatchback,"1,24,245 Kms",1st Owner,2016,21.4,Petrol,2016,Third Party insurance,5 Speed,Manual,5 Seats,DELHI
₹ 9.25 Lakh,Sedan,"5,100 Kms",1st Owner,2022,18.3,Petrol,2022,Comprehensive,CVT,Automatic,5 Seats,DELHI
₹ 10.60 Lakh,SUV,"30,000 Kms",1st Owner,2022,17.03,Petrol,2022,Third Party insurance,5 Speed,Manual,5 Seats,DELHI
₹ 9 Lakh,SUV,"1,20,000 Kms",2nd Owner,2012,13.0,Diesel,2012,Third Party insurance,5 Speed,Manual,7 Seats,DELHI
₹ 6.70 Lakh,SUV,"50,000 Kms",1st Owner,2018,24.3,Diesel,2018,Comprehensive,5 Speed,Manual,5 Seats,DELHI
₹ 5 Lakh,SUV,"89,698 Kms",1st Owner,2017,18.88,Petrol,2017,Comprehensive,5 Speed,Manual,5 Seats,DELHI
₹ 12.50 Lakh,Sedan,"18,000 Kms",2nd Owner,2014,16.55,Diesel,2014,Third Party insurance,7 Speed,Automatic,5 Seats,DELHI
₹ 1.10 Lakh,Hatchback,"1,00,000 Kms",3rd Owner,2009,16.1,Petrol,2009,Third Party insurance,5 Speed,Manual,5 Seats,DELHI
₹ 1.50 Lakh,Hatchback,"60,000 Kms",2nd Owner,2010,17.92,Petrol,2010,Third Party insurance,5 Speed,Manual,5 Seats,DELHI
₹ 32 Lakh,SUV,"30,000 Kms",2nd Owner,2019,10.91,Diesel,2019,Third Party insurance,6 Speed,Automatic,7 Seats,DELHI
₹ 2.40 Lakh,Hatchback,"30,000 Kms",1st Owner,2014,19.0,LPG,2014,Third Party insurance,5 Speed,Manual,5 Seats,DELHI
₹ 4.60 Lakh,Sedan,"1,00,000 Kms",3rd Owner,2014,17.4,Petrol,2014,Third Party insurance,5 Speed ,Manual,5 Seats,DELHI
₹ 4.11 Lakh,Hatchback,"58,193 Kms",1st Owner,2016,18.9,Petrol,2016,Comprehensive,5 Speed,Manual,5 Seats,DELHI
₹ 4.81 Lakh,Hatchback,"68,621 Kms",2nd Owner,2017,21.4,Petrol,2017,Comprehensive,5 Speed,Manual,5 Seats,DELHI
₹ 6.70 Lakh,SUV,"50,000 Kms",1st Owner,2017,17.5,Petrol,2017,Third Party insurance,5 Speed,Manual,5 Seats,DELHI
₹ 7.24 Lakh,Hatchback,"23,399 Kms",1st Owner,2020,21.01,Petrol,2020,Comprehensive,5 Speed,Manual,5 Seats,DELHI
₹ 5.46 Lakh,Hatchback,"60,915 Kms",1st Owner,2017,17.19,Petrol,2017,Third Party insurance,5 Speed,Manual,5 Seats,DELHI
₹ 7.99 Lakh,MUV,"44,000 Kms",1st Owner,2018,17.5,CNG,2018,Comprehensive,5 Speed,Manual,7 Seats,DELHI
₹ 2.78 Lakh,Hatchback,"1,01,297 Kms",1st Owner,2013,16.47,Petrol,2013,Comprehensive,5 Speed,Manual,5 Seats,DELHI
₹ 15.75 Lakh,Sedan,"10,000 Kms",1st Owner,2023,18.4,Petrol,2023,Third Party insurance,CVT,Automatic,5 Seats,DELHI
₹ 2.61 Lakh,Hatchback,"73,883 Kms",1st Owner,2013,19.4,Petrol,2013,Third Party,5 Speed,Manual,5 Seats,DELHI
₹ 4.15 Lakh,SUV,"75,000 Kms",1st Owner,2014,14.0,Diesel,2014,Third Party insurance,5 Speed,Manual,7 Seats,DELHI
₹ 3.99 Lakh,Hatchback,"69,000 Kms",1st Owner,2018,25.32,Diesel,2018,Comprehensive,5 Speed,Manual,5 Seats,DELHI
₹ 2.20 Lakh,Hatchback,"58,632 Kms",1st Owner,2011,16.95,Petrol,2011,Comprehensive,4-Speed,Automatic,5 Seats,DELHI
₹ 3.30 Lakh,Sedan,"41,352 Kms",1st Owner,2011,13.9,Petrol,2011,Comprehensive,5 Speed,Automatic,5 Seats,DELHI
₹ 4.35 Lakh,Sedan,"37,000 Kms",1st Owner,2015,19.1,Petrol,2015,Comprehensive,5 Speed,Manual,5 Seats,DELHI
₹ 17.50 Lakh,SUV,"20,100 Kms",1st Owner,2021,18.9,Petrol,2021,Third Party insurance,8-Speed,Automatic,5 Seats,DELHI
₹ 14.75 Lakh,SUV,"50,000 Kms",1st Owner,2019,15.1,Diesel,2019,Third Party insurance,6 Speed,Automatic,7 Seats,DELHI
₹ 4.50 Lakh,Hatchback,"90,000 Kms",1st Owner,2018,20.89,Petrol,2018,Third Party insurance,5 Speed,Manual,5 Seats,DELHI
₹ 44 Lakh,Sedan,"7,800 Kms",1st Owner,2020,11.9,Petrol,2020,Comprehensive,9 Speed,Automatic,5 Seats,DELHI
₹ 3.80 Lakh,Sedan,"1,20,000 Kms",1st Owner,2016,26.59,Diesel,2016,Third Party insurance,5 Speed,Manual,5 Seats,DELHI
"₹ 95,000 ",Hatchback,"1,20,000 Kms",1st Owner,2010,17.0,CNG,2010,Third Party insurance,5 Speed,Manual,5 Seats,DELHI
₹ 6.75 Lakh,Hatchback,"59,014 Kms",1st Owner,2020,21.01,Petrol,2020,Zero Dep,5 Speed,Manual,5 Seats,DELHI
₹ 5.27 Lakh,Hatchback,"43,148 Kms",1st Owner,2017,16.5,Petrol,2017,Zero Dep,5 Speed,Automatic,5 Seats,DELHI
₹ 29.90 Lakh,SUV,"79,000 Kms",1st Owner,2019,12.62,Diesel,2019,Comprehensive,6 Speed,Automatic,7 Seats,DELHI
₹ 3.80 Lakh,Sedan,"89,352 Kms",1st Owner,2015,22.41,Petrol,2015,Comprehensive,5 Speed,Manual,5 Seats,DELHI
₹ 6.89 Lakh,Sedan,"38,511 Kms",1st Owner,2021,19.28,Petrol,2021,Third Party,5-Speed,Manual,5 Seats,DELHI
₹ 24 Lakh,SUV,"54,000 Kms",1st Owner,2015,15.26,Diesel,2015,Comprehensive,7 Speed,Automatic,5 Seats,DELHI
₹ 4.74 Lakh,Hatchback,"66,584 Kms",1st Owner,2016,21.4,Petrol,2016,Zero Dep,5 Speed,Manual,5 Seats,DELHI
₹ 25.50 Lakh,SUV,"48,000 Kms",1st Owner,2017,10.91,Diesel,2017,Third Party insurance,6 Speed,Automatic,7 Seats,DELHI
₹ 5.77 Lakh,Hatchback,"19,418 Kms",1st Owner,2020,20.89,Petrol,2020,Third Party,5 Speed,Manual,5 Seats,DELHI
₹ 25.50 Lakh,Sedan,"72,000 Kms",1st Owner,2016,14.74,Petrol,2016,Comprehensive,7 Speed,Automatic,5 Seats,DELHI
₹ 8.95 Lakh,Sedan,"23,000 Kms",1st Owner,2018,17.8,Petrol,2018,Comprehensive,7 Speed CVT,Automatic,5 Seats,DELHI
₹ 2.50 Lakh,Sedan,"50,000 Kms",1st Owner,2012,16.95,Petrol,2012,Third Party insurance,5 Speed,Manual,5 Seats,DELHI
₹ 10.25 Lakh,SUV,"20,000 Kms",1st Owner,2022,18.9,Diesel,2022,Third Party insurance,6-Speed,Manual,5 Seats,DELHI
₹ 9 Lakh,Sedan,"30,000 Kms",1st Owner,2021,17.4,Petrol,2021,Third Party insurance,5 Speed,Manual,5 Seats,DELHI
₹ 6.50 Lakh,SUV,"42,000 Kms",1st Owner,2020,17.52,Petrol,2020,Comprehensive,5-Speed,Manual,5 Seats,DELHI
₹ 11.75 Lakh,Sedan,600 Kms,1st Owner,2023,20.04,Petrol,2023,Comprehensive,4 Speed,Automatic,5 Seats,DELHI
₹ 1.86 Lakh,Sedan,"30,000 Kms",3rd Owner,2010,12.9,Petrol,2010,Third Party insurance,5 Speed,Manual,5 Seats,DELHI
₹ 2.50 Lakh,Sedan,"70,000 Kms",1st Owner,2012,16.95,Petrol,2012,Third Party insurance,5 Speed,Manual,5 Seats,DELHI
₹ 4.25 Lakh,Hatchback,"1,36,288 Kms",1st Owner,2015,22.54,Diesel,2015,Not Available,6 Speed,Manual,5 Seats,DELHI
₹ 4.25 Lakh,Hatchback,"48,000 Kms",1st Owner,2015,18.9,Petrol,2015,Third Party insurance,5 Speed,Manual,5 Seats,DELHI
₹ 5.23 Lakh,Hatchback,"49,707 Kms",1st Owner,2019,18.9,Petrol,2019,Third Party,5 Speed,Manual,5 Seats,DELHI
₹ 2.40 Lakh,Hatchback,"59,443 Kms",1st Owner,2012,19.4,Petrol,2012,Comprehensive,5 Speed,Manual,5 Seats,DELHI
₹ 7.54 Lakh,Sedan,"30,000 Kms",1st Owner,2022,31.12,CNG,2022,Third Party insurance,5-Speed,Manual,5 Seats,DELHI
₹ 12.85 Lakh,SUV,"52,000 Kms",1st Owner,2017,16.0,Petrol,2017,Comprehensive,7 Speed,Automatic,5 Seats,DELHI
₹ 13.17 Lakh,SUV,"40,398 Kms",1st Owner,2019,15.1,Diesel,2019,Zero Dep,6 Speed,Automatic,7 Seats,DELHI
₹ 14.65 Lakh,SUV,"50,000 Kms",1st Owner,2019,16.0,Petrol,2019,Third Party insurance,6 Speed,Manual,5 Seats,DELHI
₹ 4.91 Lakh,Hatchback,"84,181 Kms",2nd Owner,2017,18.6,Petrol,2017,Comprehensive,5 Speed,Manual,5 Seats,DELHI
₹ 5.50 Lakh,Hatchback,"10,000 Kms",1st Owner,2018,18.15,Petrol,2018,Third Party insurance,5 Speed,Manual,6 Seats,DELHI
₹ 6.18 Lakh,Hatchback,"66,434 Kms",1st Owner,2018,28.4,Diesel,2018,Third Party insurance,5,Manual,5 Seats,DELHI
₹ 7.75 Lakh,SUV,"40,000 Kms",1st Owner,2018,14.8,Petrol,2018,Third Party insurance,6 Speed,Automatic,5 Seats,DELHI
"₹ 80,000 ",Hatchback,"1,00,000 Kms",1st Owner,2007,18.9,Petrol,2007,Third Party insurance,5 Speed,Manual,5 Seats,DELHI
₹ 7.75 Lakh,SUV,"40,000 Kms",1st Owner,2018,14.8,Petrol,2018,Third Party insurance,6 Speed,Automatic,5 Seats,DELHI
₹ 4 Lakh,SUV,"1,00,000 Kms",1st Owner,2013,14.0,Diesel,2013,Third Party insurance,5 Speed,Manual,7 Seats,DELHI
₹ 33.50 Lakh,SUV,"51,800 Kms",1st Owner,2018,15.04,Diesel,2018,Comprehensive,6 Speed,Automatic,7 Seats,DELHI
₹ 2 Lakh,Sedan,"1,00,000 Kms",5th Owner,2010,14.8,Petrol,2010,Third Party insurance,5 Speed,Manual,5 Seats,DELHI
₹ 2 Lakh,Sedan,"1,00,000 Kms",5th Owner,2010,14.8,Petrol,2010,Third Party insurance,5 Speed,Manual,5 Seats,DELHI
₹ 5.10 Lakh,Hatchback,"70,000 Kms",2nd Owner,2019,18.6,Petrol,2019,Third Party insurance,5 Speed,Manual,5 Seats,DELHI
₹ 8.70 Lakh,SUV,"87,000 Kms",1st Owner,2013,15.73,Diesel,2013,Third Party insurance,7-Speed S-Tronic ,Automatic,5 Seats,DELHI
₹ 11 Lakh,MUV,"7,000 Kms",1st Owner,2021,19.01,Petrol,2021,Third Party insurance,5-Speed,Manual,6 Seats,DELHI
₹ 4.45 Lakh,Hatchback,"60,000 Kms",2nd Owner,2017,26.8,Diesel,2017,Third Party insurance,5 Speed,Automatic,5 Seats,DELHI
₹ 5.47 Lakh,SUV,"88,710 Kms",1st Owner,2015,16.5,Petrol,2015,Zero Dep,6 Speed,Automatic,5 Seats,DELHI
₹ 6.26 Lakh,Hatchback,"47,644 Kms",1st Owner,2019,21.4,Petrol,2019,Comprehensive,5 Speed,Manual,5 Seats,DELHI
₹ 12 Lakh,SUV,"40,000 Kms",1st Owner,2017,16.0,Diesel,2017,Third Party insurance,6 Speed ,Manual,7 Seats,DELHI
₹ 4.45 Lakh,Hatchback,"1,00,505 Kms",1st Owner,2016,21.4,Petrol,2016,Comprehensive,5 Speed,Manual,5 Seats,DELHI
₹ 4.58 Lakh,Hatchback,"1,06,648 Kms",1st Owner,2015,18.6,Petrol,2015,Third Party insurance,5 Speed,Manual,5 Seats,DELHI
₹ 2.05 Lakh,Hatchback,"60,000 Kms",2nd Owner,2014,11.88,CNG,2014,Third Party insurance,5 Speed,Manual,5 Seats,DELHI
₹ 5.07 Lakh,Hatchback,"53,481 Kms",1st Owner,2019,33.54,CNG,2019,Comprehensive,5 Speed,Manual,5 Seats,DELHI
₹ 2.40 Lakh,Hatchback,"40,000 Kms",2nd Owner,2012,18.9,Petrol,2012,Third Party insurance,5 Speed,Manual,5 Seats,DELHI
₹ 7.13 Lakh,Hatchback,"25,050 Kms",1st Owner,2019,21.4,Petrol,2019,Zero Dep,5 Speed,Manual,5 Seats,DELHI
₹ 8.90 Lakh,SUV,"77,000 Kms",1st Owner,2016,16.0,Diesel,2016,Third Party,6 Speed,Manual,7 Seats,DELHI
₹ 1.35 Lakh,Hatchback,"1,20,000 Kms",4th Owner,2006,16.1,Petrol,2006,Third Party insurance,5 Speed,Manual,5 Seats,DELHI
₹ 3.90 Lakh,Sedan,"58,000 Kms",1st Owner,2014,18.0,Petrol,2014,Comprehensive,5 Speed,Manual,5 Seats,DELHI
₹ 5.75 Lakh,Sedan,"96,000 Kms",1st Owner,2014,17.8,Petrol,2014,Comprehensive,5 Speed,Manual,5 Seats,DELHI
₹ 4 Lakh,Hatchback,"51,000 Kms",1st Owner,2019,31.79,CNG,2019,Comprehensive,5 Speed,Manual,5 Seats,DELHI
₹ 3.50 Lakh,Hatchback,"70,000 Kms",1st Owner,2015,27.3,Diesel,2015,Third Party insurance,6 Speed,Manual,5 Seats,DELHI
₹ 20.50 Lakh,SUV,"27,000 Kms",1st Owner,2022,18.1,Diesel,2022,Comprehensive,6-speed,Automatic,7 Seats,DELHI
₹ 8.25 Lakh,SUV,"32,456 Kms",1st Owner,2020,17.33,Petrol,2020,Comprehensive,6 Speed,Manual,5 Seats,DELHI
₹ 16.50 Lakh,SUV,"15,000 Kms",1st Owner,2021,18.9,Diesel,2021,Comprehensive,6 Speed,Automatic,4 Seats,DELHI
₹ 9.50 Lakh,Sedan,"34,940 Kms",1st Owner,2021,17.7,Petrol,2021,Comprehensive,6 Speed,Manual,5 Seats,DELHI
₹ 5 Lakh,Sedan,"70,000 Kms",3rd Owner,2016,23.9,Diesel,2016,Third Party insurance,6 Speed ,Manual,5 Seats,DELHI
₹ 6.08 Lakh,Hatchback,"73,679 Kms",1st Owner,2019,21.4,Petrol,2019,Comprehensive,5 Speed,Manual,5 Seats,DELHI
₹ 4.23 Lakh,Hatchback,"32,722 Kms",2nd Owner,2017,18.9,Petrol,2017,Comprehensive,5 Speed,Manual,5 Seats,DELHI
₹ 8 Lakh,Hatchback,"70,000 Kms",2nd Owner,2018,17.21,Petrol,2018,Third Party insurance,7 Speed,Automatic,5 Seats,DELHI
₹ 9.22 Lakh,Sedan,"59,059 Kms",1st Owner,2019,17.0,Petrol,2019,Zero Dep,6 Speed,Manual,5 Seats,DELHI
₹ 4.33 Lakh,Hatchback,"34,332 Kms",2nd Owner,2017,18.9,Petrol,2017,Third Party insurance,5 Speed,Manual,5 Seats,DELHI
₹ 5.25 Lakh,SUV,"72,194 Kms",1st Owner,2018,21.7,Diesel,2018,Third Party insurance,5 Speed,Manual,5 Seats,DELHI
₹ 5.26 Lakh,Hatchback,"56,740 Kms",1st Owner,2017,21.4,Petrol,2017,Zero Dep,5 Speed,Manual,5 Seats,DELHI
₹ 6.55 Lakh,SUV,"72,490 Kms",1st Owner,2019,18.49,Diesel,2019,Third Party insurance,5 Speed,Manual,7 Seats,DELHI
₹ 4.59 Lakh,Hatchback,"35,828 Kms",1st Owner,2018,18.9,Petrol,2018,Third Party,5 Speed,Manual,5 Seats,DELHI
₹ 14.50 Lakh,SUV,"57,088 Kms",1st Owner,2015,15.73,Diesel,2015,Third Party insurance,7-Speed S-Tronic ,Automatic,5 Seats,DELHI
₹ 8.65 Lakh,Sedan,"70,382 Kms",1st Owner,2020,17.8,Petrol,2020,Third Party insurance,7 Speed CVT,Automatic,5 Seats,DELHI
₹ 5.50 Lakh,Hatchback,"20,000 Kms",1st Owner,2022,20.89,Petrol,2022,Third Party insurance,5 Speed,Manual,5 Seats,DELHI
₹ 11.25 Lakh,Sedan,"17,000 Kms",1st Owner,2018,22.0,Diesel,2018,Third Party insurance,6 Speed,Automatic,5 Seats,DELHI
₹ 15 Lakh,SUV,"30,000 Kms",1st Owner,2020,13.96,Petrol,2020,Third Party insurance,6 Speed,Automatic,5 Seats,DELHI
₹ 2.61 Lakh,Hatchback,"70,000 Kms",1st Owner,2012,16.7,Petrol,2012,Third Party insurance,5 Speed,Manual,5 Seats,DELHI
₹ 9.50 Lakh,MUV,"65,202 Kms",1st Owner,2019,18.69,Petrol,2019,Third Party insurance,4 Speed,Automatic,7 Seats,DELHI
₹ 4.85 Lakh,MUV,"72,000 Kms",1st Owner,2013,16.02,Petrol,2013,Third Party insurance,5 Speed ,Manual,7 Seats,DELHI
₹ 5.10 Lakh,Hatchback,"45,313 Kms",1st Owner,2021,32.52,CNG,2021,Not Available,5 Speed,Manual,5 Seats,DELHI
₹ 25 Lakh,Sedan,"40,000 Kms",1st Owner,2015,19.27,Diesel,2015,Third Party insurance,7 Speed,Automatic,5 Seats,DELHI
₹ 6.64 Lakh,SUV,"1,20,000 Kms",1st Owner,2014,15.1,Diesel,2014,Third Party insurance,6 Speed ,Manual,7 Seats,DELHI
₹ 2.84 Lakh,Hatchback,"54,235 Kms",2nd Owner,2014,18.5,Petrol,2014,Third Party,5 Speed,Manual,5 Seats,DELHI
₹ 5.20 Lakh,Hatchback,"52,777 Kms",1st Owner,2018,20.89,Petrol,2018,Zero Dep,5 Speed,Automatic,5 Seats,DELHI
₹ 5.90 Lakh,Hatchback,"26,000 Kms",1st Owner,2018,18.6,Petrol,2018,Comprehensive,5 Speed,Manual,5 Seats,DELHI
₹ 6.55 Lakh,Sedan,"77,937 Kms",1st Owner,2018,15.41,Petrol,2018,Third Party,5 Speed,Manual,5 Seats,DELHI
₹ 6.99 Lakh,Sedan,"40,663 Kms",1st Owner,2021,19.28,Petrol,2021,Zero Dep,5-Speed,Manual,5 Seats,DELHI
₹ 3.95 Lakh,Hatchback,"40,000 Kms",1st Owner,2015,18.9,Petrol,2015,Comprehensive,5 Speed,Manual,5 Seats,DELHI
₹ 2.17 Lakh,Sedan,"1,15,500 Kms",1st Owner,2011,17.6,Petrol,2011,Comprehensive,5 Speed,Manual,5 Seats,DELHI
₹ 9.40 Lakh,Sedan,"67,000 Kms",1st Owner,2015,13.7,Petrol,2015,Comprehensive,7 Speed,Automatic,5 Seats,DELHI
₹ 8.87 Lakh,SUV,"16,312 Kms",1st Owner,2016,13.0,Petrol,2016,Third Party,6 Speed,Manual,5 Seats,DELHI
₹ 4.80 Lakh,Sedan,"60,000 Kms",2nd Owner,2016,20.85,Petrol,2016,Third Party insurance,5 Speed,Manual,5 Seats,DELHI
₹ 4.25 Lakh,MUV,"90,000 Kms",1st Owner,2014,17.3,Petrol,2014,Third Party insurance,5 Speed,Manual,7 Seats,DELHI
₹ 4.95 Lakh,Hatchback,"67,000 Kms",1st Owner,2018,18.9,CNG,2018,Comprehensive,5 Speed,Manual,5 Seats,DELHI
₹ 5.50 Lakh,Sedan,"80,000 Kms",2nd Owner,2015,20.73,Petrol,2015,Third Party insurance,5 Speed,Manual,5 Seats,DELHI
₹ 1.37 Lakh,Hatchback,"60,000 Kms",1st Owner,2011,19.81,Petrol,2011,Third Party insurance,5 Speed,Manual,5 Seats,DELHI
₹ 5.65 Lakh,Sedan,"34,253 Kms",1st Owner,2015,18.0,Petrol,2015,Comprehensive,5 Speed CVT,Automatic,5 Seats,DELHI
₹ 12.90 Lakh,SUV,"27,000 Kms",1st Owner,2019,16.8,Petrol,2019,Comprehensive,6-Speed IVT,Automatic,5 Seats,DELHI
₹ 3.55 Lakh,Hatchback,"64,000 Kms",2nd Owner,2017,23.1,Petrol,2017,Comprehensive,5 Speed,Automatic,5 Seats,DELHI
₹ 3.86 Lakh,Sedan,"67,827 Kms",1st Owner,2015,19.1,Petrol,2015,Third Party,5 Speed ,Manual,5 Seats,DELHI
₹ 5.14 Lakh,Hatchback,"79,094 Kms",1st Owner,2018,21.4,Petrol,2018,Zero Dep,5 Speed,Manual,5 Seats,DELHI
₹ 3.25 Lakh,Sedan,"64,589 Kms",2nd Owner,2012,17.01,Petrol,2012,Third Party,5 Speed,Manual,5 Seats,DELHI
₹ 5.08 Lakh,Hatchback,"88,309 Kms",1st Owner,2015,17.19,Petrol,2015,Comprehensive,5 Speed,Manual,5 Seats,DELHI
₹ 5.67 Lakh,Hatchback,"66,688 Kms",2nd Owner,2018,22.38,Petrol,2018,Comprehensive,5-Speed,Manual,5 Seats,DELHI
₹ 6.70 Lakh,Hatchback,"20,000 Kms",1st Owner,2022,21.01,Petrol,2022,Third Party insurance,5 Speed,Manual,5 Seats,DELHI
₹ 7.60 Lakh,Sedan,"60,653 Kms",1st Owner,2018,20.28,Petrol,2018,Third Party,4 Speed,Automatic,5 Seats,DELHI
₹ 33.50 Lakh,MUV,"70,000 Kms",1st Owner,2022,14.11,Diesel,2022,Third Party insurance,8-Speed,Automatic,7 Seats,DELHI
₹ 3.98 Lakh,Hatchback,"86,527 Kms",1st Owner,2017,18.9,Petrol,2017,Zero Dep,5 Speed,Manual,5 Seats,DELHI
₹ 4.85 Lakh,Sedan,"67,000 Kms",1st Owner,2017,19.5,Petrol,2017,Comprehensive,5 Speed,Manual,5 Seats,DELHI
₹ 1.35 Lakh,Hatchback,"70,000 Kms",3rd Owner,2009,16.0,Petrol,2009,Third Party insurance,5-Speed,Manual,5 Seats,DELHI
₹ 3 Lakh,SUV,"70,000 Kms",3rd Owner,2013,16.5,Petrol,2013,Third Party insurance,6 Speed,Automatic,5 Seats,DELHI
₹ 5.25 Lakh,Sedan,"70,311 Kms",1st Owner,2018,18.6,Petrol,2018,Third Party insurance,5 Speed,Manual,5 Seats,DELHI
₹ 3.75 Lakh,Hatchback,"54,000 Kms",1st Owner,2016,23.84,Petrol,2016,Comprehensive,5 Speed,Manual,5 Seats,DELHI
₹ 1.30 Lakh,Sedan,"80,000 Kms",3rd Owner,2009,17.0,Petrol,2009,Third Party insurance,5 Speed,Manual,5 Seats,DELHI
₹ 5.95 Lakh,SUV,"52,000 Kms",1st Owner,2017,25.5,Diesel,2017,Third Party insurance,6 Speed,Manual,5 Seats,DELHI
₹ 2 Lakh,Hatchback,"20,000 Kms",1st Owner,2010,18.9,Petrol,2010,Third Party insurance,5 Speed,Manual,5 Seats,DELHI
₹ 5.31 Lakh,Hatchback,"80,000 Kms",1st Owner,2019,22.54,Diesel,2019,Third Party insurance,6 Speed,Manual,5 Seats,DELHI
₹ 1.50 Lakh,Hatchback,"1,10,000 Kms",3rd Owner,2009,18.9,Petrol,2009,Third Party insurance,5 Speed,Manual,5 Seats,DELHI
₹ 16.25 Lakh,SUV,"15,000 Kms",1st Owner,2021,18.9,Diesel,2021,Comprehensive,6 Speed,Automatic,4 Seats,DELHI
₹ 5.03 Lakh,Hatchback,"69,821 Kms",1st Owner,2019,33.54,CNG,2019,Zero Dep,5 Speed,Manual,5 Seats,DELHI
₹ 8.62 Lakh,Hatchback,"12,754 Kms",1st Owner,2021,18.05,Petrol,2021,Zero Dep,5-Speed,Manual,5 Seats,DELHI
₹ 8.80 Lakh,Sedan,"69,000 Kms",1st Owner,2017,14.28,Petrol,2017,Third Party insurance,6 Speed,Manual,5 Seats,DELHI
₹ 2.72 Lakh,Hatchback,"98,390 Kms",1st Owner,2014,20.51,Petrol,2014,Third Party insurance,5 Speed,Manual,5 Seats,DELHI
₹ 6.27 Lakh,Sedan,"84,195 Kms",1st Owner,2016,19.12,Petrol,2016,Third Party insurance,4 Speed,Automatic,5 Seats,DELHI
₹ 28.50 Lakh,Sedan,"17,000 Kms",1st Owner,2018,15.04,Petrol,2018,Third Party insurance,7 Speed,Automatic,5 Seats,DELHI
₹ 4.28 Lakh,Hatchback,"77,184 Kms",1st Owner,2017,20.89,Petrol,2017,Comprehensive,5 Speed,Manual,5 Seats,DELHI
₹ 1.75 Lakh,Sedan,"40,000 Kms",1st Owner,2012,13.7,Petrol,2012,Third Party insurance,5 Speed,Manual,5 Seats,DELHI
₹ 4.14 Lakh,Hatchback,"82,848 Kms",1st Owner,2017,18.9,Petrol,2017,Comprehensive,5 Speed,Manual,5 Seats,DELHI
₹ 5.10 Lakh,Hatchback,"30,000 Kms",1st Owner,2019,23.84,Petrol,2019,Third Party insurance,5 Speed,Automatic,5 Seats,DELHI
₹ 5.50 Lakh,Hatchback,"50,000 Kms",1st Owner,2016,18.7,Petrol,2016,Third Party insurance,5 Speed,Manual,5 Seats,DELHI
₹ 23.41 Lakh,MUV,"40,000 Kms",1st Owner,2022,12.0,Diesel,2022,Third Party insurance,6 Speed,Automatic,7 Seats,DELHI
₹ 1.70 Lakh,Hatchback,"70,000 Kms",1st Owner,2013,20.92,Petrol,2013,Third Party insurance,5 Speed,Manual,5 Seats,DELHI
₹ 4.50 Lakh,Hatchback,"47,688 Kms",1st Owner,2017,21.01,Petrol,2017,Comprehensive,5 Speed,Manual,5 Seats,DELHI
₹ 1.10 Lakh,Sedan,"1,00,000 Kms",3rd Owner,2009,14.53,Petrol,2009,Third Party insurance,6 Speed,Manual,5 Seats,DELHI
₹ 2 Lakh,Hatchback,"90,000 Kms",2nd Owner,2014,23.08,Diesel,2014,Third Party insurance,5 Speed ,Manual,5 Seats,DELHI
"₹ 33,000 ",Hatchback,"40,000 Kms",1st Owner,2006,18.9,Petrol,2006,Third Party insurance,5 Speed,Manual,5 Seats,DELHI
₹ 3.50 Lakh,Hatchback,"40,000 Kms",2nd Owner,2018,18.15,Petrol,2018,Third Party insurance,5 Speed,Manual,6 Seats,DELHI
₹ 4.10 Lakh,SUV,"50,000 Kms",1st Owner,2016,19.87,Diesel,2016,Third Party insurance,5 speed,Manual,5 Seats,DELHI
₹ 5 Lakh,Sedan,"30,000 Kms",2nd Owner,2012,14.53,Petrol,2012,Third Party insurance,6 Speed ,Manual,5 Seats,DELHI
₹ 5.43 Lakh,Hatchback,"1,06,711 Kms",2nd Owner,2018,21.4,Petrol,2018,Zero Dep,CVT,Automatic,5 Seats,DELHI
₹ 5.14 Lakh,Hatchback,"83,741 Kms",1st Owner,2017,18.6,Petrol,2017,Zero Dep,5 Speed,Manual,5 Seats,DELHI
₹ 11.50 Lakh,SUV,"50,000 Kms",1st Owner,2014,14.16,Diesel,2014,Third Party insurance,7 Speed,Automatic,5 Seats,DELHI
₹ 7.47 Lakh,Sedan,"1,05,792 Kms",1st Owner,2018,22.27,Diesel,2018,Comprehensive,5 Speed,Manual,5 Seats,DELHI
₹ 5.93 Lakh,Hatchback,"88,750 Kms",1st Owner,2019,21.4,Petrol,2019,Zero Dep,5 Speed,Manual,5 Seats,DELHI
₹ 9 Lakh,SUV,"70,000 Kms",1st Owner,2014,15.1,Diesel,2014,Third Party insurance,6 Speed ,Manual,7 Seats,DELHI
₹ 5.39 Lakh,Hatchback,"89,972 Kms",1st Owner,2018,17.19,Petrol,2018,Comprehensive,5 Speed,Manual,5 Seats,DELHI
₹ 3.35 Lakh,Sedan,"50,000 Kms",1st Owner,2014,15.04,Petrol,2014,Third Party insurance,5 Speed,Manual,5 Seats,DELHI
₹ 5.94 Lakh,Hatchback,"36,785 Kms",2nd Owner,2019,18.2,Petrol,2019,Comprehensive,5 Speed,Manual,5 Seats,DELHI
₹ 9.10 Lakh,Sedan,"48,000 Kms",1st Owner,2019,19.1,Petrol,2019,Third Party,6 Speed,Manual,5 Seats,DELHI
₹ 19.25 Lakh,SUV,"20,000 Kms",1st Owner,2021,18.9,Petrol,2021,Comprehensive,6-speed,Manual,7 Seats,DELHI
₹ 60 Lakh,Sedan,"7,000 Kms",1st Owner,2023,16.9,Petrol,2023,Comprehensive,9G TRONIC,Automatic,5 Seats,DELHI
₹ 7.60 Lakh,MUV,"50,000 Kms",1st Owner,2021,18.2,Petrol,2021,Third Party insurance,5 Speed,Automatic,7 Seats,DELHI
₹ 4.90 Lakh,SUV,"40,000 Kms",1st Owner,2016,24.3,Diesel,2016,Third Party insurance,5 Speed,Manual,5 Seats,DELHI
₹ 5.21 Lakh,Hatchback,"59,000 Kms",1st Owner,2017,18.6,Petrol,2017,Comprehensive,5 Speed,Manual,5 Seats,DELHI
₹ 14 Lakh,SUV,"70,000 Kms",1st Owner,2019,16.0,Petrol,2019,Third Party insurance,7 Speed,Automatic,5 Seats,DELHI
₹ 9 Lakh,SUV,"1,10,000 Kms",1st Owner,2019,20.8,Diesel,2019,Third Party insurance,6-Speed,Manual,5 Seats,DELHI
₹ 9.50 Lakh,SUV,"1,00,000 Kms",1st Owner,2015,15.4,Diesel,2015,Third Party insurance,5 Speed,Manual,7 Seats,DELHI
₹ 55 Lakh,SUV,"30,000 Kms",2nd Owner,2017,11.0,Diesel,2017,Comprehensive,9 Speed,Automatic,7 Seats,DELHI
₹ 7.65 Lakh,Sedan,"48,000 Kms",1st Owner,2020,18.97,Petrol,2020,Third Party insurance,6 Speed,Manual,5 Seats,DELHI
₹ 5.55 Lakh,Sedan,"22,424 Kms",1st Owner,2017,20.14,Petrol,2017,Zero Dep,5 Speed,Manual,5 Seats,DELHI
₹ 4.77 Lakh,Sedan,"58,147 Kms",1st Owner,2017,20.14,Petrol,2017,Third Party,5 Speed,Manual,5 Seats,DELHI
₹ 3.41 Lakh,Hatchback,"67,000 Kms",1st Owner,2015,18.9,Petrol,2015,Third Party insurance,5 Speed,Manual,5 Seats,DELHI
₹ 4.76 Lakh,Hatchback,"1,12,479 Kms",1st Owner,2019,23.1,Petrol,2019,Zero Dep,5 Speed,Automatic,5 Seats,DELHI
₹ 6.11 Lakh,Sedan,"25,494 Kms",1st Owner,2018,21.21,Petrol,2018,Zero Dep,5 Speed,Automatic,5 Seats,DELHI
₹ 7.90 Lakh,SUV,"78,000 Kms",2nd Owner,2016,17.01,Diesel,2016,Comprehensive,6 Speed,Automatic,5 Seats,DELHI
₹ 5.13 Lakh,Hatchback,"51,276 Kms",2nd Owner,2016,18.6,Petrol,2016,Third Party,5 Speed,Manual,5 Seats,DELHI
₹ 8.25 Lakh,SUV,"85,000 Kms",1st Owner,2017,19.67,Diesel,2017,Comprehensive,6 Speed,Manual,5 Seats,DELHI
₹ 5.84 Lakh,Hatchback,"75,402 Kms",2nd Owner,2018,18.7,Petrol,2018,Third Party,5 Speed,Manual,5 Seats,DELHI
₹ 6.65 Lakh,Sedan,"1,09,000 Kms",1st Owner,2014,14.28,Petrol,2014,Third Party,6 Speed,Manual,5 Seats,DELHI
₹ 63.50 Lakh,Sedan,"14,500 Kms",1st Owner,2021,15.01,Petrol,2021,Comprehensive,8-Speed Steptronic,Automatic,5 Seats,DELHI
₹ 46 Lakh,SUV,"76,000 Kms",2nd Owner,2017,14.75,Diesel,2017,Comprehensive,8 Speed,Automatic,7 Seats,DELHI
₹ 4.75 Lakh,Sedan,"34,000 Kms",1st Owner,2017,17.8,Petrol,2017,Third Party insurance,5 Speed,Manual,5 Seats,DELHI
₹ 3.30 Lakh,Sedan,"80,000 Kms",2nd Owner,2015,19.1,Petrol,2015,Third Party insurance,5 Speed ,Manual,5 Seats,DELHI
₹ 6.35 Lakh,Sedan,"60,000 Kms",1st Owner,2018,23.8,Diesel,2018,Third Party insurance,5 Speed,Automatic,5 Seats,DELHI
₹ 3.99 Lakh,SUV,"60,000 Kms",1st Owner,2014,19.01,Diesel,2014,Third Party insurance,6 Speed,Manual,5 Seats,DELHI
₹ 4.20 Lakh,Sedan,"59,000 Kms",2nd Owner,2014,19.1,Petrol,2014,Third Party insurance,5 Speed,Manual,5 Seats,DELHI
₹ 4.60 Lakh,SUV,"99,000 Kms",1st Owner,2016,21.7,Diesel,2016,Comprehensive,5 Speed,Manual,5 Seats,DELHI
₹ 23.75 Lakh,SUV,"17,000 Kms",1st Owner,2021,14.1,Petrol,2021,Third Party,7 Speed DCT,Automatic,5 Seats,DELHI
₹ 7.20 Lakh,Sedan,"79,982 Kms",1st Owner,2018,21.56,Petrol,2018,Third Party,5 Speed,Manual,5 Seats,DELHI
₹ 8.46 Lakh,Sedan,"67,047 Kms",1st Owner,2017,18.0,Petrol,2017,Zero Dep,5 Speed CVT,Automatic,5 Seats,DELHI
₹ 5 Lakh,Sedan,"50,000 Kms",1st Owner,2012,19.33,Diesel,2012,Third Party insurance,6 Speed,Manual,5 Seats,DELHI
₹ 4.71 Lakh,Hatchback,"85,782 Kms",1st Owner,2017,21.4,Petrol,2017,Zero Dep,5 Speed,Manual,5 Seats,DELHI
₹ 4.46 Lakh,Hatchback,"99,547 Kms",1st Owner,2016,21.4,Petrol,2016,Zero Dep,5 Speed,Manual,5 Seats,DELHI
₹ 3.65 Lakh,Hatchback,"30,000 Kms",1st Owner,2018,24.04,Petrol,2018,Comprehensive,5 Speed,Automatic,5 Seats,DELHI
₹ 3.54 Lakh,Hatchback,"69,455 Kms",1st Owner,2017,25.24,Petrol,2017,Zero Dep,5-Speed,Manual,5 Seats,DELHI
₹ 16.50 Lakh,SUV,"14,000 Kms",1st Owner,2022,17.88,Petrol,2022,Comprehensive,7-Speed DSG,Automatic,5 Seats,DELHI
₹ 8.78 Lakh,SUV,"40,738 Kms",1st Owner,2019,14.8,Petrol,2019,Zero Dep,6 Speed,Automatic,5 Seats,DELHI
₹ 19.10 Lakh,Sedan,"76,000 Kms",1st Owner,2015,11.7,Petrol,2015,Comprehensive,6 Speed,Automatic,5 Seats,DELHI
₹ 5.25 Lakh,Hatchback,"30,000 Kms",1st Owner,2020,21.21,Petrol,2020,Third Party insurance,5,Manual,5 Seats,DELHI
₹ 8.30 Lakh,SUV,"50,000 Kms",1st Owner,2020,23.0,Diesel,2020,Third Party insurance,5 Speed,Manual,5 Seats,DELHI
₹ 2 Lakh,Sedan,"90,000 Kms",2nd Owner,2012,16.95,Petrol,2012,Third Party insurance,5 Speed,Manual,5 Seats,DELHI
₹ 13.45 Lakh,Sedan,"10,700 Kms",1st Owner,2022,18.3,Petrol,2022,Third Party insurance,CVT,Automatic,5 Seats,DELHI
₹ 13.45 Lakh,Sedan,"10,000 Kms",1st Owner,2022,18.3,Petrol,2022,Third Party insurance,CVT,Automatic,5 Seats,DELHI
₹ 3.50 Lakh,Hatchback,"80,000 Kms",2nd Owner,2017,20.51,Petrol,2017,Third Party insurance,5 Speed,Manual,5 Seats,DELHI
₹ 54.95 Lakh,SUV,"36,000 Kms",1st Owner,2018,14.75,Diesel,2018,Comprehensive,8 Speed,Automatic,7 Seats,DELHI
₹ 23 Lakh,SUV,"70,000 Kms",1st Owner,2018,10.91,Diesel,2018,Third Party insurance,6 Speed,Automatic,7 Seats,DELHI
₹ 16 Lakh,SUV,"60,000 Kms",1st Owner,2015,12.55,Diesel,2015,Comprehensive,5 Speed ,Automatic,7 Seats,DELHI
₹ 28.90 Lakh,Sedan,"34,000 Kms",1st Owner,2018,15.04,Petrol,2018,Comprehensive,7 Speed,Automatic,5 Seats,DELHI
₹ 7.46 Lakh,Sedan,"48,430 Kms",1st Owner,2016,17.8,Petrol,2016,Zero Dep,5 Speed,Manual,5 Seats,DELHI
₹ 6.39 Lakh,SUV,"93,671 Kms",1st Owner,2018,23.0,Diesel,2018,Zero Dep,5 Speed,Manual,5 Seats,DELHI
₹ 14.49 Lakh,SUV,"1,00,000 Kms",2nd Owner,2015,12.55,Diesel,2015,Third Party insurance,5-Speed ,Automatic,7 Seats,DELHI
₹ 7.36 Lakh,Sedan,"1,08,665 Kms",2nd Owner,2018,20.28,Petrol,2018,Third Party,4 Speed,Automatic,5 Seats,DELHI
₹ 7.49 Lakh,Hatchback,"17,447 Kms",1st Owner,2022,26.49,CNG,2022,Comprehensive,5-Speed,Manual,5 Seats,DELHI
₹ 27.50 Lakh,SUV,"19,000 Kms",1st Owner,2022,18.9,Diesel,2022,Zero Dep,6-Speed,Manual,7 Seats,DELHI
₹ 6.93 Lakh,SUV,"1,00,579 Kms",2nd Owner,2019,19.87,Diesel,2019,Zero Dep,6-Speed,Manual,5 Seats,DELHI
₹ 2.75 Lakh,Hatchback,"80,000 Kms",1st Owner,2013,19.34,Petrol,2013,Third Party insurance,5 Speed,Automatic,5 Seats,DELHI
₹ 4.75 Lakh,Hatchback,"65,039 Kms",1st Owner,2019,20.3,Petrol,2019,Zero Dep,5 Speed,Manual,5 Seats,DELHI
₹ 23 Lakh,SUV,"60,000 Kms",1st Owner,2017,10.91,Diesel,2017,Comprehensive,6 Speed,Automatic,7 Seats,DELHI
₹ 1.50 Lakh,Hatchback,"50,000 Kms",4th Owner,2010,19.81,Petrol,2010,Third Party insurance,5 Speed,Manual,5 Seats,DELHI
₹ 6.65 Lakh,Sedan,"65,000 Kms",1st Owner,2015,18.0,Petrol,2015,Comprehensive,5 Speed CVT,Automatic,5 Seats,DELHI
₹ 2.25 Lakh,Hatchback,"84,000 Kms",3rd Owner,2011,17.0,Petrol,2011,Comprehensive,5 Speed,Manual,5 Seats,DELHI
₹ 35 Lakh,SUV,"35,000 Kms",1st Owner,2021,10.26,Petrol,2021,Zero Dep,6 Speed,Automatic,7 Seats,DELHI
₹ 8.50 Lakh,SUV,"80,000 Kms",1st Owner,2018,24.3,Diesel,2018,Third Party insurance,5 Speed,Manual,5 Seats,DELHI
₹ 19.85 Lakh,SUV,"16,500 Kms",1st Owner,2023,19.39,Petrol,2023,Comprehensive,5 Speed,Manual,5 Seats,DELHI
₹ 31 Lakh,SUV,"40,000 Kms",2nd Owner,2019,14.24,Diesel,2019,Third Party insurance,6 Speed,Manual,7 Seats,DELHI
₹ 5.50 Lakh,Sedan,"50,500 Kms",1st Owner,2016,17.8,Petrol,2016,Third Party insurance,5 Speed,Manual,5 Seats,DELHI
₹ 2.85 Lakh,Sedan,"90,000 Kms",2nd Owner,2016,17.57,Petrol,2016,Third Party insurance,5 Speed,Manual,5 Seats,DELHI
₹ 3 Lakh,Sedan,"80,000 Kms",2nd Owner,2010,16.8,Petrol,2010,Third Party insurance,5 Speed,Automatic,5 Seats,DELHI
₹ 1.85 Lakh,Hatchback,"40,462 Kms",2nd Owner,2011,18.9,Petrol,2011,Comprehensive,5 Speed,Manual,5 Seats,DELHI
₹ 5.25 Lakh,Hatchback,"40,000 Kms",1st Owner,2018,22.0,Petrol,2018,Comprehensive,5,Manual,5 Seats,DELHI
₹ 3.75 Lakh,Sedan,"1,50,000 Kms",1st Owner,2013,23.4,Diesel,2013,Third Party insurance,5 Speed,Manual,5 Seats,DELHI
₹ 10.12 Lakh,Sedan,"47,761 Kms",1st Owner,2020,17.7,Petrol,2020,Comprehensive,6 Speed,Manual,5 Seats,DELHI
₹ 13.50 Lakh,SUV,"80,488 Kms",1st Owner,2020,18.9,Diesel,2020,Third Party,6-speed,Manual,5 Seats,DELHI
₹ 4 Lakh,Hatchback,"70,000 Kms",1st Owner,2020,31.2,CNG,2020,Third Party insurance,5-Speed,Manual,4 Seats,DELHI
₹ 19.30 Lakh,SUV,"17,204 Kms",1st Owner,2022,16.14,Diesel,2022,Comprehensive,6-Speed,Manual,7 Seats,DELHI
₹ 5.25 Lakh,Hatchback,"66,000 Kms",1st Owner,2017,18.9,Petrol,2017,Comprehensive,4 Speed,Automatic,5 Seats,DELHI
₹ 4.25 Lakh,Hatchback,"41,900 Kms",1st Owner,2019,25.17,Petrol,2019,Comprehensive,5 Speed,Manual,5 Seats,DELHI
₹ 5.25 Lakh,Hatchback,"45,000 Kms",1st Owner,2019,18.9,Petrol,2019,Comprehensive,5 Speed,Manual,5 Seats,DELHI
₹ 3.75 Lakh,Hatchback,"52,000 Kms",1st Owner,2013,16.47,Petrol,2013,Comprehensive,5 Speed,Manual,5 Seats,DELHI
₹ 21 Lakh,SUV,"40,000 Kms",1st Owner,2021,18.1,Diesel,2021,Third Party insurance,6-speed,Automatic,7 Seats,DELHI
₹ 4.10 Lakh,Sedan,"64,000 Kms",1st Owner,2015,18.0,Petrol,2015,Comprehensive,5 Speed,Manual,5 Seats,DELHI
₹ 4.35 Lakh,SUV,"76,500 Kms",1st Owner,2018,18.15,CNG,2018,Third Party insurance,5 Speed,Manual,6 Seats,DELHI
₹ 6.45 Lakh,Sedan,"48,000 Kms",1st Owner,2016,17.8,Petrol,2016,Third Party insurance,5 Speed,Manual,5 Seats,DELHI
₹ 7.75 Lakh,SUV,"42,000 Kms",1st Owner,2019,17.0,Petrol,2019,Comprehensive,6 Speed,Automatic,5 Seats,DELHI
₹ 3.75 Lakh,SUV,"50,000 Kms",2nd Owner,2014,13.24,Petrol,2014,Comprehensive,5 speed,Manual,5 Seats,DELHI
₹ 6.50 Lakh,SUV,"55,000 Kms",2nd Owner,2017,15.9,Petrol,2017,Comprehensive,5 Speed,Manual,5 Seats,DELHI
₹ 2.05 Lakh,Sedan,"90,000 Kms",2nd Owner,2010,15.04,Petrol,2010,Third Party insurance,5 Speed,Manual,5 Seats,DELHI
₹ 23.90 Lakh,Sedan,"72,000 Kms",1st Owner,2015,12.0,Petrol,2015,Comprehensive,7 Speed,Automatic,5 Seats,DELHI
₹ 5.29 Lakh,SUV,"33,091 Kms",2nd Owner,2018,18.15,Petrol,2018,Zero Dep,5 Speed,Manual,6 Seats,DELHI
₹ 3 Lakh,Hatchback,"40,838 Kms",1st Owner,2018,22.25,Petrol,2018,Third Party insurance,5 Speed,Manual,5 Seats,DELHI
₹ 24 Lakh,Sedan,"56,000 Kms",1st Owner,2015,11.74,Petrol,2015,Comprehensive,7 Speed,Automatic,5 Seats,DELHI
₹ 16.78 Lakh,MUV,"71,914 Kms",1st Owner,2018,18.9,Diesel,2018,Comprehensive,5-Speed,Manual,7 Seats,DELHI
₹ 4.99 Lakh,Hatchback,"67,043 Kms",1st Owner,2017,22.38,Petrol,2017,Comprehensive,5-Speed,Manual,5 Seats,DELHI
₹ 32.75 Lakh,SUV,"18,000 Kms",1st Owner,2021,14.34,Petrol,2021,Comprehensive,7-Speed DCT Steptronic,Automatic,5 Seats,DELHI
₹ 2.07 Lakh,Sedan,"1,00,010 Kms",1st Owner,2011,17.6,Petrol,2011,Comprehensive,5 Speed,Manual,5 Seats,DELHI
₹ 3.90 Lakh,Hatchback,"70,000 Kms",2nd Owner,2016,23.1,Petrol,2016,Third Party insurance,5 Speed ,Automatic,5 Seats,DELHI
₹ 6.03 Lakh,Sedan,"56,857 Kms",1st Owner,2015,17.4,Petrol,2015,Comprehensive,5 Speed ,Manual,5 Seats,DELHI
₹ 14 Lakh,Sedan,"1,20,000 Kms",1st Owner,2014,19.16,Petrol,2014,Third Party insurance,6 Speed ,Automatic,5 Seats,DELHI
₹ 31.50 Lakh,SUV,"92,000 Kms",1st Owner,2015,11.3,Diesel,2015,Third Party insurance,7 Speed,Automatic,7 Seats,DELHI
₹ 50 Lakh,Sedan,"45,000 Kms",1st Owner,2019,16.1,Diesel,2019,Comprehensive,9 Speed,Automatic,5 Seats,DELHI
₹ 17.25 Lakh,MUV,"68,000 Kms",1st Owner,2019,11.36,Diesel,2019,Zero Dep,6 Speed,Automatic,8 Seats,DELHI
₹ 52.40 Lakh,SUV,"36,000 Kms",1st Owner,2020,12.74,Petrol,2020,Comprehensive,9 speed Tronic,Automatic,5 Seats,DELHI
₹ 16 Lakh,Sedan,"67,000 Kms",2nd Owner,2012,8.45,Petrol,2012,Comprehensive,6 Speed,Automatic,5 Seats,DELHI
₹ 12.50 Lakh,Sedan,"37,000 Kms",1st Owner,2017,14.28,Petrol,2017,Comprehensive,6 Speed,Manual,5 Seats,DELHI
₹ 19.25 Lakh,SUV,"9,150 Kms",1st Owner,2021,16.56,Petrol,2021,Comprehensive,6-speed CVT,Automatic,6 Seats,DELHI
₹ 2.50 Lakh,Hatchback,"1,00,000 Kms",3rd Owner,2012,23.0,Diesel,2012,Third Party insurance,6 Speed,Manual,5 Seats,DELHI
₹ 9.35 Lakh,Sedan,"10,000 Kms",1st Owner,2022,18.3,Petrol,2022,Third Party insurance,CVT,Automatic,5 Seats,DELHI
₹ 5.51 Lakh,MUV,"1,16,059 Kms",1st Owner,2013,26.11,CNG,2013,Third Party insurance,5-Speed,Manual,7 Seats,DELHI
₹ 5.06 Lakh,Hatchback,"18,254 Kms",1st Owner,2022,20.89,Petrol,2022,Comprehensive,5 Speed,Manual,5 Seats,DELHI
₹ 63 Lakh,SUV,"61,200 Kms",1st Owner,2016,12.65,Diesel,2016,Comprehensive,8 Speed,Automatic,5 Seats,DELHI
₹ 4.22 Lakh,Sedan,"1,08,133 Kms",1st Owner,2016,18.0,Petrol,2016,Zero Dep,5 Speed,Manual,5 Seats,DELHI
₹ 6.31 Lakh,MUV,"66,198 Kms",1st Owner,2014,20.51,Petrol,2014,Comprehensive,5-Speed,Manual,7 Seats,DELHI
₹ 5.90 Lakh,Hatchback,"49,000 Kms",1st Owner,2017,21.01,Petrol,2017,Third Party insurance,5 Speed,Manual,5 Seats,DELHI
₹ 4.99 Lakh,Hatchback,"89,733 Kms",1st Owner,2017,18.9,Petrol,2017,Zero Dep,4 Speed,Automatic,5 Seats,DELHI
₹ 7.85 Lakh,Hatchback,"20,000 Kms",1st Owner,2022,22.56,Petrol,2022,Third Party insurance,5-Speed,Automatic,5 Seats,DELHI
₹ 3.25 Lakh,Hatchback,"90,360 Kms",2nd Owner,2014,21.9,Diesel,2014,Comprehensive,6 Speed,Manual,5 Seats,DELHI
₹ 36 Lakh,SUV,"44,000 Kms",1st Owner,2017,12.63,Petrol,2017,Comprehensive,9 Speed,Automatic,5 Seats,DELHI
₹ 9.25 Lakh,Sedan,"26,000 Kms",1st Owner,2020,17.8,Petrol,2020,Comprehensive,7 Speed CVT,Automatic,5 Seats,DELHI
₹ 6.45 Lakh,Sedan,"68,000 Kms",1st Owner,2016,20.73,Petrol,2016,Third Party insurance,5 Speed,Manual,5 Seats,DELHI
₹ 7.60 Lakh,Sedan,"60,000 Kms",1st Owner,2018,21.56,Petrol,2018,Third Party insurance,5 Speed,Manual,5 Seats,DELHI
₹ 42 Lakh,Sedan,"20,000 Kms",1st Owner,2020,16.13,Petrol,2020,Comprehensive,8-Speed Steptronic Sport Automatic Transmission,Automatic,5 Seats,DELHI
₹ 12.45 Lakh,Sedan,"8,000 Kms",1st Owner,2021,17.4,Petrol,2021,Third Party insurance,5 Speed,Manual,5 Seats,DELHI
₹ 5 Lakh,SUV,"1,20,000 Kms",1st Owner,2014,19.01,Diesel,2014,Third Party insurance,6 Speed,Manual,5 Seats,DELHI
₹ 2.80 Lakh,Hatchback,"70,000 Kms",1st Owner,2015,26.6,CNG,2015,Third Party insurance,5 Speed,Manual,5 Seats,DELHI
₹ 1.15 Lakh,Sedan,"90,000 Kms",3rd Owner,2009,17.0,Petrol,2009,Third Party insurance,5 Speed,Manual,5 Seats,DELHI
₹ 6 Lakh,SUV,"70,000 Kms",1st Owner,2018,23.0,Diesel,2018,Third Party insurance,5 Speed,Manual,5 Seats,DELHI
₹ 16.50 Lakh,SUV,"70,000 Kms",1st Owner,2021,16.35,Diesel,2021,Third Party insurance,6-Speed,Manual,5 Seats,DELHI
₹ 8.53 Lakh,SUV,"14,445 Kms",2nd Owner,2021,18.27,Petrol,2021,Zero Dep,6-Speed,Manual,5 Seats,DELHI
₹ 8.61 Lakh,SUV,"29,847 Kms",2nd Owner,2019,17.0,Petrol,2019,Zero Dep,6 Speed,Automatic,5 Seats,DELHI
₹ 2.75 Lakh,Sedan,"80,000 Kms",2nd Owner,2011,15.04,Petrol,2011,Third Party insurance,5 Speed,Manual,5 Seats,DELHI
₹ 4.18 Lakh,Hatchback,"88,443 Kms",1st Owner,2014,18.9,Petrol,2014,Comprehensive,4 Speed,Automatic,5 Seats,DELHI
₹ 1.90 Lakh,Hatchback,"82,892 Kms",2nd Owner,2011,20.36,Petrol,2011,Third Party,5 Speed,Manual,5 Seats,DELHI
₹ 18.50 Lakh,SUV,"14,500 Kms",1st Owner,2023,18.9,Diesel,2023,Third Party,6 Speed,Automatic,4 Seats,DELHI
₹ 5.19 Lakh,Hatchback,"59,549 Kms",1st Owner,2015,17.19,Petrol,2015,Comprehensive,5 Speed,Manual,5 Seats,DELHI
₹ 3.20 Lakh,Hatchback,"70,000 Kms",1st Owner,2015,26.6,CNG,2015,Third Party insurance,5 Speed,Manual,5 Seats,DELHI
₹ 5.01 Lakh,Hatchback,"64,228 Kms",2nd Owner,2019,33.54,CNG,2019,Zero Dep,5 Speed,Manual,5 Seats,DELHI
₹ 7 Lakh,Hatchback,"10,000 Kms",1st Owner,2022,22.38,Petrol,2022,Third Party insurance,5-Speed,Manual,5 Seats,DELHI
₹ 6 Lakh,SUV,"60,000 Kms",2nd Owner,2018,23.0,Diesel,2018,Third Party insurance,5 Speed,Manual,5 Seats,DELHI
₹ 6.75 Lakh,SUV,"32,000 Kms",1st Owner,2018,17.0,Petrol,2018,Third Party insurance,6 Speed,Automatic,5 Seats,DELHI
₹ 5.50 Lakh,Hatchback,"20,000 Kms",1st Owner,2019,21.21,Petrol,2019,Third Party insurance,5,Manual,5 Seats,DELHI
₹ 3.45 Lakh,Hatchback,"65,000 Kms",1st Owner,2016,33.54,CNG,2016,Comprehensive,5 Speed,Manual,5 Seats,DELHI
₹ 5.41 Lakh,Hatchback,"23,900 Kms",1st Owner,2021,33.54,CNG,2021,Comprehensive,5 Speed,Manual,5 Seats,DELHI
₹ 4.30 Lakh,Hatchback,"2,900 Kms",1st Owner,2023,24.39,Petrol,2023,Comprehensive,5 Speed,Manual,5 Seats,DELHI
₹ 8.60 Lakh,SUV,"15,000 Kms",1st Owner,2022,18.9,Petrol,2022,Comprehensive,5-Speed,Manual,5 Seats,DELHI
₹ 5.30 Lakh,Hatchback,"11,200 Kms",1st Owner,2022,20.3,Petrol,2022,Comprehensive,5 Speed,Manual,5 Seats,DELHI
₹ 14.23 Lakh,SUV,"17,000 Kms",1st Owner,2023,18.9,Electric,2023,Comprehensive,5 Speed,Automatic,5 Seats,DELHI
₹ 10.70 Lakh,SUV,"1,900 Kms",1st Owner,2023,18.2,Petrol,2023,Comprehensive,6-Speed iMT,Manual,5 Seats,DELHI
₹ 1.73 Lakh,Hatchback,"70,098 Kms",1st Owner,2010,20.36,Petrol,2010,Comprehensive,5 Speed,Manual,5 Seats,DELHI
₹ 7.07 Lakh,SUV,"30,498 Kms",1st Owner,2021,18.75,Petrol,2021,Comprehensive,5 Speed,Manual,5 Seats,DELHI
₹ 8.20 Lakh,Sedan,"33,000 Kms",1st Owner,2021,18.3,Petrol,2021,Comprehensive,CVT,Automatic,5 Seats,DELHI
₹ 8.28 Lakh,SUV,"7,243 Kms",1st Owner,2021,20.5,Petrol,2021,Third Party,5 Speed,Manual,5 Seats,DELHI
₹ 12.55 Lakh,SUV,"7,867 Kms",1st Owner,2023,19.89,Petrol,2023,Comprehensive,5-Speed,Manual,5 Seats,DELHI
₹ 6.90 Lakh,SUV,"1,10,000 Kms",2nd Owner,2018,24.3,Diesel,2018,Third Party insurance,5 Speed,Manual,5 Seats,DELHI
₹ 6.16 Lakh,MUV,"49,650 Kms",1st Owner,2022,20.0,Petrol,2022,Comprehensive,5 Speed,Manual,7 Seats,DELHI
₹ 20.99 Lakh,SUV,"5,301 Kms",1st Owner,2022,16.14,Diesel,2022,Comprehensive,6-Speed,Manual,6 Seats,DELHI
₹ 8 Lakh,SUV,"21,366 Kms",1st Owner,2019,18.27,Petrol,2019,Comprehensive,6-Speed,Manual,5 Seats,DELHI
₹ 24.50 Lakh,SUV,"40,099 Kms",1st Owner,2021,14.9,Diesel,2021,Comprehensive,9 Speed,Automatic,5 Seats,DELHI
₹ 3.15 Lakh,Sedan,"1,00,000 Kms",1st Owner,2015,25.83,Diesel,2015,Third Party insurance,5 Speed,Manual,5 Seats,DELHI
₹ 3.15 Lakh,Sedan,"1,00,000 Kms",1st Owner,2015,25.83,Diesel,2015,Third Party insurance,5 Speed,Manual,5 Seats,DELHI
₹ 6.50 Lakh,Sedan,"48,000 Kms",1st Owner,2015,17.4,Petrol,2015,Comprehensive,5 Speed ,Manual,5 Seats,DELHI
₹ 78 Lakh,SUV,"29,000 Kms",1st Owner,2020,18.9,Diesel,2020,Comprehensive,9G-TRONIC,Automatic,5 Seats,DELHI
₹ 3.10 Lakh,Hatchback,"1,20,000 Kms",1st Owner,2017,26.6,CNG,2017,Third Party insurance,5 Speed,Manual,5 Seats,DELHI
₹ 8.25 Lakh,SUV,"58,000 Kms",1st Owner,2019,17.0,Petrol,2019,Third Party insurance,6 Speed,Automatic,5 Seats,DELHI
₹ 4.85 Lakh,Sedan,"58,000 Kms",1st Owner,2016,17.8,Petrol,2016,Comprehensive,5 Speed,Manual,5 Seats,DELHI
₹ 3.50 Lakh,Sedan,"50,000 Kms",1st Owner,2015,18.0,Petrol,2015,Third Party insurance,5 Speed,Manual,5 Seats,DELHI
₹ 7.95 Lakh,Sedan,"32,000 Kms",1st Owner,2019,18.1,Petrol,2019,Comprehensive,CVT,Automatic,5 Seats,DELHI
₹ 40.90 Lakh,Sedan,"9,900 Kms",1st Owner,2020,20.37,Diesel,2020,Comprehensive,8 Speed,Automatic,5 Seats,DELHI
₹ 4.70 Lakh,Hatchback,"3,721 Kms",1st Owner,2017,20.4,Petrol,2017,Third Party,5 Speed,Manual,5 Seats,DELHI
₹ 6.25 Lakh,Hatchback,"16,564 Kms",1st Owner,2020,20.7,Petrol,2020,Comprehensive,5-Speed,Manual,5 Seats,DELHI
₹ 72.90 Lakh,SUV,"34,000 Kms",1st Owner,2019,13.38,Diesel,2019,Comprehensive,8-Speed Steptronic,Automatic,5 Seats,DELHI
₹ 7.94 Lakh,SUV,"15,992 Kms",1st Owner,2022,20.09,Petrol,2022,Comprehensive,5 Speed,Manual,5 Seats,DELHI
₹ 2.66 Lakh,Hatchback,"91,380 Kms",1st Owner,2015,23.95,Petrol,2015,Comprehensive,5 Speed,Manual,5 Seats,DELHI
₹ 23.90 Lakh,Sedan,"50,000 Kms",1st Owner,2017,15.04,Petrol,2017,Comprehensive,7 Speed,Automatic,5 Seats,DELHI
₹ 2.96 Lakh,Hatchback,"47,231 Kms",2nd Owner,2017,24.39,Petrol,2017,Comprehensive,5 Speed,Manual,5 Seats,DELHI
₹ 30.90 Lakh,SUV,"20,500 Kms",1st Owner,2018,12.9,Diesel,2018,Comprehensive,6 Speed,Automatic,7 Seats,DELHI
₹ 6.07 Lakh,SUV,"89,908 Kms",1st Owner,2018,24.3,Diesel,2018,Third Party insurance,5 Speed,Manual,5 Seats,DELHI
₹ 40 Lakh,SUV,"60,000 Kms",1st Owner,2018,17.9,Diesel,2018,Comprehensive,9 Speed,Automatic,5 Seats,DELHI
₹ 27.50 Lakh,SUV,"34,000 Kms",1st Owner,2018,20.68,Diesel,2018,Comprehensive,8 Speed,Automatic,5 Seats,DELHI
₹ 7.40 Lakh,Hatchback,"30,000 Kms",1st Owner,2022,22.35,Petrol,2022,Third Party insurance,5-Speed,Manual,5 Seats,DELHI
₹ 1.15 Lakh,Hatchback,"1,20,000 Kms",1st Owner,2013,20.3,Diesel,2013,Third Party insurance,5-Speed,Manual,5 Seats,DELHI
₹ 1.67 Lakh,Hatchback,"99,100 Kms",1st Owner,2010,19.81,Petrol,2010,Third Party insurance,5 Speed,Manual,5 Seats,DELHI
₹ 14.75 Lakh,SUV,"22,000 Kms",1st Owner,2019,16.0,Petrol,2019,Comprehensive,7 Speed,Automatic,5 Seats,DELHI
₹ 19.95 Lakh,SUV,"22,120 Kms",1st Owner,2017,20.68,Diesel,2017,Third Party,8 Speed,Automatic,5 Seats,DELHI
₹ 12.65 Lakh,SUV,"30,120 Kms",1st Owner,2020,18.9,Diesel,2020,Comprehensive,6 Speed,Manual,7 Seats,DELHI
₹ 8.35 Lakh,MUV,"4,000 Kms",1st Owner,2023,18.2,Petrol,2023,Comprehensive,5 Speed,Automatic,7 Seats,DELHI
₹ 10.95 Lakh,SUV,"14,800 Kms",1st Owner,2021,23.7,Diesel,2021,Comprehensive,6-Speed,Manual,5 Seats,DELHI
₹ 19.50 Lakh,Sedan,"8,120 Kms",1st Owner,2020,16.5,Petrol,2020,Comprehensive,CVT,Automatic,5 Seats,DELHI
₹ 3.09 Lakh,Hatchback,"54,650 Kms",1st Owner,2012,18.5,Petrol,2012,Comprehensive,5 Speed,Manual,5 Seats,DELHI
₹ 2.05 Lakh,Hatchback,"99,343 Kms",1st Owner,2010,19.81,Petrol,2010,Comprehensive,5 Speed,Manual,5 Seats,DELHI
₹ 16.99 Lakh,SUV,"22,800 Kms",1st Owner,2020,17.1,Diesel,2020,Comprehensive,6 Speed,Manual,5 Seats,DELHI
₹ 3.03 Lakh,Hatchback,"37,961 Kms",2nd Owner,2014,20.51,Petrol,2014,Comprehensive,5 Speed,Manual,5 Seats,DELHI
₹ 2.64 Lakh,Hatchback,"76,751 Kms",2nd Owner,2016,24.39,Petrol,2016,Third Party insurance,5 Speed,Manual,5 Seats,DELHI
₹ 23.95 Lakh,SUV,"6,000 Kms",1st Owner,2022,18.9,Petrol,2022,Comprehensive,6-Speed,Automatic,6 Seats,DELHI
₹ 15.41 Lakh,SUV,"24,788 Kms",1st Owner,2021,14.34,Petrol,2021,Comprehensive,6 Speed,Automatic,5 Seats,DELHI
₹ 4 Lakh,SUV,"90,000 Kms",2nd Owner,2010,11.3,Petrol,2010,Third Party insurance,Six Speed Manual with Paddle Shifter,Automatic,5 Seats,DELHI
₹ 3.08 Lakh,Hatchback,"70,036 Kms",1st Owner,2017,24.39,Petrol,2017,Comprehensive,5 Speed,Manual,5 Seats,DELHI
₹ 10 Lakh,SUV,"45,500 Kms",2nd Owner,2019,16.0,Diesel,2019,Comprehensive,6 Speed,Manual,7 Seats,DELHI
₹ 57 Lakh,SUV,"16,000 Kms",1st Owner,2022,13.47,Petrol,2022,Comprehensive,5 Speed,Automatic,5 Seats,DELHI
₹ 2.40 Lakh,Hatchback,"75,000 Kms",1st Owner,2012,17.0,Petrol,2012,Third Party insurance,5 Speed,Manual,5 Seats,DELHI
₹ 24.50 Lakh,Sedan,"19,000 Kms",1st Owner,2012,10.13,Petrol,2012,Third Party insurance,7 Speed,Automatic,5 Seats,DELHI
₹ 12.90 Lakh,Hatchback,"40,000 Kms",2nd Owner,2014,20.0,Diesel,2014,Comprehensive,7G DCT 7-Speed Dual Clutch Transmission ,Automatic,5 Seats,DELHI
₹ 32.50 Lakh,Sedan,"20,000 Kms",1st Owner,2019,13.5,Petrol,2019,Third Party insurance,8 Speed,Automatic,5 Seats,DELHI
₹ 4.40 Lakh,Sedan,"61,000 Kms",2nd Owner,2013,15.6,Petrol,2013,Comprehensive,5 Speed AT+ Paddle Shifters,Automatic,5 Seats,DELHI
₹ 6.70 Lakh,MUV,"1,26,000 Kms",1st Owner,2013,12.99,Diesel,2013,Third Party insurance,5 Speed,Manual,7 Seats,DELHI
₹ 8 Lakh,Sedan,"30,000 Kms",1st Owner,2018,19.12,Petrol,2018,Third Party insurance,4 Speed,Automatic,5 Seats,DELHI
₹ 9.21 Lakh,MUV,"77,293 Kms",1st Owner,2019,19.34,Petrol,2019,Third Party insurance,5 Speed,Manual,7 Seats,DELHI
₹ 3.10 Lakh,Sedan,"1,10,000 Kms",1st Owner,2013,19.1,Petrol,2013,Third Party insurance,5 Speed,Manual,5 Seats,DELHI
₹ 3.58 Lakh,Hatchback,"25,502 Kms",1st Owner,2019,24.39,Petrol,2019,Comprehensive,5 Speed,Manual,5 Seats,DELHI
₹ 3.90 Lakh,Hatchback,"57,120 Kms",1st Owner,2016,26.0,Petrol,2016,Comprehensive,5-Speed,Automatic,5 Seats,DELHI
₹ 13.50 Lakh,MUV,"97,000 Kms",1st Owner,2016,11.36,Diesel,2016,Comprehensive,6 Speed,Automatic,8 Seats,DELHI
₹ 3.45 Lakh,Hatchback,"51,868 Kms",1st Owner,2017,20.51,Petrol,2017,Third Party,5 Speed,Manual,5 Seats,DELHI
₹ 2.08 Lakh,Hatchback,"52,725 Kms",1st Owner,2010,20.36,Petrol,2010,Comprehensive,5 Speed,Manual,5 Seats,DELHI
₹ 3.20 Lakh,Hatchback,"50,000 Kms",1st Owner,2014,25.2,Diesel,2014,Third Party insurance,5 Speed,Manual,5 Seats,DELHI
₹ 2.10 Lakh,Hatchback,"84,929 Kms",1st Owner,2012,20.36,Petrol,2012,Comprehensive,5 Speed,Manual,5 Seats,DELHI
₹ 6.75 Lakh,SUV,"42,000 Kms",1st Owner,2017,17.5,Petrol,2017,Third Party insurance,5 Speed,Manual,5 Seats,DELHI
₹ 11 Lakh,MUV,"21,515 Kms",1st Owner,2019,20.27,Petrol,2019,Comprehensive,6-Speed,Automatic,6 Seats,DELHI
₹ 12 Lakh,Sedan,"50,000 Kms",2nd Owner,2015,17.68,Diesel,2015,Third Party insurance,8 Speed,Automatic,5 Seats,DELHI
₹ 52 Lakh,SUV,"42,000 Kms",1st Owner,2020,12.74,Petrol,2020,Comprehensive,9 speed Tronic,Automatic,5 Seats,DELHI
₹ 4.40 Lakh,Hatchback,"53,000 Kms",1st Owner,2019,23.84,Petrol,2019,Comprehensive,5 Speed,Manual,5 Seats,DELHI
₹ 3.85 Lakh,Hatchback,"71,000 Kms",1st Owner,2016,23.1,Petrol,2016,Third Party insurance,5 Speed ,Automatic,5 Seats,DELHI
₹ 7.20 Lakh,Sedan,"48,000 Kms",1st Owner,2019,18.1,Petrol,2019,Comprehensive,5 Speed,Automatic,5 Seats,DELHI
₹ 5.40 Lakh,Hatchback,"56,000 Kms",1st Owner,2018,21.4,Petrol,2018,Comprehensive,5 Speed,Manual,5 Seats,DELHI
₹ 8.25 Lakh,SUV,"60,000 Kms",1st Owner,2018,24.3,Diesel,2018,Third Party insurance,5 Speed,Manual,5 Seats,DELHI
₹ 7.20 Lakh,Hatchback,"50,000 Kms",1st Owner,2021,19.33,Petrol,2021,Third Party insurance,5-Speed,Manual,5 Seats,DELHI
₹ 2.30 Lakh,Hatchback,"1,20,000 Kms",1st Owner,2016,26.6,CNG,2016,Third Party insurance,5 Speed,Manual,5 Seats,DELHI
₹ 2 Lakh,Hatchback,"50,000 Kms",2nd Owner,2011,18.5,Petrol,2011,Third Party insurance,5 Speed,Manual,5 Seats,DELHI
₹ 11.60 Lakh,MUV,"30,000 Kms",1st Owner,2022,26.11,CNG,2022,Third Party insurance,5-Speed,Manual,7 Seats,DELHI
₹ 7.23 Lakh,Hatchback,"3,819 Kms",1st Owner,2023,22.38,Petrol,2023,Third Party,5-Speed,Manual,5 Seats,DELHI
₹ 8.06 Lakh,Hatchback,"7,825 Kms",1st Owner,2020,19.65,Petrol,2020,Zero Dep,IVT,Automatic,5 Seats,DELHI
₹ 7 Lakh,Sedan,"70,000 Kms",2nd Owner,2016,17.8,Petrol,2016,Third Party insurance,5 Speed,Manual,5 Seats,DELHI
₹ 5.07 Lakh,Hatchback,"27,436 Kms",1st Owner,2019,23.1,Petrol,2019,Zero Dep,5 Speed,Automatic,5 Seats,DELHI
₹ 4.99 Lakh,MUV,"40,673 Kms",1st Owner,2013,16.02,Petrol,2013,Comprehensive,5 Speed ,Manual,7 Seats,DELHI
₹ 13 Lakh,Sedan,"60,000 Kms",1st Owner,2022,25.0,Diesel,2022,Third Party insurance,6 Speed,Manual,5 Seats,DELHI
₹ 6.39 Lakh,Hatchback,"33,100 Kms",1st Owner,2018,22.56,Petrol,2018,Third Party insurance,5-Speed,Automatic,5 Seats,DELHI
₹ 1.30 Lakh,Sedan,"80,000 Kms",2nd Owner,2009,15.0,Petrol,2009,Third Party insurance,5 Speed,Manual,5 Seats,DELHI
₹ 3.31 Lakh,Hatchback,"57,929 Kms",1st Owner,2019,24.39,Petrol,2019,Zero Dep,5 Speed,Manual,5 Seats,DELHI
₹ 7.90 Lakh,Hatchback,"8,500 Kms",1st Owner,2022,21.0,Petrol,2022,Comprehensive,5 Speed,Manual,5 Seats,DELHI
₹ 3.76 Lakh,Sedan,"60,000 Kms",1st Owner,2011,17.0,Petrol,2011,Third Party insurance,5 Speed,Manual,5 Seats,DELHI
₹ 26.50 Lakh,Sedan,"40,000 Kms",1st Owner,2018,17.9,Diesel,2018,Third Party insurance,7 Speed,Automatic,5 Seats,DELHI
₹ 3.10 Lakh,Hatchback,"1,20,000 Kms",2nd Owner,2013,18.6,Petrol,2013,Third Party insurance,5 Speed,Manual,5 Seats,DELHI
₹ 26.50 Lakh,Sedan,"40,000 Kms",1st Owner,2018,17.9,Diesel,2018,Third Party insurance,7 Speed,Automatic,5 Seats,DELHI
₹ 5.70 Lakh,SUV,"76,000 Kms",1st Owner,2011,11.3,Petrol,2011,Comprehensive,Six Speed Manual with Paddle Shifter,Automatic,5 Seats,DELHI
₹ 10.65 Lakh,MUV,"35,000 Kms",1st Owner,2021,26.08,CNG,2021,Comprehensive,5 Speed,Manual,7 Seats,DELHI
₹ 5.70 Lakh,Sedan,"19,681 Kms",1st Owner,2015,17.4,Petrol,2015,Third Party insurance,5 Speed ,Manual,5 Seats,DELHI
₹ 1.50 Lakh,Sedan,"68,866 Kms",2nd Owner,2012,14.09,Petrol,2012,Third Party insurance,5 Speed,Manual,5 Seats,DELHI
₹ 6.90 Lakh,SUV,"1,00,000 Kms",2nd Owner,2018,24.3,Diesel,2018,Third Party insurance,5 Speed,Manual,5 Seats,DELHI
₹ 5.50 Lakh,Sedan,"70,000 Kms",2nd Owner,2016,19.12,Petrol,2016,Third Party insurance,4 Speed,Automatic,5 Seats,DELHI
₹ 4.19 Lakh,Hatchback,"53,338 Kms",1st Owner,2016,26.0,Petrol,2016,Comprehensive,5-Speed,Automatic,5 Seats,DELHI
₹ 5.06 Lakh,Sedan,"41,558 Kms",1st Owner,2017,17.8,Petrol,2017,Third Party,5 Speed,Manual,5 Seats,DELHI
₹ 1.30 Lakh,Hatchback,"10,000 Kms",2nd Owner,2011,19.7,Petrol,2011,Third Party insurance,5 Speed,Manual,5 Seats,DELHI
₹ 5.28 Lakh,Hatchback,"25,403 Kms",2nd Owner,2017,21.4,Petrol,2017,Comprehensive,5 Speed,Manual,5 Seats,DELHI
₹ 6.08 Lakh,Sedan,"52,800 Kms",1st Owner,2014,17.4,Petrol,2014,Third Party,5 Speed ,Manual,5 Seats,DELHI
₹ 17.50 Lakh,MUV,"60,000 Kms",1st Owner,2019,13.68,Diesel,2019,Third Party insurance,5 Speed,Manual,7 Seats,DELHI
₹ 3 Lakh,Hatchback,"92,543 Kms",1st Owner,2012,22.0,Petrol,2012,Comprehensive,5,Manual,5 Seats,DELHI
₹ 15 Lakh,Sedan,"28,000 Kms",1st Owner,2015,17.68,Diesel,2015,Comprehensive,8 Speed,Automatic,5 Seats,DELHI
₹ 1.78 Lakh,Hatchback,"95,525 Kms",2nd Owner,2011,20.36,Petrol,2011,Comprehensive,5 Speed,Manual,5 Seats,DELHI
₹ 13.25 Lakh,SUV,"3,200 Kms",1st Owner,2020,20.8,Diesel,2020,Comprehensive,6-Speed,Manual,5 Seats,DELHI
₹ 26 Lakh,MUV,"9,000 Kms",1st Owner,2022,8.0,Petrol,2022,Comprehensive,6 Speed,Automatic,7 Seats,DELHI
₹ 31 Lakh,SUV,"31,000 Kms",1st Owner,2022,14.9,Diesel,2022,Comprehensive,9 Speed,Automatic,5 Seats,DELHI
₹ 9.45 Lakh,SUV,"23,000 Kms",1st Owner,2022,17.38,Petrol,2022,Comprehensive,5-Speed,Manual,5 Seats,DELHI
₹ 7 Lakh,Hatchback,"2,700 Kms",1st Owner,2023,22.38,Petrol,2023,Comprehensive,5-Speed,Manual,5 Seats,DELHI
₹ 3.99 Lakh,Hatchback,"30,000 Kms",1st Owner,2015,18.9,Petrol,2015,Comprehensive,5 Speed,Manual,5 Seats,DELHI
₹ 5.56 Lakh,SUV,"1,30,000 Kms",2nd Owner,2017,14.8,Petrol,2017,Third Party insurance,6 Speed,Automatic,5 Seats,DELHI
₹ 8.95 Lakh,SUV,"60,000 Kms",1st Owner,2016,16.0,Diesel,2016,Third Party insurance,6 Speed ,Manual,7 Seats,DELHI
"₹ 89,999 ",Hatchback,"12,400 Kms",2nd Owner,2009,18.0,Petrol,2009,Comprehensive,5 Speed,Manual,5 Seats,DELHI
₹ 3.33 Lakh,Hatchback,"79,000 Kms",2nd Owner,2014,20.14,Diesel,2014,Third Party,5 Speed,Manual,5 Seats,DELHI
₹ 14 Lakh,Sedan,"32,000 Kms",3rd Owner,2020,16.5,Petrol,2020,Comprehensive,CVT,Automatic,5 Seats,DELHI
₹ 3.24 Lakh,Hatchback,"39,368 Kms",1st Owner,2011,16.47,Petrol,2011,Comprehensive,5 Speed,Manual,5 Seats,DELHI
₹ 3.59 Lakh,Hatchback,"49,597 Kms",1st Owner,2013,18.5,Petrol,2013,Comprehensive,5 Speed,Manual,5 Seats,DELHI
₹ 9.50 Lakh,Sedan,"70,000 Kms",2nd Owner,2011,12.3,Petrol,2011,Comprehensive,5 Speed,Automatic,5 Seats,DELHI
₹ 3.48 Lakh,Hatchback,"34,174 Kms",1st Owner,2016,23.95,Petrol,2016,Comprehensive,5 Speed,Automatic,5 Seats,DELHI
₹ 5.32 Lakh,Hatchback,"11,171 Kms",1st Owner,2021,20.89,Petrol,2021,Zero Dep,5 Speed,Manual,5 Seats,DELHI
₹ 19.25 Lakh,SUV,"68,000 Kms",1st Owner,2014,12.07,Diesel,2014,Third Party insurance,8 Speed Tiptronic,Automatic,7 Seats,DELHI
₹ 2.28 Lakh,Sedan,"62,545 Kms",1st Owner,2010,17.0,Petrol,2010,Third Party,5 Speed,Manual,5 Seats,DELHI
₹ 2.95 Lakh,Hatchback,"94,480 Kms",1st Owner,2016,21.79,Petrol,2016,Comprehensive,5 Speed,Manual,5 Seats,DELHI
₹ 2.97 Lakh,Hatchback,"19,299 Kms",1st Owner,2017,22.05,Petrol,2017,Comprehensive,5 Speed,Manual,5 Seats,DELHI
₹ 3.50 Lakh,Sedan,"60,000 Kms",1st Owner,2010,17.0,Petrol,2010,Third Party insurance,5 Speed,Manual,5 Seats,DELHI
₹ 10 Lakh,SUV,"34,000 Kms",2nd Owner,2017,17.01,Diesel,2017,Third Party insurance,6 Speed,Automatic,5 Seats,DELHI
₹ 3.60 Lakh,Hatchback,"30,000 Kms",1st Owner,2020,19.01,Petrol,2020,Third Party insurance,5-Speed,Manual,5 Seats,DELHI
₹ 18.50 Lakh,SUV,"55,000 Kms",1st Owner,2017,14.16,Diesel,2017,Third Party insurance,7 Speed,Automatic,5 Seats,DELHI
₹ 5.80 Lakh,Sedan,"1,20,000 Kms",1st Owner,2020,21.21,Petrol,2020,Third Party insurance,5 Speed,Automatic,5 Seats,DELHI
₹ 6.50 Lakh,SUV,"70,000 Kms",2nd Owner,2017,15.85,Petrol,2017,Third Party insurance,5 Speed,Manual,5 Seats,DELHI
₹ 14.30 Lakh,SUV,"40,000 Kms",2nd Owner,2019,13.96,Petrol,2019,Third Party insurance,6 Speed,Automatic,5 Seats,DELHI
₹ 4.15 Lakh,Sedan,"1,20,000 Kms",2nd Owner,2014,19.08,Diesel,2014,Third Party insurance,4 Speed ,Automatic,5 Seats,DELHI
"₹ 95,000 ",Hatchback,"70,000 Kms",2nd Owner,2009,20.36,Petrol,2009,Third Party insurance,5 Speed,Manual,5 Seats,DELHI
₹ 12.50 Lakh,SUV,"1,500 Kms",1st Owner,2023,20.01,Petrol,2023,Comprehensive,6-Speed AT,Automatic,5 Seats,DELHI
₹ 16 Lakh,SUV,"30,000 Kms",1st Owner,2020,13.96,Petrol,2020,Third Party insurance,6 Speed,Automatic,5 Seats,DELHI
₹ 6.61 Lakh,Sedan,"53,464 Kms",1st Owner,2016,18.0,Petrol,2016,Comprehensive,5 Speed CVT,Automatic,5 Seats,DELHI
₹ 3.98 Lakh,Hatchback,"43,216 Kms",2nd Owner,2016,18.9,Petrol,2016,Third Party insurance,5 Speed,Manual,5 Seats,DELHI
₹ 3.50 Lakh,SUV,"70,000 Kms",1st Owner,2014,14.0,Diesel,2014,Third Party insurance,5 Speed,Manual,7 Seats,DELHI
₹ 7 Lakh,Hatchback,"16,372 Kms",1st Owner,2022,26.49,CNG,2022,Third Party,5-Speed,Manual,5 Seats,DELHI
₹ 4.57 Lakh,Hatchback,"14,515 Kms",1st Owner,2018,18.9,Petrol,2018,Third Party,5 Speed,Manual,5 Seats,DELHI
₹ 10 Lakh,Sedan,"30,000 Kms",1st Owner,2019,17.0,Petrol,2019,Third Party insurance,6 Speed,Automatic,5 Seats,DELHI
₹ 2.95 Lakh,Hatchback,"85,617 Kms",1st Owner,2012,18.6,Petrol,2012,Third Party,5 Speed,Manual,5 Seats,DELHI
₹ 34.50 Lakh,SUV,"70,000 Kms",1st Owner,2021,12.4,Diesel,2021,Third Party insurance,8 speed,Automatic,6 Seats,DELHI
₹ 1.96 Lakh,Hatchback,"76,605 Kms",1st Owner,2010,18.9,Petrol,2010,Comprehensive,5 Speed,Manual,5 Seats,DELHI
₹ 9.25 Lakh,SUV,"20,000 Kms",2nd Owner,2021,16.8,Petrol,2021,Third Party insurance,6-Speed,Manual,5 Seats,DELHI
₹ 11 Lakh,SUV,"10,000 Kms",1st Owner,2022,18.2,Petrol,2022,Third Party insurance,6-Speed iMT,Manual,5 Seats,DELHI
₹ 1.10 Lakh,Hatchback,"70,000 Kms",1st Owner,2015,25.44,Diesel,2015,Third Party insurance,5 Speed,Manual,5 Seats,DELHI
₹ 3.80 Lakh,Hatchback,"80,000 Kms",3rd Owner,2017,24.0,Diesel,2017,Third Party insurance,5 Speed,Manual,5 Seats,DELHI
₹ 18.75 Lakh,SUV,"4,900 Kms",1st Owner,2023,18.9,Diesel,2023,Third Party insurance,6 Speed,Automatic,4 Seats,DELHI
₹ 4.35 Lakh,Hatchback,"55,000 Kms",1st Owner,2017,20.4,Petrol,2017,Comprehensive,5 Speed,Manual,5 Seats,DELHI
₹ 9.25 Lakh,SUV,"20,000 Kms",2nd Owner,2021,16.8,Petrol,2021,Third Party insurance,6-Speed,Manual,5 Seats,DELHI
₹ 1.03 Crore,SUV,"35,000 Kms",0th Owner,2018,12.65,Diesel,2018,Third Party insurance,8 Speed,Automatic,5 Seats,DELHI
₹ 20 Lakh,Hatchback,"22,000 Kms",2nd Owner,2014,13.6,Petrol,2014,Comprehensive,6 Speed AT,Automatic,4 Seats,DELHI
₹ 17.75 Lakh,SUV,"45,000 Kms",1st Owner,2022,18.9,Diesel,2022,Third Party insurance,6 Speed,Manual,7 Seats,DELHI
₹ 7.40 Lakh,Sedan,"26,000 Kms",1st Owner,2019,19.0,Petrol,2019,Third Party insurance,CVT,Automatic,5 Seats,DELHI
₹ 3.08 Lakh,Hatchback,"21,387 Kms",1st Owner,2018,22.05,Petrol,2018,Third Party insurance,5 Speed,Manual,5 Seats,DELHI
₹ 5.09 Lakh,Hatchback,"64,568 Kms",1st Owner,2018,22.38,Petrol,2018,Comprehensive,5-Speed,Manual,5 Seats,DELHI
₹ 17.25 Lakh,SUV,"25,000 Kms",1st Owner,2022,18.41,Petrol,2022,Zero Dep,6-Speed,Automatic,5 Seats,DELHI
₹ 3.05 Lakh,Hatchback,"73,568 Kms",1st Owner,2012,22.38,Petrol,2012,Comprehensive,5-Speed,Manual,5 Seats,DELHI
₹ 3.49 Lakh,Hatchback,"87,755 Kms",1st Owner,2014,22.0,Petrol,2014,Comprehensive,5,Manual,5 Seats,DELHI
₹ 19.20 Lakh,SUV,"34,000 Kms",1st Owner,2021,17.1,Diesel,2021,Comprehensive,9 Speed,Automatic,5 Seats,DELHI
₹ 9.01 Lakh,Hatchback,"25,319 Kms",1st Owner,2021,20.25,Petrol,2021,Zero Dep,7 Speed,Automatic,5 Seats,DELHI
₹ 15.75 Lakh,SUV,"11,000 Kms",1st Owner,2022,15.2,Petrol,2022,Third Party,6 Speed,Manual,4 Seats,DELHI
₹ 6.51 Lakh,Hatchback,"23,051 Kms",1st Owner,2020,20.89,Petrol,2020,Comprehensive,5 Speed,Automatic,5 Seats,DELHI
₹ 19 Lakh,SUV,"4,200 Kms",1st Owner,2021,18.9,Petrol,2021,Comprehensive,8-Speed,Automatic,5 Seats,DELHI
₹ 3 Lakh,Hatchback,"80,000 Kms",3rd Owner,2012,18.6,Petrol,2012,Third Party insurance,5 Speed,Manual,5 Seats,DELHI
₹ 5.30 Lakh,Hatchback,"20,000 Kms",1st Owner,2021,20.3,Petrol,2021,Third Party insurance,5 Speed,Manual,5 Seats,DELHI
₹ 15.75 Lakh,MUV,"70,123 Kms",1st Owner,2018,13.68,Diesel,2018,Comprehensive,5 Speed,Manual,8 Seats,DELHI
₹ 7.35 Lakh,Sedan,"71,156 Kms",1st Owner,2016,18.0,Petrol,2016,Comprehensive,5 Speed CVT,Automatic,5 Seats,DELHI
₹ 7.01 Lakh,Hatchback,"10,000 Kms",1st Owner,2021,20.7,Petrol,2021,Third Party insurance,5-Speed,Automatic,5 Seats,DELHI
₹ 5.50 Lakh,MUV,"80,000 Kms",1st Owner,2015,20.77,Diesel,2015,Third Party insurance,5 Speed ,Manual,7 Seats,DELHI
₹ 4.10 Lakh,Hatchback,"70,000 Kms",2nd Owner,2019,18.9,CNG,2019,Third Party insurance,5 Speed,Manual,5 Seats,DELHI
₹ 1.20 Lakh,Sedan,"30,000 Kms",1st Owner,2009,14.6,Petrol,2009,Third Party insurance,5 Speed,Manual,5 Seats,DELHI
₹ 4.90 Lakh,Hatchback,"36,000 Kms",1st Owner,2017,16.5,Petrol,2017,Third Party insurance,5 Speed,Automatic,5 Seats,DELHI
₹ 2.05 Lakh,Hatchback,"50,000 Kms",3rd Owner,2017,25.17,Petrol,2017,Third Party insurance,5 Speed,Manual,5 Seats,DELHI
₹ 10.13 Lakh,SUV,"30,211 Kms",1st Owner,2022,20.0,Diesel,2022,Zero Dep,6 Speed,Manual,5 Seats,DELHI
₹ 27 Lakh,SUV,"16,291 Kms",1st Owner,2022,18.9,Diesel,2022,Third Party,6-Speed,Automatic,7 Seats,DELHI
₹ 6.15 Lakh,Sedan,"40,000 Kms",1st Owner,2019,19.5,Petrol,2019,Third Party insurance,5 Speed,Manual,5 Seats,DELHI
₹ 4.33 Lakh,Hatchback,"72,368 Kms",2nd Owner,2016,21.4,Petrol,2016,Comprehensive,5 Speed,Manual,5 Seats,DELHI
₹ 6.07 Lakh,SUV,"51,260 Kms",2nd Owner,2018,25.5,Diesel,2018,Third Party,6 Speed,Manual,5 Seats,DELHI
₹ 3.10 Lakh,Hatchback,"30,000 Kms",2nd Owner,2013,19.4,Petrol,2013,Third Party insurance,5 Speed,Manual,5 Seats,DELHI
₹ 5.64 Lakh,Hatchback,"79,166 Kms",1st Owner,2018,18.6,Petrol,2018,Comprehensive,5 Speed,Manual,5 Seats,DELHI
₹ 15 Lakh,Sedan,"1,20,000 Kms",2nd Owner,2016,21.76,Diesel,2016,Third Party insurance,8 Speed,Automatic,5 Seats,DELHI
₹ 5.24 Lakh,MUV,"10,512 Kms",1st Owner,2021,19.02,Petrol,2021,Third Party,5 Speed,Manual,7 Seats,DELHI
₹ 15 Lakh,Sedan,"1,10,000 Kms",2nd Owner,2016,21.76,Diesel,2016,Third Party insurance,8 Speed,Automatic,5 Seats,DELHI
₹ 3.45 Lakh,Hatchback,"70,000 Kms",2nd Owner,2015,18.7,Petrol,2015,Third Party insurance,5 Speed,Manual,5 Seats,DELHI
₹ 6.90 Lakh,SUV,"30,000 Kms",1st Owner,2017,15.29,Petrol,2017,Third Party insurance,6 Speed,Manual,5 Seats,DELHI
₹ 7.30 Lakh,Hatchback,"50,000 Kms",1st Owner,2021,19.33,Petrol,2021,Third Party insurance,5-Speed,Manual,5 Seats,DELHI
₹ 5.40 Lakh,SUV,"1,00,000 Kms",1st Owner,2017,23.0,Diesel,2017,Third Party insurance,5 Speed,Manual,5 Seats,DELHI
₹ 2.10 Lakh,Hatchback,"40,000 Kms",1st Owner,2014,21.1,Petrol,2014,Third Party insurance,5 Speed,Manual,5 Seats,DELHI
₹ 9.35 Lakh,SUV,"74,000 Kms",1st Owner,2018,22.1,Diesel,2018,Third Party,6 Speed,Manual,5 Seats,DELHI
₹ 3.80 Lakh,Sedan,"60,000 Kms",1st Owner,2015,25.83,Diesel,2015,Third Party insurance,5 Speed,Manual,5 Seats,DELHI
₹ 14.50 Lakh,SUV,"1,20,000 Kms",1st Owner,2019,17.0,Diesel,2019,Third Party insurance,6,Manual,5 Seats,DELHI
₹ 2 Lakh,Hatchback,"9,545 Kms",1st Owner,2011,20.36,Petrol,2011,Third Party insurance,5 Speed,Manual,5 Seats,DELHI
₹ 17.30 Lakh,SUV,"20,000 Kms",1st Owner,2022,18.9,Petrol,2022,Third Party insurance,6 Speed,Automatic,4 Seats,DELHI
₹ 7.91 Lakh,SUV,"36,002 Kms",1st Owner,2018,17.0,Petrol,2018,Comprehensive,5 Speed,Manual,5 Seats,DELHI
₹ 7.79 Lakh,Hatchback,"30,854 Kms",2nd Owner,2021,19.56,Petrol,2021,Comprehensive,CVT,Automatic,5 Seats,DELHI
₹ 6.50 Lakh,Sedan,"45,000 Kms",1st Owner,2018,28.4,Diesel,2018,Comprehensive,5 Speed,Manual,5 Seats,DELHI
₹ 4.82 Lakh,Hatchback,"52,654 Kms",1st Owner,2019,22.38,Petrol,2019,Third Party insurance,5-Speed,Manual,5 Seats,DELHI
₹ 5.62 Lakh,Hatchback,"34,151 Kms",1st Owner,2019,30.48,CNG,2019,Comprehensive,5 Speed,Manual,5 Seats,DELHI
₹ 3.10 Lakh,Hatchback,"29,000 Kms",1st Owner,2017,23.01,Petrol,2017,Comprehensive,5 Speed,Manual,5 Seats,DELHI
₹ 8.92 Lakh,Sedan,"31,873 Kms",1st Owner,2019,17.4,Petrol,2019,Comprehensive,5 Speed,Manual,5 Seats,DELHI
₹ 5.30 Lakh,Sedan,"24,000 Kms",1st Owner,2015,17.01,Petrol,2015,Third Party insurance,5 Speed,Manual,5 Seats,DELHI
₹ 5.49 Lakh,Hatchback,"52,129 Kms",1st Owner,2016,21.4,Petrol,2016,Comprehensive,5 Speed,Manual,5 Seats,DELHI
₹ 2.35 Lakh,Sedan,"82,000 Kms",2nd Owner,2009,17.0,Petrol,2009,Third Party insurance,5 Speed,Manual,5 Seats,DELHI
₹ 5.95 Lakh,Sedan,"64,000 Kms",1st Owner,2015,20.73,Petrol,2015,Third Party insurance,5 Speed,Manual,5 Seats,DELHI
₹ 38.50 Lakh,SUV,"75,000 Kms",1st Owner,2016,11.3,Diesel,2016,Comprehensive,7 Speed,Automatic,7 Seats,DELHI
₹ 5.86 Lakh,MUV,"50,000 Kms",1st Owner,2020,20.0,Petrol,2020,Comprehensive,5-Speed,Manual,7 Seats,DELHI
₹ 20.25 Lakh,SUV,"63,000 Kms",1st Owner,2018,20.68,Diesel,2018,Comprehensive,8 Speed,Automatic,5 Seats,DELHI
₹ 3.85 Lakh,Hatchback,"63,000 Kms",1st Owner,2014,23.1,Petrol,2014,Third Party insurance,5 Speed ,Automatic,5 Seats,DELHI
₹ 5.45 Lakh,SUV,"79,000 Kms",1st Owner,2014,14.0,Diesel,2014,Third Party insurance,5 Speed,Manual,7 Seats,DELHI
₹ 2.95 Lakh,Hatchback,"64,000 Kms",1st Owner,2012,19.4,Petrol,2012,Third Party,5 Speed,Manual,5 Seats,DELHI
₹ 27.75 Lakh,SUV,"16,000 Kms",1st Owner,2022,18.9,Diesel,2022,Comprehensive,6-Speed,Automatic,7 Seats,DELHI
₹ 49.75 Lakh,Sedan,"50,236 Kms",1st Owner,2019,18.9,Petrol,2019,Third Party insurance,E-CVT,Automatic,5 Seats,DELHI
₹ 39.50 Lakh,Sedan,"28,000 Kms",1st Owner,2017,16.1,Diesel,2017,Comprehensive,9 Speed,Automatic,5 Seats,DELHI
₹ 4.89 Lakh,Hatchback,"6,624 Kms",1st Owner,2022,21.46,Petrol,2022,Third Party insurance,5 Speed,Manual,5 Seats,DELHI
₹ 3.26 Lakh,Sedan,"48,077 Kms",2nd Owner,2013,18.0,Petrol,2013,Third Party insurance,5 Speed,Manual,5 Seats,DELHI
₹ 15.49 Lakh,Sedan,"36,000 Kms",1st Owner,2016,18.25,Diesel,2016,Comprehensive,7 Speed,Automatic,5 Seats,DELHI
₹ 5.47 Lakh,Hatchback,"71,355 Kms",1st Owner,2016,18.6,Petrol,2016,Third Party insurance,5 Speed,Manual,5 Seats,DELHI
₹ 6.14 Lakh,Hatchback,"76,282 Kms",1st Owner,2019,20.7,Petrol,2019,Comprehensive,5-Speed,Automatic,5 Seats,DELHI
₹ 53 Lakh,Sedan,"40,000 Kms",2nd Owner,2018,14.47,Diesel,2018,Comprehensive,8 Speed,Automatic,5 Seats,DELHI
₹ 4.45 Lakh,Hatchback,"25,091 Kms",1st Owner,2017,18.9,Petrol,2017,Comprehensive,5 Speed,Manual,5 Seats,DELHI
₹ 22 Lakh,Sedan,"80,000 Kms",1st Owner,2018,17.9,Diesel,2018,Comprehensive,7 Speed,Automatic,5 Seats,DELHI
₹ 2.85 Lakh,Hatchback,"42,857 Kms",1st Owner,2013,20.36,Petrol,2013,Comprehensive,5 Speed,Manual,5 Seats,DELHI
₹ 6 Lakh,SUV,"70,000 Kms",1st Owner,2017,18.49,Diesel,2017,Third Party insurance,5 Speed,Manual,7 Seats,DELHI
₹ 23.50 Lakh,Sedan,"96,000 Kms",1st Owner,2016,18.12,Diesel,2016,Comprehensive,8 Speed,Automatic,5 Seats,DELHI
₹ 16.75 Lakh,SUV,"66,999 Kms",1st Owner,2021,18.9,Petrol,2021,Comprehensive,6-Speed DCT,Automatic,5 Seats,DELHI
₹ 8.75 Lakh,Hatchback,"69,000 Kms",1st Owner,2021,18.9,Petrol,2021,Comprehensive,7 Speed,Automatic,5 Seats,DELHI
₹ 28.50 Lakh,Sedan,"33,000 Kms",1st Owner,2018,17.9,Diesel,2018,Third Party insurance,7 Speed,Automatic,5 Seats,DELHI
₹ 6.95 Lakh,Sedan,"65,000 Kms",1st Owner,2014,14.28,Petrol,2014,Comprehensive,7 Speed,Automatic,5 Seats,DELHI
₹ 7.25 Lakh,Hatchback,"49,000 Kms",1st Owner,2018,21.4,Petrol,2018,Third Party insurance,CVT,Automatic,5 Seats,DELHI
₹ 7.90 Lakh,Convertibles,"80,000 Kms",2nd Owner,2010,10.93,Petrol,2010,Comprehensive,7 Speed,Automatic,2 Seats,DELHI
₹ 9.75 Lakh,MUV,"88,000 Kms",2nd Owner,2014,12.99,Diesel,2014,Third Party insurance,5 Speed,Manual,7 Seats,DELHI
₹ 5 Lakh,Sedan,"74,000 Kms",1st Owner,2014,23.4,Diesel,2014,Third Party insurance,5 Speed,Manual,5 Seats,DELHI
₹ 16.50 Lakh,SUV,"23,000 Kms",1st Owner,2020,13.96,Petrol,2020,Third Party insurance,6 Speed,Automatic,5 Seats,DELHI
₹ 2.53 Lakh,Hatchback,"32,192 Kms",1st Owner,2015,24.39,Petrol,2015,Third Party,5 Speed,Manual,5 Seats,DELHI
₹ 4.96 Lakh,Sedan,"53,930 Kms",1st Owner,2017,22.41,Petrol,2017,Zero Dep,5 Speed,Manual,5 Seats,DELHI
₹ 5.10 Lakh,SUV,"70,000 Kms",2nd Owner,2017,17.0,Petrol,2017,Third Party insurance,5 Speed,Manual,5 Seats,DELHI
₹ 5.54 Lakh,Sedan,"47,121 Kms",2nd Owner,2015,17.4,Petrol,2015,Comprehensive,5 Speed ,Manual,5 Seats,DELHI
₹ 14.25 Lakh,SUV,"65,000 Kms",1st Owner,2014,12.55,Diesel,2014,Comprehensive,5 Speed ,Automatic,7 Seats,DELHI
₹ 4.85 Lakh,Hatchback,"39,000 Kms",2nd Owner,2017,18.6,Petrol,2017,Third Party insurance,5 Speed,Manual,5 Seats,DELHI
₹ 14.25 Lakh,SUV,"20,000 Kms",1st Owner,2023,26.6,CNG,2023,Third Party insurance,5 Speed,Manual,5 Seats,DELHI
₹ 3.77 Lakh,Sedan,"1,50,000 Kms",1st Owner,2016,24.4,Diesel,2016,Third Party insurance,5 Speed ,Manual,5 Seats,DELHI
₹ 1 Lakh,Hatchback,"1,10,000 Kms",3rd Owner,2009,18.9,Petrol,2009,Third Party insurance,5 Speed,Manual,5 Seats,DELHI
₹ 22.50 Lakh,SUV,"70,000 Kms",2nd Owner,2017,10.91,Diesel,2017,Third Party insurance,6 Speed,Automatic,7 Seats,DELHI
₹ 4.25 Lakh,Hatchback,"80,000 Kms",2nd Owner,2016,18.6,Petrol,2016,Third Party insurance,5 Speed,Manual,5 Seats,DELHI
₹ 4.15 Lakh,Hatchback,"40,000 Kms",2nd Owner,2016,21.21,Petrol,2016,Third Party insurance,5,Manual,5 Seats,DELHI
₹ 15.80 Lakh,SUV,"20,000 Kms",1st Owner,2021,17.2,Petrol,2021,Third Party insurance,6-speed,Automatic,5 Seats,DELHI
₹ 1.65 Lakh,Hatchback,"74,000 Kms",2nd Owner,2011,20.52,Petrol,2011,Third Party insurance,5 Speed,Manual,5 Seats,DELHI
₹ 35.50 Lakh,Sedan,"62,000 Kms",2nd Owner,2018,20.37,Diesel,2018,Comprehensive,8-Speed Steptronic,Automatic,5 Seats,DELHI
"₹ 86,000 ",Hatchback,"80,000 Kms",1st Owner,2009,16.1,Petrol,2009,Third Party insurance,5 Speed,Manual,5 Seats,DELHI
₹ 5.60 Lakh,MUV,"1,00,000 Kms",2nd Owner,2014,20.77,Diesel,2014,Third Party insurance,5 Speed ,Manual,7 Seats,DELHI
₹ 6.34 Lakh,Hatchback,"23,256 Kms",1st Owner,2020,21.01,Petrol,2020,Third Party,5 Speed,Manual,5 Seats,DELHI
₹ 5.25 Lakh,Hatchback,"29,120 Kms",1st Owner,2022,20.89,Petrol,2022,Zero Dep,5 Speed,Manual,5 Seats,DELHI
₹ 6.60 Lakh,SUV,"62,000 Kms",1st Owner,2018,21.7,Diesel,2018,Third Party insurance,5 Speed,Manual,5 Seats,DELHI
₹ 5.62 Lakh,Sedan,"90,513 Kms",1st Owner,2017,28.4,Diesel,2017,Comprehensive,5 Speed,Manual,5 Seats,DELHI
₹ 11.14 Lakh,SUV,"49,396 Kms",1st Owner,2018,19.67,Diesel,2018,Comprehensive,6 Speed,Manual,5 Seats,DELHI
₹ 1 Lakh,Sedan,"1,20,000 Kms",2nd Owner,2008,14.53,Petrol,2008,Third Party insurance,6 Speed ,Manual,5 Seats,DELHI
₹ 3.44 Lakh,Hatchback,"18,475 Kms",1st Owner,2019,22.05,Petrol,2019,Zero Dep,5 Speed,Manual,5 Seats,DELHI
₹ 47.50 Lakh,SUV,"1,00,000 Kms",2nd Owner,2018,12.07,Diesel,2018,Third Party insurance,8 Speed Tiptronic,Automatic,7 Seats,DELHI
₹ 5.30 Lakh,Hatchback,"27,792 Kms",1st Owner,2019,30.48,CNG,2019,Zero Dep,5 Speed,Manual,5 Seats,DELHI
₹ 45 Lakh,Sedan,"55,000 Kms",1st Owner,2019,15.01,Petrol,2019,Comprehensive,8-Speed Steptronic,Automatic,5 Seats,DELHI
₹ 2.78 Lakh,Sedan,"72,000 Kms",1st Owner,2011,17.0,Petrol,2011,Third Party insurance,5 Speed,Manual,5 Seats,DELHI
₹ 47 Lakh,Sedan,"10,000 Kms",1st Owner,2022,18.9,Diesel,2022,Third Party insurance,8-Speed DCT,Automatic,5 Seats,DELHI
₹ 30.50 Lakh,SUV,"25,000 Kms",1st Owner,2021,12.05,Diesel,2021,Third Party insurance,Mercedes Benz 7 Speed Automatic,Automatic,7 Seats,DELHI
₹ 6.90 Lakh,SUV,"40,000 Kms",1st Owner,2017,15.29,Petrol,2017,Third Party insurance,6 Speed,Manual,5 Seats,DELHI
₹ 5.50 Lakh,MUV,"1,50,000 Kms",1st Owner,2014,20.77,Diesel,2014,Third Party insurance,5 Speed ,Manual,7 Seats,DELHI
₹ 8.20 Lakh,Sedan,"80,000 Kms",1st Owner,2020,20.04,Petrol,2020,Third Party insurance,4 Speed,Automatic,5 Seats,DELHI
₹ 2.10 Lakh,Hatchback,"1,20,000 Kms",2nd Owner,2011,15.26,Petrol,2011,Third Party insurance,5 Speed,Manual,5 Seats,DELHI
₹ 3.99 Lakh,SUV,"60,000 Kms",1st Owner,2013,15.1,Diesel,2013,Third Party insurance,6 Speed ,Manual,7 Seats,DELHI
₹ 7.20 Lakh,Sedan,"70,000 Kms",1st Owner,2018,17.4,Petrol,2018,Third Party insurance,5 Speed,Manual,5 Seats,DELHI
₹ 3.40 Lakh,Hatchback,"57,100 Kms",1st Owner,2014,18.9,Petrol,2014,Comprehensive,5 Speed,Manual,5 Seats,DELHI
₹ 4.57 Lakh,Hatchback,"45,623 Kms",1st Owner,2021,18.9,CNG,2021,Zero Dep,5-Speed,Manual,4 Seats,DELHI
₹ 3.80 Lakh,SUV,"1,00,000 Kms",3rd Owner,2015,18.88,Petrol,2015,Third Party insurance,5 Speed,Manual,5 Seats,DELHI
₹ 6.53 Lakh,Sedan,"7,660 Kms",1st Owner,2019,21.21,Petrol,2019,Zero Dep,5 Speed,Automatic,5 Seats,DELHI
₹ 4.26 Lakh,Sedan,"35,272 Kms",1st Owner,2016,25.4,Diesel,2016,Comprehensive,5 Speed,Manual,5 Seats,DELHI
₹ 4.65 Lakh,Hatchback,"8,526 Kms",1st Owner,2021,22.0,Petrol,2021,Comprehensive,5 Speed,Automatic,5 Seats,DELHI
₹ 2.45 Lakh,Hatchback,"62,929 Kms",1st Owner,2011,18.5,Petrol,2011,Comprehensive,5 Speed,Manual,5 Seats,DELHI
"₹ 80,000 ",Hatchback,"30,000 Kms",2nd Owner,2010,26.83,CNG,2010,Third Party insurance,Five Speed Manual Transmission,Manual,5 Seats,DELHI
₹ 4.32 Lakh,Hatchback,"53,127 Kms",2nd Owner,2017,20.4,Petrol,2017,Third Party,5 Speed,Manual,5 Seats,DELHI
₹ 8.45 Lakh,MUV,"42,000 Kms",1st Owner,2018,17.5,Petrol,2018,Comprehensive,5 Speed ,Manual,7 Seats,DELHI
₹ 5.80 Lakh,SUV,"20,000 Kms",1st Owner,2017,23.0,Diesel,2017,Third Party insurance,5 Speed,Manual,5 Seats,DELHI
₹ 2.35 Lakh,Hatchback,"57,000 Kms",1st Owner,2013,18.9,Petrol,2013,Comprehensive,5 Speed,Manual,5 Seats,DELHI
₹ 2.70 Lakh,Hatchback,"44,000 Kms",1st Owner,2013,20.51,Petrol,2013,Comprehensive,5 Speed,Manual,5 Seats,DELHI
₹ 6.25 Lakh,SUV,"64,000 Kms",1st Owner,2015,14.7,Petrol,2015,Comprehensive,6 Speed,Automatic,5 Seats,DELHI
₹ 10.50 Lakh,Sedan,"49,000 Kms",1st Owner,2014,15.1,Petrol,2014,Comprehensive,7 Speed,Automatic,5 Seats,DELHI
₹ 7.40 Lakh,Hatchback,"30,000 Kms",1st Owner,2022,22.35,Petrol,2022,Third Party insurance,5-Speed,Manual,5 Seats,DELHI
₹ 10.49 Lakh,Sedan,"37,000 Kms",0th Owner,2017,16.7,Petrol,2017,Third Party,6 Speed,Manual,5 Seats,DELHI
₹ 5.70 Lakh,Hatchback,"30,000 Kms",2nd Owner,2018,18.6,Petrol,2018,Comprehensive,5 Speed,Manual,5 Seats,DELHI
₹ 2.75 Lakh,Hatchback,"90,000 Kms",1st Owner,2012,19.4,Petrol,2012,Third Party insurance,5 Speed,Manual,5 Seats,DELHI
₹ 2.50 Lakh,Hatchback,"40,000 Kms",2nd Owner,2014,16.1,Petrol,2014,Third Party insurance,4 Speed,Manual,4 Seats,DELHI
₹ 13.65 Lakh,SUV,"64,336 Kms",1st Owner,2019,16.0,Petrol,2019,Zero Dep,7 Speed,Automatic,5 Seats,DELHI
₹ 4.29 Lakh,Hatchback,"83,425 Kms",1st Owner,2016,16.2,Petrol,2016,Comprehensive,5 Speed,Manual,5 Seats,DELHI
₹ 21.90 Lakh,SUV,"85,000 Kms",3rd Owner,2014,12.7,Diesel,2014,Comprehensive,9 Speed,Automatic,5 Seats,DELHI
₹ 5.44 Lakh,Sedan,"66,181 Kms",1st Owner,2016,26.59,Diesel,2016,Comprehensive,5 Speed,Manual,5 Seats,DELHI
₹ 3.36 Lakh,Hatchback,"25,486 Kms",2nd Owner,2019,24.7,Petrol,2019,Comprehensive,5 Speed,Manual,5 Seats,DELHI
₹ 30.50 Lakh,Sedan,"35,000 Kms",1st Owner,2017,14.74,Petrol,2017,Third Party insurance,7 Speed,Automatic,5 Seats,DELHI
₹ 4.49 Lakh,Hatchback,"25,489 Kms",1st Owner,2016,22.38,Petrol,2016,Comprehensive,5-Speed,Manual,5 Seats,DELHI
₹ 38 Lakh,SUV,"40,000 Kms",2nd Owner,2021,13.9,Diesel,2021,Comprehensive,10 speed,Automatic,7 Seats,DELHI
₹ 5.03 Lakh,Hatchback,"85,363 Kms",1st Owner,2018,21.4,Petrol,2018,Third Party,5 Speed,Manual,5 Seats,DELHI
₹ 1.25 Lakh,Sedan,"1,10,000 Kms",3rd Owner,2009,15.0,Petrol,2009,Third Party insurance,5 Speed,Manual,5 Seats,DELHI
₹ 3.50 Lakh,SUV,"40,000 Kms",1st Owner,2014,22.7,Diesel,2014,Third Party insurance,5 Speed,Manual,5 Seats,DELHI
₹ 96 Lakh,SUV,"40,000 Kms",1st Owner,2018,12.65,Petrol,2018,Third Party insurance,8 Speed,Automatic,5 Seats,DELHI
₹ 17.55 Lakh,SUV,"1,500 Kms",1st Owner,2023,16.39,Petrol,2023,Zero Dep,4-speed,Automatic,4 Seats,DELHI
₹ 1.25 Lakh,Sedan,"1,10,000 Kms",3rd Owner,2009,15.0,Petrol,2009,Third Party insurance,5 Speed,Manual,5 Seats,DELHI
₹ 1 Lakh,Hatchback,"80,000 Kms",2nd Owner,2011,15.6,Petrol,2011,Third Party insurance,5 Speed,Manual,5 Seats,DELHI
₹ 8.50 Lakh,Sedan,"20,000 Kms",1st Owner,2022,31.12,CNG,2022,Third Party insurance,5 Speed,Manual,5 Seats,DELHI
₹ 12 Lakh,SUV,"20,000 Kms",1st Owner,2023,17.38,Petrol,2023,Third Party insurance,5-Speed,Manual,5 Seats,DELHI
₹ 2.75 Lakh,Hatchback,"62,000 Kms",2nd Owner,2012,17.0,Petrol,2012,Comprehensive,5 Speed,Manual,5 Seats,DELHI
₹ 4.25 Lakh,Sedan,"50,000 Kms",4th Owner,2010,11.7,Petrol,2010,Third Party insurance,6 Speed,Automatic,5 Seats,DELHI
₹ 3.50 Lakh,Sedan,"90,000 Kms",2nd Owner,2014,23.4,Diesel,2014,Third Party insurance,5 Speed,Manual,5 Seats,DELHI
₹ 2.21 Lakh,Hatchback,"67,985 Kms",1st Owner,2011,20.36,Petrol,2011,Comprehensive,5 Speed,Manual,5 Seats,DELHI
₹ 8.28 Lakh,SUV,"89,722 Kms",1st Owner,2020,25.5,Diesel,2020,Comprehensive,6 Speed,Manual,5 Seats,DELHI
₹ 6 Lakh,SUV,"80,000 Kms",1st Owner,2017,23.0,Diesel,2017,Third Party insurance,5 Speed,Manual,5 Seats,DELHI
₹ 15.56 Lakh,MUV,"49,647 Kms",2nd Owner,2020,8.0,Petrol,2020,Comprehensive,6 Speed,Automatic,7 Seats,DELHI
₹ 5.17 Lakh,MUV,"1,10,490 Kms",1st Owner,2020,20.0,Petrol,2020,Zero Dep,5 Speed,Manual,7 Seats,DELHI
₹ 3.25 Lakh,Sedan,"78,000 Kms",2nd Owner,2012,17.5,Petrol,2012,Comprehensive,5 Speed,Manual,5 Seats,DELHI
₹ 3.71 Lakh,Hatchback,"51,165 Kms",1st Owner,2017,20.51,Petrol,2017,Third Party,5 Speed,Manual,5 Seats,DELHI
₹ 4.75 Lakh,Hatchback,"14,000 Kms",1st Owner,2022,21.7,Petrol,2022,Third Party insurance,5 Speed,Manual,5 Seats,DELHI
₹ 4.06 Lakh,Hatchback,"50,576 Kms",1st Owner,2015,18.9,Petrol,2015,Comprehensive,5 Speed,Manual,5 Seats,DELHI
₹ 10.90 Lakh,MUV,"55,000 Kms",1st Owner,2021,19.01,Petrol,2021,Third Party insurance,5-Speed,Manual,6 Seats,DELHI
₹ 8.90 Lakh,SUV,"70,000 Kms",1st Owner,2019,18.15,Petrol,2019,Third Party insurance,7-Speed DCT,Automatic,5 Seats,DELHI
₹ 1 Lakh,Hatchback,"80,000 Kms",2nd Owner,2009,18.9,Petrol,2009,Third Party insurance,5 Speed,Manual,5 Seats,DELHI
₹ 18.90 Lakh,Sedan,"65,000 Kms",1st Owner,2014,12.0,Petrol,2014,Comprehensive,7 Speed,Automatic,5 Seats,DELHI
₹ 4.85 Lakh,SUV,"90,000 Kms",3rd Owner,2015,15.96,Diesel,2015,Third Party insurance,5 Speed,Manual,7 Seats,DELHI
₹ 8.40 Lakh,SUV,"71,000 Kms",1st Owner,2016,15.4,Diesel,2016,Comprehensive,5 Speed,Manual,7 Seats,DELHI
₹ 9 Lakh,Sedan,"60,000 Kms",1st Owner,2019,18.0,Petrol,2019,Third Party insurance,CVT,Automatic,5 Seats,DELHI
₹ 9.50 Lakh,SUV,"20,000 Kms",1st Owner,2021,18.4,Petrol,2021,Third Party insurance,5-Speed,Manual,5 Seats,DELHI
₹ 4.18 Lakh,Sedan,"60,000 Kms",1st Owner,2011,17.01,Petrol,2011,Third Party insurance,5 Speed,Manual,5 Seats,DELHI
₹ 11.95 Lakh,SUV,"38,000 Kms",1st Owner,2019,20.5,Diesel,2019,Third Party insurance,6 Speed,Manual,5 Seats,DELHI
₹ 46.40 Lakh,SUV,"7,000 Kms",0th Owner,2023,12.04,Diesel,2023,Third Party insurance,8 Speed,Automatic,6 Seats,DELHI
₹ 10.44 Lakh,Hatchback,"20,000 Kms",1st Owner,2022,16.47,Petrol,2022,Third Party insurance,6 Speed,Automatic,5 Seats,HYDERABAD
₹ 2.60 Lakh,Hatchback,"85,582 Kms",2nd Owner,2014,21.1,Petrol,2014,Third Party insurance,5 Speed,Manual,5 Seats,HYDERABAD
₹ 9.55 Lakh,SUV,"10,000 Kms",1st Owner,2023,18.9,Petrol,2023,Third Party insurance,5-Speed,Manual,5 Seats,HYDERABAD
₹ 6.71 Lakh,Hatchback,"50,750 Kms",1st Owner,2017,21.4,Petrol,2017,Third Party insurance,5 Speed,Manual,5 Seats,HYDERABAD
₹ 19 Lakh,SUV,"10,000 Kms",1st Owner,2022,18.9,Petrol,2022,Third Party insurance,6 Speed,Automatic,4 Seats,HYDERABAD
₹ 11.78 Lakh,SUV,"10,000 Kms",1st Owner,2021,18.2,Petrol,2021,Third Party insurance,6-Speed iMT,Manual,5 Seats,HYDERABAD
₹ 4.89 Lakh,Hatchback,"66,366 Kms",1st Owner,2017,23.1,Petrol,2017,Zero Dep,5 Speed,Automatic,5 Seats,HYDERABAD
₹ 15.41 Lakh,Sedan,"5,000 Kms",1st Owner,2022,19.2,Petrol,2022,Third Party insurance,7 Speed DCT,Automatic,5 Seats,HYDERABAD
₹ 4.65 Lakh,Hatchback,"72,544 Kms",1st Owner,2017,23.1,Petrol,2017,Third Party,5 Speed ,Manual,5 Seats,HYDERABAD
₹ 7.28 Lakh,Hatchback,"29,154 Kms",1st Owner,2021,18.5,Petrol,2021,Third Party,5 Speed,Manual,5 Seats,HYDERABAD
₹ 5.30 Lakh,Hatchback,"70,000 Kms",1st Owner,2018,23.84,Petrol,2018,Third Party insurance,5 Speed,Automatic,5 Seats,HYDERABAD
₹ 4.66 Lakh,Hatchback,"33,730 Kms",1st Owner,2021,21.7,Petrol,2021,Third Party insurance,5-Speed,Manual,5 Seats,HYDERABAD
₹ 4.57 Lakh,Hatchback,"51,113 Kms",1st Owner,2020,23.01,Petrol,2020,Comprehensive,5 Speed,Manual,5 Seats,HYDERABAD
₹ 3.50 Lakh,Hatchback,"40,000 Kms",2nd Owner,2013,22.07,Diesel,2013,Third Party insurance,5 Speed,Manual,5 Seats,HYDERABAD
₹ 2.90 Lakh,Hatchback,"40,000 Kms",1st Owner,2009,18.9,Petrol,2009,Third Party insurance,5 Speed,Manual,5 Seats,HYDERABAD
₹ 38 Lakh,SUV,"60,000 Kms",1st Owner,2020,20.68,Diesel,2020,Third Party insurance,8 Speed,Automatic,5 Seats,HYDERABAD
₹ 3.75 Lakh,Hatchback,"64,500 Kms",1st Owner,2014,21.79,Petrol,2014,Comprehensive,5 Speed,Manual,5 Seats,HYDERABAD
₹ 6 Lakh,Hatchback,"40,000 Kms",1st Owner,2020,21.79,Petrol,2020,Third Party insurance,5 Speed,Manual,5 Seats,HYDERABAD
₹ 14 Lakh,SUV,"80,000 Kms",1st Owner,2018,17.1,Diesel,2018,Third Party insurance,6 Speed,Manual,5 Seats,HYDERABAD
₹ 19 Lakh,SUV,"50,000 Kms",1st Owner,2019,16.3,Diesel,2019,Third Party insurance,6 Speed,Manual,5 Seats,HYDERABAD
₹ 7.40 Lakh,Hatchback,"40,000 Kms",1st Owner,2020,20.0,Petrol,2020,Third Party insurance,6 Speed IMT,Manual,5 Seats,HYDERABAD
₹ 7.66 Lakh,Sedan,"39,886 Kms",2nd Owner,2020,20.1,Petrol,2020,Third Party,5-Speed,Automatic,5 Seats,HYDERABAD
₹ 4.40 Lakh,SUV,"1,07,588 Kms",1st Owner,2014,20.45,Diesel,2014,Third Party insurance,5 speed,Manual,5 Seats,HYDERABAD
₹ 5.19 Lakh,Hatchback,"36,621 Kms",1st Owner,2017,18.9,Petrol,2017,Third Party insurance,5 Speed,Manual,5 Seats,HYDERABAD
₹ 16 Lakh,SUV,"80,000 Kms",1st Owner,2020,16.65,Diesel,2020,Third Party insurance,6-speed,Manual,6 Seats,HYDERABAD
₹ 5.25 Lakh,Hatchback,"18,900 Kms",1st Owner,2022,24.76,Petrol,2022,Third Party insurance,5 Speed,Manual,5 Seats,HYDERABAD
₹ 11.08 Lakh,SUV,"70,754 Kms",1st Owner,2019,20.8,Diesel,2019,Zero Dep,6-Speed,Manual,5 Seats,HYDERABAD
₹ 4.20 Lakh,Hatchback,"59,832 Kms",1st Owner,2020,21.7,Petrol,2020,Third Party insurance,5 Speed,Manual,5 Seats,HYDERABAD
₹ 6.05 Lakh,Sedan,"60,068 Kms",2nd Owner,2017,21.21,Petrol,2017,Third Party,5 Speed,Manual,5 Seats,HYDERABAD
₹ 3.26 Lakh,Hatchback,"41,261 Kms",1st Owner,2018,22.05,Petrol,2018,Comprehensive,5 Speed,Manual,5 Seats,HYDERABAD
₹ 9.50 Lakh,SUV,"32,209 Kms",1st Owner,2020,17.0,Petrol,2020,Third Party insurance,5 Speed,Manual,5 Seats,HYDERABAD
₹ 6.39 Lakh,Hatchback,"75,747 Kms",1st Owner,2018,18.7,Petrol,2018,Comprehensive,5 Speed,Manual,5 Seats,HYDERABAD
₹ 7.12 Lakh,Hatchback,"49,241 Kms",2nd Owner,2018,18.6,Petrol,2018,Third Party insurance,5 Speed,Manual,5 Seats,HYDERABAD
₹ 30 Lakh,SUV,"1,00,000 Kms",2nd Owner,2018,17.9,Diesel,2018,Third Party insurance,9 Speed,Automatic,5 Seats,HYDERABAD
₹ 22.50 Lakh,SUV,"1,19,422 Kms",1st Owner,2016,10.91,Diesel,2016,Third Party insurance,6 Speed,Automatic,7 Seats,HYDERABAD
₹ 6.70 Lakh,Hatchback,"33,488 Kms",1st Owner,2021,22.38,Petrol,2021,Third Party insurance,5-Speed,Manual,5 Seats,HYDERABAD
₹ 16.50 Lakh,SUV,"30,000 Kms",1st Owner,2021,15.2,Petrol,2021,Third Party insurance,6 Speed,Manual,4 Seats,HYDERABAD
₹ 8.75 Lakh,Hatchback,"21,000 Kms",1st Owner,2022,19.33,Petrol,2022,Third Party,5-Speed,Manual,5 Seats,HYDERABAD
₹ 16 Lakh,SUV,"56,545 Kms",1st Owner,2018,17.1,Diesel,2018,Third Party insurance,6 Speed,Manual,5 Seats,HYDERABAD
₹ 6.75 Lakh,Hatchback,"64,000 Kms",1st Owner,2017,18.78,Petrol,2017,Third Party insurance,5 Speed,Manual,5 Seats,HYDERABAD
₹ 5.33 Lakh,Sedan,"71,413 Kms",2nd Owner,2018,19.44,Petrol,2018,Third Party insurance,5 Speed,Manual,5 Seats,HYDERABAD
₹ 4.87 Lakh,Hatchback,"31,920 Kms",2nd Owner,2020,22.3,Petrol,2020,Third Party,5 Speed,Manual,5 Seats,HYDERABAD
₹ 33.90 Lakh,SUV,"46,000 Kms",1st Owner,2019,20.68,Diesel,2019,Comprehensive,8 Speed,Automatic,5 Seats,HYDERABAD
₹ 5.26 Lakh,Hatchback,"9,939 Kms",2nd Owner,2022,21.7,Petrol,2022,Comprehensive,5 Speed,Manual,5 Seats,HYDERABAD
₹ 9.26 Lakh,Hatchback,"7,156 Kms",1st Owner,2022,21.01,Petrol,2022,Third Party,5 Speed,Manual,5 Seats,HYDERABAD
₹ 8.50 Lakh,Sedan,"20,608 Kms",1st Owner,2018,17.1,Petrol,2018,Comprehensive,6 Speed,Manual,5 Seats,HYDERABAD
₹ 7.25 Lakh,Sedan,"92,000 Kms",2nd Owner,2019,22.0,Petrol,2019,Comprehensive,5 Speed,Manual,5 Seats,HYDERABAD
₹ 5.01 Lakh,Hatchback,"67,553 Kms",2nd Owner,2018,23.1,Petrol,2018,Comprehensive,5 Speed,Automatic,5 Seats,HYDERABAD
₹ 5.77 Lakh,Sedan,"95,286 Kms",1st Owner,2017,20.85,Petrol,2017,Third Party,5 Speed,Manual,5 Seats,HYDERABAD
₹ 8.95 Lakh,SUV,"66,000 Kms",1st Owner,2015,16.0,Diesel,2015,Comprehensive,6 Speed ,Manual,7 Seats,HYDERABAD
₹ 5.21 Lakh,Hatchback,"35,929 Kms",1st Owner,2019,18.9,Petrol,2019,Zero Dep,5 Speed,Manual,5 Seats,HYDERABAD
₹ 6.50 Lakh,SUV,"1,36,035 Kms",1st Owner,2016,15.4,Petrol,2016,Comprehensive,6 Speed,Manual,7 Seats,HYDERABAD
₹ 6.70 Lakh,MUV,"93,997 Kms",1st Owner,2013,20.77,Diesel,2013,Third Party insurance,5 Speed ,Manual,7 Seats,HYDERABAD
₹ 7.75 Lakh,Sedan,"60,000 Kms",1st Owner,2018,15.41,Petrol,2018,Third Party insurance,5 Speed,Manual,5 Seats,HYDERABAD
₹ 9.80 Lakh,SUV,"52,220 Kms",1st Owner,2019,24.3,Diesel,2019,Comprehensive,5 Speed,Manual,5 Seats,HYDERABAD
₹ 8.30 Lakh,Sedan,"61,659 Kms",2nd Owner,2019,21.56,Petrol,2019,Third Party,5 Speed,Manual,5 Seats,HYDERABAD
₹ 7.50 Lakh,Sedan,"65,000 Kms",1st Owner,2020,22.41,Petrol,2020,Third Party insurance,5 Speed,Manual,5 Seats,HYDERABAD
₹ 4.50 Lakh,Hatchback,"1,20,000 Kms",1st Owner,2018,25.32,Diesel,2018,Third Party insurance,5 Speed,Manual,6 Seats,HYDERABAD
₹ 6 Lakh,Hatchback,"1,10,000 Kms",2nd Owner,2017,25.2,Diesel,2017,Third Party insurance,5 Speed,Manual,5 Seats,HYDERABAD
₹ 3.02 Lakh,Hatchback,"78,969 Kms",1st Owner,2017,22.05,Petrol,2017,Third Party insurance,5 Speed,Manual,5 Seats,HYDERABAD
₹ 7.36 Lakh,Hatchback,"38,939 Kms",2nd Owner,2021,20.7,Petrol,2021,Third Party,5-Speed,Manual,5 Seats,HYDERABAD
₹ 4.80 Lakh,Hatchback,"88,637 Kms",1st Owner,2019,20.89,Petrol,2019,Comprehensive,5 Speed,Manual,5 Seats,HYDERABAD
₹ 9.67 Lakh,Hatchback,"19,070 Kms",1st Owner,2021,20.0,Petrol,2021,Third Party,6 Speed IMT,Manual,5 Seats,HYDERABAD
₹ 4.32 Lakh,Hatchback,"68,556 Kms",1st Owner,2020,21.7,Petrol,2020,Zero Dep,5 Speed,Manual,5 Seats,HYDERABAD
₹ 6 Lakh,Hatchback,"44,356 Kms",1st Owner,2019,20.4,Petrol,2019,Not Available,5 Speed,Manual,5 Seats,HYDERABAD
₹ 6.10 Lakh,Sedan,"73,143 Kms",1st Owner,2016,22.41,Petrol,2016,Third Party,5 Speed,Manual,5 Seats,HYDERABAD
₹ 12.50 Lakh,SUV,"1,46,769 Kms",1st Owner,2012,14.7,Diesel,2012,Third Party insurance,6 Speed,Automatic,5 Seats,HYDERABAD
₹ 3.37 Lakh,Hatchback,"67,527 Kms",1st Owner,2018,19.02,Petrol,2018,Third Party insurance,5 Speed,Manual,5 Seats,HYDERABAD
₹ 5.27 Lakh,Hatchback,"79,467 Kms",1st Owner,2019,20.3,Petrol,2019,Comprehensive,5 Speed,Automatic,5 Seats,HYDERABAD
₹ 17.50 Lakh,Sedan,"1,03,174 Kms",1st Owner,2014,18.12,Diesel,2014,Third Party insurance,8 Speed,Automatic,5 Seats,HYDERABAD
₹ 5.49 Lakh,Hatchback,"1,03,046 Kms",3rd Owner,2017,16.2,Petrol,2017,Third Party,5 Speed,Manual,5 Seats,HYDERABAD
₹ 2.70 Lakh,Hatchback,"85,110 Kms",2nd Owner,2017,15.8,Petrol,2017,Not Available,5 Speed,Manual,5 Seats,HYDERABAD
₹ 2.85 Lakh,Sedan,"1,14,000 Kms",1st Owner,2011,19.0,Diesel,2011,Third Party insurance,5 Speed,Manual,5 Seats,HYDERABAD
₹ 9.75 Lakh,SUV,"70,000 Kms",1st Owner,2017,20.37,Diesel,2017,Third Party insurance,6 Speed,Manual,5 Seats,HYDERABAD
₹ 7.25 Lakh,Hatchback,"72,000 Kms",1st Owner,2018,22.54,Diesel,2018,Third Party insurance,6 Speed,Manual,5 Seats,HYDERABAD
₹ 9.55 Lakh,SUV,"20,000 Kms",1st Owner,2023,18.9,Petrol,2023,Third Party insurance,5-Speed,Manual,5 Seats,HYDERABAD
₹ 18.50 Lakh,MUV,"32,000 Kms",1st Owner,2022,18.9,Diesel,2022,Third Party,6-Speed AT,Automatic,6 Seats,HYDERABAD
₹ 10.10 Lakh,SUV,"20,000 Kms",1st Owner,2023,18.9,Petrol,2023,Third Party insurance,5-Speed,Manual,5 Seats,HYDERABAD
₹ 17.50 Lakh,SUV,"22,500 Kms",1st Owner,2021,16.8,Petrol,2021,Third Party insurance,6-Speed IVT,Automatic,5 Seats,HYDERABAD
₹ 6.21 Lakh,Hatchback,"54,708 Kms",1st Owner,2016,18.6,Petrol,2016,Comprehensive,5 Speed,Manual,5 Seats,HYDERABAD
₹ 6.33 Lakh,Hatchback,"78,031 Kms",1st Owner,2017,21.4,Petrol,2017,Comprehensive,5 Speed,Manual,5 Seats,HYDERABAD
₹ 69 Lakh,Sedan,"32,000 Kms",1st Owner,2022,20.37,Diesel,2022,Comprehensive,8-Speed Steptronic,Automatic,5 Seats,HYDERABAD
₹ 5.15 Lakh,Hatchback,"24,337 Kms",2nd Owner,2019,18.9,Petrol,2019,Zero Dep,5 Speed,Manual,5 Seats,HYDERABAD
₹ 6.79 Lakh,Hatchback,"82,243 Kms",1st Owner,2019,21.4,Petrol,2019,Third Party insurance,5 Speed,Manual,5 Seats,HYDERABAD
₹ 13.88 Lakh,SUV,"20,000 Kms",1st Owner,2022,18.9,Petrol,2022,Third Party insurance,6-speed iMT,Manual,5 Seats,HYDERABAD
₹ 6.09 Lakh,Hatchback,"1,04,701 Kms",2nd Owner,2017,20.89,Petrol,2017,Comprehensive,5 Speed,Automatic,5 Seats,HYDERABAD
₹ 10 Lakh,SUV,"54,000 Kms",2nd Owner,2021,17.03,Petrol,2021,Comprehensive,5 Speed,Manual,5 Seats,HYDERABAD
₹ 5.90 Lakh,Hatchback,"1,18,937 Kms",1st Owner,2021,22.38,Petrol,2021,Third Party insurance,5-Speed,Manual,5 Seats,HYDERABAD
₹ 5.70 Lakh,Hatchback,"1,05,133 Kms",1st Owner,2017,25.2,Diesel,2017,Third Party insurance,5 Speed,Manual,5 Seats,HYDERABAD
₹ 26.50 Lakh,SUV,"10,000 Kms",1st Owner,2023,12.34,Petrol,2023,Third Party insurance,6-speed,Automatic,5 Seats,HYDERABAD
₹ 6.79 Lakh,Sedan,"36,290 Kms",1st Owner,2018,21.21,Petrol,2018,Third Party,5 Speed,Automatic,5 Seats,HYDERABAD
₹ 18 Lakh,SUV,"10,000 Kms",1st Owner,2023,18.9,Petrol,2023,Third Party insurance,6-Speed,Manual,7 Seats,HYDERABAD
₹ 6.40 Lakh,Hatchback,"29,084 Kms",1st Owner,2018,18.6,Petrol,2018,Third Party insurance,5 Speed,Manual,5 Seats,HYDERABAD
₹ 4.75 Lakh,Hatchback,"66,911 Kms",1st Owner,2020,21.63,Petrol,2020,Third Party insurance,5 Speed,Manual,5 Seats,HYDERABAD
₹ 4.30 Lakh,Sedan,"1,10,000 Kms",1st Owner,2011,16.8,Petrol,2011,Third Party insurance,5 Speed,Automatic,5 Seats,HYDERABAD
₹ 17 Lakh,SUV,"7,033 Kms",1st Owner,2022,21.11,Petrol,2022,Comprehensive,5 Speed,Manual,5 Seats,HYDERABAD
₹ 19.50 Lakh,SUV,"40,000 Kms",1st Owner,2021,17.88,Petrol,2021,Third Party insurance,7-Speed DSG,Manual,5 Seats,HYDERABAD
₹ 7 Lakh,SUV,"80,000 Kms",2nd Owner,2014,15.1,Diesel,2014,Third Party insurance,6 Speed,Manual,7 Seats,HYDERABAD
₹ 6.75 Lakh,Hatchback,"22,000 Kms",1st Owner,2018,18.9,Petrol,2018,Third Party,4 Speed,Automatic,5 Seats,HYDERABAD
₹ 4.30 Lakh,Hatchback,"70,200 Kms",1st Owner,2018,19.02,Petrol,2018,Third Party insurance,5 Speed,Manual,5 Seats,HYDERABAD
₹ 4.20 Lakh,Hatchback,"60,004 Kms",1st Owner,2019,23.01,Petrol,2019,Third Party insurance,5 Speed,Manual,5 Seats,HYDERABAD
₹ 5.80 Lakh,Hatchback,"60,000 Kms",1st Owner,2020,20.52,Petrol,2020,Third Party insurance,5 Speed,Manual,5 Seats,HYDERABAD
₹ 3.34 Lakh,Hatchback,"57,078 Kms",2nd Owner,2013,19.81,Petrol,2013,Third Party,5 Speed,Manual,5 Seats,HYDERABAD
₹ 4.02 Lakh,Hatchback,"63,789 Kms",1st Owner,2014,18.5,Petrol,2014,Comprehensive,5 Speed,Manual,5 Seats,HYDERABAD
₹ 2.40 Lakh,Hatchback,"1,20,000 Kms",1st Owner,2016,25.44,Diesel,2016,Third Party insurance,5 Speed,Manual,5 Seats,HYDERABAD
₹ 7.34 Lakh,Sedan,"1,18,207 Kms",2nd Owner,2018,28.09,Diesel,2018,Zero Dep,5 Speed,Automatic,5 Seats,HYDERABAD
₹ 7.95 Lakh,Sedan,"53,000 Kms",1st Owner,2017,17.4,Petrol,2017,Comprehensive,5 Speed,Manual,5 Seats,HYDERABAD
₹ 5.70 Lakh,Hatchback,"1,05,224 Kms",2nd Owner,2016,21.4,Petrol,2016,Comprehensive,5 Speed,Manual,5 Seats,HYDERABAD
₹ 5.51 Lakh,Hatchback,"20,837 Kms",2nd Owner,2021,20.3,Petrol,2021,Zero Dep,5 Speed,Manual,5 Seats,HYDERABAD
₹ 2.80 Lakh,Hatchback,"1,00,000 Kms",2nd Owner,2010,18.5,Petrol,2010,Third Party insurance,5 Speed,Manual,5 Seats,HYDERABAD
₹ 4.63 Lakh,Hatchback,"24,021 Kms",1st Owner,2021,20.71,Petrol,2021,Third Party insurance,5-Speed,Manual,5 Seats,HYDERABAD
₹ 6.25 Lakh,Sedan,"61,000 Kms",1st Owner,2016,20.73,Petrol,2016,Third Party insurance,5 Speed,Manual,5 Seats,HYDERABAD
₹ 8 Lakh,Sedan,"1,20,000 Kms",2nd Owner,2013,9.0,Diesel,2013,Third Party insurance,8 Speed,Automatic,5 Seats,HYDERABAD
₹ 2 Lakh,Sedan,"64,000 Kms",2nd Owner,2008,15.3,Petrol,2008,Third Party insurance,5 Speed,Manual,5 Seats,HYDERABAD
₹ 1.70 Lakh,Hatchback,"1,20,000 Kms",1st Owner,2011,19.7,Petrol,2011,Third Party insurance,5 Speed,Manual,5 Seats,HYDERABAD
₹ 19.50 Lakh,SUV,"30,000 Kms",1st Owner,2022,17.88,Petrol,2022,Third Party insurance,7-Speed DSG,Manual,5 Seats,HYDERABAD
₹ 3.25 Lakh,Hatchback,"49,000 Kms",1st Owner,2018,22.05,Petrol,2018,Third Party insurance,5 Speed,Manual,5 Seats,HYDERABAD
₹ 7.50 Lakh,MUV,"1,15,000 Kms",1st Owner,2018,17.3,Diesel,2018,Third Party insurance,6 Speed,Manual,7 Seats,HYDERABAD
₹ 2.75 Lakh,Hatchback,"50,000 Kms",1st Owner,2016,24.7,Petrol,2016,Third Party insurance,5 Speed,Manual,5 Seats,HYDERABAD
₹ 4.47 Lakh,Hatchback,"18,569 Kms",1st Owner,2021,21.7,Petrol,2021,Third Party,5-Speed,Manual,5 Seats,HYDERABAD
₹ 5.78 Lakh,Hatchback,"98,455 Kms",1st Owner,2018,24.0,Diesel,2018,Third Party insurance,5 Speed,Manual,5 Seats,HYDERABAD
₹ 6 Lakh,Sedan,"85,000 Kms",1st Owner,2015,21.66,Diesel,2015,Third Party insurance,7 Speed,Automatic,5 Seats,HYDERABAD
₹ 5.24 Lakh,Sedan,"97,921 Kms",1st Owner,2016,17.0,Petrol,2016,Third Party,5 Speed,Manual,5 Seats,HYDERABAD
₹ 4.02 Lakh,Hatchback,"19,205 Kms",2nd Owner,2020,21.7,Petrol,2020,Third Party,5-Speed,Manual,5 Seats,HYDERABAD
₹ 6.67 Lakh,Hatchback,"1,22,000 Kms",2nd Owner,2019,28.4,Diesel,2019,Third Party insurance,5,Manual,5 Seats,HYDERABAD
₹ 5.52 Lakh,Hatchback,"97,644 Kms",1st Owner,2018,20.89,Petrol,2018,Zero Dep,5 Speed,Manual,5 Seats,HYDERABAD
₹ 2.65 Lakh,Hatchback,"82,000 Kms",1st Owner,2010,20.36,Petrol,2010,Third Party insurance,5 Speed,Manual,5 Seats,HYDERABAD
₹ 4.43 Lakh,Hatchback,"70,607 Kms",2nd Owner,2013,22.9,Diesel,2013,Comprehensive,5 Speed,Manual,5 Seats,HYDERABAD
₹ 7.21 Lakh,Sedan,"71,144 Kms",1st Owner,2016,17.01,Petrol,2016,Third Party insurance,4 Speed,Automatic,5 Seats,HYDERABAD
₹ 15.50 Lakh,Sedan,"2,373 Kms",1st Owner,2022,18.45,Petrol,2022,Comprehensive,6 Speed IVT,Automatic,5 Seats,HYDERABAD
₹ 10.92 Lakh,Hatchback,"56,753 Kms",1st Owner,2021,20.28,Petrol,2021,Zero Dep,7 Speed DCT,Automatic,5 Seats,HYDERABAD
₹ 8.90 Lakh,SUV,"72,000 Kms",1st Owner,2018,24.3,Diesel,2018,Third Party insurance,5 Speed,Manual,5 Seats,HYDERABAD
₹ 5.50 Lakh,Hatchback,"64,487 Kms",2nd Owner,2018,21.4,Petrol,2018,Not Available,5 Speed,Manual,5 Seats,HYDERABAD
₹ 6.09 Lakh,Hatchback,"95,783 Kms",1st Owner,2017,21.4,Petrol,2017,Third Party,5 Speed,Manual,5 Seats,HYDERABAD
₹ 14.50 Lakh,MUV,"60,000 Kms",2nd Owner,2019,17.6,Diesel,2019,Third Party insurance,6 Speed,Automatic,7 Seats,HYDERABAD
₹ 11 Lakh,MUV,"59,108 Kms",1st Owner,2021,19.01,Petrol,2021,Comprehensive,5-Speed,Manual,6 Seats,HYDERABAD
₹ 38 Lakh,Sedan,"50,000 Kms",2nd Owner,2019,12.6,Diesel,2019,Third Party insurance,9 Speed,Automatic,5 Seats,HYDERABAD
₹ 11.99 Lakh,SUV,"31,500 Kms",2nd Owner,2020,14.23,Petrol,2020,Comprehensive,6-Speed,Manual,5 Seats,HYDERABAD
₹ 8.45 Lakh,SUV,"1,28,193 Kms",1st Owner,2015,15.1,Diesel,2015,Comprehensive,6 Speed ,Manual,7 Seats,HYDERABAD
₹ 10.13 Lakh,Sedan,"87,810 Kms",1st Owner,2018,22.0,Diesel,2018,Zero Dep,6 Speed,Manual,5 Seats,HYDERABAD
₹ 10.08 Lakh,SUV,"64,951 Kms",2nd Owner,2017,13.0,Petrol,2017,Comprehensive,6 Speed,Manual,5 Seats,HYDERABAD
₹ 2.60 Lakh,Hatchback,"50,000 Kms",2nd Owner,2012,17.92,Petrol,2012,Third Party insurance,5 Speed,Manual,5 Seats,HYDERABAD
₹ 11.24 Lakh,SUV,"97,161 Kms",1st Owner,2017,19.67,Diesel,2017,Third Party insurance,6 Speed,Manual,5 Seats,HYDERABAD
₹ 6.09 Lakh,Sedan,"67,805 Kms",1st Owner,2017,17.0,Petrol,2017,Zero Dep,5 Speed,Manual,5 Seats,HYDERABAD
₹ 14.50 Lakh,SUV,"1,58,000 Kms",2nd Owner,2014,15.73,Diesel,2014,Third Party insurance,7-Speed S-Tronic ,Automatic,5 Seats,HYDERABAD
₹ 2.72 Lakh,Hatchback,"70,435 Kms",2nd Owner,2014,24.39,Petrol,2014,Third Party insurance,5 Speed,Manual,5 Seats,HYDERABAD
₹ 15 Lakh,SUV,"49,287 Kms",1st Owner,2020,17.41,Diesel,2020,Comprehensive,6 Speed,Manual,5 Seats,HYDERABAD
₹ 5.22 Lakh,Hatchback,"84,759 Kms",2nd Owner,2018,20.3,Petrol,2018,Comprehensive,5 Speed,Automatic,5 Seats,HYDERABAD
₹ 6.23 Lakh,Hatchback,"74,538 Kms",2nd Owner,2017,21.4,Petrol,2017,Comprehensive,5 Speed,Manual,5 Seats,HYDERABAD
₹ 5.85 Lakh,SUV,"53,000 Kms",1st Owner,2010,12.05,Diesel,2010,Third Party insurance,6 Speed,Manual,8 Seats,HYDERABAD
₹ 2.98 Lakh,Hatchback,"79,024 Kms",2nd Owner,2017,22.05,Petrol,2017,Third Party insurance,5 Speed,Manual,5 Seats,HYDERABAD
₹ 4 Lakh,Hatchback,"80,000 Kms",1st Owner,2016,27.62,Diesel,2016,Third Party insurance,5 Speed ,Manual,5 Seats,HYDERABAD
₹ 49.80 Lakh,Sedan,"56,000 Kms",1st Owner,2019,16.1,Diesel,2019,Third Party insurance,9 Speed,Automatic,5 Seats,HYDERABAD
₹ 10.80 Lakh,SUV,"62,125 Kms",1st Owner,2018,19.67,Diesel,2018,Comprehensive,6 Speed,Manual,5 Seats,HYDERABAD
₹ 5.20 Lakh,Hatchback,"95,596 Kms",1st Owner,2014,23.59,Diesel,2014,Comprehensive,5 Speed,Manual,5 Seats,HYDERABAD
₹ 6.80 Lakh,Hatchback,"18,500 Kms",1st Owner,2019,18.9,Petrol,2019,Comprehensive,5 Speed,Manual,5 Seats,HYDERABAD
₹ 5 Lakh,Hatchback,"1,44,000 Kms",2nd Owner,2016,28.4,Diesel,2016,Third Party insurance,5,Manual,5 Seats,HYDERABAD
₹ 11.99 Lakh,Sedan,"55,200 Kms",1st Owner,2021,18.6,Petrol,2021,Third Party insurance,6 Speed,Manual,5 Seats,HYDERABAD
₹ 4.98 Lakh,Hatchback,"1,88,058 Kms",1st Owner,2016,22.54,Diesel,2016,Not Available,6 Speed,Manual,5 Seats,HYDERABAD
₹ 6.33 Lakh,Hatchback,"71,779 Kms",1st Owner,2016,18.6,Petrol,2016,Third Party insurance,5 Speed,Manual,5 Seats,HYDERABAD
₹ 5.62 Lakh,Sedan,"1,01,176 Kms",3rd Owner,2015,17.4,Petrol,2015,Third Party insurance,5 Speed ,Manual,5 Seats,HYDERABAD
₹ 4.75 Lakh,Hatchback,"75,000 Kms",1st Owner,2016,27.62,Diesel,2016,Third Party insurance,5 Speed ,Manual,5 Seats,HYDERABAD
₹ 6.01 Lakh,Hatchback,"66,676 Kms",1st Owner,2017,18.7,Petrol,2017,Comprehensive,5 Speed,Manual,5 Seats,HYDERABAD
₹ 3.52 Lakh,Hatchback,"2,236 Kms",1st Owner,2018,22.05,Petrol,2018,Third Party insurance,5 Speed,Manual,5 Seats,HYDERABAD
₹ 23.95 Lakh,SUV,"62,000 Kms",1st Owner,2019,12.05,Diesel,2019,Third Party insurance,7 speed,Automatic,7 Seats,HYDERABAD
₹ 3 Lakh,Hatchback,"74,754 Kms",2nd Owner,2012,19.81,Petrol,2012,Third Party insurance,5 Speed,Manual,5 Seats,HYDERABAD
₹ 7.20 Lakh,Hatchback,"66,244 Kms",1st Owner,2018,21.01,Petrol,2018,Third Party insurance,5 Speed,Manual,5 Seats,HYDERABAD
₹ 5.41 Lakh,Hatchback,"17,341 Kms",1st Owner,2022,21.46,Petrol,2022,Third Party insurance,5 Speed,Manual,5 Seats,HYDERABAD
₹ 5.14 Lakh,Hatchback,"44,675 Kms",1st Owner,2018,18.9,Petrol,2018,Third Party insurance,5 Speed,Manual,5 Seats,HYDERABAD
₹ 3.95 Lakh,SUV,"70,000 Kms",3rd Owner,2017,18.9,Diesel,2001,Third Party insurance,5 Speed,Manual,6 Seats,HYDERABAD
₹ 7.80 Lakh,Hatchback,"30,829 Kms",1st Owner,2022,22.35,Petrol,2022,Comprehensive,5 Speed,Manual,5 Seats,HYDERABAD
₹ 4 Lakh,Sedan,"1,00,000 Kms",2nd Owner,2015,17.6,Petrol,2015,Third Party insurance,5 Speed,Manual,5 Seats,HYDERABAD
₹ 9.95 Lakh,Sedan,"53,800 Kms",1st Owner,2019,26.82,Diesel,2019,Third Party insurance,5 Speed,Manual,5 Seats,HYDERABAD
₹ 9.40 Lakh,SUV,"1,22,000 Kms",1st Owner,2017,22.1,Diesel,2017,Third Party insurance,6 Speed,Manual,5 Seats,HYDERABAD
₹ 14.90 Lakh,SUV,"1,07,220 Kms",1st Owner,2017,16.0,Diesel,2017,Third Party insurance,6 Speed,Manual,7 Seats,HYDERABAD
₹ 5.80 Lakh,Sedan,"1,29,000 Kms",1st Owner,2015,26.0,Diesel,2015,Third Party insurance,6 Speed ,Manual,5 Seats,HYDERABAD
₹ 66.95 Lakh,SUV,"60,000 Kms",1st Owner,2017,11.0,Diesel,2017,Third Party,9 Speed,Automatic,7 Seats,HYDERABAD
₹ 3.75 Lakh,Hatchback,"83,829 Kms",1st Owner,2018,22.5,Petrol,2018,Third Party insurance,5-Speed,Manual,5 Seats,HYDERABAD
₹ 30 Lakh,SUV,"70,000 Kms",1st Owner,2017,14.16,Diesel,2017,Third Party insurance,7 Speed,Automatic,5 Seats,HYDERABAD
₹ 3.14 Lakh,Hatchback,"52,996 Kms",2nd Owner,2013,19.4,Petrol,2013,Third Party insurance,5 Speed,Manual,5 Seats,HYDERABAD
₹ 5.56 Lakh,Hatchback,"16,105 Kms",2nd Owner,2021,22.0,Petrol,2021,Third Party insurance,5 Speed,Automatic,5 Seats,HYDERABAD
₹ 28.50 Lakh,Sedan,"1,51,901 Kms",1st Owner,2016,15.8,Diesel,2016,Third Party insurance,6 Speed,Manual,5 Seats,HYDERABAD
₹ 7.87 Lakh,Hatchback,"15,680 Kms",1st Owner,2021,21.01,Petrol,2021,Zero Dep,5 Speed,Manual,5 Seats,HYDERABAD
₹ 5.95 Lakh,Hatchback,"55,065 Kms",1st Owner,2019,22.56,Petrol,2019,Third Party insurance,5-Speed,Automatic,5 Seats,HYDERABAD
₹ 4 Lakh,Hatchback,"1,20,000 Kms",2nd Owner,2016,23.59,Diesel,2016,Third Party insurance,5 Speed,Manual,5 Seats,HYDERABAD
₹ 7.71 Lakh,Hatchback,"15,518 Kms",2nd Owner,2021,19.0,Petrol,2021,Third Party,5-Speed,Automatic,5 Seats,HYDERABAD
₹ 7.90 Lakh,Sedan,"39,907 Kms",1st Owner,2018,21.0,Diesel,2018,Third Party insurance,CVT,Automatic,5 Seats,HYDERABAD
₹ 6.55 Lakh,Hatchback,"45,560 Kms",1st Owner,2017,18.6,Petrol,2017,Zero Dep,5 Speed,Manual,5 Seats,HYDERABAD
₹ 3.36 Lakh,Hatchback,"42,096 Kms",1st Owner,2012,20.36,Petrol,2012,Third Party insurance,5 Speed,Manual,5 Seats,HYDERABAD
₹ 17.75 Lakh,Sedan,"70,500 Kms",2nd Owner,2015,17.9,Diesel,2015,Third Party insurance,7 Speed,Automatic,5 Seats,HYDERABAD
₹ 8.32 Lakh,Sedan,"63,886 Kms",1st Owner,2018,17.4,Petrol,2018,Third Party insurance,5 Speed,Manual,5 Seats,HYDERABAD
₹ 10.25 Lakh,MUV,"95,600 Kms",1st Owner,2017,17.6,Diesel,2017,Third Party insurance,6 Speed,Manual,7 Seats,HYDERABAD
₹ 19.95 Lakh,Sedan,"1,01,000 Kms",1st Owner,2013,13.0,Diesel,2013,Third Party insurance,7 Speed,Automatic,5 Seats,HYDERABAD
₹ 26.50 Lakh,Sedan,"61,000 Kms",1st Owner,2015,13.0,Diesel,2015,Third Party insurance,7 Speed,Automatic,5 Seats,HYDERABAD
₹ 24.50 Lakh,SUV,"95,000 Kms",1st Owner,2016,17.05,Diesel,2016,Third Party insurance,8-Speed ,Automatic,5 Seats,HYDERABAD
₹ 25.50 Lakh,SUV,"97,000 Kms",1st Owner,2017,15.73,Diesel,2017,Third Party insurance,7-Speed S-Tronic ,Automatic,5 Seats,HYDERABAD
₹ 5.95 Lakh,Hatchback,"61,000 Kms",1st Owner,2016,25.2,Diesel,2016,Third Party insurance,5 Speed ,Manual,5 Seats,HYDERABAD
₹ 6.25 Lakh,Hatchback,"18,000 Kms",1st Owner,2017,18.9,Petrol,2017,Third Party insurance,4 Speed,Automatic,5 Seats,HYDERABAD
₹ 5.99 Lakh,Hatchback,"63,000 Kms",1st Owner,2016,18.9,Petrol,2016,Third Party insurance,4 Speed,Automatic,5 Seats,HYDERABAD
₹ 6.15 Lakh,Hatchback,"52,617 Kms",2nd Owner,2018,21.4,Petrol,2018,Third Party,5 Speed,Manual,5 Seats,HYDERABAD
₹ 5.14 Lakh,Hatchback,"51,865 Kms",1st Owner,2019,25.24,Petrol,2019,Third Party insurance,5-Speed,Manual,5 Seats,HYDERABAD
₹ 23.75 Lakh,SUV,"93,000 Kms",1st Owner,2017,17.32,Diesel,2017,Third Party insurance,6 Speed,Manual,5 Seats,HYDERABAD
₹ 4.58 Lakh,Hatchback,"1,10,410 Kms",1st Owner,2015,22.38,Petrol,2015,Comprehensive,5-Speed,Manual,5 Seats,HYDERABAD
₹ 7 Lakh,Sedan,"55,846 Kms",1st Owner,2017,19.12,Petrol,2017,Third Party,4 Speed,Automatic,5 Seats,HYDERABAD
₹ 5.15 Lakh,Hatchback,"47,000 Kms",1st Owner,2020,21.46,Petrol,2020,Third Party insurance,5 Speed,Manual,5 Seats,HYDERABAD
₹ 8.22 Lakh,SUV,"39,914 Kms",1st Owner,2018,17.0,Petrol,2018,Third Party insurance,5 Speed,Manual,5 Seats,HYDERABAD
₹ 2.65 Lakh,Hatchback,"73,000 Kms",1st Owner,2010,17.92,Petrol,2010,Third Party insurance,5 Speed,Manual,5 Seats,HYDERABAD
₹ 5.79 Lakh,Hatchback,"88,048 Kms",1st Owner,2016,18.6,Petrol,2016,Third Party insurance,5 Speed,Manual,5 Seats,HYDERABAD
₹ 3.18 Lakh,Hatchback,"92,278 Kms",2nd Owner,2013,20.36,Petrol,2013,Third Party,5 Speed,Manual,5 Seats,HYDERABAD
₹ 4.35 Lakh,SUV,"2,60,000 Kms",1st Owner,2003,18.9,Diesel,2003,Third Party insurance,5 Speed,Manual,8 Seats,HYDERABAD
₹ 6.43 Lakh,Sedan,"92,960 Kms",1st Owner,2016,17.8,Petrol,2016,Comprehensive,5 Speed,Manual,5 Seats,HYDERABAD
₹ 7.50 Lakh,Hatchback,"63,000 Kms",1st Owner,2020,19.33,Petrol,2020,Third Party insurance,5-Speed,Manual,5 Seats,HYDERABAD
₹ 8.25 Lakh,SUV,"20,000 Kms",1st Owner,2021,19.03,Petrol,2021,Third Party insurance,5 Speed,Automatic,5 Seats,HYDERABAD
₹ 26.75 Lakh,SUV,"7,000 Kms",1st Owner,2022,14.1,Petrol,2022,Comprehensive,7 Speed DCT,Automatic,5 Seats,HYDERABAD
₹ 6.10 Lakh,Hatchback,"4,600 Kms",1st Owner,2022,25.3,Petrol,2022,Comprehensive,AGS,Automatic,5 Seats,HYDERABAD
₹ 10.90 Lakh,Sedan,"22,800 Kms",1st Owner,2021,17.4,Petrol,2021,Comprehensive,5 Speed,Manual,5 Seats,HYDERABAD
₹ 1 Lakh,Sedan,"1,50,000 Kms",1st Owner,2006,17.8,Diesel,2006,Third Party insurance,5 Speed,Manual,5 Seats,HYDERABAD
₹ 6.25 Lakh,Sedan,"10,000 Kms",1st Owner,2020,19.95,Petrol,2020,Third Party insurance,5 Speed,Manual,5 Seats,HYDERABAD
₹ 1.85 Lakh,Hatchback,"70,000 Kms",2nd Owner,2010,15.6,Petrol,2010,Third Party insurance,5 Speed,Manual,5 Seats,HYDERABAD
₹ 3.57 Lakh,Hatchback,"44,790 Kms",1st Owner,2020,22.05,Petrol,2020,Third Party insurance,5 Speed,Manual,5 Seats,HYDERABAD
₹ 5.47 Lakh,Hatchback,"14,213 Kms",1st Owner,2022,21.7,Petrol,2022,Third Party,5 Speed,Manual,5 Seats,HYDERABAD
₹ 8 Lakh,SUV,"1,02,000 Kms",2nd Owner,2018,24.3,Diesel,2018,Comprehensive,5 Speed,Manual,5 Seats,HYDERABAD
₹ 3.11 Lakh,Hatchback,"40,724 Kms",3rd Owner,2012,20.36,Petrol,2012,Third Party insurance,5 Speed,Manual,5 Seats,HYDERABAD
₹ 5.70 Lakh,Hatchback,"55,724 Kms",2nd Owner,2017,21.4,Petrol,2017,Third Party insurance,5 Speed,Manual,5 Seats,HYDERABAD
₹ 3 Lakh,Sedan,"1,00,000 Kms",1st Owner,2010,17.5,Petrol,2010,Third Party insurance,5 Speed,Manual,5 Seats,HYDERABAD
₹ 3.32 Lakh,Hatchback,"85,396 Kms",1st Owner,2017,22.05,Petrol,2017,Third Party,5 Speed,Manual,5 Seats,HYDERABAD
₹ 5.10 Lakh,Hatchback,"50,000 Kms",2nd Owner,2016,21.4,Petrol,2016,Third Party insurance,5 Speed,Manual,5 Seats,HYDERABAD
₹ 3.25 Lakh,Hatchback,"27,136 Kms",1st Owner,2016,24.7,Petrol,2016,Comprehensive,5 Speed,Manual,5 Seats,HYDERABAD
₹ 6.44 Lakh,Hatchback,"44,591 Kms",1st Owner,2019,19.0,Petrol,2019,Zero Dep,5-Speed,Manual,5 Seats,HYDERABAD
₹ 82 Lakh,Coupe,"6,000 Kms",1st Owner,2021,11.9,Petrol,2021,Third Party insurance,9 Speed,Automatic,4 Seats,HYDERABAD
₹ 5.28 Lakh,Hatchback,"20,034 Kms",1st Owner,2018,20.89,Petrol,2018,Comprehensive,5 Speed,Manual,5 Seats,HYDERABAD
₹ 2.60 Lakh,Hatchback,"50,000 Kms",2nd Owner,2012,17.92,Petrol,2012,Third Party insurance,5 Speed,Manual,5 Seats,HYDERABAD
₹ 11.50 Lakh,MUV,"47,529 Kms",1st Owner,2022,18.9,Petrol,2022,Comprehensive,6-Speed,Manual,7 Seats,HYDERABAD
₹ 7.40 Lakh,Hatchback,"46,739 Kms",1st Owner,2017,19.56,Petrol,2017,Comprehensive,CVT,Automatic,5 Seats,HYDERABAD
₹ 4.10 Lakh,Sedan,"1,50,000 Kms",2nd Owner,2012,22.32,Diesel,2012,Third Party insurance,6 Speed ,Manual,5 Seats,HYDERABAD
₹ 5.99 Lakh,Hatchback,"62,000 Kms",1st Owner,2019,21.63,Petrol,2019,Third Party insurance,AGS,Automatic,5 Seats,HYDERABAD
₹ 11.25 Lakh,MUV,"45,000 Kms",1st Owner,2021,19.01,Petrol,2021,Third Party insurance,5-Speed,Manual,6 Seats,HYDERABAD
₹ 12.99 Lakh,Sedan,"36,000 Kms",1st Owner,2020,18.3,Petrol,2020,Third Party insurance,CVT,Automatic,5 Seats,HYDERABAD
₹ 10.50 Lakh,Sedan,"40,000 Kms",1st Owner,2019,17.14,Petrol,2019,Third Party insurance,5 Speed,Manual,5 Seats,HYDERABAD
₹ 4.16 Lakh,Hatchback,"15,850 Kms",1st Owner,2020,22.5,Petrol,2020,Comprehensive,5-Speed,Manual,5 Seats,HYDERABAD
₹ 6.42 Lakh,Sedan,"62,535 Kms",1st Owner,2017,21.21,Petrol,2017,Third Party insurance,5 Speed,Automatic,5 Seats,HYDERABAD
₹ 8.49 Lakh,SUV,"94,600 Kms",1st Owner,2018,24.3,Diesel,2018,Comprehensive,5 Speed,Manual,5 Seats,HYDERABAD
₹ 4.34 Lakh,Sedan,"80,375 Kms",2nd Owner,2013,22.41,Petrol,2013,Third Party insurance,5 Speed,Manual,5 Seats,HYDERABAD
₹ 2.76 Lakh,Hatchback,"97,935 Kms",3rd Owner,2012,19.4,Petrol,2012,Comprehensive,5 Speed,Manual,5 Seats,HYDERABAD
₹ 7.10 Lakh,Hatchback,"38,300 Kms",1st Owner,2019,18.6,Petrol,2019,Comprehensive,5 Speed,Manual,5 Seats,HYDERABAD
₹ 5.80 Lakh,Hatchback,"81,917 Kms",1st Owner,2017,21.4,Petrol,2017,Zero Dep,5 Speed,Manual,5 Seats,HYDERABAD
₹ 5.75 Lakh,Hatchback,"69,000 Kms",1st Owner,2016,21.4,Petrol,2016,Comprehensive,5 Speed,Manual,5 Seats,HYDERABAD
₹ 4.98 Lakh,Hatchback,"43,566 Kms",2nd Owner,2016,18.9,Petrol,2016,Comprehensive,5 Speed,Manual,5 Seats,HYDERABAD
₹ 5.33 Lakh,Hatchback,"94,201 Kms",2nd Owner,2015,18.6,Petrol,2015,Third Party insurance,5 Speed,Manual,5 Seats,HYDERABAD
₹ 6.99 Lakh,Hatchback,"50,000 Kms",1st Owner,2017,21.4,Petrol,2017,Third Party insurance,CVT,Automatic,5 Seats,HYDERABAD
₹ 5.20 Lakh,Hatchback,"40,689 Kms",1st Owner,2019,23.84,Petrol,2019,Zero Dep,5 Speed,Manual,5 Seats,HYDERABAD
₹ 7.20 Lakh,Sedan,"35,849 Kms",1st Owner,2018,19.5,Petrol,2018,Comprehensive,5 Speed,Manual,5 Seats,HYDERABAD
₹ 18 Lakh,SUV,"15,833 Kms",1st Owner,2021,17.41,Diesel,2021,Zero Dep,6 Speed,Manual,5 Seats,HYDERABAD
₹ 3.80 Lakh,Sedan,"90,000 Kms",2nd Owner,2011,20.0,Diesel,2011,Third Party insurance,5 Speed,Manual,5 Seats,HYDERABAD
₹ 7.49 Lakh,Hatchback,"62,000 Kms",1st Owner,2019,18.6,Petrol,2019,Third Party,5 Speed,Manual,5 Seats,HYDERABAD
₹ 3.30 Lakh,Hatchback,"40,000 Kms",3rd Owner,2017,23.95,Petrol,2017,Third Party insurance,5 Speed,Manual,5 Seats,HYDERABAD
₹ 21.95 Lakh,SUV,"20,000 Kms",1st Owner,2021,14.08,Diesel,2021,Comprehensive,6-Speed,Automatic,6 Seats,HYDERABAD
₹ 7 Lakh,Hatchback,"10,000 Kms",1st Owner,2022,20.09,Petrol,2022,Third Party insurance,5 Speed,Manual,5 Seats,HYDERABAD
₹ 6.45 Lakh,Hatchback,"69,552 Kms",1st Owner,2016,18.6,Petrol,2016,Third Party insurance,5 Speed,Manual,5 Seats,HYDERABAD
₹ 3.91 Lakh,Hatchback,"97,610 Kms",1st Owner,2018,24.04,Petrol,2018,Third Party,5 Speed,Automatic,5 Seats,HYDERABAD
₹ 5.09 Lakh,Sedan,"74,914 Kms",2nd Owner,2012,16.8,Petrol,2012,Third Party,5 Speed,Automatic,5 Seats,HYDERABAD
₹ 22.75 Lakh,SUV,"41,000 Kms",1st Owner,2022,14.6,Diesel,2022,Third Party insurance,6-Speed,Automatic,5 Seats,HYDERABAD
₹ 5.16 Lakh,Hatchback,"1,01,887 Kms",2nd Owner,2015,18.6,Petrol,2015,Comprehensive,5 Speed,Manual,5 Seats,HYDERABAD
₹ 3.12 Lakh,Hatchback,"42,217 Kms",2nd Owner,2012,18.9,Petrol,2012,Comprehensive,5 Speed,Manual,5 Seats,HYDERABAD
₹ 19.75 Lakh,SUV,"63,000 Kms",1st Owner,2019,16.0,Petrol,2019,Third Party insurance,7 Speed,Automatic,5 Seats,HYDERABAD
₹ 4.34 Lakh,Hatchback,"80,315 Kms",2nd Owner,2016,26.68,Petrol,2016,Third Party,5-Speed,Automatic,5 Seats,HYDERABAD
₹ 3.75 Lakh,Hatchback,"55,000 Kms",1st Owner,2013,18.9,Petrol,2013,Third Party,5 Speed,Manual,5 Seats,HYDERABAD
₹ 4.32 Lakh,Hatchback,"64,447 Kms",1st Owner,2019,19.83,Petrol,2019,Third Party insurance,5 Speed,Manual,5 Seats,HYDERABAD
₹ 6.88 Lakh,Hatchback,"76,947 Kms",1st Owner,2019,20.7,Petrol,2019,Third Party,5-Speed,Automatic,5 Seats,HYDERABAD
₹ 3.50 Lakh,Hatchback,"23,110 Kms",1st Owner,2018,22.7,Petrol,2018,Third Party insurance,5-Speed,Manual,5 Seats,HYDERABAD
₹ 4.96 Lakh,Hatchback,"40,235 Kms",2nd Owner,2018,18.9,Petrol,2018,Third Party insurance,5 Speed,Manual,5 Seats,HYDERABAD
₹ 6.30 Lakh,Hatchback,"48,992 Kms",1st Owner,2017,22.0,Petrol,2017,Third Party insurance,5,Manual,5 Seats,HYDERABAD
₹ 6.85 Lakh,Hatchback,"21,000 Kms",1st Owner,2019,18.9,Petrol,2019,Third Party insurance,4 Speed,Automatic,5 Seats,HYDERABAD
₹ 32 Lakh,SUV,"30,465 Kms",1st Owner,2021,18.6,Diesel,2021,Comprehensive,8-Speed,Automatic,5 Seats,HYDERABAD
₹ 6.30 Lakh,Hatchback,"50,000 Kms",1st Owner,2022,35.6,CNG,2022,Third Party insurance,5-Speed,Manual,5 Seats,HYDERABAD
₹ 5.50 Lakh,MUV,"90,000 Kms",2nd Owner,2015,17.3,Petrol,2015,Third Party insurance,5 Speed,Manual,7 Seats,HYDERABAD
₹ 5.20 Lakh,MUV,"1,36,083 Kms",1st Owner,2014,24.2,Diesel,2014,Comprehensive,5 Speed,Manual,7 Seats,HYDERABAD
₹ 2.50 Lakh,Sedan,"90,000 Kms",2nd Owner,2007,17.7,Petrol,2007,Third Party insurance,5 Speed,Manual,5 Seats,HYDERABAD
₹ 10 Lakh,SUV,"1,00,000 Kms",1st Owner,2019,24.3,Diesel,2019,Third Party insurance,5 Speed,Manual,5 Seats,HYDERABAD
₹ 4.96 Lakh,Hatchback,"39,817 Kms",2nd Owner,2018,20.89,Petrol,2018,Zero Dep,5 Speed,Manual,5 Seats,HYDERABAD
₹ 7.88 Lakh,Sedan,"54,063 Kms",1st Owner,2017,28.09,Diesel,2017,Third Party,5 Speed,Manual,5 Seats,HYDERABAD
₹ 9.95 Lakh,Hatchback,"37,000 Kms",1st Owner,2021,20.0,Petrol,2021,Comprehensive,iMT,Manual,5 Seats,HYDERABAD
₹ 4.16 Lakh,Hatchback,"67,372 Kms",1st Owner,2013,18.9,Petrol,2013,Third Party insurance,5 Speed,Manual,5 Seats,HYDERABAD
₹ 3.44 Lakh,Hatchback,"76,685 Kms",1st Owner,2019,24.7,Petrol,2019,Third Party,5 Speed,Manual,5 Seats,HYDERABAD
₹ 4.50 Lakh,Hatchback,"1,15,595 Kms",1st Owner,2014,22.9,Diesel,2014,Comprehensive,5 Speed,Manual,5 Seats,HYDERABAD
₹ 5.23 Lakh,Hatchback,"89,956 Kms",2nd Owner,2019,17.74,Petrol,2019,Third Party,5 Speed,Manual,5 Seats,HYDERABAD
₹ 3.40 Lakh,Sedan,"1,20,000 Kms",2nd Owner,2011,19.3,Diesel,2011,Third Party insurance,5 Speed,Manual,5 Seats,HYDERABAD
₹ 5.20 Lakh,Hatchback,"87,189 Kms",1st Owner,2019,18.9,Petrol,2019,Third Party insurance,5 Speed,Manual,5 Seats,HYDERABAD
₹ 6.28 Lakh,Hatchback,"42,662 Kms",1st Owner,2019,22.38,Petrol,2019,Comprehensive,5-Speed,Manual,5 Seats,HYDERABAD
₹ 5.25 Lakh,Hatchback,"69,000 Kms",1st Owner,2014,25.2,Diesel,2014,Third Party insurance,5 Speed,Manual,5 Seats,HYDERABAD
₹ 5.14 Lakh,Hatchback,"63,002 Kms",1st Owner,2019,20.3,Petrol,2019,Third Party insurance,5 Speed,Automatic,5 Seats,HYDERABAD
₹ 17 Lakh,Sedan,"1,20,000 Kms",1st Owner,2018,17.42,Diesel,2018,Third Party insurance,6 Speed,Automatic,5 Seats,HYDERABAD
₹ 2.90 Lakh,Sedan,"1,08,000 Kms",1st Owner,2008,13.9,Petrol,2008,Third Party insurance,5 Speed,Manual,5 Seats,HYDERABAD
₹ 9.50 Lakh,MUV,"1,10,000 Kms",2nd Owner,2020,17.3,Diesel,2020,Third Party insurance,6 Speed,Manual,7 Seats,HYDERABAD
₹ 9 Lakh,Sedan,"40,022 Kms",2nd Owner,2018,17.0,Petrol,2018,Not Available,6 Speed,Manual,5 Seats,HYDERABAD
₹ 7.50 Lakh,Hatchback,"81,000 Kms",1st Owner,2019,27.39,Diesel,2019,Third Party insurance,5 Speed,Manual,5 Seats,HYDERABAD
₹ 3 Lakh,Sedan,"70,000 Kms",1st Owner,2011,21.12,Diesel,2011,Third Party insurance,5 Speed,Manual,5 Seats,HYDERABAD
₹ 9.80 Lakh,SUV,"46,000 Kms",1st Owner,2019,18.49,Diesel,2019,Third Party insurance,5 Speed,Manual,7 Seats,HYDERABAD
₹ 6.75 Lakh,Hatchback,"45,911 Kms",1st Owner,2018,22.56,Petrol,2018,Third Party insurance,5-Speed,Automatic,5 Seats,HYDERABAD
₹ 6.16 Lakh,Sedan,"87,335 Kms",1st Owner,2016,17.8,Petrol,2016,Comprehensive,5 Speed,Manual,5 Seats,HYDERABAD
₹ 5.50 Lakh,SUV,"15,600 Kms",3rd Owner,2004,11.96,Petrol,2004,Third Party insurance,5 Speed,Manual,8 Seats,HYDERABAD
₹ 8.14 Lakh,SUV,"41,108 Kms",2nd Owner,2018,17.0,Petrol,2018,Comprehensive,5 Speed,Manual,5 Seats,HYDERABAD
₹ 7.50 Lakh,Hatchback,"35,545 Kms",1st Owner,2019,21.4,Petrol,2019,Third Party insurance,5 Speed,Manual,5 Seats,HYDERABAD
₹ 4.50 Lakh,Sedan,"1,20,000 Kms",1st Owner,2017,24.4,Diesel,2017,Third Party insurance,5 Speed ,Manual,5 Seats,HYDERABAD
₹ 4.98 Lakh,Hatchback,"54,631 Kms",1st Owner,2016,18.9,Petrol,2016,Comprehensive,5 Speed,Manual,5 Seats,HYDERABAD
₹ 6.50 Lakh,Sedan,"1,07,000 Kms",1st Owner,2015,26.21,Diesel,2015,Third Party insurance,5 Speed,Manual,5 Seats,HYDERABAD
₹ 5.27 Lakh,Hatchback,"38,471 Kms",2nd Owner,2019,18.9,Petrol,2019,Third Party insurance,5 Speed,Manual,5 Seats,HYDERABAD
₹ 3.29 Lakh,Hatchback,"72,393 Kms",2nd Owner,2015,20.51,Petrol,2015,Comprehensive,5 Speed,Manual,5 Seats,HYDERABAD
₹ 3.50 Lakh,Hatchback,"58,000 Kms",1st Owner,2015,15.6,Petrol,2015,Third Party insurance,5 Speed,Manual,5 Seats,HYDERABAD
₹ 5.41 Lakh,Hatchback,"20,266 Kms",1st Owner,2018,20.3,Petrol,2018,Comprehensive,5 Speed,Manual,5 Seats,HYDERABAD
₹ 3.40 Lakh,Hatchback,"1,20,000 Kms",3rd Owner,2012,21.9,Diesel,2012,Third Party insurance,6 Speed,Manual,5 Seats,HYDERABAD
₹ 1.85 Lakh,Hatchback,"90,000 Kms",2nd Owner,2008,17.92,Petrol,2008,Third Party insurance,5 Speed,Manual,5 Seats,HYDERABAD
₹ 11.25 Lakh,SUV,"84,910 Kms",1st Owner,2017,19.67,Diesel,2017,Third Party insurance,6 Speed,Manual,5 Seats,HYDERABAD
₹ 10 Lakh,Sedan,"70,000 Kms",1st Owner,2020,17.4,Petrol,2020,Third Party insurance,5 Speed,Manual,5 Seats,HYDERABAD
₹ 4.50 Lakh,Hatchback,"1,20,000 Kms",2nd Owner,2018,25.32,Diesel,2018,Third Party insurance,5 Speed,Manual,5 Seats,HYDERABAD
₹ 4.45 Lakh,Sedan,"1,20,000 Kms",2nd Owner,2016,24.4,Diesel,2016,Third Party insurance,5 Speed ,Manual,5 Seats,HYDERABAD
₹ 11.95 Lakh,SUV,"1,09,000 Kms",1st Owner,2018,19.67,Diesel,2018,Comprehensive,6 Speed,Manual,5 Seats,HYDERABAD
₹ 4.40 Lakh,Hatchback,"44,000 Kms",1st Owner,2016,23.1,Petrol,2016,Third Party insurance,5 Speed ,Manual,5 Seats,HYDERABAD
₹ 5.03 Lakh,Hatchback,"44,363 Kms",1st Owner,2019,21.63,Petrol,2019,Zero Dep,5 Speed,Manual,5 Seats,HYDERABAD
₹ 7.02 Lakh,Sedan,"39,461 Kms",1st Owner,2018,21.21,Petrol,2018,Comprehensive,5 Speed,Automatic,5 Seats,HYDERABAD
₹ 11.75 Lakh,Sedan,"1,20,000 Kms",2nd Owner,2012,10.0,Diesel,2012,Third Party insurance,5 Speed,Automatic,5 Seats,HYDERABAD
₹ 6.90 Lakh,Hatchback,"59,126 Kms",1st Owner,2018,21.4,Petrol,2018,Comprehensive,5 Speed,Manual,5 Seats,HYDERABAD
₹ 5.20 Lakh,Hatchback,"65,331 Kms",1st Owner,2018,18.9,Petrol,2018,Third Party insurance,5 Speed,Manual,5 Seats,HYDERABAD
₹ 6.99 Lakh,Hatchback,"45,000 Kms",1st Owner,2017,21.1,Petrol,2017,Third Party insurance,5 Speed,Manual,5 Seats,HYDERABAD
₹ 4.36 Lakh,Hatchback,"41,378 Kms",2nd Owner,2013,22.38,Petrol,2013,Third Party insurance,5-Speed,Manual,5 Seats,HYDERABAD
₹ 2.50 Lakh,Sedan,"1,20,000 Kms",1st Owner,2013,21.02,Diesel,2013,Third Party insurance,5 Speed,Manual,5 Seats,HYDERABAD
₹ 5.02 Lakh,Sedan,"1,24,781 Kms",1st Owner,2014,17.4,Petrol,2014,Comprehensive,5 Speed ,Manual,5 Seats,HYDERABAD
₹ 5.10 Lakh,Hatchback,"63,313 Kms",1st Owner,2016,22.38,Petrol,2016,Third Party insurance,5-Speed,Manual,5 Seats,HYDERABAD
₹ 6.60 Lakh,Hatchback,"62,535 Kms",1st Owner,2016,27.39,Diesel,2016,Third Party insurance,5 Speed,Manual,5 Seats,HYDERABAD
₹ 5.99 Lakh,Hatchback,"89,581 Kms",1st Owner,2017,21.4,Petrol,2017,Third Party insurance,5 Speed,Manual,5 Seats,HYDERABAD
₹ 2.50 Lakh,Sedan,"1,20,000 Kms",2nd Owner,2011,19.68,Diesel,2011,Third Party insurance,5 Speed,Manual,5 Seats,HYDERABAD
₹ 34 Lakh,Sedan,"78,866 Kms",1st Owner,2017,13.6,Diesel,2017,Third Party insurance,8 Speed,Automatic,5 Seats,HYDERABAD
₹ 7.50 Lakh,Sedan,"1,20,000 Kms",2nd Owner,2014,16.96,Diesel,2014,Third Party insurance,6 Speed ,Automatic,5 Seats,HYDERABAD
₹ 15.95 Lakh,SUV,"58,000 Kms",1st Owner,2018,15.1,Diesel,2018,Third Party insurance,6 Speed,Manual,7 Seats,HYDERABAD
₹ 3.10 Lakh,Hatchback,"90,000 Kms",1st Owner,2012,21.79,Petrol,2012,Third Party insurance,5 Speed,Manual,5 Seats,HYDERABAD
₹ 6.75 Lakh,Hatchback,"59,000 Kms",1st Owner,2017,21.1,Petrol,2017,Zero Dep,5 Speed,Manual,5 Seats,HYDERABAD
₹ 35 Lakh,Sedan,"66,000 Kms",1st Owner,2013,10.5,Diesel,2013,Third Party insurance,6 speed automatic,Automatic,4 Seats,HYDERABAD
₹ 12 Lakh,SUV,"1,00,000 Kms",3rd Owner,2011,18.9,Diesel,2011,Third Party insurance,7 Speed,Automatic,5 Seats,HYDERABAD
₹ 3.92 Lakh,Hatchback,"99,003 Kms",1st Owner,2019,21.7,Petrol,2019,Comprehensive,5-Speed,Manual,5 Seats,HYDERABAD
₹ 4.01 Lakh,Hatchback,"76,003 Kms",1st Owner,2019,21.7,Petrol,2019,Third Party insurance,5-Speed,Manual,5 Seats,HYDERABAD
₹ 42 Lakh,SUV,"70,000 Kms",1st Owner,2017,14.16,Diesel,2017,Third Party insurance,7 Speed,Automatic,5 Seats,HYDERABAD
₹ 5.81 Lakh,Hatchback,"1,01,863 Kms",3rd Owner,2017,21.4,Petrol,2017,Third Party insurance,5 Speed,Manual,5 Seats,HYDERABAD
₹ 9.09 Lakh,Sedan,"1,07,344 Kms",1st Owner,2018,22.15,Diesel,2018,Comprehensive,7 Speed,Automatic,5 Seats,HYDERABAD
₹ 24 Lakh,SUV,"1,00,000 Kms",3rd Owner,2011,18.9,Diesel,2011,Third Party insurance,7 Speed,Automatic,5 Seats,HYDERABAD
₹ 5.43 Lakh,Hatchback,"56,129 Kms",1st Owner,2018,18.9,Petrol,2018,Third Party insurance,5 Speed,Manual,5 Seats,HYDERABAD
₹ 11 Lakh,MUV,"70,599 Kms",1st Owner,2019,24.52,Diesel,2019,Comprehensive,5 Speed,Manual,7 Seats,HYDERABAD
₹ 7.43 Lakh,Sedan,"97,208 Kms",1st Owner,2018,23.8,Diesel,2018,Comprehensive,5 Speed,Automatic,5 Seats,HYDERABAD
₹ 9.97 Lakh,Sedan,"53,509 Kms",2nd Owner,2020,18.97,Petrol,2020,Third Party,6 Speed,Manual,5 Seats,HYDERABAD
₹ 15.99 Lakh,SUV,"52,000 Kms",1st Owner,2017,17.1,Diesel,2017,Third Party insurance,6 Speed,Manual,5 Seats,HYDERABAD
₹ 8.11 Lakh,Hatchback,"97,621 Kms",1st Owner,2021,21.0,Petrol,2021,Third Party insurance,5 Speed,Manual,5 Seats,HYDERABAD
₹ 2.50 Lakh,Hatchback,"1,13,000 Kms",1st Owner,2009,19.81,Petrol,2009,Third Party insurance,5 Speed,Manual,5 Seats,HYDERABAD
₹ 6.50 Lakh,MUV,"1,52,000 Kms",1st Owner,2008,12.8,Diesel,2008,Third Party insurance,5 Speed,Manual,8 Seats,HYDERABAD
₹ 9.75 Lakh,SUV,"78,000 Kms",1st Owner,2018,25.1,Diesel,2018,Third Party insurance,5 Speed,Manual,5 Seats,HYDERABAD
₹ 11.99 Lakh,Sedan,"93,000 Kms",1st Owner,2011,16.55,Diesel,2011,Third Party insurance,7 Speed,Automatic,5 Seats,HYDERABAD
₹ 9.99 Lakh,Sedan,"48,000 Kms",1st Owner,2017,13.0,Petrol,2001,Third Party insurance,7 Speed,Manual,5 Seats,HYDERABAD
₹ 5.25 Lakh,MUV,"55,000 Kms",1st Owner,2013,18.2,Diesel,2013,Third Party insurance,5 Speed,Manual,7 Seats,HYDERABAD
₹ 4.20 Lakh,Sedan,"1,31,852 Kms",1st Owner,2012,19.3,Diesel,2012,Third Party insurance,5 Speed,Manual,5 Seats,HYDERABAD
₹ 6 Lakh,Hatchback,"20,000 Kms",1st Owner,2021,21.21,Petrol,2021,Third Party insurance,5,Manual,5 Seats,HYDERABAD
₹ 9.96 Lakh,SUV,"44,416 Kms",1st Owner,2019,19.6,Diesel,2019,Third Party insurance,6 Speed,Manual,5 Seats,HYDERABAD
₹ 3.11 Lakh,Hatchback,"69,408 Kms",3rd Owner,2012,19.4,Petrol,2012,Comprehensive,5 Speed,Manual,5 Seats,HYDERABAD
₹ 17 Lakh,SUV,"10,000 Kms",1st Owner,2022,20.08,Petrol,2022,Third Party insurance,6-Speed,Manual,5 Seats,HYDERABAD
₹ 5.72 Lakh,Hatchback,"78,911 Kms",2nd Owner,2016,21.4,Petrol,2016,Comprehensive,5 Speed,Manual,5 Seats,HYDERABAD
₹ 3.07 Lakh,Hatchback,"85,298 Kms",1st Owner,2017,19.02,Petrol,2017,Zero Dep,5 Speed,Manual,5 Seats,HYDERABAD
₹ 4.54 Lakh,Sedan,"60,529 Kms",1st Owner,2014,17.4,Petrol,2014,Third Party,5 Speed ,Manual,5 Seats,HYDERABAD
₹ 7.75 Lakh,Sedan,"1,15,276 Kms",2nd Owner,2017,21.13,Diesel,2017,Comprehensive,5 Speed,Manual,5 Seats,HYDERABAD
₹ 8.50 Lakh,SUV,"60,000 Kms",1st Owner,2019,24.3,Diesel,2019,Third Party insurance,5 Speed,Automatic,5 Seats,HYDERABAD
₹ 9.07 Lakh,SUV,"30,241 Kms",1st Owner,2020,16.42,Petrol,2020,Third Party insurance,5-Speed,Manual,5 Seats,HYDERABAD
₹ 5.09 Lakh,Hatchback,"24,197 Kms",1st Owner,2019,20.3,Petrol,2019,Comprehensive,5 Speed,Manual,5 Seats,HYDERABAD
₹ 48 Lakh,SUV,"20,000 Kms",1st Owner,2022,18.9,Petrol,2022,Third Party insurance,7G-DCT,Automatic,5 Seats,HYDERABAD
₹ 9.40 Lakh,Hatchback,"44,981 Kms",1st Owner,2021,20.0,Petrol,2021,Third Party,iMT,Manual,5 Seats,HYDERABAD
₹ 2.27 Lakh,Hatchback,"85,497 Kms",2nd Owner,2011,23.08,Diesel,2011,Comprehensive,5 Speed ,Manual,5 Seats,HYDERABAD
₹ 62 Lakh,SUV,"20,000 Kms",1st Owner,2022,13.47,Petrol,2022,Third Party insurance,5 Speed,Automatic,5 Seats,HYDERABAD
₹ 6.50 Lakh,Hatchback,"30,000 Kms",1st Owner,2019,21.4,Petrol,2019,Third Party insurance,5 Speed,Manual,5 Seats,HYDERABAD
₹ 5.80 Lakh,Hatchback,"80,000 Kms",1st Owner,2017,28.4,Diesel,2017,Third Party insurance,5,Manual,5 Seats,HYDERABAD
₹ 5.95 Lakh,Hatchback,"41,000 Kms",1st Owner,2017,16.5,Petrol,2017,Third Party insurance,5 Speed,Automatic,5 Seats,HYDERABAD
₹ 11 Lakh,SUV,"73,000 Kms",1st Owner,2017,17.01,Diesel,2017,Third Party insurance,6 Speed,Automatic,5 Seats,HYDERABAD
₹ 7.70 Lakh,Sedan,"40,000 Kms",1st Owner,2022,22.41,Petrol,2022,Third Party insurance,5 Speed,Manual,5 Seats,HYDERABAD
₹ 6.95 Lakh,Hatchback,"27,000 Kms",1st Owner,2018,22.0,Petrol,2018,Comprehensive,5,Manual,5 Seats,HYDERABAD
₹ 4.96 Lakh,Hatchback,"57,380 Kms",3rd Owner,2018,23.84,Petrol,2018,Comprehensive,5 Speed,Manual,5 Seats,HYDERABAD
₹ 12.61 Lakh,Sedan,"81,334 Kms",1st Owner,2018,18.23,Diesel,2018,Third Party,6 Speed,Automatic,5 Seats,HYDERABAD
₹ 8.75 Lakh,Sedan,"70,000 Kms",1st Owner,2022,31.12,CNG,2022,Third Party insurance,5 Speed,Manual,5 Seats,HYDERABAD
₹ 9.28 Lakh,SUV,"32,483 Kms",1st Owner,2021,23.22,Diesel,2021,Third Party insurance,6-Speed,Manual,5 Seats,HYDERABAD
₹ 8.04 Lakh,SUV,"71,220 Kms",2nd Owner,2016,24.3,Diesel,2016,Third Party insurance,5 Speed,Manual,5 Seats,HYDERABAD
₹ 11 Lakh,SUV,"17,459 Kms",1st Owner,2021,18.2,Petrol,2021,Not Available,6-Speed iMT,Manual,5 Seats,HYDERABAD
₹ 12.75 Lakh,SUV,"6,517 Kms",1st Owner,2023,17.38,Petrol,2023,Comprehensive,5-Speed,Manual,5 Seats,HYDERABAD
₹ 9.50 Lakh,SUV,"70,427 Kms",1st Owner,2018,22.1,Diesel,2018,Comprehensive,6 Speed,Manual,5 Seats,HYDERABAD
₹ 4 Lakh,Hatchback,"52,306 Kms",1st Owner,2018,23.95,Petrol,2018,Comprehensive,5 Speed,Automatic,5 Seats,HYDERABAD
₹ 5.50 Lakh,Sedan,"1,11,670 Kms",1st Owner,2015,21.21,Diesel,2015,Comprehensive,7 Speed DSG,Automatic,5 Seats,HYDERABAD
₹ 4.75 Lakh,Hatchback,"40,000 Kms",1st Owner,2019,21.79,Petrol,2019,Third Party insurance,5 Speed,Manual,5 Seats,HYDERABAD
₹ 7.20 Lakh,Hatchback,"67,000 Kms",1st Owner,2017,21.19,Diesel,2017,Third Party insurance,6 Speed,Manual,5 Seats,HYDERABAD
₹ 40.50 Lakh,Sedan,"77,000 Kms",1st Owner,2018,20.37,Diesel,2018,Third Party insurance,8-Speed Steptronic,Automatic,5 Seats,HYDERABAD
₹ 38.75 Lakh,SUV,"71,000 Kms",1st Owner,2016,15.97,Diesel,2016,Third Party insurance,8 Speed,Automatic,5 Seats,HYDERABAD
₹ 4.17 Lakh,Sedan,"88,471 Kms",3rd Owner,2012,16.8,Petrol,2012,Third Party,5 Speed,Manual,5 Seats,HYDERABAD
₹ 5.32 Lakh,Hatchback,"88,479 Kms",1st Owner,2018,24.0,Diesel,2018,Third Party,5 Speed,Manual,5 Seats,HYDERABAD
₹ 11.50 Lakh,MUV,"39,000 Kms",1st Owner,2020,19.01,Petrol,2020,Third Party insurance,5-Speed,Manual,6 Seats,HYDERABAD
₹ 9.44 Lakh,Sedan,"50,003 Kms",1st Owner,2018,22.15,Diesel,2018,Comprehensive,7 Speed,Automatic,5 Seats,HYDERABAD
₹ 5.01 Lakh,Hatchback,"82,163 Kms",1st Owner,2017,18.9,Petrol,2017,Comprehensive,5 Speed,Manual,5 Seats,HYDERABAD
₹ 8.50 Lakh,Hatchback,"40,000 Kms",1st Owner,2022,22.35,Petrol,2022,Third Party insurance,5 Speed,Manual,5 Seats,HYDERABAD
₹ 4.72 Lakh,Hatchback,"1,08,560 Kms",1st Owner,2016,22.38,Petrol,2016,Third Party insurance,5-Speed,Manual,5 Seats,HYDERABAD
₹ 8.60 Lakh,SUV,"70,000 Kms",1st Owner,2014,15.1,Diesel,2014,Third Party insurance,6 Speed ,Manual,7 Seats,HYDERABAD
₹ 4.69 Lakh,Hatchback,"28,292 Kms",1st Owner,2021,21.7,Petrol,2021,Third Party,5-Speed,Manual,5 Seats,HYDERABAD
₹ 2.89 Lakh,Hatchback,"1,17,467 Kms",1st Owner,2017,24.7,Petrol,2017,Comprehensive,5 Speed,Manual,5 Seats,HYDERABAD
₹ 6.90 Lakh,Hatchback,"65,000 Kms",1st Owner,2019,21.4,Petrol,2019,Third Party insurance,5 Speed,Manual,5 Seats,HYDERABAD
₹ 3.21 Lakh,Hatchback,"60,541 Kms",1st Owner,2012,20.36,Petrol,2012,Third Party,5 Speed,Manual,5 Seats,HYDERABAD
₹ 5.75 Lakh,SUV,"60,000 Kms",1st Owner,2015,18.88,Petrol,2015,Third Party insurance,5 Speed,Manual,5 Seats,HYDERABAD
₹ 8.90 Lakh,Sedan,"76,355 Kms",1st Owner,2019,17.4,Petrol,2019,Third Party insurance,5 Speed,Manual,5 Seats,HYDERABAD
₹ 5.25 Lakh,Hatchback,"60,000 Kms",1st Owner,2021,21.7,Petrol,2021,Third Party insurance,AGS,Automatic,5 Seats,HYDERABAD
₹ 9 Lakh,SUV,"50,000 Kms",1st Owner,2019,19.87,Diesel,2019,Third Party insurance,5 Speed,Manual,5 Seats,HYDERABAD
₹ 16.50 Lakh,SUV,"96,000 Kms",1st Owner,2019,17.41,Diesel,2019,Third Party insurance,6 Speed,Manual,5 Seats,HYDERABAD
₹ 11.20 Lakh,SUV,"63,000 Kms",1st Owner,2020,20.0,Diesel,2020,Third Party insurance,6 Speed,Manual,5 Seats,HYDERABAD
₹ 5.99 Lakh,Hatchback,"40,000 Kms",1st Owner,2020,20.7,Petrol,2020,Third Party insurance,5-Speed,Manual,5 Seats,HYDERABAD
₹ 10.20 Lakh,SUV,"30,000 Kms",1st Owner,2021,18.0,Petrol,2021,Third Party insurance,6-Speed iMT,Manual,5 Seats,HYDERABAD
₹ 4.43 Lakh,Sedan,"1,01,543 Kms",1st Owner,2014,22.41,Petrol,2014,Comprehensive,5 Speed,Manual,5 Seats,HYDERABAD
₹ 6.44 Lakh,Hatchback,"66,424 Kms",1st Owner,2016,21.4,Petrol,2016,Comprehensive,5 Speed,Manual,5 Seats,HYDERABAD
₹ 7.50 Lakh,SUV,"1,20,000 Kms",1st Owner,2020,18.55,Petrol,2020,Third Party insurance,5 Speed,Manual,5 Seats,HYDERABAD
₹ 5.19 Lakh,Hatchback,"33,433 Kms",1st Owner,2018,23.84,Petrol,2018,Third Party insurance,5 Speed,Manual,5 Seats,HYDERABAD
₹ 6.95 Lakh,Hatchback,"72,169 Kms",1st Owner,2016,22.54,Diesel,2016,Third Party insurance,6 Speed,Manual,5 Seats,HYDERABAD
₹ 9.81 Lakh,Sedan,"48,175 Kms",1st Owner,2018,18.0,Petrol,2018,Third Party,CVT,Automatic,5 Seats,HYDERABAD
₹ 4.25 Lakh,Hatchback,"73,452 Kms",1st Owner,2014,23.1,Petrol,2014,Third Party insurance,5 Speed ,Manual,5 Seats,HYDERABAD
₹ 15.37 Lakh,SUV,"54,807 Kms",1st Owner,2020,13.96,Petrol,2020,Third Party,6 Speed,Automatic,5 Seats,HYDERABAD
₹ 3.23 Lakh,Hatchback,"47,118 Kms",1st Owner,2017,22.05,Petrol,2017,Comprehensive,5 Speed,Manual,5 Seats,HYDERABAD
₹ 7 Lakh,SUV,"1,00,000 Kms",1st Owner,2017,17.0,Petrol,2017,Third Party insurance,6 Speed,Manual,5 Seats,HYDERABAD
₹ 8.09 Lakh,SUV,"41,192 Kms",1st Owner,2021,18.75,Petrol,2021,Zero Dep,5 Speed,Manual,5 Seats,HYDERABAD
₹ 17.85 Lakh,SUV,"70,000 Kms",1st Owner,2019,17.0,Diesel,2019,Third Party insurance,6,Manual,5 Seats,HYDERABAD
₹ 26.50 Lakh,SUV,"1,05,264 Kms",1st Owner,2016,10.91,Diesel,2016,Third Party insurance,6 Speed,Automatic,7 Seats,HYDERABAD
₹ 11.95 Lakh,SUV,"70,000 Kms",1st Owner,2012,11.1,Petrol,2012,Third Party insurance,5 Speed,Automatic,5 Seats,HYDERABAD
₹ 48 Lakh,SUV,"50,380 Kms",1st Owner,2017,15.68,Diesel,2017,Third Party insurance,9 Speed,Automatic,5 Seats,HYDERABAD
₹ 2.45 Lakh,Sedan,"80,000 Kms",2nd Owner,2010,19.0,Diesel,2010,Third Party insurance,5 Speed,Manual,5 Seats,HYDERABAD
₹ 4.25 Lakh,Hatchback,"51,000 Kms",1st Owner,2016,23.1,Petrol,2016,Third Party,5 Speed ,Manual,5 Seats,HYDERABAD
₹ 3.85 Lakh,Hatchback,"31,846 Kms",1st Owner,2017,23.01,Petrol,2017,Third Party insurance,5 Speed,Manual,5 Seats,HYDERABAD
₹ 5.45 Lakh,Hatchback,"63,000 Kms",1st Owner,2015,24.0,Diesel,2015,Third Party insurance,5 Speed,Manual,5 Seats,HYDERABAD
₹ 5.88 Lakh,Hatchback,"1,14,676 Kms",2nd Owner,2015,22.54,Diesel,2015,Comprehensive,6 Speed,Manual,5 Seats,HYDERABAD
₹ 7.47 Lakh,Hatchback,"82,662 Kms",1st Owner,2019,22.54,Diesel,2019,Third Party insurance,6 Speed,Manual,5 Seats,HYDERABAD
₹ 2.80 Lakh,Hatchback,"50,000 Kms",2nd Owner,2014,23.95,Petrol,2014,Third Party insurance,5 Speed,Manual,5 Seats,HYDERABAD
₹ 6.33 Lakh,MUV,"66,518 Kms",1st Owner,2019,20.0,Petrol,2019,Third Party,5 Speed,Manual,7 Seats,HYDERABAD
₹ 8.14 Lakh,Sedan,"57,927 Kms",1st Owner,2017,17.8,Petrol,2017,Comprehensive,5 Speed,Manual,5 Seats,HYDERABAD
₹ 9 Lakh,Sedan,"40,000 Kms",1st Owner,2019,21.56,Petrol,2019,Third Party insurance,5 Speed,Manual,5 Seats,HYDERABAD
₹ 6.05 Lakh,Hatchback,"16,115 Kms",1st Owner,2021,19.01,Petrol,2021,Comprehensive,5-Speed,Manual,5 Seats,HYDERABAD
₹ 2.70 Lakh,Hatchback,"50,829 Kms",2nd Owner,2009,20.36,Petrol,2009,Not Available,5 Speed,Manual,5 Seats,HYDERABAD
₹ 6.22 Lakh,Hatchback,"25,467 Kms",1st Owner,2019,20.7,Petrol,2019,Comprehensive,5-Speed,Manual,5 Seats,HYDERABAD
₹ 3.17 Lakh,Hatchback,"71,071 Kms",1st Owner,2020,22.05,Petrol,2020,Third Party,5 Speed,Manual,5 Seats,HYDERABAD
₹ 7.95 Lakh,Sedan,"55,000 Kms",1st Owner,2016,17.01,Petrol,2016,Third Party insurance,5 Speed,Manual,5 Seats,HYDERABAD
₹ 6.02 Lakh,Hatchback,"55,563 Kms",2nd Owner,2017,18.6,Petrol,2017,Comprehensive,5 Speed,Manual,5 Seats,HYDERABAD
₹ 5.75 Lakh,Hatchback,"54,000 Kms",1st Owner,2015,18.9,Petrol,2015,Third Party insurance,4 Speed,Automatic,5 Seats,HYDERABAD
₹ 6.75 Lakh,Hatchback,"70,000 Kms",2nd Owner,2019,18.6,Petrol,2019,Third Party insurance,5 Speed,Manual,5 Seats,HYDERABAD
₹ 19.99 Lakh,Sedan,"54,000 Kms",1st Owner,2017,27.03,Diesel,2017,Third Party insurance,8 Speed,Automatic,5 Seats,HYDERABAD
₹ 7.50 Lakh,SUV,"41,000 Kms",1st Owner,2016,14.7,Petrol,2016,Third Party insurance,6 Speed,Automatic,5 Seats,HYDERABAD
₹ 3.50 Lakh,Hatchback,"70,000 Kms",2nd Owner,2011,18.5,Petrol,2011,Third Party insurance,5 Speed,Manual,5 Seats,HYDERABAD
₹ 7.49 Lakh,Hatchback,"62,500 Kms",1st Owner,2020,21.01,Petrol,2020,Third Party,5 Speed,Manual,5 Seats,HYDERABAD
₹ 5.50 Lakh,Hatchback,"20,000 Kms",1st Owner,2021,20.3,Petrol,2021,Third Party insurance,5 Speed,Manual,5 Seats,HYDERABAD
₹ 5.99 Lakh,Hatchback,"60,350 Kms",1st Owner,2016,18.6,Petrol,2016,Comprehensive,5 Speed,Manual,5 Seats,HYDERABAD
₹ 5.70 Lakh,Hatchback,"52,266 Kms",1st Owner,2015,18.6,Petrol,2015,Comprehensive,5 Speed,Manual,5 Seats,HYDERABAD
₹ 8.95 Lakh,Sedan,"58,431 Kms",1st Owner,2018,28.09,Diesel,2018,Third Party insurance,5 Speed,Manual,5 Seats,HYDERABAD
₹ 10.11 Lakh,Sedan,"41,372 Kms",1st Owner,2017,18.0,Petrol,2017,Third Party insurance,5 Speed CVT,Automatic,5 Seats,HYDERABAD
₹ 2.67 Lakh,Hatchback,"46,863 Kms",2nd Owner,2014,22.05,Petrol,2014,Third Party insurance,5 Speed,Manual,5 Seats,HYDERABAD
₹ 5.70 Lakh,Sedan,"66,500 Kms",1st Owner,2014,17.97,Petrol,2014,Third Party insurance,5 Speed,Automatic,5 Seats,HYDERABAD
₹ 3.69 Lakh,Hatchback,"49,374 Kms",2nd Owner,2014,19.81,Petrol,2014,Third Party insurance,5 Speed,Manual,5 Seats,HYDERABAD
₹ 3.60 Lakh,Sedan,"1,20,000 Kms",2nd Owner,2012,20.5,Diesel,2012,Third Party insurance,5 Speed,Manual,5 Seats,HYDERABAD
₹ 6.05 Lakh,Hatchback,"62,832 Kms",1st Owner,2021,19.01,Petrol,2021,Third Party,5-Speed,Manual,5 Seats,HYDERABAD
₹ 5.85 Lakh,Hatchback,"61,155 Kms",2nd Owner,2016,18.6,Petrol,2016,Third Party insurance,5 Speed,Manual,5 Seats,HYDERABAD
₹ 17.99 Lakh,Hatchback,"75,000 Kms",1st Owner,2014,20.58,Diesel,2014,Third Party insurance,8 Speed,Automatic,5 Seats,HYDERABAD
₹ 7.23 Lakh,Hatchback,"12,045 Kms",2nd Owner,2021,22.38,Petrol,2021,Third Party insurance,5-Speed,Manual,5 Seats,HYDERABAD
₹ 8.95 Lakh,Sedan,"60,700 Kms",1st Owner,2020,20.65,Petrol,2020,Third Party,5 Speed,Manual,5 Seats,HYDERABAD
₹ 13.50 Lakh,Sedan,"85,000 Kms",1st Owner,2013,14.84,Diesel,2013,Third Party insurance,7 Speed,Automatic,5 Seats,HYDERABAD
₹ 13.20 Lakh,Sedan,"44,276 Kms",1st Owner,2020,16.4,Petrol,2020,Third Party insurance,5 Speed,Automatic,5 Seats,HYDERABAD
₹ 19.99 Lakh,Sedan,"99,000 Kms",1st Owner,2015,17.11,Diesel,2015,Third Party insurance,8 Speed,Automatic,5 Seats,HYDERABAD
₹ 24.99 Lakh,Sedan,"78,000 Kms",1st Owner,2015,17.68,Diesel,2015,Third Party insurance,8 Speed,Automatic,5 Seats,HYDERABAD
₹ 17 Lakh,Sedan,"70,000 Kms",2nd Owner,2013,16.36,Diesel,2013,Third Party insurance,8 Speed,Automatic,5 Seats,HYDERABAD
₹ 18 Lakh,Sedan,"70,000 Kms",1st Owner,2013,16.36,Diesel,2013,Third Party insurance,8 Speed,Automatic,5 Seats,HYDERABAD
₹ 17.50 Lakh,Sedan,"70,000 Kms",1st Owner,2013,16.36,Diesel,2013,Third Party insurance,8 Speed,Automatic,5 Seats,HYDERABAD
₹ 4.29 Lakh,Hatchback,"22,264 Kms",1st Owner,2021,22.05,Petrol,2021,Third Party,5 Speed,Manual,5 Seats,HYDERABAD
₹ 3.76 Lakh,Hatchback,"1,03,763 Kms",1st Owner,2018,20.89,Petrol,2018,Third Party insurance,5 Speed,Manual,5 Seats,HYDERABAD
₹ 10.15 Lakh,SUV,"1,09,000 Kms",1st Owner,2012,14.7,Diesel,2012,Third Party insurance,"Six Speed Geartronic, Six Speed Automati",Automatic,5 Seats,HYDERABAD
₹ 3.12 Lakh,Hatchback,"49,043 Kms",2nd Owner,2012,20.36,Petrol,2012,Third Party insurance,5 Speed,Manual,5 Seats,HYDERABAD
₹ 4.92 Lakh,Hatchback,"70,666 Kms",2nd Owner,2017,23.1,Petrol,2017,Comprehensive,5 Speed,Automatic,5 Seats,HYDERABAD
₹ 37 Lakh,SUV,"1,28,000 Kms",1st Owner,2011,14.7,Diesel,2011,Third Party insurance,6-Speed,Automatic,5 Seats,HYDERABAD
₹ 8 Lakh,Sedan,"65,815 Kms",1st Owner,2018,28.4,Diesel,2018,Comprehensive,5 Speed,Automatic,5 Seats,HYDERABAD
₹ 1.65 Lakh,Hatchback,"79,000 Kms",1st Owner,2010,19.7,Petrol,2010,Third Party insurance,5 Speed,Manual,5 Seats,HYDERABAD
₹ 8.31 Lakh,Hatchback,"48,580 Kms",1st Owner,2020,21.4,Petrol,2020,Comprehensive,CVT,Automatic,5 Seats,HYDERABAD
₹ 6.91 Lakh,Hatchback,"44,646 Kms",1st Owner,2018,18.6,Petrol,2018,Comprehensive,5 Speed,Manual,5 Seats,HYDERABAD
₹ 1.75 Lakh,Hatchback,"71,963 Kms",1st Owner,2008,21.79,Petrol,2008,Comprehensive,5 Speed,Manual,5 Seats,HYDERABAD
₹ 4.93 Lakh,Hatchback,"26,678 Kms",2nd Owner,2017,18.9,Petrol,2017,Comprehensive,5 Speed,Manual,5 Seats,HYDERABAD
₹ 5.99 Lakh,Sedan,"1,52,000 Kms",1st Owner,2015,26.0,Diesel,2015,Third Party insurance,6 Speed ,Manual,5 Seats,HYDERABAD
₹ 23.95 Lakh,SUV,"1,01,000 Kms",1st Owner,2016,12.62,Diesel,2016,Third Party insurance,6 Speed,Automatic,7 Seats,HYDERABAD
₹ 3.20 Lakh,Hatchback,"41,000 Kms",1st Owner,2012,25.44,Diesel,2012,Third Party insurance,5 Speed,Manual,5 Seats,HYDERABAD
₹ 31.50 Lakh,SUV,"1,09,000 Kms",1st Owner,2018,14.24,Diesel,2018,Third Party insurance,6 Speed,Manual,7 Seats,HYDERABAD
₹ 8.25 Lakh,Sedan,"83,000 Kms",1st Owner,2017,21.13,Diesel,2017,Third Party insurance,5 Speed,Manual,5 Seats,HYDERABAD
₹ 3.75 Lakh,Hatchback,"80,000 Kms",1st Owner,2012,23.2,Diesel,2012,Third Party insurance,5 Speed,Manual,5 Seats,HYDERABAD
₹ 3.23 Lakh,Hatchback,"94,514 Kms",3rd Owner,2011,22.9,Diesel,2011,Third Party insurance,5 Speed,Manual,5 Seats,HYDERABAD
₹ 4.87 Lakh,Sedan,"67,037 Kms",1st Owner,2015,22.41,Petrol,2015,Third Party insurance,5 Speed,Manual,5 Seats,HYDERABAD
₹ 2.90 Lakh,SUV,"1,20,000 Kms",1st Owner,2004,10.5,Diesel,2004,Third Party insurance,5 Speed,Manual,8 Seats,HYDERABAD
₹ 7.09 Lakh,Hatchback,"35,540 Kms",2nd Owner,2019,22.35,Petrol,2019,Comprehensive,5-Speed,Manual,5 Seats,HYDERABAD
₹ 9.83 Lakh,SUV,"47,627 Kms",1st Owner,2019,20.37,Diesel,2019,Comprehensive,6 Speed,Manual,5 Seats,HYDERABAD
₹ 4.50 Lakh,Sedan,"98,000 Kms",1st Owner,2009,14.53,Petrol,2009,Third Party insurance,7 Speed,Automatic,5 Seats,HYDERABAD
₹ 6.72 Lakh,Hatchback,"55,943 Kms",1st Owner,2018,18.6,Petrol,2018,Third Party insurance,5 Speed,Manual,5 Seats,HYDERABAD
₹ 13.50 Lakh,SUV,"71,000 Kms",1st Owner,2018,17.01,Diesel,2018,Third Party insurance,6 Speed,Automatic,5 Seats,HYDERABAD
₹ 4.57 Lakh,Hatchback,"1,17,924 Kms",1st Owner,2018,23.1,Petrol,2018,Third Party insurance,5 Speed,Automatic,5 Seats,HYDERABAD
₹ 3.11 Lakh,Hatchback,"92,195 Kms",1st Owner,2013,18.9,Petrol,2013,Comprehensive,5 Speed,Manual,5 Seats,HYDERABAD
₹ 1.50 Lakh,Sedan,"40,000 Kms",3rd Owner,2003,11.0,Petrol,2003,Third Party insurance,4 Speed,Automatic,5 Seats,HYDERABAD
₹ 6.23 Lakh,Hatchback,"49,009 Kms",1st Owner,2018,22.56,Petrol,2018,Comprehensive,5-Speed,Automatic,5 Seats,HYDERABAD
₹ 10.90 Lakh,SUV,"31,650 Kms",1st Owner,2020,18.3,Petrol,2020,Comprehensive,7 Speed DCT,Automatic,5 Seats,HYDERABAD
₹ 16 Lakh,MUV,"20,000 Kms",1st Owner,2022,16.2,Petrol,2022,Third Party insurance,6-Speed,Manual,7 Seats,HYDERABAD
₹ 2 Lakh,Hatchback,"70,000 Kms",1st Owner,2009,20.36,Petrol,2009,Third Party insurance,5 Speed,Manual,5 Seats,HYDERABAD
₹ 9.25 Lakh,Sedan,"39,000 Kms",1st Owner,2018,18.0,Diesel,2018,Comprehensive,6 Speed,Automatic,5 Seats,HYDERABAD
₹ 11.50 Lakh,SUV,"10,000 Kms",1st Owner,2022,16.5,Petrol,2022,Third Party insurance,6 Speed,Automatic,5 Seats,HYDERABAD
₹ 11.50 Lakh,SUV,"93,615 Kms",1st Owner,2018,17.01,Diesel,2018,Comprehensive,6 Speed,Automatic,5 Seats,HYDERABAD
₹ 25.50 Lakh,MUV,"6,400 Kms",1st Owner,2022,8.0,Petrol,2022,Third Party insurance,5 Speed,Manual,7 Seats,HYDERABAD
₹ 8.95 Lakh,Sedan,"16,727 Kms",2nd Owner,2022,20.65,Petrol,2022,Comprehensive,5 Speed,Manual,5 Seats,HYDERABAD
₹ 10.09 Lakh,SUV,"63,334 Kms",3rd Owner,2019,15.8,Petrol,2019,Third Party insurance,6 Speed,Manual,5 Seats,HYDERABAD
₹ 10.50 Lakh,SUV,"14,000 Kms",1st Owner,2021,20.0,Petrol,2021,Comprehensive,5 Speed,Manual,5 Seats,HYDERABAD
₹ 4.41 Lakh,Hatchback,"96,540 Kms",1st Owner,2018,20.89,Petrol,2018,Third Party insurance,5 Speed,Manual,5 Seats,HYDERABAD
₹ 7.59 Lakh,Sedan,"92,585 Kms",1st Owner,2018,17.8,Petrol,2018,Third Party insurance,7 Speed CVT,Automatic,5 Seats,HYDERABAD
₹ 4.25 Lakh,SUV,"53,861 Kms",1st Owner,2014,15.8,Petrol,2014,Third Party insurance,5 Speed,Manual,5 Seats,HYDERABAD
₹ 3.06 Lakh,Hatchback,"65,761 Kms",2nd Owner,2012,18.9,Petrol,2012,Third Party insurance,5 Speed,Manual,5 Seats,HYDERABAD
₹ 6 Lakh,Sedan,"67,000 Kms",2nd Owner,2015,22.27,Diesel,2015,Third Party insurance,5 Speed,Manual,5 Seats,HYDERABAD
₹ 13.85 Lakh,SUV,"1,22,100 Kms",2nd Owner,2018,17.1,Diesel,2018,Third Party,6 Speed,Manual,5 Seats,HYDERABAD
₹ 7.36 Lakh,Sedan,"53,873 Kms",1st Owner,2017,28.4,Diesel,2017,Comprehensive,5 Speed,Automatic,5 Seats,HYDERABAD
₹ 8.40 Lakh,SUV,"60,000 Kms",1st Owner,2019,24.3,Diesel,2019,Third Party insurance,5 Speed,Manual,5 Seats,HYDERABAD
₹ 4.26 Lakh,Hatchback,"89,197 Kms",2nd Owner,2013,22.9,Diesel,2013,Third Party insurance,5 Speed,Manual,5 Seats,HYDERABAD
₹ 3.05 Lakh,Hatchback,"30,000 Kms",1st Owner,2020,22.7,Petrol,2020,Third Party insurance,5-Speed,Manual,5 Seats,HYDERABAD
₹ 6.29 Lakh,Hatchback,"70,000 Kms",1st Owner,2018,18.6,Petrol,2018,Third Party insurance,5 Speed,Manual,5 Seats,HYDERABAD
₹ 8.69 Lakh,Hatchback,"28,700 Kms",1st Owner,2021,19.56,Petrol,2021,Third Party,CVT,Automatic,5 Seats,HYDERABAD
₹ 18.50 Lakh,Sedan,"20,000 Kms",2nd Owner,2022,18.12,Petrol,2022,Third Party insurance,6-Speed,Automatic,5 Seats,HYDERABAD
₹ 3 Lakh,Hatchback,"91,629 Kms",1st Owner,2012,20.36,Petrol,2012,Comprehensive,5 Speed,Manual,5 Seats,HYDERABAD
₹ 8.50 Lakh,Hatchback,"30,000 Kms",1st Owner,2021,23.8,Diesel,2021,Third Party insurance,5-Speed,Manual,5 Seats,HYDERABAD
₹ 8.70 Lakh,Hatchback,"7,058 Kms",1st Owner,2022,21.01,Petrol,2022,Not Available,5 Speed,Manual,5 Seats,HYDERABAD
₹ 7.75 Lakh,Sedan,"86,500 Kms",1st Owner,2017,28.4,Diesel,2017,Third Party insurance,5 Speed,Automatic,5 Seats,HYDERABAD
₹ 4.16 Lakh,Sedan,"76,438 Kms",2nd Owner,2015,18.0,Petrol,2015,Third Party,5 Speed,Manual,5 Seats,HYDERABAD
₹ 10.25 Lakh,SUV,"24,489 Kms",2nd Owner,2017,13.0,Petrol,2017,Zero Dep,6 Speed,Manual,5 Seats,HYDERABAD
₹ 7.90 Lakh,Hatchback,"20,000 Kms",1st Owner,2022,22.56,Petrol,2022,Third Party insurance,5-Speed,Automatic,5 Seats,HYDERABAD
₹ 8.55 Lakh,Sedan,"1,10,600 Kms",1st Owner,2017,23.9,Diesel,2017,Comprehensive,6 Speed ,Manual,5 Seats,HYDERABAD
₹ 6.49 Lakh,Hatchback,"63,840 Kms",2nd Owner,2019,21.4,Petrol,2019,Third Party insurance,5 Speed,Manual,5 Seats,HYDERABAD
₹ 2.30 Lakh,Hatchback,"74,000 Kms",1st Owner,2009,20.36,Petrol,2009,Third Party insurance,5 Speed,Manual,5 Seats,HYDERABAD
₹ 5.99 Lakh,Hatchback,"21,314 Kms",1st Owner,2021,19.01,Petrol,2021,Zero Dep,5-Speed,Manual,5 Seats,HYDERABAD
₹ 9 Lakh,Sedan,"40,007 Kms",1st Owner,2017,18.0,Diesel,2017,Comprehensive,6 Speed,Automatic,5 Seats,HYDERABAD
₹ 6.22 Lakh,Sedan,"89,997 Kms",2nd Owner,2015,26.59,Diesel,2015,Third Party insurance,5 Speed,Manual,5 Seats,HYDERABAD
₹ 3.62 Lakh,Hatchback,"64,736 Kms",1st Owner,2014,19.4,Petrol,2014,Comprehensive,5 Speed,Manual,5 Seats,HYDERABAD
₹ 12.95 Lakh,SUV,"1,05,000 Kms",1st Owner,2013,15.73,Diesel,2013,Third Party insurance,7-Speed S-Tronic ,Automatic,5 Seats,HYDERABAD
₹ 9.64 Lakh,SUV,"40,687 Kms",1st Owner,2020,18.55,Petrol,2020,Comprehensive,5 Speed,Manual,5 Seats,HYDERABAD
₹ 3.95 Lakh,Sedan,"33,000 Kms",2nd Owner,2012,16.97,Petrol,2012,Third Party insurance,6 Speed,Automatic,5 Seats,HYDERABAD
₹ 4.60 Lakh,Hatchback,"57,000 Kms",1st Owner,2016,23.1,Petrol,2016,Third Party insurance,5 Speed ,Automatic,5 Seats,HYDERABAD
₹ 4 Lakh,MUV,"1,20,000 Kms",2nd Owner,2006,12.8,Diesel,2006,Third Party insurance,5 Speed,Manual,8 Seats,HYDERABAD
₹ 13.25 Lakh,SUV,"88,000 Kms",1st Owner,2019,20.8,Diesel,2019,Third Party insurance,6-Speed,Manual,5 Seats,HYDERABAD
₹ 2.15 Lakh,Hatchback,"80,000 Kms",3rd Owner,2009,20.36,Petrol,2009,Third Party insurance,5 Speed,Manual,5 Seats,HYDERABAD
₹ 10.50 Lakh,SUV,"49,500 Kms",1st Owner,2020,18.0,Petrol,2020,Third Party insurance,6-Speed IMT,Manual,5 Seats,HYDERABAD
₹ 4.65 Lakh,Hatchback,"15,985 Kms",1st Owner,2020,21.46,Petrol,2020,Third Party insurance,5 Speed,Manual,5 Seats,HYDERABAD
₹ 5.74 Lakh,Sedan,"85,871 Kms",2nd Owner,2015,17.4,Petrol,2015,Comprehensive,5 Speed ,Manual,5 Seats,HYDERABAD
₹ 2.95 Lakh,Hatchback,"73,665 Kms",1st Owner,2012,20.36,Petrol,2012,Third Party insurance,5 Speed,Manual,5 Seats,HYDERABAD
₹ 2.60 Crore,SUV,"31,614 Kms",1st Owner,2020,13.33,Petrol,2020,Comprehensive,8 Speed,Automatic,5 Seats,HYDERABAD
₹ 7.07 Lakh,Sedan,"70,380 Kms",1st Owner,2021,19.28,Petrol,2021,Comprehensive,5-Speed,Manual,5 Seats,HYDERABAD
₹ 6.05 Lakh,Hatchback,"73,202 Kms",1st Owner,2016,18.6,Petrol,2016,Third Party insurance,5 Speed,Manual,5 Seats,HYDERABAD
₹ 5.65 Lakh,Sedan,"80,000 Kms",1st Owner,2016,18.3,Petrol,2016,Third Party insurance,CVT,Automatic,5 Seats,HYDERABAD
₹ 6.08 Lakh,Hatchback,"58,006 Kms",1st Owner,2017,25.2,Diesel,2017,Comprehensive,5 Speed,Manual,5 Seats,HYDERABAD
₹ 7.25 Lakh,Hatchback,"64,000 Kms",1st Owner,2019,21.21,Petrol,2019,Third Party insurance,5,Automatic,5 Seats,HYDERABAD
₹ 3.69 Lakh,Hatchback,"50,670 Kms",2nd Owner,2014,19.4,Petrol,2014,Third Party insurance,5 Speed,Manual,5 Seats,HYDERABAD
₹ 5.08 Lakh,Hatchback,"41,058 Kms",2nd Owner,2020,20.3,Petrol,2020,Third Party insurance,5 Speed,Automatic,5 Seats,HYDERABAD
₹ 3.60 Lakh,SUV,"1,20,000 Kms",1st Owner,2013,20.45,Diesel,2013,Third Party insurance,5 speed,Manual,5 Seats,HYDERABAD
₹ 3.99 Lakh,Hatchback,"56,367 Kms",2nd Owner,2014,20.51,Petrol,2014,Third Party insurance,5 Speed,Manual,5 Seats,HYDERABAD
₹ 9.20 Lakh,SUV,"41,000 Kms",1st Owner,2019,18.27,Petrol,2019,Third Party insurance,6-Speed,Manual,5 Seats,HYDERABAD
₹ 7.40 Lakh,Hatchback,"40,000 Kms",1st Owner,2019,18.6,Petrol,2019,Third Party insurance,5 Speed,Manual,5 Seats,HYDERABAD
₹ 6.25 Lakh,Hatchback,"16,000 Kms",1st Owner,2016,18.9,Petrol,2016,Third Party insurance,4 Speed,Automatic,5 Seats,HYDERABAD
₹ 4.50 Lakh,Hatchback,"69,900 Kms",1st Owner,2016,23.1,Petrol,2016,Third Party insurance,5 Speed ,Automatic,5 Seats,HYDERABAD
₹ 6.50 Lakh,Sedan,"1,20,000 Kms",1st Owner,2016,17.8,Petrol,2016,Third Party insurance,5 Speed,Manual,5 Seats,HYDERABAD
₹ 4.50 Lakh,Hatchback,"95,000 Kms",1st Owner,2016,23.84,Petrol,2016,Third Party insurance,5 Speed,Manual,5 Seats,HYDERABAD
₹ 24.45 Lakh,Sedan,"35,000 Kms",1st Owner,2018,20.38,Diesel,2018,Comprehensive,6 Speed,Automatic,5 Seats,HYDERABAD
₹ 6.75 Lakh,Sedan,"66,000 Kms",1st Owner,2014,18.0,Petrol,2014,Third Party insurance,5 Speed CVT,Automatic,5 Seats,HYDERABAD
₹ 6.52 Lakh,Sedan,"67,905 Kms",1st Owner,2016,28.09,Diesel,2016,Zero Dep,5 Speed,Manual,5 Seats,HYDERABAD
₹ 4.96 Lakh,Hatchback,"19,348 Kms",1st Owner,2019,20.3,Petrol,2019,Third Party insurance,5 Speed,Manual,5 Seats,HYDERABAD
₹ 6.50 Lakh,Sedan,"35,000 Kms",1st Owner,2017,17.8,Petrol,2017,Third Party insurance,5 Speed,Manual,5 Seats,HYDERABAD
₹ 7.89 Lakh,Sedan,"30,811 Kms",1st Owner,2017,17.01,Petrol,2017,Comprehensive,5 Speed,Manual,5 Seats,HYDERABAD
₹ 4.58 Lakh,Hatchback,"73,227 Kms",2nd Owner,2019,21.63,Petrol,2019,Zero Dep,5 Speed,Manual,5 Seats,HYDERABAD
₹ 2 Lakh,Sedan,"80,000 Kms",2nd Owner,2010,19.0,Diesel,2010,Third Party insurance,5 Speed,Manual,5 Seats,HYDERABAD
₹ 3.11 Lakh,Hatchback,"90,184 Kms",1st Owner,2012,19.4,Petrol,2012,Third Party,5 Speed,Manual,5 Seats,HYDERABAD
₹ 10 Lakh,SUV,"30,000 Kms",1st Owner,2021,18.55,Petrol,2021,Third Party insurance,5 Speed,Manual,5 Seats,HYDERABAD
₹ 6.13 Lakh,Sedan,"66,039 Kms",1st Owner,2016,17.01,Petrol,2016,Third Party,5 Speed,Manual,5 Seats,HYDERABAD
₹ 3.90 Lakh,Sedan,"1,20,000 Kms",2nd Owner,2017,25.4,Diesel,2017,Third Party insurance,5 Speed,Manual,5 Seats,HYDERABAD
₹ 5.17 Lakh,Sedan,"89,205 Kms",2nd Owner,2013,16.8,Petrol,2013,Comprehensive,5 Speed,Manual,5 Seats,HYDERABAD
₹ 9.99 Lakh,SUV,"50,000 Kms",1st Owner,2020,18.0,Petrol,2020,Third Party insurance,6-Speed iMT,Manual,5 Seats,HYDERABAD
₹ 7.40 Lakh,Hatchback,"80,000 Kms",1st Owner,2018,21.4,Petrol,2018,Third Party insurance,CVT,Automatic,5 Seats,HYDERABAD
₹ 16.50 Lakh,SUV,"29,000 Kms",1st Owner,2020,17.41,Diesel,2020,Third Party insurance,6 Speed,Manual,5 Seats,HYDERABAD
₹ 13.20 Lakh,SUV,"90,000 Kms",1st Owner,2012,17.05,Diesel,2012,Third Party insurance,8-Speed ,Automatic,5 Seats,HYDERABAD
₹ 2.20 Lakh,Sedan,"1,20,000 Kms",1st Owner,2011,21.12,Diesel,2011,Third Party insurance,5 Speed,Manual,5 Seats,HYDERABAD
₹ 4.20 Lakh,Hatchback,"1,00,000 Kms",2nd Owner,2015,20.5,Diesel,2015,Third Party insurance,5 Speed,Manual,5 Seats,HYDERABAD
₹ 5.50 Lakh,Hatchback,"56,962 Kms",1st Owner,2017,21.4,Petrol,2017,Not Available,CVT,Automatic,5 Seats,HYDERABAD
₹ 5.50 Lakh,Sedan,"90,000 Kms",1st Owner,2015,21.66,Diesel,2015,Third Party insurance,7 Speed,Automatic,5 Seats,HYDERABAD
₹ 5.02 Lakh,Hatchback,"1,01,739 Kms",1st Owner,2018,17.74,Petrol,2018,Comprehensive,5 Speed,Manual,5 Seats,HYDERABAD
₹ 5.52 Lakh,Hatchback,"69,049 Kms",1st Owner,2019,23.84,Petrol,2019,Zero Dep,5 Speed,Manual,5 Seats,HYDERABAD
₹ 8.30 Lakh,SUV,"1,10,000 Kms",1st Owner,2018,24.3,Diesel,2018,Third Party insurance,5 Speed,Manual,5 Seats,HYDERABAD
₹ 5.79 Lakh,Sedan,"56,242 Kms",1st Owner,2017,19.5,Petrol,2017,Zero Dep,5 Speed,Manual,5 Seats,HYDERABAD
₹ 12.15 Lakh,SUV,"1,24,281 Kms",1st Owner,2018,16.0,Diesel,2018,Third Party,6 Speed,Manual,7 Seats,HYDERABAD
₹ 9.50 Lakh,SUV,"38,000 Kms",1st Owner,2019,18.27,Petrol,2019,Third Party insurance,6-Speed,Manual,5 Seats,HYDERABAD
₹ 10.21 Lakh,SUV,"84,249 Kms",1st Owner,2018,18.9,Diesel,2018,Third Party insurance,6 Speed,Manual,7 Seats,HYDERABAD
₹ 25.95 Lakh,Sedan,"45,000 Kms",1st Owner,2018,22.69,Diesel,2018,Third Party,8 Speed,Automatic,5 Seats,HYDERABAD
₹ 4.21 Lakh,Sedan,"1,22,117 Kms",2nd Owner,2013,22.41,Petrol,2013,Comprehensive,5 Speed,Manual,5 Seats,HYDERABAD
₹ 8.70 Lakh,SUV,"1,08,632 Kms",1st Owner,2019,23.0,Diesel,2019,Comprehensive,5 Speed,Manual,5 Seats,HYDERABAD
₹ 45 Lakh,Sedan,"10,700 Kms",1st Owner,2017,18.12,Diesel,2017,Third Party insurance,8 Speed,Automatic,5 Seats,HYDERABAD
₹ 6.77 Lakh,SUV,"1,16,988 Kms",1st Owner,2017,22.77,Diesel,2017,Third Party,5 Speed,Manual,5 Seats,HYDERABAD
₹ 7.25 Lakh,Sedan,"60,000 Kms",1st Owner,2014,18.0,Petrol,2014,Third Party insurance,5 Speed CVT,Automatic,5 Seats,HYDERABAD
₹ 6.50 Lakh,Sedan,"1,20,000 Kms",1st Owner,2018,25.8,Diesel,2018,Third Party insurance,5 Speed,Manual,5 Seats,HYDERABAD
₹ 9.80 Lakh,SUV,"92,000 Kms",1st Owner,2016,19.67,Diesel,2016,Third Party insurance,6 Speed,Manual,5 Seats,HYDERABAD
₹ 11 Lakh,MUV,"80,000 Kms",1st Owner,2019,17.3,Diesel,2019,Third Party insurance,6 Speed,Manual,7 Seats,HYDERABAD
₹ 2.90 Lakh,Sedan,"90,000 Kms",2nd Owner,2009,14.53,CNG,2009,Third Party insurance,6 Speed,Manual,5 Seats,HYDERABAD
₹ 3.50 Lakh,Hatchback,"1,10,000 Kms",2nd Owner,2014,20.86,Diesel,2014,Third Party insurance,5 Speed,Manual,5 Seats,HYDERABAD
₹ 2.90 Lakh,Hatchback,"70,000 Kms",1st Owner,2011,18.06,Petrol,2011,Third Party insurance,5 Speed,Manual,5 Seats,HYDERABAD
₹ 5.90 Lakh,Hatchback,"72,761 Kms",1st Owner,2018,27.28,Diesel,2018,Third Party insurance,5 Speed,Manual,5 Seats,HYDERABAD
₹ 2.99 Lakh,Hatchback,"72,473 Kms",1st Owner,2013,20.36,Petrol,2013,Comprehensive,5 Speed,Manual,5 Seats,HYDERABAD
₹ 12.52 Lakh,SUV,"18,030 Kms",1st Owner,2022,19.89,Petrol,2022,Third Party,5-Speed,Manual,5 Seats,HYDERABAD
₹ 8.75 Lakh,Sedan,"63,000 Kms",1st Owner,2018,27.4,Diesel,2018,Third Party insurance,5 Speed,Manual,5 Seats,HYDERABAD
₹ 5.50 Lakh,Hatchback,"40,404 Kms",1st Owner,2016,19.0,Petrol,2016,Third Party,5 Speed,Automatic,5 Seats,HYDERABAD
₹ 9.70 Lakh,Sedan,"96,407 Kms",1st Owner,2018,18.0,Petrol,2018,Comprehensive,CVT,Automatic,5 Seats,HYDERABAD
₹ 5.90 Lakh,Hatchback,"20,000 Kms",1st Owner,2017,18.9,Petrol,2017,Third Party insurance,5 Speed,Manual,5 Seats,HYDERABAD
₹ 7.71 Lakh,Sedan,"53,456 Kms",1st Owner,2017,17.8,Petrol,2017,Comprehensive,5 Speed,Manual,5 Seats,HYDERABAD
₹ 2.57 Lakh,Hatchback,"91,603 Kms",2nd Owner,2016,22.05,Petrol,2016,Comprehensive,5 Speed,Manual,5 Seats,HYDERABAD
₹ 7.67 Lakh,Hatchback,"28,246 Kms",1st Owner,2021,22.35,Petrol,2021,Zero Dep,5-Speed,Manual,5 Seats,HYDERABAD
₹ 2.60 Lakh,Sedan,"1,71,000 Kms",3rd Owner,2013,21.64,Diesel,2013,Third Party insurance,5 Speed,Manual,5 Seats,HYDERABAD
₹ 5.81 Lakh,Hatchback,"30,224 Kms",1st Owner,2021,19.01,Petrol,2021,Third Party,5-Speed,Manual,5 Seats,HYDERABAD
₹ 10.25 Lakh,Sedan,"70,000 Kms",1st Owner,2017,25.6,Diesel,2017,Third Party insurance,6 Speed,Manual,5 Seats,HYDERABAD
₹ 4 Lakh,Hatchback,"1,20,000 Kms",3rd Owner,2013,21.27,Diesel,2013,Third Party insurance,6 Speed,Manual,5 Seats,HYDERABAD
₹ 7.50 Lakh,SUV,"1,20,000 Kms",2nd Owner,2017,24.3,Diesel,2017,Third Party insurance,5 Speed,Manual,5 Seats,HYDERABAD
₹ 10 Lakh,Sedan,"80,000 Kms",2nd Owner,2020,21.13,Diesel,2020,Third Party insurance,5 Speed,Manual,5 Seats,HYDERABAD
₹ 21.50 Lakh,Sedan,"49,000 Kms",1st Owner,2019,15.1,Petrol,2019,Third Party insurance,7 Speed,Automatic,5 Seats,HYDERABAD
₹ 6.60 Lakh,Hatchback,"70,000 Kms",1st Owner,2019,18.6,Petrol,2019,Third Party insurance,5 Speed,Manual,5 Seats,HYDERABAD
₹ 6.62 Lakh,SUV,"85,838 Kms",1st Owner,2014,22.7,Diesel,2014,Third Party insurance,5 Speed,Manual,5 Seats,HYDERABAD
₹ 3.95 Lakh,Hatchback,"68,000 Kms",1st Owner,2016,19.69,Petrol,2016,Third Party insurance,5 Speed,Manual,5 Seats,HYDERABAD
₹ 5.14 Lakh,Hatchback,"38,607 Kms",2nd Owner,2018,23.1,Petrol,2018,Comprehensive,5 Speed,Automatic,5 Seats,HYDERABAD
₹ 7.72 Lakh,Hatchback,"48,934 Kms",2nd Owner,2019,17.4,Petrol,2019,Third Party insurance,5 Speed,Automatic,5 Seats,HYDERABAD
₹ 6.80 Lakh,Hatchback,"73,000 Kms",1st Owner,2018,18.6,Petrol,2018,Third Party insurance,5 Speed,Manual,5 Seats,HYDERABAD
₹ 2.54 Lakh,Hatchback,"31,933 Kms",2nd Owner,2014,22.05,Petrol,2014,Third Party insurance,5 Speed,Manual,5 Seats,HYDERABAD
₹ 3.11 Lakh,Hatchback,"54,959 Kms",1st Owner,2013,18.9,Petrol,2013,Third Party insurance,5 Speed,Manual,5 Seats,HYDERABAD
₹ 21.50 Lakh,Sedan,"49,000 Kms",1st Owner,2014,14.74,Diesel,2014,Third Party insurance,8 Speed,Automatic,5 Seats,HYDERABAD
₹ 10.15 Lakh,Sedan,"59,261 Kms",1st Owner,2017,18.0,Petrol,2017,Zero Dep,5 Speed CVT,Automatic,5 Seats,HYDERABAD
₹ 28.50 Lakh,Sedan,"42,000 Kms",1st Owner,2019,20.38,Diesel,2019,Third Party insurance,6 Speed,Automatic,5 Seats,HYDERABAD
₹ 4.61 Lakh,Hatchback,"73,889 Kms",1st Owner,2014,22.38,Petrol,2014,Comprehensive,5-Speed,Manual,5 Seats,HYDERABAD
₹ 3.72 Lakh,Hatchback,"44,363 Kms",2nd Owner,2019,22.3,Petrol,2019,Third Party,5 Speed,Manual,5 Seats,HYDERABAD
₹ 14.50 Lakh,Sedan,"54,000 Kms",1st Owner,2011,14.21,Diesel,2011,Third Party insurance,5 Speed,Automatic,5 Seats,HYDERABAD
₹ 8.03 Lakh,Sedan,"50,151 Kms",1st Owner,2017,17.01,Petrol,2017,Third Party,5 Speed,Manual,5 Seats,HYDERABAD
₹ 2.20 Lakh,Hatchback,"1,20,000 Kms",1st Owner,2010,13.45,LPG,2010,Third Party insurance,5 Speed,Manual,5 Seats,HYDERABAD
₹ 11.50 Lakh,Sedan,"92,000 Kms",1st Owner,2012,13.2,Diesel,2012,Third Party insurance,6 Speed,Automatic,5 Seats,HYDERABAD
₹ 29.95 Lakh,Sedan,"51,000 Kms",1st Owner,2017,19.33,Diesel,2017,Comprehensive,8 Speed,Automatic,5 Seats,HYDERABAD
₹ 69.50 Lakh,SUV,"70,000 Kms",1st Owner,2018,8.9,Petrol,2018,Third Party insurance,9 Speed,Automatic,5 Seats,HYDERABAD
₹ 9 Lakh,SUV,"72,253 Kms",1st Owner,2019,18.27,Petrol,2019,Not Available,6-Speed,Manual,5 Seats,HYDERABAD
₹ 14 Lakh,SUV,"51,757 Kms",1st Owner,2015,16.0,Diesel,2015,Not Available,6 Speed,Manual,7 Seats,HYDERABAD
₹ 2.95 Lakh,Hatchback,"46,000 Kms",1st Owner,2012,18.6,Petrol,2012,Third Party insurance,5 Speed,Manual,5 Seats,HYDERABAD
₹ 19.65 Lakh,SUV,"24,648 Kms",1st Owner,2022,16.35,Diesel,2022,Third Party,6-Speed,Manual,5 Seats,HYDERABAD
₹ 3.06 Lakh,Hatchback,"61,201 Kms",1st Owner,2013,20.51,Petrol,2013,Comprehensive,5 Speed,Manual,5 Seats,HYDERABAD
₹ 20.15 Lakh,SUV,"23,000 Kms",1st Owner,2021,16.35,Diesel,2021,Third Party insurance,6-Speed,Manual,5 Seats,HYDERABAD
₹ 3.66 Lakh,Hatchback,"46,563 Kms",2nd Owner,2016,20.51,Petrol,2016,Third Party,5 Speed,Manual,5 Seats,HYDERABAD
₹ 6.45 Lakh,Hatchback,"41,085 Kms",1st Owner,2016,18.6,Petrol,2016,Third Party insurance,5 Speed,Manual,5 Seats,HYDERABAD
₹ 2.99 Lakh,Hatchback,"90,000 Kms",1st Owner,2010,20.0,Diesel,2010,Third Party insurance,5 Speed,Manual,5 Seats,HYDERABAD
₹ 4.23 Lakh,Hatchback,"50,260 Kms",1st Owner,2013,18.5,Petrol,2013,Comprehensive,5 Speed,Manual,5 Seats,HYDERABAD
₹ 2.95 Lakh,Hatchback,"55,000 Kms",1st Owner,2010,15.6,Petrol,2010,Third Party insurance,5 Speed,Manual,5 Seats,HYDERABAD
₹ 3.28 Lakh,Hatchback,"1,07,913 Kms",2nd Owner,2014,25.24,Petrol,2014,Third Party insurance,5-Speed,Manual,5 Seats,HYDERABAD
₹ 5.65 Lakh,Hatchback,"52,858 Kms",1st Owner,2017,22.38,Petrol,2017,Comprehensive,5-Speed,Manual,5 Seats,HYDERABAD
₹ 22.50 Lakh,Sedan,"50,000 Kms",1st Owner,2014,19.59,Diesel,2014,Third Party insurance,8 Speed,Automatic,5 Seats,HYDERABAD
₹ 2.99 Lakh,Hatchback,"41,832 Kms",2nd Owner,2016,23.01,Petrol,2016,Comprehensive,5 Speed,Manual,5 Seats,HYDERABAD
₹ 2.99 Lakh,Hatchback,"61,000 Kms",1st Owner,2014,20.63,Petrol,2014,Third Party insurance,5 Speed,Manual,5 Seats,HYDERABAD
₹ 4.90 Lakh,Sedan,"1,36,700 Kms",1st Owner,2012,17.0,Diesel,2012,Comprehensive,6 Speed,Automatic,5 Seats,HYDERABAD
₹ 3.40 Lakh,Hatchback,"44,000 Kms",1st Owner,2011,18.5,Petrol,2011,Third Party insurance,5 Speed,Manual,5 Seats,HYDERABAD
₹ 1.50 Lakh,Sedan,"40,000 Kms",3rd Owner,2003,11.0,Petrol,2003,Third Party insurance,4 Speed,Automatic,5 Seats,HYDERABAD
₹ 6.50 Lakh,MUV,"45,430 Kms",1st Owner,2021,18.2,Petrol,2021,Comprehensive,5-Speed,Automatic,7 Seats,HYDERABAD
₹ 16.50 Lakh,SUV,"10,000 Kms",1st Owner,2022,18.41,Petrol,2022,Third Party insurance,6-Speed,Automatic,5 Seats,HYDERABAD
₹ 7.50 Lakh,SUV,"50,000 Kms",1st Owner,2021,18.75,Petrol,2021,Third Party insurance,5 Speed,Manual,5 Seats,HYDERABAD
₹ 7 Lakh,SUV,"89,178 Kms",1st Owner,2015,16.0,Diesel,2015,Comprehensive,6 Speed ,Manual,7 Seats,HYDERABAD
₹ 4.66 Lakh,Hatchback,"52,507 Kms",1st Owner,2014,22.38,Petrol,2014,Comprehensive,5-Speed,Manual,5 Seats,HYDERABAD
₹ 5.87 Lakh,Sedan,"47,495 Kms",1st Owner,2019,19.44,Petrol,2019,Third Party insurance,5 Speed,Manual,5 Seats,HYDERABAD
₹ 2.20 Lakh,Hatchback,"50,000 Kms",2nd Owner,2017,22.7,Petrol,2017,Third Party insurance,5-Speed,Manual,5 Seats,HYDERABAD
₹ 6.77 Lakh,Hatchback,"89,899 Kms",1st Owner,2019,22.56,Petrol,2019,Third Party insurance,5-Speed,Automatic,5 Seats,HYDERABAD
₹ 3.34 Lakh,Hatchback,"39,992 Kms",2nd Owner,2017,23.01,Petrol,2017,Third Party insurance,5 Speed,Manual,5 Seats,HYDERABAD
₹ 1.50 Lakh,Hatchback,"80,000 Kms",2nd Owner,2009,17.3,LPG,2009,Third Party insurance,5 Speed,Manual,5 Seats,HYDERABAD
₹ 3.15 Lakh,Hatchback,"89,791 Kms",1st Owner,2013,18.9,Petrol,2013,Third Party,5 Speed,Manual,5 Seats,HYDERABAD
₹ 1.15 Lakh,Hatchback,"83,000 Kms",1st Owner,2006,18.9,Petrol,2006,Third Party insurance,5 Speed Manual (Cable Type Gear Shift),Manual,5 Seats,HYDERABAD
₹ 3.89 Lakh,Hatchback,"1,14,071 Kms",2nd Owner,2015,18.9,Petrol,2015,Comprehensive,5 Speed,Manual,5 Seats,HYDERABAD
₹ 3.47 Lakh,Hatchback,"66,445 Kms",2nd Owner,2015,20.51,Petrol,2015,Comprehensive,5 Speed,Manual,5 Seats,HYDERABAD
₹ 14.50 Lakh,SUV,"30,000 Kms",1st Owner,2021,18.41,Petrol,2021,Third Party insurance,6-Speed,Automatic,5 Seats,HYDERABAD
₹ 8 Lakh,SUV,"96,615 Kms",1st Owner,2018,25.5,Diesel,2018,Third Party insurance,6 Speed,Manual,5 Seats,HYDERABAD
₹ 15.50 Lakh,SUV,"60,000 Kms",1st Owner,2020,20.8,Diesel,2020,Third Party insurance,6-Speed,Manual,5 Seats,HYDERABAD
₹ 3.50 Lakh,Sedan,"1,20,000 Kms",2nd Owner,2016,23.4,Diesel,2016,Third Party insurance,5 Speed,Manual,5 Seats,HYDERABAD
₹ 3.20 Lakh,Sedan,"90,000 Kms",2nd Owner,2016,24.4,Diesel,2016,Third Party insurance,5 Speed ,Manual,5 Seats,HYDERABAD
₹ 30 Lakh,SUV,"24,001 Kms",1st Owner,2021,16.3,Diesel,2021,Third Party insurance,6 Speed,Manual,5 Seats,HYDERABAD
₹ 3.45 Lakh,Hatchback,"76,000 Kms",1st Owner,2011,18.6,Petrol,2011,Third Party insurance,5 Speed,Manual,5 Seats,HYDERABAD
₹ 7.50 Lakh,Hatchback,"30,000 Kms",1st Owner,2022,20.7,Petrol,2022,Third Party insurance,5-Speed,Manual,5 Seats,HYDERABAD
₹ 30 Lakh,SUV,"37,821 Kms",1st Owner,2021,16.3,Diesel,2021,Third Party insurance,6 Speed,Manual,5 Seats,HYDERABAD
₹ 16.99 Lakh,SUV,"42,000 Kms",1st Owner,2019,13.96,Petrol,2019,Third Party insurance,6 Speed,Automatic,5 Seats,HYDERABAD
₹ 4.89 Lakh,Hatchback,"64,685 Kms",2nd Owner,2016,22.38,Petrol,2016,Third Party,5-Speed,Manual,5 Seats,HYDERABAD
₹ 3.31 Lakh,Hatchback,"71,003 Kms",2nd Owner,2015,20.51,Petrol,2015,Comprehensive,5 Speed,Manual,5 Seats,HYDERABAD
₹ 12 Lakh,MUV,"10,000 Kms",1st Owner,2021,19.01,Petrol,2021,Third Party insurance,5-Speed,Manual,6 Seats,HYDERABAD
₹ 4.01 Lakh,Hatchback,"1,22,617 Kms",1st Owner,2013,21.9,Diesel,2013,Comprehensive,6 Speed,Manual,5 Seats,HYDERABAD
₹ 3.47 Lakh,Hatchback,"93,593 Kms",1st Owner,2015,19.81,Petrol,2015,Third Party,5 Speed,Manual,5 Seats,HYDERABAD
₹ 4.10 Lakh,Hatchback,"76,000 Kms",2nd Owner,2012,17.0,Petrol,2012,Third Party insurance,5 Speed,Manual,5 Seats,HYDERABAD
₹ 7.64 Lakh,Hatchback,"51,216 Kms",1st Owner,2020,18.6,Petrol,2020,Third Party insurance,5 Speed,Manual,5 Seats,HYDERABAD
₹ 14 Lakh,SUV,"36,714 Kms",1st Owner,2021,18.9,Petrol,2021,Comprehensive,6-speed,Manual,5 Seats,HYDERABAD
₹ 8.31 Lakh,Hatchback,"61,626 Kms",1st Owner,2021,23.64,Diesel,2021,Third Party insurance,5-Speed,Manual,5 Seats,HYDERABAD
₹ 5.35 Lakh,Hatchback,"47,741 Kms",2nd Owner,2016,21.4,Petrol,2016,Comprehensive,5 Speed,Manual,5 Seats,HYDERABAD
₹ 4.65 Lakh,Hatchback,"63,000 Kms",1st Owner,2014,18.9,Petrol,2014,Third Party insurance,5 Speed,Manual,5 Seats,HYDERABAD
₹ 4.15 Lakh,Hatchback,"60,894 Kms",1st Owner,2020,21.74,Petrol,2020,Zero Dep,5 Speed,Manual,5 Seats,HYDERABAD
₹ 2.30 Lakh,Sedan,"70,000 Kms",2nd Owner,2008,16.9,Petrol,2008,Third Party insurance,5 Speed,Manual,5 Seats,HYDERABAD
₹ 3.20 Lakh,Hatchback,"51,000 Kms",1st Owner,2012,19.81,Petrol,2012,Third Party insurance,5 Speed,Manual,5 Seats,HYDERABAD
₹ 4 Lakh,Hatchback,"1,10,000 Kms",1st Owner,2016,23.84,Petrol,2016,Third Party insurance,5 Speed,Manual,5 Seats,HYDERABAD
₹ 12 Lakh,SUV,"10,000 Kms",1st Owner,2022,18.9,Petrol,2022,Third Party insurance,5-Speed,Manual,5 Seats,HYDERABAD
₹ 11 Lakh,SUV,"95,000 Kms",1st Owner,2011,17.05,Diesel,2011,Third Party insurance,8-Speed ,Automatic,5 Seats,HYDERABAD
₹ 8.50 Lakh,Sedan,"66,000 Kms",1st Owner,2018,26.82,Diesel,2018,Comprehensive,5 Speed,Manual,5 Seats,HYDERABAD
₹ 3.90 Lakh,SUV,"80,642 Kms",1st Owner,2011,12.05,Diesel,2011,Third Party insurance,5 Speed,Manual,7 Seats,HYDERABAD
₹ 12.25 Lakh,SUV,"70,000 Kms",1st Owner,2018,17.01,Diesel,2018,Third Party insurance,6 Speed,Automatic,5 Seats,HYDERABAD
₹ 7.49 Lakh,Hatchback,"15,700 Kms",1st Owner,2020,21.01,Petrol,2020,Zero Dep,5 Speed,Manual,5 Seats,HYDERABAD
₹ 10.01 Lakh,SUV,"81,764 Kms",1st Owner,2018,13.0,Petrol,2018,Third Party,6 Speed,Manual,5 Seats,HYDERABAD
₹ 7.81 Lakh,Sedan,"95,933 Kms",1st Owner,2018,19.1,Petrol,2018,Third Party insurance,6 Speed,Manual,5 Seats,HYDERABAD
₹ 16.50 Lakh,SUV,"23,000 Kms",1st Owner,2019,16.0,Petrol,2019,Third Party insurance,6 Speed,Manual,5 Seats,HYDERABAD
₹ 4.26 Lakh,Hatchback,"85,589 Kms",2nd Owner,2015,18.7,Petrol,2015,Third Party insurance,5 Speed,Manual,5 Seats,HYDERABAD
₹ 6.16 Lakh,Hatchback,"72,793 Kms",2nd Owner,2017,18.6,Petrol,2017,Comprehensive,5 Speed,Manual,5 Seats,HYDERABAD
₹ 4.90 Lakh,Sedan,"92,000 Kms",1st Owner,2013,22.32,Diesel,2013,Third Party insurance,4 Speed ,Automatic,5 Seats,HYDERABAD
₹ 4.28 Lakh,Hatchback,"95,255 Kms",2nd Owner,2014,22.38,Petrol,2014,Third Party insurance,5-Speed,Manual,5 Seats,HYDERABAD
₹ 22.75 Lakh,MUV,"59,000 Kms",1st Owner,2019,13.68,Diesel,2019,Comprehensive,5 Speed,Manual,8 Seats,HYDERABAD
₹ 6.70 Lakh,Hatchback,"89,242 Kms",1st Owner,2018,21.4,Petrol,2018,Zero Dep,CVT,Automatic,5 Seats,HYDERABAD
₹ 3.37 Lakh,Hatchback,"40,503 Kms",1st Owner,2012,19.4,Petrol,2012,Comprehensive,5 Speed,Manual,5 Seats,HYDERABAD
₹ 13.50 Lakh,Sedan,"20,000 Kms",1st Owner,2022,25.0,Diesel,2022,Third Party insurance,6 Speed,Manual,5 Seats,HYDERABAD
₹ 6.11 Lakh,Sedan,"96,863 Kms",1st Owner,2018,19.5,Petrol,2018,Third Party,5 Speed,Manual,5 Seats,HYDERABAD
₹ 9.75 Lakh,SUV,"30,300 Kms",1st Owner,2021,16.5,Petrol,2021,Third Party,5 Speed,Manual,5 Seats,HYDERABAD
₹ 8.25 Lakh,Sedan,"40,000 Kms",2nd Owner,2017,17.8,Petrol,2017,Third Party insurance,5 Speed,Manual,5 Seats,HYDERABAD
₹ 4 Lakh,Sedan,"1,20,000 Kms",1st Owner,2014,25.8,Diesel,2014,Third Party insurance,5 Speed,Manual,5 Seats,HYDERABAD
₹ 9 Lakh,SUV,"27,892 Kms",1st Owner,2013,15.1,Diesel,2013,Not Available,6 Speed ,Manual,7 Seats,HYDERABAD
₹ 6.50 Lakh,Hatchback,"90,000 Kms",1st Owner,2020,21.21,Petrol,2020,Third Party insurance,5,Manual,5 Seats,HYDERABAD
₹ 2.25 Lakh,Hatchback,"1,00,000 Kms",1st Owner,2009,17.3,LPG,2009,Third Party insurance,5 Speed,Manual,5 Seats,HYDERABAD
₹ 4 Lakh,Hatchback,"73,000 Kms",2nd Owner,2014,18.9,Petrol,2014,Comprehensive,5 Speed,Manual,5 Seats,HYDERABAD
₹ 22.50 Lakh,Sedan,"30,000 Kms",1st Owner,2022,26.5,Petrol,2022,Third Party insurance,5 Speed,Automatic,5 Seats,HYDERABAD
₹ 7.07 Lakh,Sedan,"32,152 Kms",1st Owner,2018,21.21,Petrol,2018,Zero Dep,5 Speed,Automatic,5 Seats,HYDERABAD
₹ 5.76 Lakh,Hatchback,"58,241 Kms",1st Owner,2015,25.2,Diesel,2015,Comprehensive,5 Speed,Manual,5 Seats,HYDERABAD
₹ 5.60 Lakh,MUV,"1,20,000 Kms",2nd Owner,2014,20.77,Diesel,2014,Third Party insurance,5 Speed ,Manual,7 Seats,HYDERABAD
₹ 4.56 Lakh,Sedan,"94,141 Kms",2nd Owner,2013,16.8,Petrol,2013,Comprehensive,5 Speed,Manual,5 Seats,HYDERABAD
₹ 6.85 Lakh,Sedan,"59,411 Kms",1st Owner,2017,21.21,Petrol,2017,Zero Dep,5 Speed,Automatic,5 Seats,HYDERABAD
₹ 12.05 Lakh,Sedan,"17,105 Kms",1st Owner,2016,14.69,Petrol,2016,Third Party insurance,6 Speed,Manual,5 Seats,HYDERABAD
₹ 9.75 Lakh,Sedan,"37,100 Kms",2nd Owner,2018,28.09,Diesel,2018,Third Party insurance,5 Speed,Manual,5 Seats,HYDERABAD
₹ 2.89 Lakh,Hatchback,"1,03,211 Kms",2nd Owner,2012,20.36,Petrol,2012,Third Party,5 Speed,Manual,5 Seats,HYDERABAD
₹ 2.90 Lakh,Hatchback,"1,13,543 Kms",2nd Owner,2012,18.9,Petrol,2012,Third Party,5 Speed,Manual,5 Seats,HYDERABAD
₹ 4.25 Lakh,SUV,"1,20,000 Kms",2nd Owner,2010,12.05,Diesel,2010,Third Party insurance,5 Speed,Manual,7 Seats,HYDERABAD
₹ 4.07 Lakh,Sedan,"99,334 Kms",1st Owner,2012,19.3,Diesel,2012,Third Party,5 Speed,Manual,5 Seats,HYDERABAD
₹ 3 Lakh,Sedan,"1,56,126 Kms",1st Owner,2014,25.01,Diesel,2014,Comprehensive,5 Speed,Manual,5 Seats,HYDERABAD
₹ 11.95 Lakh,SUV,"68,000 Kms",2nd Owner,2017,17.01,Diesel,2017,Comprehensive,6 Speed,Automatic,5 Seats,HYDERABAD
₹ 3.90 Lakh,Sedan,"1,00,000 Kms",2nd Owner,2014,18.0,Petrol,2014,Third Party insurance,5 Speed,Manual,5 Seats,HYDERABAD
₹ 2.25 Lakh,Hatchback,"54,000 Kms",1st Owner,2008,18.9,Petrol,2008,Third Party insurance,5 Speed,Manual,5 Seats,HYDERABAD
₹ 6.50 Lakh,Sedan,"1,10,000 Kms",2nd Owner,2019,19.95,Diesel,2019,Third Party insurance,5 Speed,Manual,5 Seats,HYDERABAD
₹ 2.50 Lakh,Sedan,"1,10,000 Kms",2nd Owner,2010,16.0,Petrol,2010,Third Party insurance,6 Speed,Manual,5 Seats,HYDERABAD
₹ 4.75 Lakh,Sedan,"76,000 Kms",1st Owner,2011,17.43,Petrol,2011,Third Party insurance,5 Speed,Manual,5 Seats,HYDERABAD
₹ 7 Lakh,Sedan,"60,000 Kms",2nd Owner,2020,22.71,Diesel,2020,Third Party insurance,5 Speed,Manual,5 Seats,HYDERABAD
₹ 5.59 Lakh,Hatchback,"71,974 Kms",1st Owner,2017,21.4,Petrol,2017,Third Party insurance,5 Speed,Manual,5 Seats,HYDERABAD
₹ 7.89 Lakh,SUV,"1,05,562 Kms",1st Owner,2016,24.3,Diesel,2016,Third Party insurance,5 Speed,Manual,5 Seats,HYDERABAD
₹ 9.50 Lakh,SUV,"1,10,000 Kms",2nd Owner,2015,16.0,Diesel,2015,Third Party insurance,6 Speed,Manual,7 Seats,HYDERABAD
₹ 12.97 Lakh,SUV,"1,330 Kms",1st Owner,2023,19.89,Petrol,2023,Third Party,5-Speed,Manual,5 Seats,HYDERABAD
₹ 7.50 Lakh,Sedan,"30,973 Kms",2nd Owner,2021,18.6,Petrol,2021,Third Party insurance,5 Speed,Manual,5 Seats,HYDERABAD
₹ 3.30 Lakh,Hatchback,"1,00,000 Kms",2nd Owner,2011,16.95,Petrol,2011,Third Party insurance,4-Speed,Automatic,5 Seats,HYDERABAD
₹ 6.91 Lakh,Hatchback,"9,351 Kms",1st Owner,2018,18.6,Petrol,2018,Third Party insurance,5 Speed,Manual,5 Seats,HYDERABAD
₹ 7.75 Lakh,SUV,"46,000 Kms",1st Owner,2017,13.24,Petrol,2017,Third Party insurance,5 Speed,Manual,5 Seats,HYDERABAD
₹ 2.14 Lakh,Hatchback,"56,133 Kms",2nd Owner,2013,22.05,Petrol,2013,Third Party insurance,5 Speed,Manual,5 Seats,HYDERABAD
₹ 2.32 Lakh,Hatchback,"92,370 Kms",1st Owner,2013,24.39,Petrol,2013,Comprehensive,5 Speed,Manual,5 Seats,HYDERABAD
₹ 4.25 Lakh,Sedan,"68,000 Kms",1st Owner,2012,17.6,Petrol,2012,Comprehensive,5 Speed,Manual,5 Seats,HYDERABAD
₹ 2.81 Lakh,Hatchback,"38,313 Kms",1st Owner,2014,24.39,Petrol,2014,Third Party,5 Speed,Manual,5 Seats,HYDERABAD
₹ 6 Lakh,Sedan,"1,10,000 Kms",1st Owner,2019,22.95,Diesel,2019,Third Party insurance,5 Speed,Manual,5 Seats,HYDERABAD
₹ 9.50 Lakh,Sedan,"10,000 Kms",1st Owner,2021,20.65,Petrol,2021,Third Party insurance,5 Speed,Manual,5 Seats,HYDERABAD
₹ 6 Lakh,Sedan,"80,000 Kms",2nd Owner,2015,17.01,Petrol,2015,Third Party insurance,5 Speed,Manual,5 Seats,HYDERABAD
₹ 5 Lakh,SUV,"1,20,000 Kms",3rd Owner,2014,19.01,Diesel,2014,Third Party insurance,6 Speed,Manual,5 Seats,HYDERABAD
₹ 5.55 Lakh,Sedan,"90,000 Kms",2nd Owner,2015,20.34,Diesel,2015,Third Party insurance,5 Speed,Manual,5 Seats,HYDERABAD
₹ 4.49 Lakh,Sedan,"87,000 Kms",2nd Owner,2012,20.54,Diesel,2012,Third Party insurance,5 Speed,Manual,5 Seats,HYDERABAD
₹ 6.40 Lakh,Hatchback,"70,000 Kms",2nd Owner,2018,21.4,Petrol,2018,Third Party insurance,5 Speed,Manual,5 Seats,HYDERABAD
₹ 2.63 Lakh,Hatchback,"53,179 Kms",2nd Owner,2014,24.39,Petrol,2014,Third Party insurance,5 Speed,Manual,5 Seats,HYDERABAD
₹ 9.39 Lakh,SUV,"48,902 Kms",1st Owner,2020,17.0,Petrol,2020,Third Party,6 Speed,Manual,5 Seats,HYDERABAD
₹ 4.55 Lakh,Sedan,"90,000 Kms",3rd Owner,2012,22.32,Diesel,2012,Third Party insurance,4 Speed,Automatic,5 Seats,HYDERABAD
₹ 7.77 Lakh,Hatchback,"45,025 Kms",1st Owner,2019,17.4,Petrol,2019,Third Party insurance,5 Speed,Automatic,5 Seats,HYDERABAD
₹ 7.01 Lakh,Hatchback,"22,356 Kms",1st Owner,2017,21.4,Petrol,2017,Third Party insurance,CVT,Automatic,5 Seats,HYDERABAD
₹ 6.25 Lakh,Sedan,"96,000 Kms",1st Owner,2014,22.32,Diesel,2014,Third Party insurance,4 Speed ,Automatic,5 Seats,HYDERABAD
₹ 4.78 Lakh,Hatchback,"35,564 Kms",2nd Owner,2019,25.24,Petrol,2019,Comprehensive,5-Speed,Manual,5 Seats,HYDERABAD
₹ 4.65 Lakh,Hatchback,"72,632 Kms",1st Owner,2016,20.3,Diesel,2016,Third Party insurance,5-Speed,Manual,5 Seats,HYDERABAD
₹ 4.72 Lakh,Sedan,"57,349 Kms",1st Owner,2015,16.78,Petrol,2015,Comprehensive,5 Speed,Manual,5 Seats,HYDERABAD
₹ 6.04 Lakh,Sedan,"31,915 Kms",1st Owner,2018,25.8,Diesel,2018,Comprehensive,5 Speed,Manual,5 Seats,HYDERABAD
₹ 10.50 Lakh,Sedan,"80,000 Kms",1st Owner,2012,13.2,Diesel,2012,Third Party insurance,Six Speed Automatic Gearbox,Automatic,5 Seats,HYDERABAD
₹ 2.73 Lakh,Hatchback,"44,094 Kms",1st Owner,2010,18.9,Petrol,2010,Comprehensive,5 Speed,Manual,5 Seats,HYDERABAD
₹ 4.99 Lakh,MUV,"2,36,000 Kms",1st Owner,2008,12.8,Diesel,2008,Third Party insurance,5 Speed,Manual,8 Seats,HYDERABAD
₹ 2.99 Lakh,Sedan,"75,000 Kms",1st Owner,2008,16.8,Diesel,2008,Third Party insurance,5 Speed,Manual,5 Seats,HYDERABAD
₹ 4.25 Lakh,Sedan,"92,000 Kms",1st Owner,2009,17.0,Diesel,2009,Third Party insurance,6 Speed,Automatic,5 Seats,HYDERABAD
₹ 1.94 Lakh,Hatchback,"1,48,914 Kms",2nd Owner,2004,13.5,Diesel,2004,Not Available,5 Speed,Manual,5 Seats,HYDERABAD
₹ 4.99 Lakh,Hatchback,"48,000 Kms",1st Owner,2020,21.7,Petrol,2020,Third Party insurance,AGS,Automatic,5 Seats,HYDERABAD
₹ 16.50 Lakh,SUV,"10,000 Kms",1st Owner,2022,18.41,Petrol,2022,Third Party insurance,6-Speed,Automatic,5 Seats,HYDERABAD
₹ 7.50 Lakh,Sedan,"33,600 Kms",1st Owner,2018,27.4,Diesel,2018,Comprehensive,5 Speed,Manual,5 Seats,HYDERABAD
₹ 7.24 Lakh,Sedan,"68,950 Kms",2nd Owner,2018,17.8,Petrol,2018,Comprehensive,7 Speed CVT,Automatic,5 Seats,HYDERABAD
₹ 3 Lakh,Hatchback,"47,763 Kms",1st Owner,2012,18.9,Petrol,2012,Third Party insurance,5 Speed,Manual,5 Seats,HYDERABAD
₹ 8 Lakh,MUV,"8,368 Kms",1st Owner,2022,20.0,Petrol,2022,Third Party insurance,5 Speed,Manual,7 Seats,HYDERABAD
₹ 8.10 Lakh,SUV,"51,897 Kms",1st Owner,2018,23.22,Diesel,2018,Third Party insurance,6-Speed,Manual,5 Seats,HYDERABAD
₹ 4.59 Lakh,Sedan,"40,274 Kms",2nd Owner,2014,18.0,Petrol,2014,Third Party,5 Speed,Manual,5 Seats,HYDERABAD
₹ 7.50 Lakh,Sedan,"90,000 Kms",1st Owner,2012,18.88,Diesel,2012,Third Party insurance,8 Speed,Automatic,5 Seats,HYDERABAD
₹ 4.97 Lakh,Hatchback,"62,648 Kms",1st Owner,2016,22.38,Petrol,2016,Comprehensive,5-Speed,Manual,5 Seats,HYDERABAD
₹ 5.77 Lakh,Hatchback,"58,448 Kms",1st Owner,2017,21.4,Petrol,2017,Comprehensive,5 Speed,Manual,5 Seats,HYDERABAD
₹ 6.70 Lakh,Hatchback,"40,000 Kms",1st Owner,2022,20.7,Petrol,2022,Third Party insurance,5-Speed,Manual,5 Seats,HYDERABAD
₹ 6.90 Lakh,SUV,"88,695 Kms",1st Owner,2017,22.77,Diesel,2017,Third Party insurance,5 Speed,Manual,5 Seats,HYDERABAD
₹ 17 Lakh,SUV,"20,000 Kms",1st Owner,2021,17.41,Diesel,2021,Third Party insurance,6 Speed,Manual,5 Seats,HYDERABAD
₹ 2.52 Lakh,Sedan,"99,840 Kms",1st Owner,2014,20.65,Diesel,2014,Not Available,5 Speed,Manual,5 Seats,HYDERABAD
₹ 2.94 Lakh,Hatchback,"1,20,000 Kms",2nd Owner,2012,22.07,Diesel,2012,Third Party insurance,5 Speed,Manual,5 Seats,HYDERABAD
₹ 19 Lakh,Sedan,"10,000 Kms",1st Owner,2023,20.0,Petrol,2023,Third Party insurance,6-speed,Manual,5 Seats,HYDERABAD
₹ 18.50 Lakh,Sedan,"20,000 Kms",2nd Owner,2022,18.12,Petrol,2022,Third Party insurance,6-Speed,Automatic,5 Seats,HYDERABAD
₹ 7 Lakh,Sedan,"20,000 Kms",1st Owner,2018,18.1,Petrol,2018,Third Party insurance,5 Speed,Automatic,5 Seats,HYDERABAD
₹ 13.50 Lakh,Sedan,"31,000 Kms",1st Owner,2021,18.0,Petrol,2021,Third Party insurance,CVT,Automatic,5 Seats,HYDERABAD
₹ 4.70 Lakh,Hatchback,"93,407 Kms",2nd Owner,2018,23.84,Petrol,2018,Comprehensive,5 Speed,Manual,5 Seats,HYDERABAD
₹ 3.20 Lakh,Hatchback,"75,932 Kms",2nd Owner,2011,22.38,Petrol,2011,Comprehensive,5-Speed,Manual,5 Seats,HYDERABAD
₹ 6.50 Lakh,Hatchback,"44,000 Kms",1st Owner,2015,17.21,Petrol,2015,Comprehensive,7 Speed,Automatic,5 Seats,HYDERABAD
₹ 5.29 Lakh,Hatchback,"62,936 Kms",1st Owner,2019,20.3,Petrol,2019,Third Party insurance,5 Speed,Automatic,5 Seats,HYDERABAD
₹ 6.46 Lakh,Hatchback,"40,841 Kms",1st Owner,2016,18.6,Petrol,2016,Comprehensive,5 Speed,Manual,5 Seats,HYDERABAD
₹ 4.80 Lakh,Sedan,"1,50,000 Kms",2nd Owner,2016,26.59,Diesel,2016,Third Party insurance,5 Speed,Manual,5 Seats,HYDERABAD
₹ 6.07 Lakh,Hatchback,"66,561 Kms",1st Owner,2017,18.6,Petrol,2017,Third Party insurance,5 Speed,Manual,5 Seats,HYDERABAD
₹ 1.60 Lakh,Hatchback,"1,14,800 Kms",2nd Owner,2016,25.0,Diesel,2016,Third Party insurance,5 Speed,Manual,5 Seats,HYDERABAD
₹ 3.74 Lakh,Hatchback,"97,726 Kms",1st Owner,2016,25.24,Petrol,2016,Third Party insurance,5-Speed,Manual,5 Seats,HYDERABAD
₹ 8.17 Lakh,SUV,"81,462 Kms",1st Owner,2019,17.0,Petrol,2019,Third Party insurance,5 Speed,Manual,5 Seats,HYDERABAD
₹ 1.80 Lakh,Hatchback,"1,20,000 Kms",1st Owner,2015,25.0,Diesel,2015,Third Party insurance,5 Speed,Manual,5 Seats,HYDERABAD
₹ 6.80 Lakh,Hatchback,"31,286 Kms",1st Owner,2019,22.56,Petrol,2019,Third Party,5-Speed,Automatic,5 Seats,HYDERABAD
₹ 10 Lakh,Hatchback,"20,000 Kms",1st Owner,2022,22.35,Petrol,2022,Third Party insurance,5 Speed,Manual,5 Seats,HYDERABAD
₹ 10 Lakh,Hatchback,"20,000 Kms",1st Owner,2022,22.35,Petrol,2022,Third Party insurance,5 Speed,Manual,5 Seats,HYDERABAD
₹ 10.80 Lakh,Sedan,"57,600 Kms",1st Owner,2018,17.0,Petrol,2018,Third Party insurance,6 Speed,Automatic,5 Seats,HYDERABAD
₹ 3.15 Lakh,Sedan,"54,000 Kms",1st Owner,2013,18.2,Petrol,2013,Third Party insurance,5 Speed,Manual,5 Seats,HYDERABAD
₹ 1.60 Lakh,Hatchback,"50,000 Kms",2nd Owner,2017,16.1,Petrol,1985,Third Party insurance,4 Speed,Manual,4 Seats,HYDERABAD
₹ 7.60 Lakh,Hatchback,"20,000 Kms",1st Owner,2020,21.01,Petrol,2020,Third Party insurance,5 Speed,Manual,5 Seats,HYDERABAD
₹ 3 Lakh,MUV,"1,00,000 Kms",2nd Owner,2011,13.7,Diesel,2011,Third Party insurance,5 Speed,Manual,7 Seats,HYDERABAD
₹ 8.25 Lakh,Sedan,"40,000 Kms",2nd Owner,2017,17.8,Petrol,2017,Third Party insurance,5 Speed,Manual,5 Seats,HYDERABAD
₹ 7.41 Lakh,Sedan,"49,260 Kms",1st Owner,2017,28.4,Diesel,2017,Third Party,5 Speed,Automatic,5 Seats,HYDERABAD
₹ 3.65 Lakh,Hatchback,"73,069 Kms",1st Owner,2015,25.24,Petrol,2015,Third Party insurance,5-Speed,Manual,5 Seats,HYDERABAD
₹ 4.10 Lakh,Hatchback,"80,000 Kms",1st Owner,2013,18.6,Petrol,2013,Third Party insurance,5 Speed,Manual,5 Seats,HYDERABAD
₹ 4.75 Lakh,Sedan,"78,850 Kms",1st Owner,2014,22.41,Petrol,2014,Third Party insurance,5 Speed,Manual,5 Seats,HYDERABAD
₹ 5.61 Lakh,Hatchback,"89,224 Kms",2nd Owner,2016,18.6,Petrol,2016,Third Party insurance,5 Speed,Manual,5 Seats,HYDERABAD
₹ 12 Lakh,MUV,"90,000 Kms",2nd Owner,2017,17.6,Diesel,2017,Third Party insurance,6 Speed,Automatic,7 Seats,HYDERABAD
₹ 4.11 Lakh,Hatchback,"59,084 Kms",2nd Owner,2017,20.51,Petrol,2017,Comprehensive,5 Speed,Manual,5 Seats,HYDERABAD
₹ 4.60 Lakh,Hatchback,"70,000 Kms",1st Owner,2016,20.51,Petrol,2016,Third Party insurance,5 Speed,Automatic,5 Seats,HYDERABAD
₹ 3.09 Lakh,Hatchback,"59,730 Kms",2nd Owner,2013,18.9,Petrol,2013,Third Party insurance,5 Speed,Manual,5 Seats,HYDERABAD
₹ 5.94 Lakh,Sedan,"50,933 Kms",1st Owner,2015,17.4,Petrol,2015,Third Party,5 Speed ,Manual,5 Seats,HYDERABAD
₹ 18 Lakh,Hatchback,"40,000 Kms",2nd Owner,2016,16.8,Diesel,2016,Third Party insurance,6 Speed,Automatic,5 Seats,HYDERABAD
₹ 5.16 Lakh,Sedan,"94,426 Kms",1st Owner,2016,22.41,Petrol,2016,Comprehensive,5 Speed,Manual,5 Seats,HYDERABAD
₹ 13 Lakh,MUV,"50,000 Kms",2nd Owner,2019,17.6,Diesel,2019,Third Party insurance,6 Speed,Manual,7 Seats,HYDERABAD
₹ 6.80 Lakh,SUV,"1,20,000 Kms",2nd Owner,2013,15.1,Diesel,2013,Third Party insurance,6 Speed ,Manual,7 Seats,HYDERABAD
₹ 7.60 Lakh,Hatchback,"80,000 Kms",1st Owner,2017,17.21,Petrol,2017,Third Party insurance,7 Speed,Automatic,5 Seats,HYDERABAD
₹ 4.99 Lakh,Sedan,"75,000 Kms",1st Owner,2012,20.5,Diesel,2012,Third Party insurance,5-speed,Manual,5 Seats,HYDERABAD
₹ 13 Lakh,SUV,"78,500 Kms",1st Owner,2018,16.0,Diesel,2018,Third Party insurance,6 Speed,Manual,7 Seats,HYDERABAD
₹ 4.50 Lakh,Hatchback,"56,000 Kms",1st Owner,2013,23.2,Diesel,2013,Third Party insurance,5 Speed,Manual,5 Seats,HYDERABAD
₹ 2.95 Lakh,Hatchback,"1,00,000 Kms",1st Owner,2014,20.3,Diesel,2014,Third Party insurance,5-Speed,Manual,5 Seats,HYDERABAD
₹ 6.67 Lakh,Hatchback,"32,289 Kms",2nd Owner,2017,18.6,Petrol,2017,Third Party insurance,4 Speed,Automatic,5 Seats,HYDERABAD
₹ 7.90 Lakh,SUV,"1,06,467 Kms",1st Owner,2018,17.0,Petrol,2018,Comprehensive,6 Speed,Automatic,5 Seats,HYDERABAD
₹ 4.80 Lakh,Hatchback,"75,000 Kms",1st Owner,2014,22.9,Diesel,2014,Third Party insurance,5 Speed,Manual,5 Seats,HYDERABAD
₹ 4.64 Lakh,Sedan,"1,09,832 Kms",2nd Owner,2014,17.4,Petrol,2014,Comprehensive,5 Speed ,Manual,5 Seats,HYDERABAD
₹ 12.28 Lakh,Sedan,"44,123 Kms",1st Owner,2018,14.62,Petrol,2018,Third Party insurance,6 Speed,Automatic,5 Seats,HYDERABAD
₹ 3.90 Lakh,Sedan,"1,00,000 Kms",2nd Owner,2014,18.0,Petrol,2014,Third Party insurance,5 Speed,Manual,5 Seats,HYDERABAD
₹ 8.01 Lakh,SUV,"1,21,129 Kms",2nd Owner,2017,24.3,Diesel,2017,Third Party insurance,5 Speed,Manual,5 Seats,HYDERABAD
₹ 5.60 Lakh,Hatchback,"40,000 Kms",2nd Owner,2020,20.89,Petrol,2020,Third Party insurance,5 Speed,Manual,5 Seats,HYDERABAD
₹ 4.20 Lakh,SUV,"72,607 Kms",1st Owner,2016,25.32,Diesel,2016,Third Party,5 Speed,Manual,5 Seats,HYDERABAD
₹ 4.72 Lakh,Hatchback,"28,467 Kms",2nd Owner,2016,18.9,Petrol,2016,Third Party insurance,5 Speed,Manual,5 Seats,HYDERABAD
₹ 7.50 Lakh,Sedan,"60,000 Kms",1st Owner,2017,15.41,Petrol,2017,Third Party insurance,5 Speed,Manual,5 Seats,HYDERABAD
₹ 10.98 Lakh,SUV,"1,22,474 Kms",1st Owner,2017,19.67,Diesel,2017,Comprehensive,6 Speed,Manual,5 Seats,HYDERABAD
₹ 6.50 Lakh,Hatchback,"37,665 Kms",1st Owner,2017,21.4,Petrol,2017,Not Available,CVT,Automatic,5 Seats,HYDERABAD
₹ 45.50 Lakh,SUV,"1,52,000 Kms",1st Owner,2017,17.2,Diesel,2017,Third Party insurance,8 Speed,Automatic,7 Seats,HYDERABAD
₹ 3.20 Lakh,Hatchback,"50,000 Kms",2nd Owner,2014,20.51,Petrol,2014,Third Party insurance,5 Speed,Manual,5 Seats,HYDERABAD
₹ 6.80 Lakh,Sedan,"1,10,000 Kms",1st Owner,2018,25.8,Diesel,2018,Third Party insurance,5 Speed,Manual,5 Seats,HYDERABAD
₹ 6 Lakh,SUV,"1,20,000 Kms",3rd Owner,2012,15.1,Diesel,2012,Third Party insurance,6 Speed ,Manual,7 Seats,HYDERABAD
₹ 26.99 Lakh,Sedan,"45,000 Kms",1st Owner,2016,18.53,Diesel,2016,Third Party insurance,7 Speed,Automatic,5 Seats,HYDERABAD
₹ 4.99 Lakh,Hatchback,"85,000 Kms",1st Owner,2016,24.0,Diesel,2016,Third Party insurance,5 Speed,Manual,5 Seats,HYDERABAD
₹ 12.50 Lakh,Sedan,"61,000 Kms",1st Owner,2021,17.4,Petrol,2021,Third Party insurance,CVT,Automatic,5 Seats,HYDERABAD
₹ 4.09 Lakh,Hatchback,"94,540 Kms",1st Owner,2014,22.38,Petrol,2014,Third Party insurance,5-Speed,Manual,5 Seats,HYDERABAD
₹ 9.91 Lakh,SUV,"96,620 Kms",1st Owner,2018,13.0,Petrol,2018,Comprehensive,6 Speed,Manual,5 Seats,HYDERABAD
₹ 7.50 Lakh,MUV,"90,000 Kms",3rd Owner,2013,12.99,Diesel,2013,Third Party insurance,5 Speed,Manual,8 Seats,HYDERABAD
₹ 4.96 Lakh,Hatchback,"1,04,436 Kms",2nd Owner,2016,18.9,Petrol,2016,Third Party insurance,4 Speed,Automatic,5 Seats,HYDERABAD
₹ 2.98 Lakh,Hatchback,"28,545 Kms",1st Owner,2017,22.7,Petrol,2017,Third Party insurance,5-Speed,Manual,5 Seats,HYDERABAD
₹ 7.20 Lakh,Hatchback,"66,500 Kms",1st Owner,2019,18.78,Petrol,2019,Third Party insurance,5 Speed,Manual,5 Seats,HYDERABAD
₹ 5.83 Lakh,Hatchback,"80,133 Kms",1st Owner,2017,18.6,Petrol,2017,Third Party insurance,5 Speed,Manual,5 Seats,HYDERABAD
₹ 11.25 Lakh,Sedan,"1,06,000 Kms",1st Owner,2011,14.84,Diesel,2011,Third Party insurance,7 Speed,Automatic,5 Seats,HYDERABAD
₹ 9.82 Lakh,SUV,"26,852 Kms",1st Owner,2020,18.55,Petrol,2020,Third Party,5 Speed,Manual,5 Seats,HYDERABAD
₹ 4.58 Lakh,Hatchback,"59,990 Kms",1st Owner,2015,22.38,Petrol,2015,Third Party insurance,5-Speed,Manual,5 Seats,HYDERABAD
₹ 9.50 Lakh,SUV,"1,10,000 Kms",2nd Owner,2015,16.0,Diesel,2015,Third Party insurance,6 Speed,Manual,7 Seats,HYDERABAD
₹ 8.53 Lakh,Sedan,"75,135 Kms",1st Owner,2018,25.6,Diesel,2018,Third Party,6 Speed,Manual,5 Seats,HYDERABAD
₹ 6 Lakh,Hatchback,"50,000 Kms",2nd Owner,2019,18.9,Petrol,2019,Third Party insurance,5 Speed,Manual,5 Seats,HYDERABAD
₹ 3.90 Lakh,Sedan,"73,000 Kms",1st Owner,2010,13.5,Petrol,2010,Third Party insurance,5 Speed,Manual,5 Seats,HYDERABAD
₹ 6.20 Lakh,Hatchback,"70,000 Kms",2nd Owner,2018,21.4,Petrol,2018,Third Party insurance,5 Speed,Manual,5 Seats,HYDERABAD
₹ 4 Lakh,SUV,"1,20,000 Kms",1st Owner,2006,12.7,Diesel,2006,Third Party insurance,5 Speed,Manual,8 Seats,HYDERABAD
₹ 22 Lakh,SUV,"20,000 Kms",1st Owner,2021,16.14,Diesel,2021,Third Party insurance,6-Speed,Manual,7 Seats,HYDERABAD
₹ 7.50 Lakh,MUV,"1,20,000 Kms",1st Owner,2012,12.99,Diesel,2012,Third Party insurance,5 Speed,Manual,7 Seats,HYDERABAD
₹ 9.75 Lakh,MUV,"1,20,000 Kms",2nd Owner,2013,12.99,Diesel,2013,Third Party insurance,5 Speed,Manual,7 Seats,HYDERABAD
₹ 4.47 Lakh,Hatchback,"50,824 Kms",1st Owner,2013,22.38,Petrol,2013,Third Party,5-Speed,Manual,5 Seats,HYDERABAD
₹ 4.10 Lakh,Hatchback,"85,507 Kms",2nd Owner,2013,22.9,Diesel,2013,Third Party insurance,5 Speed,Manual,5 Seats,HYDERABAD
₹ 3.30 Lakh,Sedan,"70,000 Kms",1st Owner,2010,16.8,Diesel,2010,Third Party insurance,5 Speed,Manual,5 Seats,HYDERABAD
₹ 3.72 Lakh,Hatchback,"75,773 Kms",2nd Owner,2014,18.5,Petrol,2014,Comprehensive,5 Speed,Manual,5 Seats,HYDERABAD
₹ 4.70 Lakh,Hatchback,"62,000 Kms",1st Owner,2016,24.0,Diesel,2016,Third Party insurance,5 Speed,Manual,5 Seats,HYDERABAD
₹ 2.97 Lakh,Hatchback,"47,004 Kms",1st Owner,2012,20.36,Petrol,2012,Third Party,5 Speed,Manual,5 Seats,HYDERABAD
₹ 4.20 Lakh,Hatchback,"1,10,000 Kms",2nd Owner,2014,20.14,Diesel,2014,Third Party insurance,5 Speed,Manual,5 Seats,HYDERABAD
₹ 4.06 Lakh,Hatchback,"97,085 Kms",2nd Owner,2013,22.9,Diesel,2013,Comprehensive,5 Speed,Manual,5 Seats,HYDERABAD
₹ 5.61 Lakh,Sedan,"87,449 Kms",3rd Owner,2014,22.32,Diesel,2014,Third Party insurance,6 Speed ,Manual,5 Seats,HYDERABAD
₹ 3.50 Lakh,Hatchback,"1,00,000 Kms",1st Owner,2016,23.2,Diesel,2016,Third Party insurance,5 Speed,Manual,5 Seats,HYDERABAD
₹ 1.93 Lakh,Hatchback,"53,338 Kms",2nd Owner,2012,19.7,Petrol,2012,Third Party insurance,5 Speed,Manual,5 Seats,HYDERABAD
₹ 4 Lakh,Sedan,"1,20,000 Kms",2nd Owner,2011,17.0,Petrol,2011,Third Party insurance,5 Speed,Manual,5 Seats,HYDERABAD
₹ 7.65 Lakh,Hatchback,"78,000 Kms",1st Owner,2019,22.54,Diesel,2019,Third Party insurance,6 Speed,Manual,5 Seats,HYDERABAD
₹ 19.99 Lakh,MUV,"1,12,000 Kms",1st Owner,2017,13.68,Diesel,2017,Third Party insurance,5 Speed,Manual,7 Seats,HYDERABAD
₹ 8.50 Lakh,SUV,"10,000 Kms",1st Owner,2022,18.75,Petrol,2022,Third Party insurance,5 Speed,Manual,5 Seats,HYDERABAD
₹ 10 Lakh,SUV,"20,000 Kms",1st Owner,2022,17.03,Petrol,2022,Third Party insurance,5 Speed,Manual,5 Seats,HYDERABAD
₹ 5.56 Lakh,SUV,"89,000 Kms",2nd Owner,2012,15.1,Diesel,2012,Third Party insurance,6 Speed ,Manual,7 Seats,HYDERABAD
₹ 1 Lakh,Hatchback,"1,00,000 Kms",2nd Owner,2008,19.7,Petrol,2008,Third Party insurance,5 Speed,Manual,5 Seats,HYDERABAD
₹ 10.50 Lakh,MUV,"20,000 Kms",1st Owner,2021,19.01,Petrol,2021,Third Party insurance,5 Speed,Manual,7 Seats,HYDERABAD
₹ 9.09 Lakh,SUV,"13,918 Kms",1st Owner,2022,20.0,Petrol,2022,Third Party insurance,5 Speed,Manual,5 Seats,HYDERABAD
₹ 7.34 Lakh,SUV,"28,839 Kms",1st Owner,2020,18.75,Petrol,2020,Third Party,5 Speed,Manual,5 Seats,HYDERABAD
₹ 4.50 Lakh,Hatchback,"30,000 Kms",1st Owner,2017,23.1,Petrol,2017,Third Party insurance,5 Speed ,Automatic,5 Seats,HYDERABAD
₹ 3.56 Lakh,Hatchback,"16,097 Kms",1st Owner,2018,23.0,Petrol,2018,Comprehensive,5-Speed,Automatic,5 Seats,HYDERABAD
₹ 8.35 Lakh,Hatchback,"23,683 Kms",1st Owner,2021,16.47,Petrol,2021,Third Party,6 Speed,Automatic,5 Seats,HYDERABAD
₹ 31 Lakh,MUV,"10,000 Kms",1st Owner,2023,18.9,Diesel,2023,Third Party insurance,5-Speed,Manual,7 Seats,HYDERABAD
₹ 2.33 Lakh,Hatchback,"48,471 Kms",2nd Owner,2013,24.39,Petrol,2013,Third Party insurance,5 Speed,Manual,5 Seats,HYDERABAD
₹ 2.21 Lakh,Hatchback,"62,437 Kms",2nd Owner,2013,24.39,Petrol,2013,Third Party insurance,5 Speed,Manual,5 Seats,HYDERABAD
₹ 5.49 Lakh,Sedan,"45,000 Kms",1st Owner,2018,20.3,Petrol,2018,Third Party insurance,5 Speed,Automatic,5 Seats,HYDERABAD
₹ 8.81 Lakh,Sedan,"15,992 Kms",1st Owner,2022,20.65,Petrol,2022,Third Party insurance,5 Speed,Manual,5 Seats,HYDERABAD
₹ 3.25 Lakh,Hatchback,"34,000 Kms",1st Owner,2018,24.7,Petrol,2018,Third Party insurance,5 Speed,Manual,5 Seats,HYDERABAD
₹ 2.50 Lakh,Hatchback,"45,000 Kms",1st Owner,2008,20.36,Petrol,2008,Third Party insurance,5 Speed,Manual,5 Seats,HYDERABAD
₹ 8.10 Lakh,MUV,"90,000 Kms",1st Owner,2016,24.2,Diesel,2016,Third Party insurance,6 Speed,Manual,7 Seats,HYDERABAD
₹ 12 Lakh,SUV,"40,000 Kms",1st Owner,2018,21.5,Diesel,2018,Third Party insurance,6 Speed,Automatic,5 Seats,HYDERABAD
₹ 6.50 Lakh,Hatchback,"22,907 Kms",1st Owner,2022,22.38,Petrol,2022,Comprehensive,5-Speed,Manual,5 Seats,HYDERABAD
₹ 3.15 Lakh,Hatchback,"79,000 Kms",1st Owner,2012,33.54,CNG,2012,Third Party insurance,5 Speed,Manual,5 Seats,HYDERABAD
₹ 3.40 Lakh,Sedan,"90,000 Kms",2nd Owner,2016,24.4,Diesel,2016,Third Party insurance,5 Speed ,Manual,5 Seats,HYDERABAD
₹ 3.33 Lakh,Hatchback,"16,903 Kms",2nd Owner,2019,24.7,Petrol,2019,Third Party insurance,5 Speed,Manual,5 Seats,HYDERABAD
₹ 5.68 Lakh,Hatchback,"36,874 Kms",1st Owner,2018,19.15,Petrol,2018,Third Party insurance,CVT,Automatic,5 Seats,HYDERABAD
₹ 6.50 Lakh,Sedan,"60,000 Kms",1st Owner,2017,19.12,Petrol,2017,Third Party insurance,4 Speed,Automatic,5 Seats,HYDERABAD
₹ 3.29 Lakh,Hatchback,"29,994 Kms",2nd Owner,2012,18.9,Petrol,2012,Third Party,5 Speed,Manual,5 Seats,HYDERABAD
₹ 8.06 Lakh,Hatchback,"26,416 Kms",2nd Owner,2019,17.4,Petrol,2019,Third Party insurance,5 Speed,Automatic,5 Seats,HYDERABAD
₹ 7.75 Lakh,Sedan,"70,000 Kms",2nd Owner,2018,21.13,Diesel,2018,Third Party insurance,5 Speed,Manual,5 Seats,HYDERABAD
₹ 6.55 Lakh,SUV,"27,581 Kms",2nd Owner,2018,17.5,Petrol,2018,Third Party insurance,5 Speed,Manual,5 Seats,HYDERABAD
₹ 32.50 Lakh,SUV,"80,000 Kms",1st Owner,2018,12.9,Diesel,2018,Third Party insurance,6 Speed,Automatic,7 Seats,HYDERABAD
₹ 6.72 Lakh,Sedan,"88,126 Kms",1st Owner,2020,21.21,Petrol,2020,Third Party insurance,5 Speed,Manual,5 Seats,HYDERABAD
₹ 9.81 Lakh,SUV,"72,563 Kms",1st Owner,2019,18.15,Petrol,2019,Third Party insurance,7-Speed,Automatic,5 Seats,HYDERABAD
₹ 2.20 Lakh,Hatchback,"90,000 Kms",2nd Owner,2013,21.1,LPG,2013,Third Party insurance,5 Speed,Manual,5 Seats,HYDERABAD
₹ 8.04 Lakh,SUV,"88,060 Kms",1st Owner,2016,13.0,Petrol,2016,Third Party insurance,6 Speed,Manual,5 Seats,HYDERABAD
₹ 8 Lakh,Hatchback,"20,000 Kms",1st Owner,2022,22.38,Petrol,2022,Third Party insurance,5-Speed,Manual,5 Seats,HYDERABAD
₹ 9.50 Lakh,MUV,"1,19,000 Kms",2nd Owner,2015,12.99,Diesel,2015,Comprehensive,5 Speed,Manual,7 Seats,HYDERABAD
₹ 6 Lakh,Hatchback,"60,000 Kms",1st Owner,2017,18.6,Petrol,2017,Third Party insurance,5 Speed,Manual,5 Seats,HYDERABAD
₹ 35.95 Lakh,SUV,"45,000 Kms",1st Owner,2020,12.4,Diesel,2020,Third Party,10 Speed,Automatic,7 Seats,HYDERABAD
₹ 26.50 Lakh,MUV,"80,000 Kms",2nd Owner,2021,14.11,Diesel,2021,Third Party insurance,8 Speed,Automatic,7 Seats,HYDERABAD
₹ 14.75 Lakh,SUV,"95,315 Kms",1st Owner,2020,20.5,Diesel,2020,Third Party insurance,6 Speed,Manual,5 Seats,HYDERABAD
₹ 2.63 Lakh,Hatchback,"1,00,000 Kms",2nd Owner,2013,20.51,Petrol,2013,Third Party insurance,5 Speed,Manual,5 Seats,HYDERABAD
₹ 2.45 Lakh,Hatchback,"31,000 Kms",1st Owner,2010,17.92,Petrol,2010,Third Party insurance,5 Speed,Manual,5 Seats,HYDERABAD
₹ 7.77 Lakh,SUV,"1,09,271 Kms",1st Owner,2019,24.3,Diesel,2019,Comprehensive,5 Speed,Manual,5 Seats,HYDERABAD
₹ 5.07 Lakh,Hatchback,"47,844 Kms",2nd Owner,2019,20.89,Petrol,2019,Zero Dep,5 Speed,Automatic,5 Seats,HYDERABAD
₹ 10.50 Lakh,MUV,"80,000 Kms",2nd Owner,2021,19.01,Petrol,2021,Third Party insurance,5-Speed,Manual,6 Seats,HYDERABAD
₹ 2.97 Lakh,Hatchback,"62,438 Kms",1st Owner,2013,18.9,Petrol,2013,Third Party,5 Speed,Manual,5 Seats,HYDERABAD
₹ 4.11 Lakh,Hatchback,"89,318 Kms",3rd Owner,2013,18.5,Petrol,2013,Third Party insurance,5 Speed,Manual,5 Seats,HYDERABAD
₹ 26 Lakh,MUV,"90,000 Kms",2nd Owner,2021,14.11,Diesel,2021,Third Party insurance,8 Speed,Automatic,7 Seats,HYDERABAD
₹ 5.29 Lakh,Hatchback,"29,200 Kms",2nd Owner,2019,20.3,Petrol,2019,Zero Dep,5 Speed,Automatic,5 Seats,HYDERABAD
₹ 19.50 Lakh,SUV,"40,000 Kms",1st Owner,2020,13.96,Petrol,2020,Third Party insurance,6 Speed,Automatic,5 Seats,HYDERABAD
₹ 9.16 Lakh,Sedan,"96,940 Kms",1st Owner,2019,18.4,Petrol,2019,Third Party insurance,CVT,Automatic,5 Seats,HYDERABAD
₹ 8.42 Lakh,Sedan,"65,850 Kms",1st Owner,2018,17.0,Petrol,2018,Comprehensive,6 Speed,Manual,5 Seats,HYDERABAD
₹ 2.90 Lakh,Hatchback,"90,000 Kms",1st Owner,2011,20.36,Petrol,2011,Third Party insurance,5 Speed,Manual,5 Seats,HYDERABAD
₹ 5.25 Lakh,Hatchback,"38,264 Kms",1st Owner,2019,20.3,Petrol,2019,Third Party,5 Speed,Automatic,5 Seats,HYDERABAD
₹ 8.95 Lakh,SUV,"47,000 Kms",1st Owner,2018,14.99,Petrol,2018,Third Party insurance,5 speed,Automatic,5 Seats,HYDERABAD
₹ 36 Lakh,SUV,"77,027 Kms",1st Owner,2019,12.9,Diesel,2019,Third Party insurance,6 Speed,Automatic,7 Seats,HYDERABAD
₹ 3.85 Lakh,Sedan,"78,000 Kms",1st Owner,2009,16.8,Petrol,2009,Third Party insurance,5 Speed,Manual,5 Seats,HYDERABAD
₹ 10 Lakh,SUV,"70,000 Kms",2nd Owner,2019,20.0,Diesel,2019,Third Party insurance,6 Speed,Manual,5 Seats,HYDERABAD
₹ 3 Lakh,Sedan,"1,12,000 Kms",1st Owner,2008,12.8,Petrol,2008,Third Party insurance,5 Speed,Manual,5 Seats,HYDERABAD
₹ 5.15 Lakh,Sedan,"1,38,000 Kms",1st Owner,2013,22.32,Diesel,2013,Third Party insurance,6 Speed ,Manual,5 Seats,HYDERABAD
₹ 2.99 Lakh,Hatchback,"51,000 Kms",1st Owner,2010,20.0,Diesel,2010,Third Party insurance,5 Speed,Manual,5 Seats,HYDERABAD
₹ 2.68 Lakh,Hatchback,"83,462 Kms",2nd Owner,2010,20.36,Petrol,2010,Third Party insurance,5 Speed,Manual,5 Seats,HYDERABAD
₹ 4.83 Lakh,Hatchback,"26,494 Kms",1st Owner,2021,21.74,Petrol,2021,Third Party,5 Speed,Manual,5 Seats,HYDERABAD
₹ 12.99 Lakh,SUV,"82,000 Kms",1st Owner,2011,17.05,Diesel,2011,Third Party insurance,8-Speed ,Automatic,5 Seats,HYDERABAD
₹ 6.18 Lakh,Hatchback,"68,101 Kms",1st Owner,2018,21.4,Petrol,2018,Comprehensive,5 Speed,Manual,5 Seats,HYDERABAD
₹ 6.91 Lakh,Hatchback,"99,105 Kms",2nd Owner,2018,28.4,Diesel,2018,Comprehensive,5,Automatic,5 Seats,HYDERABAD
₹ 10 Lakh,SUV,"90,000 Kms",1st Owner,2016,19.67,Diesel,2016,Third Party insurance,6 Speed,Manual,5 Seats,HYDERABAD
₹ 6.53 Lakh,Sedan,"70,424 Kms",2nd Owner,2017,19.12,Petrol,2017,Comprehensive,4 Speed,Automatic,5 Seats,HYDERABAD
₹ 9.90 Lakh,SUV,"98,000 Kms",1st Owner,2018,24.3,Diesel,2018,Third Party insurance,5 Speed,Automatic,5 Seats,HYDERABAD
₹ 5.37 Lakh,Sedan,"79,189 Kms",2nd Owner,2014,25.1,Diesel,2014,Third Party insurance,6 Speed ,Manual,5 Seats,HYDERABAD
₹ 2.53 Lakh,Hatchback,"1,15,218 Kms",1st Owner,2011,18.9,Petrol,2011,Comprehensive,5 Speed,Manual,5 Seats,HYDERABAD
₹ 3.99 Lakh,Sedan,"1,20,000 Kms",1st Owner,2012,17.01,Petrol,2012,Third Party insurance,5 Speed,Manual,5 Seats,HYDERABAD
₹ 4.71 Lakh,Hatchback,"1,19,106 Kms",2nd Owner,2015,22.38,Petrol,2015,Third Party insurance,5-Speed,Manual,5 Seats,HYDERABAD
₹ 3.40 Lakh,Sedan,"60,000 Kms",2nd Owner,2011,17.0,Petrol,2011,Third Party insurance,5 Speed,Manual,5 Seats,HYDERABAD
₹ 6.59 Lakh,Hatchback,"60,000 Kms",1st Owner,2017,28.4,Diesel,2017,Third Party insurance,5,Manual,5 Seats,HYDERABAD
₹ 3.70 Lakh,Hatchback,"80,000 Kms",1st Owner,2019,22.05,Petrol,2019,Third Party insurance,5 Speed,Manual,5 Seats,HYDERABAD
₹ 4 Lakh,Hatchback,"1,43,000 Kms",2nd Owner,2012,22.9,Diesel,2012,Third Party insurance,5 Speed,Manual,5 Seats,HYDERABAD
₹ 7 Lakh,Hatchback,"50,000 Kms",1st Owner,2018,25.2,Diesel,2018,Third Party insurance,5 Speed,Manual,5 Seats,HYDERABAD
₹ 7.50 Lakh,Sedan,"1,05,000 Kms",1st Owner,2011,14.3,Diesel,2011,Third Party insurance,6 Speed,Automatic,5 Seats,HYDERABAD
₹ 20 Lakh,MUV,"1,10,000 Kms",1st Owner,2016,11.36,Diesel,2016,Third Party insurance,6 Speed,Automatic,7 Seats,HYDERABAD
₹ 3.60 Lakh,Sedan,"80,000 Kms",1st Owner,2011,17.0,Petrol,2011,Third Party insurance,5 Speed,Manual,5 Seats,HYDERABAD
₹ 3.68 Lakh,Hatchback,"1,21,617 Kms",2nd Owner,2013,22.38,Petrol,2013,Third Party,5-Speed,Manual,5 Seats,HYDERABAD
₹ 5.56 Lakh,Sedan,"83,825 Kms",2nd Owner,2015,15.04,Petrol,2015,Comprehensive,5 Speed,Manual,5 Seats,HYDERABAD
₹ 4.26 Lakh,Hatchback,"92,299 Kms",1st Owner,2014,18.6,Petrol,2014,Not Available,5 Speed,Manual,5 Seats,HYDERABAD
₹ 9.61 Lakh,SUV,"50,643 Kms",2nd Owner,2018,24.3,Diesel,2018,Zero Dep,5 Speed,Automatic,5 Seats,HYDERABAD
₹ 7.93 Lakh,SUV,"1,10,243 Kms",2nd Owner,2018,18.49,Diesel,2018,Zero Dep,5 Speed,Manual,7 Seats,HYDERABAD
₹ 9.90 Lakh,Sedan,"92,721 Kms",1st Owner,2012,14.84,Diesel,2012,Third Party insurance,7 Speed,Automatic,5 Seats,HYDERABAD
₹ 9.51 Lakh,SUV,"93,104 Kms",1st Owner,2016,13.0,Petrol,2016,Comprehensive,6 Speed,Automatic,5 Seats,HYDERABAD
₹ 3 Lakh,Sedan,"83,858 Kms",3rd Owner,2008,14.53,Petrol,2008,Not Available,6 Speed ,Manual,5 Seats,HYDERABAD
₹ 5.67 Lakh,MUV,"48,869 Kms",1st Owner,2021,19.02,Petrol,2021,Third Party,5 Speed,Manual,7 Seats,HYDERABAD
₹ 2.98 Lakh,Hatchback,"86,555 Kms",1st Owner,2017,24.39,Petrol,2017,Comprehensive,5 Speed,Manual,5 Seats,HYDERABAD
₹ 3.50 Lakh,Sedan,"60,000 Kms",2nd Owner,2011,15.04,Petrol,2011,Third Party insurance,5 Speed,Manual,5 Seats,HYDERABAD
₹ 6.74 Lakh,MUV,"39,316 Kms",1st Owner,2022,20.0,Petrol,2022,Zero Dep,5 Speed,Manual,7 Seats,HYDERABAD
₹ 4.50 Lakh,SUV,"1,10,000 Kms",2nd Owner,2014,20.45,Diesel,2014,Third Party insurance,5 speed,Manual,5 Seats,HYDERABAD
₹ 2.70 Lakh,Hatchback,"1,00,000 Kms",2nd Owner,2016,22.95,Diesel,2016,Third Party insurance,5 Speed,Manual,5 Seats,HYDERABAD
₹ 10 Lakh,SUV,"60,000 Kms",1st Owner,2020,18.27,Petrol,2020,Third Party insurance,6-Speed,Manual,5 Seats,HYDERABAD
₹ 10.50 Lakh,SUV,"1,00,000 Kms",1st Owner,2016,16.0,Diesel,2016,Third Party insurance,6 Speed,Manual,7 Seats,HYDERABAD
₹ 4.50 Lakh,Sedan,"1,10,000 Kms",2nd Owner,2012,20.0,Diesel,2012,Third Party insurance,5 Speed,Manual,5 Seats,HYDERABAD
₹ 17.25 Lakh,SUV,"1,35,000 Kms",1st Owner,2011,18.9,Diesel,2011,Third Party insurance,7 Speed,Automatic,5 Seats,HYDERABAD
₹ 11.75 Lakh,SUV,"19,500 Kms",1st Owner,2022,18.76,Petrol,2022,Comprehensive,4 Speed,Automatic,5 Seats,HYDERABAD
₹ 9.40 Lakh,Sedan,"22,127 Kms",1st Owner,2021,18.3,Petrol,2021,Comprehensive,CVT,Automatic,5 Seats,HYDERABAD
₹ 2.51 Lakh,Hatchback,"78,010 Kms",2nd Owner,2015,22.05,Petrol,2015,Comprehensive,5 Speed,Manual,5 Seats,HYDERABAD
₹ 9.88 Lakh,SUV,"14,087 Kms",1st Owner,2021,15.9,Petrol,2021,Third Party,5 Speed,Manual,5 Seats,HYDERABAD
₹ 26.75 Lakh,SUV,"30,000 Kms",1st Owner,2022,18.9,Electric,2022,Third Party insurance,5 Speed,Automatic,5 Seats,HYDERABAD
₹ 11.57 Lakh,SUV,"55,253 Kms",1st Owner,2022,21.19,Diesel,2022,Comprehensive,6-Speed,Manual,5 Seats,HYDERABAD
₹ 15.98 Lakh,SUV,"63,008 Kms",1st Owner,2020,16.5,Petrol,2020,Zero Dep,7-Speed DCT,Automatic,5 Seats,HYDERABAD
₹ 26.75 Lakh,SUV,"22,000 Kms",1st Owner,2022,18.9,Electric,2022,Third Party insurance,5 Speed,Automatic,5 Seats,HYDERABAD
₹ 2.66 Lakh,Hatchback,"73,944 Kms",1st Owner,2015,22.05,Petrol,2015,Third Party insurance,5 Speed,Manual,5 Seats,HYDERABAD
₹ 32.75 Lakh,Sedan,"37,000 Kms",1st Owner,2021,15.1,Petrol,2021,Third Party insurance,7-Speed DSG,Automatic,5 Seats,HYDERABAD
₹ 2.79 Lakh,Hatchback,"52,052 Kms",2nd Owner,2017,22.05,Petrol,2017,Third Party,5 Speed,Manual,5 Seats,HYDERABAD
₹ 4.65 Lakh,Hatchback,"42,399 Kms",2nd Owner,2018,18.9,Petrol,2018,Third Party insurance,5 Speed,Manual,5 Seats,HYDERABAD
₹ 2.10 Lakh,Sedan,"50,000 Kms",1st Owner,2015,26.59,Diesel,2015,Third Party insurance,5 Speed,Manual,5 Seats,HYDERABAD
₹ 5.49 Lakh,Hatchback,"64,584 Kms",1st Owner,2020,32.52,CNG,2020,Zero Dep,5 Speed,Manual,5 Seats,HYDERABAD
₹ 3.45 Lakh,Minivans,"44,000 Kms",1st Owner,2014,15.37,Petrol,2014,Third Party insurance,5 Speed,Manual,5 Seats,HYDERABAD
₹ 3 Lakh,Hatchback,"1,01,434 Kms",1st Owner,2017,23.01,Petrol,2017,Not Available,5 Speed,Automatic,5 Seats,HYDERABAD
₹ 4.75 Lakh,Sedan,"75,000 Kms",2nd Owner,2017,21.66,Diesel,2017,Third Party insurance,5 Speed,Manual,5 Seats,HYDERABAD
₹ 4.45 Lakh,Sedan,"75,000 Kms",1st Owner,2012,22.32,Diesel,2012,Comprehensive,6 Speed ,Manual,5 Seats,HYDERABAD
₹ 1.65 Lakh,Sedan,"96,402 Kms",1st Owner,2010,17.0,Petrol,2010,Not Available,5 Speed,Manual,5 Seats,HYDERABAD
₹ 14.91 Lakh,SUV,"20,225 Kms",1st Owner,2021,18.9,Petrol,2021,Not Available,6-speed CVT,Automatic,6 Seats,HYDERABAD
₹ 2.90 Lakh,Hatchback,"55,000 Kms",1st Owner,2016,19.81,Petrol,2016,Third Party insurance,5 Speed,Manual,5 Seats,HYDERABAD
₹ 8.60 Lakh,SUV,"44,641 Kms",1st Owner,2021,17.33,Petrol,2021,Comprehensive,6 Speed,Manual,5 Seats,HYDERABAD
₹ 2.41 Lakh,Hatchback,"83,958 Kms",1st Owner,2010,20.36,Petrol,2010,Third Party,5 Speed,Manual,5 Seats,HYDERABAD
₹ 1.21 Lakh,SUV,"1,24,406 Kms",3rd Owner,2006,10.5,Diesel,2006,Not Available,5 Speed,Manual,7 Seats,HYDERABAD
₹ 8.17 Lakh,SUV,"35,226 Kms",2nd Owner,2018,17.0,Petrol,2018,Comprehensive,6 Speed,Automatic,5 Seats,HYDERABAD
₹ 3.30 Lakh,Hatchback,"75,552 Kms",2nd Owner,2011,16.95,Petrol,2011,Third Party,4-Speed,Automatic,5 Seats,HYDERABAD
₹ 1.85 Lakh,Hatchback,"1,07,972 Kms",1st Owner,2010,20.36,Petrol,2010,Comprehensive,5 Speed,Manual,5 Seats,HYDERABAD
₹ 5.68 Lakh,Sedan,"46,451 Kms",1st Owner,2019,19.44,Petrol,2019,Third Party insurance,5 Speed,Manual,5 Seats,HYDERABAD
₹ 4.70 Lakh,Minivans,"28,220 Kms",1st Owner,2021,16.11,Petrol,2021,Not Available,5 Speed,Manual,5 Seats,HYDERABAD
₹ 4.57 Lakh,Hatchback,"77,415 Kms",1st Owner,2019,21.7,Petrol,2019,Comprehensive,AGS,Automatic,5 Seats,HYDERABAD
₹ 10.22 Lakh,SUV,"47,314 Kms",1st Owner,2020,18.15,Petrol,2020,Zero Dep,7-Speed,Automatic,5 Seats,HYDERABAD
₹ 3.12 Lakh,Hatchback,"50,000 Kms",1st Owner,2017,24.04,Petrol,2017,Third Party insurance,5 Speed,Automatic,5 Seats,HYDERABAD
₹ 1.17 Lakh,Hatchback,"1,20,000 Kms",2nd Owner,2012,19.4,Diesel,2012,Third Party insurance,5 Speed,Manual,5 Seats,HYDERABAD
₹ 8.70 Lakh,Sedan,"40,000 Kms",1st Owner,2018,21.13,Diesel,2018,Third Party insurance,5 Speed,Manual,5 Seats,HYDERABAD
₹ 2.85 Lakh,Hatchback,"80,000 Kms",2nd Owner,2013,19.4,Petrol,2013,Third Party insurance,5 Speed,Manual,5 Seats,HYDERABAD
₹ 28 Lakh,SUV,"1,20,000 Kms",1st Owner,2018,14.24,Diesel,2018,Third Party insurance,6 Speed,Manual,7 Seats,HYDERABAD
₹ 1 Lakh,Hatchback,"1,10,000 Kms",2nd Owner,2008,19.7,Petrol,2008,Third Party insurance,5 Speed,Manual,5 Seats,HYDERABAD
₹ 5.50 Lakh,Hatchback,"30,564 Kms",1st Owner,2019,20.52,Petrol,2019,Comprehensive,5 Speed,Automatic,5 Seats,HYDERABAD
₹ 1.85 Lakh,Hatchback,"90,000 Kms",2nd Owner,2011,20.0,Diesel,2011,Third Party insurance,5 Speed,Manual,5 Seats,HYDERABAD
₹ 4.31 Lakh,MUV,"62,674 Kms",3rd Owner,2019,19.83,Petrol,2019,Third Party insurance,5 Speed,Manual,7 Seats,HYDERABAD
₹ 6.31 Lakh,Hatchback,"61,710 Kms",1st Owner,2018,18.2,Petrol,2018,Third Party,5 Speed,Automatic,5 Seats,HYDERABAD
₹ 4.76 Lakh,Sedan,"95,000 Kms",1st Owner,2012,22.32,Diesel,2012,Third Party insurance,4 Speed ,Automatic,5 Seats,HYDERABAD
₹ 11.19 Lakh,SUV,"99,215 Kms",1st Owner,2017,17.01,Diesel,2017,Third Party insurance,6 Speed,Automatic,5 Seats,HYDERABAD
₹ 10.02 Lakh,SUV,"46,034 Kms",1st Owner,2019,21.5,Diesel,2019,Zero Dep,6 Speed,Automatic,5 Seats,HYDERABAD
₹ 6.85 Lakh,MUV,"20,000 Kms",1st Owner,2014,16.02,Petrol,2014,Third Party,5 Speed ,Manual,7 Seats,HYDERABAD
₹ 3.47 Lakh,Hatchback,"60,993 Kms",1st Owner,2013,19.4,Petrol,2013,Third Party insurance,5 Speed,Manual,5 Seats,HYDERABAD
₹ 6.50 Lakh,SUV,"90,000 Kms",2nd Owner,2015,16.0,Diesel,2015,Third Party insurance,6 Speed ,Manual,7 Seats,HYDERABAD
₹ 7.56 Lakh,Sedan,"71,821 Kms",1st Owner,2017,28.4,Diesel,2017,Third Party insurance,5 Speed,Manual,5 Seats,HYDERABAD
₹ 15.81 Lakh,SUV,"2,486 Kms",1st Owner,2021,15.81,Petrol,2021,Third Party,6 Speed,Manual,5 Seats,HYDERABAD
₹ 2.30 Lakh,Sedan,"60,000 Kms",3rd Owner,2006,12.9,Petrol,2006,Third Party insurance,5 Speed,Automatic,5 Seats,HYDERABAD
₹ 5.84 Lakh,Hatchback,"12,740 Kms",1st Owner,2020,20.7,Petrol,2020,Comprehensive,5-Speed,Manual,5 Seats,HYDERABAD
₹ 15 Lakh,SUV,"30,000 Kms",1st Owner,2022,18.9,Electric,2022,Third Party insurance,5 Speed,Automatic,5 Seats,HYDERABAD
₹ 4 Lakh,Hatchback,"79,079 Kms",2nd Owner,2018,24.0,Diesel,2018,Not Available,5 Speed,Manual,5 Seats,HYDERABAD
₹ 5.35 Lakh,Hatchback,"28,522 Kms",1st Owner,2022,19.33,Petrol,2022,Comprehensive,5-Speed,Manual,5 Seats,HYDERABAD
₹ 4.10 Lakh,Sedan,"67,200 Kms",1st Owner,2018,18.9,Electric,2018,Third Party insurance,Fully Automatic,Automatic,5 Seats,HYDERABAD
₹ 2.95 Lakh,Sedan,"50,000 Kms",1st Owner,2018,18.9,Electric,2018,Third Party insurance,Fully Automatic,Automatic,5 Seats,HYDERABAD
₹ 22 Lakh,Sedan,"46,000 Kms",1st Owner,2018,27.03,Diesel,2018,Third Party insurance,8 Speed,Automatic,5 Seats,HYDERABAD
₹ 21.20 Lakh,SUV,"20,000 Kms",1st Owner,2022,18.9,Diesel,2022,Third Party insurance,6-Speed,Manual,7 Seats,HYDERABAD
₹ 3.10 Lakh,SUV,"80,000 Kms",1st Owner,2016,25.32,Diesel,2016,Third Party insurance,5 Speed,Manual,5 Seats,HYDERABAD
₹ 3.37 Lakh,Hatchback,"29,011 Kms",1st Owner,2017,23.01,Petrol,2017,Third Party insurance,5 Speed,Manual,5 Seats,HYDERABAD
₹ 12.59 Lakh,SUV,"42,372 Kms",1st Owner,2020,16.8,Petrol,2020,Comprehensive,6-Speed,Manual,5 Seats,HYDERABAD
₹ 14 Lakh,SUV,"23,147 Kms",2nd Owner,2021,18.9,Petrol,2021,Not Available,6 Speed,Automatic,4 Seats,HYDERABAD
₹ 12.91 Lakh,Sedan,"22,310 Kms",1st Owner,2022,24.1,Diesel,2022,Comprehensive,6 Speed,Manual,5 Seats,HYDERABAD
₹ 4.98 Lakh,Hatchback,"18,732 Kms",1st Owner,2016,26.0,Petrol,2016,Comprehensive,5-Speed,Automatic,5 Seats,HYDERABAD
₹ 4.70 Lakh,Sedan,"95,417 Kms",1st Owner,2016,23.59,Diesel,2016,Not Available,5 Speed,Manual,5 Seats,HYDERABAD
₹ 5.45 Lakh,Sedan,"62,015 Kms",2nd Owner,2014,18.0,Petrol,2014,Comprehensive,5 Speed CVT,Automatic,5 Seats,HYDERABAD
₹ 8.95 Lakh,SUV,"54,000 Kms",1st Owner,2018,14.7,Petrol,2018,Third Party insurance,6 Speed,Automatic,5 Seats,HYDERABAD
₹ 4.27 Lakh,Hatchback,"51,237 Kms",2nd Owner,2019,23.01,Petrol,2019,Third Party insurance,5 Speed,Automatic,5 Seats,HYDERABAD
₹ 5.59 Lakh,Sedan,"36,140 Kms",1st Owner,2017,20.14,Petrol,2017,Comprehensive,5 Speed,Manual,5 Seats,HYDERABAD
₹ 6.50 Lakh,Hatchback,"80,000 Kms",2nd Owner,2018,28.4,Diesel,2018,Third Party insurance,5,Manual,5 Seats,HYDERABAD
₹ 4.43 Lakh,Hatchback,"70,895 Kms",2nd Owner,2016,26.0,Petrol,2016,Third Party insurance,5-Speed,Automatic,5 Seats,HYDERABAD
₹ 4.80 Lakh,Hatchback,"90,000 Kms",1st Owner,2018,24.0,Diesel,2018,Third Party insurance,5 Speed,Manual,5 Seats,HYDERABAD
₹ 6.60 Lakh,Sedan,"60,000 Kms",1st Owner,2020,19.28,Petrol,2020,Third Party insurance,5-Speed,Manual,5 Seats,HYDERABAD
₹ 1.45 Lakh,Hatchback,"70,237 Kms",1st Owner,2007,21.79,Petrol,2007,Third Party insurance,5 Speed,Manual,5 Seats,HYDERABAD
₹ 1.65 Lakh,Hatchback,"89,592 Kms",1st Owner,2007,17.0,Petrol,2007,Third Party insurance,5 Speed,Manual,5 Seats,HYDERABAD
₹ 3.80 Lakh,Sedan,"79,333 Kms",1st Owner,2010,18.3,Diesel,2010,Third Party insurance,5 Speed,Manual,5 Seats,HYDERABAD
₹ 4.50 Lakh,Sedan,"82,144 Kms",1st Owner,2014,23.4,Diesel,2014,Third Party insurance,5 Speed,Manual,5 Seats,HYDERABAD
₹ 23 Lakh,Sedan,"40,000 Kms",1st Owner,2018,22.69,Diesel,2018,Third Party insurance,8 Speed,Automatic,5 Seats,HYDERABAD
₹ 5 Lakh,Sedan,"1,29,517 Kms",2nd Owner,2015,21.21,Diesel,2015,Not Available,7 Speed DSG,Automatic,5 Seats,HYDERABAD
₹ 5.31 Lakh,Hatchback,"39,881 Kms",1st Owner,2019,20.3,Petrol,2019,Comprehensive,5 Speed,Automatic,5 Seats,HYDERABAD
₹ 7.44 Lakh,Hatchback,"12,280 Kms",1st Owner,2021,18.5,Petrol,2021,Comprehensive,5-Speed,Manual,5 Seats,HYDERABAD
₹ 2 Lakh,Sedan,"70,000 Kms",1st Owner,2011,21.12,Diesel,2011,Third Party insurance,5 Speed,Manual,5 Seats,HYDERABAD
₹ 5.76 Lakh,Hatchback,"49,984 Kms",1st Owner,2020,30.47,CNG,2020,Comprehensive,5 Speed,Manual,5 Seats,HYDERABAD
₹ 7.60 Lakh,SUV,"51,258 Kms",1st Owner,2017,14.8,Petrol,2017,Comprehensive,6 Speed,Automatic,5 Seats,HYDERABAD
₹ 4 Lakh,Sedan,"90,000 Kms",2nd Owner,2019,18.9,CNG,2019,Third Party insurance,5 Speed,Manual,5 Seats,HYDERABAD
₹ 2.73 Lakh,Hatchback,"95,178 Kms",2nd Owner,2012,19.4,Petrol,2012,Comprehensive,5 Speed,Manual,5 Seats,HYDERABAD
₹ 4.80 Lakh,Sedan,"62,000 Kms",1st Owner,2016,19.44,Petrol,2016,Third Party insurance,5 Speed,Manual,5 Seats,HYDERABAD
₹ 9.22 Lakh,SUV,"1,19,781 Kms",1st Owner,2016,19.67,Diesel,2016,Third Party insurance,6 Speed,Manual,5 Seats,HYDERABAD
₹ 7.46 Lakh,Hatchback,"31,750 Kms",2nd Owner,2021,18.5,Petrol,2021,Zero Dep,5-Speed,Manual,5 Seats,HYDERABAD
₹ 24 Lakh,MUV,"78,000 Kms",1st Owner,2019,11.36,Diesel,2019,Comprehensive,6 Speed,Automatic,7 Seats,HYDERABAD
₹ 4.90 Lakh,Sedan,"1,10,000 Kms",1st Owner,2013,22.32,Diesel,2013,Third Party insurance,6 Speed ,Manual,5 Seats,HYDERABAD
₹ 4.60 Lakh,Hatchback,"73,400 Kms",1st Owner,2014,18.9,Petrol,2014,Third Party insurance,4 Speed,Automatic,5 Seats,HYDERABAD
₹ 4.90 Lakh,Hatchback,"40,000 Kms",3rd Owner,2018,23.84,Petrol,2018,Third Party insurance,5 Speed,Automatic,5 Seats,HYDERABAD
₹ 15.89 Lakh,SUV,"49,500 Kms",1st Owner,2020,15.1,Diesel,2020,Third Party insurance,6 Speed,Automatic,7 Seats,HYDERABAD
₹ 9.30 Lakh,Sedan,"14,991 Kms",1st Owner,2022,17.7,Petrol,2022,Not Available,6 Speed,Manual,5 Seats,HYDERABAD
₹ 7.02 Lakh,MUV,"32,363 Kms",1st Owner,2022,19.01,Petrol,2022,Not Available,5 Speed,Manual,7 Seats,HYDERABAD
₹ 4.65 Lakh,Sedan,"60,000 Kms",2nd Owner,2013,22.32,Diesel,2013,Third Party insurance,6 Speed ,Manual,5 Seats,HYDERABAD
"₹ 50,000 ",Hatchback,"99,750 Kms",2nd Owner,2002,18.9,Petrol,2002,Not Available,5 Speed,Manual,5 Seats,HYDERABAD
₹ 10.08 Lakh,Sedan,"15,504 Kms",1st Owner,2021,18.97,Petrol,2021,Third Party insurance,6 Speed,Manual,5 Seats,HYDERABAD
₹ 8.13 Lakh,SUV,"20,858 Kms",1st Owner,2018,17.0,Petrol,2018,Third Party,5 Speed,Manual,5 Seats,HYDERABAD
₹ 14.85 Lakh,SUV,"30,000 Kms",1st Owner,2019,16.0,Petrol,2019,Third Party insurance,7 Speed,Automatic,5 Seats,HYDERABAD
₹ 7.44 Lakh,SUV,"90,305 Kms",2nd Owner,2018,16.55,Diesel,2018,Third Party insurance,5 Speed,Manual,6 Seats,HYDERABAD
₹ 9.89 Lakh,SUV,"99,128 Kms",1st Owner,2017,19.67,Diesel,2017,Third Party,6 Speed,Manual,5 Seats,HYDERABAD
₹ 14.85 Lakh,SUV,"30,000 Kms",1st Owner,2019,16.0,Petrol,2019,Third Party insurance,7 Speed,Automatic,5 Seats,HYDERABAD
₹ 4.08 Lakh,Sedan,"52,597 Kms",2nd Owner,2014,18.0,Petrol,2014,Comprehensive,5 Speed,Manual,5 Seats,HYDERABAD
₹ 4 Lakh,Hatchback,"1,12,921 Kms",3rd Owner,2015,25.2,Diesel,2015,Not Available,5 Speed,Manual,5 Seats,HYDERABAD
₹ 4.92 Lakh,Sedan,"73,626 Kms",1st Owner,2014,23.4,Diesel,2014,Third Party insurance,5 Speed,Manual,5 Seats,HYDERABAD
₹ 4.46 Lakh,Hatchback,"42,964 Kms",1st Owner,2018,24.04,Petrol,2018,Third Party,5 Speed,Automatic,5 Seats,HYDERABAD
₹ 5 Lakh,Sedan,"1,00,000 Kms",2nd Owner,2016,28.09,Diesel,2016,Third Party insurance,5 Speed,Manual,5 Seats,HYDERABAD
₹ 11.03 Lakh,SUV,"89,906 Kms",1st Owner,2017,17.1,Diesel,2017,Comprehensive,6 Speed,Manual,5 Seats,HYDERABAD
₹ 9.60 Lakh,SUV,"80,000 Kms",2nd Owner,2018,16.36,Diesel,2018,Third Party insurance,5 Speed,Manual,7 Seats,HYDERABAD
₹ 5.50 Lakh,Sedan,"1,10,000 Kms",1st Owner,2019,19.95,Diesel,2019,Third Party insurance,5 Speed,Manual,5 Seats,HYDERABAD
₹ 15 Lakh,SUV,"40,000 Kms",1st Owner,2019,20.8,Diesel,2019,Third Party insurance,6-Speed,Manual,5 Seats,HYDERABAD
₹ 6.60 Lakh,Hatchback,"40,000 Kms",2nd Owner,2020,19.0,Petrol,2020,Third Party insurance,5-Speed,Automatic,5 Seats,HYDERABAD
₹ 3.65 Lakh,Sedan,"90,000 Kms",1st Owner,2015,24.4,Diesel,2015,Third Party insurance,5 Speed ,Manual,5 Seats,HYDERABAD
₹ 14.50 Lakh,Sedan,"30,000 Kms",1st Owner,2018,18.23,Diesel,2018,Third Party insurance,6 Speed,Automatic,5 Seats,HYDERABAD
₹ 9 Lakh,Hatchback,"45,416 Kms",1st Owner,2021,16.47,Petrol,2021,Not Available,6 Speed,Automatic,5 Seats,HYDERABAD
₹ 3.85 Lakh,Hatchback,"64,000 Kms",1st Owner,2013,18.5,Petrol,2013,Third Party insurance,5 Speed,Manual,5 Seats,HYDERABAD
₹ 16.39 Lakh,SUV,"16,769 Kms",1st Owner,2021,18.9,Petrol,2021,Comprehensive,8-speed,Automatic,5 Seats,HYDERABAD
₹ 7.65 Lakh,SUV,"30,580 Kms",1st Owner,2021,20.0,Petrol,2021,Comprehensive,5 Speed,Manual,5 Seats,HYDERABAD
₹ 45 Lakh,SUV,"47,000 Kms",1st Owner,2018,15.68,Diesel,2018,Third Party insurance,9 Speed,Automatic,5 Seats,HYDERABAD
₹ 9.91 Lakh,SUV,"25,596 Kms",2nd Owner,2021,17.05,Petrol,2021,Third Party,6 Speed,Automatic,5 Seats,HYDERABAD
₹ 7.44 Lakh,SUV,"89,681 Kms",1st Owner,2017,24.3,Diesel,2017,Comprehensive,5 Speed,Manual,5 Seats,HYDERABAD
₹ 8.25 Lakh,MUV,"42,000 Kms",1st Owner,2018,19.01,Petrol,2018,Third Party insurance,5 Speed,Manual,7 Seats,HYDERABAD
₹ 7.70 Lakh,MUV,"29,302 Kms",1st Owner,2022,18.2,Petrol,2022,Zero Dep,5 Speed,Automatic,7 Seats,HYDERABAD
₹ 7.45 Lakh,Sedan,"41,200 Kms",1st Owner,2015,18.0,Petrol,2015,Comprehensive,5 Speed CVT,Automatic,5 Seats,HYDERABAD
₹ 17.75 Lakh,SUV,"70,076 Kms",1st Owner,2021,16.35,Diesel,2021,Third Party,6-Speed,Manual,5 Seats,HYDERABAD
₹ 7.65 Lakh,SUV,"90,114 Kms",1st Owner,2018,23.0,Diesel,2018,Comprehensive,5 Speed,Manual,5 Seats,HYDERABAD
₹ 2.50 Lakh,SUV,"80,000 Kms",4th Owner,2014,15.96,Diesel,2014,Third Party insurance,5 Speed,Manual,9 Seats,HYDERABAD
₹ 8.35 Lakh,SUV,"5,933 Kms",1st Owner,2019,14.99,Petrol,2019,Third Party,5 speed,Automatic,5 Seats,HYDERABAD
₹ 4.70 Lakh,Hatchback,"30,000 Kms",1st Owner,2017,23.84,Petrol,2017,Third Party insurance,5 Speed,Manual,5 Seats,HYDERABAD
₹ 2 Lakh,Hatchback,"60,000 Kms",1st Owner,2011,20.92,Petrol,2011,Third Party insurance,5 Speed,Manual,5 Seats,HYDERABAD
₹ 75 Lakh,SUV,"20,000 Kms",1st Owner,2021,18.9,Electric,2021,Third Party insurance,Single-speed transmission,Automatic,5 Seats,HYDERABAD
₹ 12.99 Lakh,Sedan,"66,000 Kms",1st Owner,2013,16.55,Diesel,2013,Third Party insurance,7 Speed,Automatic,5 Seats,HYDERABAD
₹ 2.25 Lakh,Sedan,"1,35,000 Kms",1st Owner,2002,18.9,Petrol,2002,Third Party insurance,5 Speed,Manual,5 Seats,HYDERABAD
₹ 2.49 Lakh,Sedan,"1,10,000 Kms",1st Owner,2007,18.7,Diesel,2007,Third Party insurance,5 Speed ,Manual,5 Seats,HYDERABAD
₹ 2.79 Lakh,Sedan,"1,33,000 Kms",1st Owner,2007,11.9,Diesel,2007,Third Party insurance,5 Speed,Automatic,5 Seats,HYDERABAD
₹ 3.10 Lakh,Hatchback,"61,000 Kms",1st Owner,2011,20.0,Diesel,2011,Third Party insurance,5 Speed,Manual,5 Seats,HYDERABAD
₹ 4.18 Lakh,Hatchback,"29,828 Kms",1st Owner,2021,21.46,Petrol,2021,Third Party,5 Speed,Manual,5 Seats,HYDERABAD
₹ 2.57 Lakh,Hatchback,"58,321 Kms",3rd Owner,2015,21.1,Petrol,2015,Third Party insurance,5 Speed,Manual,5 Seats,HYDERABAD
₹ 7.99 Lakh,Sedan,"85,000 Kms",1st Owner,2012,18.5,Diesel,2012,Third Party insurance,Six Speed  Gearbox,Automatic,5 Seats,HYDERABAD
₹ 6.22 Lakh,Sedan,"37,566 Kms",2nd Owner,2019,19.5,Petrol,2019,Third Party insurance,5 Speed,Manual,5 Seats,HYDERABAD
₹ 2.38 Lakh,Hatchback,"60,610 Kms",2nd Owner,2016,22.05,Petrol,2016,Third Party insurance,5 Speed,Manual,5 Seats,HYDERABAD
₹ 3.65 Lakh,Hatchback,"30,000 Kms",1st Owner,2011,16.47,Petrol,2011,Third Party insurance,5 Speed,Manual,5 Seats,HYDERABAD
₹ 7.53 Lakh,Hatchback,"32,098 Kms",1st Owner,2019,21.4,Petrol,2019,Comprehensive,CVT,Automatic,5 Seats,HYDERABAD
₹ 5.20 Lakh,Sedan,"1,00,000 Kms",1st Owner,2015,26.0,Diesel,2015,Third Party insurance,6 Speed ,Manual,5 Seats,HYDERABAD
₹ 3.94 Lakh,Hatchback,"48,556 Kms",1st Owner,2018,23.01,Petrol,2018,Third Party,5 Speed,Automatic,5 Seats,HYDERABAD
₹ 9.91 Lakh,Sedan,"76,654 Kms",1st Owner,2018,22.0,Diesel,2018,Third Party insurance,6 Speed,Automatic,5 Seats,HYDERABAD
₹ 14 Lakh,SUV,"50,000 Kms",1st Owner,2021,18.9,Diesel,2021,Third Party insurance,6-speed,Manual,5 Seats,HYDERABAD
₹ 7.73 Lakh,Hatchback,"39,014 Kms",1st Owner,2019,19.56,Petrol,2019,Third Party insurance,5-Speed,Automatic,5 Seats,HYDERABAD
₹ 4.75 Lakh,Hatchback,"1,05,000 Kms",2nd Owner,2015,17.1,Petrol,2015,Third Party insurance,5 Speed,Manual,5 Seats,HYDERABAD
₹ 4.65 Lakh,Sedan,"95,000 Kms",1st Owner,2010,18.3,Diesel,2010,Third Party insurance,5 Speed,Manual,5 Seats,HYDERABAD
₹ 11.99 Lakh,SUV,"1,22,000 Kms",1st Owner,2010,11.5,Diesel,2010,Third Party insurance,5 Speed,Manual,7 Seats,HYDERABAD
₹ 13 Lakh,SUV,"10,000 Kms",1st Owner,2022,16.5,Petrol,2022,Third Party insurance,6 Speed,Automatic,5 Seats,HYDERABAD
₹ 35.75 Lakh,SUV,"45,000 Kms",1st Owner,2020,12.62,Diesel,2020,Third Party,6 Speed,Automatic,7 Seats,HYDERABAD
₹ 7 Lakh,SUV,"80,000 Kms",1st Owner,2017,23.0,Diesel,2017,Third Party insurance,5 Speed,Manual,5 Seats,HYDERABAD
₹ 4.50 Lakh,SUV,"1,20,000 Kms",1st Owner,2015,22.77,Diesel,2015,Third Party insurance,5 Speed,Manual,5 Seats,HYDERABAD
₹ 39 Lakh,SUV,"44,989 Kms",1st Owner,2020,12.4,Diesel,2020,Third Party insurance,10 Speed,Automatic,7 Seats,HYDERABAD
₹ 2.89 Lakh,Hatchback,"68,336 Kms",2nd Owner,2016,21.1,Petrol,2016,Third Party,5 Speed,Manual,5 Seats,HYDERABAD
₹ 4.03 Lakh,Hatchback,"79,202 Kms",1st Owner,2013,22.38,Petrol,2013,Third Party,5-Speed,Manual,5 Seats,HYDERABAD
₹ 3.80 Lakh,MUV,"1,50,000 Kms",2nd Owner,2008,12.8,Diesel,2008,Third Party insurance,5 Speed,Manual,8 Seats,HYDERABAD
₹ 6.17 Lakh,Hatchback,"1,01,883 Kms",2nd Owner,2018,27.3,Diesel,2018,Third Party,6 Speed,Manual,5 Seats,HYDERABAD
₹ 11.92 Lakh,SUV,"1,05,405 Kms",1st Owner,2018,17.6,Diesel,2018,Zero Dep,6 Speed,Automatic,5 Seats,HYDERABAD
₹ 3.40 Lakh,Sedan,"1,20,000 Kms",1st Owner,2012,17.01,Petrol,2012,Third Party insurance,5 Speed,Manual,5 Seats,HYDERABAD
₹ 9.25 Lakh,Hatchback,"55,053 Kms",1st Owner,2021,16.47,Petrol,2021,Third Party insurance,6 Speed,Automatic,5 Seats,HYDERABAD
₹ 8.50 Lakh,Hatchback,"10,000 Kms",1st Owner,2022,22.35,Petrol,2022,Third Party insurance,5 Speed,Manual,5 Seats,HYDERABAD
₹ 2.25 Lakh,Hatchback,"1,11,046 Kms",1st Owner,2015,24.39,Petrol,2015,Third Party insurance,5 Speed,Manual,5 Seats,HYDERABAD
₹ 6.92 Lakh,Hatchback,"1,457 Kms",1st Owner,2022,35.6,CNG,2022,Zero Dep,5-Speed,Manual,5 Seats,HYDERABAD
₹ 4.25 Lakh,Sedan,"90,000 Kms",2nd Owner,2017,14.0,Petrol,1997,Third Party insurance,5 Speed,Manual,5 Seats,HYDERABAD
₹ 11.80 Lakh,SUV,"63,752 Kms",1st Owner,2022,17.29,Diesel,2022,Zero Dep,5 Speed,Manual,7 Seats,HYDERABAD
₹ 1.95 Lakh,Sedan,"80,000 Kms",2nd Owner,2010,19.0,Diesel,2010,Third Party insurance,5 Speed,Manual,5 Seats,HYDERABAD
₹ 4.20 Lakh,Sedan,"50,000 Kms",1st Owner,2018,25.4,Diesel,2018,Third Party insurance,5 Speed,Manual,5 Seats,HYDERABAD
₹ 3.50 Lakh,Hatchback,"91,543 Kms",3rd Owner,2012,22.9,Diesel,2012,Not Available,5 Speed,Manual,5 Seats,HYDERABAD
₹ 5.90 Lakh,Sedan,"60,000 Kms",1st Owner,2019,26.1,Diesel,2019,Third Party insurance,5 Speed,Manual,5 Seats,HYDERABAD
₹ 9.60 Lakh,SUV,"30,000 Kms",1st Owner,2021,23.22,Diesel,2021,Third Party insurance,6-Speed,Manual,5 Seats,HYDERABAD
₹ 7.50 Lakh,SUV,"74,320 Kms",1st Owner,2017,24.3,Diesel,2017,Not Available,5 Speed,Manual,5 Seats,HYDERABAD
₹ 2.40 Lakh,Hatchback,"70,000 Kms",2nd Owner,2014,25.44,Diesel,2014,Third Party insurance,5 Speed,Manual,5 Seats,HYDERABAD
₹ 12.60 Lakh,SUV,"10,000 Kms",1st Owner,2022,19.89,Petrol,2022,Third Party insurance,5-Speed,Manual,5 Seats,HYDERABAD
₹ 6.17 Lakh,Sedan,"53,326 Kms",2nd Owner,2016,17.8,Petrol,2016,Comprehensive,5 Speed,Manual,5 Seats,HYDERABAD
₹ 7.70 Lakh,Sedan,"97,112 Kms",1st Owner,2019,28.4,Diesel,2019,Third Party insurance,5 Speed,Automatic,5 Seats,HYDERABAD
₹ 18 Lakh,SUV,"10,000 Kms",1st Owner,2022,18.9,Petrol,2022,Third Party insurance,7-speed DCT,Automatic,5 Seats,HYDERABAD
₹ 6.42 Lakh,Hatchback,"8,345 Kms",1st Owner,2018,18.9,Petrol,2018,Comprehensive,4 Speed,Automatic,5 Seats,HYDERABAD
₹ 3.18 Lakh,Hatchback,"45,852 Kms",2nd Owner,2014,20.51,Petrol,2014,Third Party insurance,5 Speed,Manual,5 Seats,HYDERABAD
₹ 6.20 Lakh,Hatchback,"90,000 Kms",1st Owner,2016,21.49,Diesel,2016,Third Party insurance,5 Speed,Manual,5 Seats,HYDERABAD
₹ 9.51 Lakh,SUV,"12,094 Kms",1st Owner,2022,17.4,Petrol,2022,Zero Dep,CVT,Automatic,5 Seats,HYDERABAD
₹ 9 Lakh,MUV,"20,000 Kms",1st Owner,2021,17.99,Petrol,2021,Third Party insurance,4 Speed,Automatic,7 Seats,HYDERABAD
₹ 18.08 Lakh,SUV,"30,111 Kms",1st Owner,2021,20.4,Diesel,2021,Third Party insurance,6-speed,Manual,6 Seats,HYDERABAD
₹ 6.69 Lakh,Hatchback,"34,840 Kms",1st Owner,2018,22.56,Petrol,2018,Third Party insurance,5-Speed,Automatic,5 Seats,HYDERABAD
₹ 6.80 Lakh,Sedan,"1,00,000 Kms",2nd Owner,2018,21.72,Diesel,2018,Third Party insurance,7 Speed,Automatic,5 Seats,HYDERABAD
₹ 3.76 Lakh,Sedan,"1,10,807 Kms",2nd Owner,2013,20.54,Diesel,2013,Third Party insurance,5 Speed,Manual,5 Seats,HYDERABAD
₹ 10.50 Lakh,SUV,"10,000 Kms",1st Owner,2022,18.4,Petrol,2022,Third Party insurance,5-Speed,Manual,5 Seats,HYDERABAD
"₹ 96,000 ",Hatchback,"1,31,561 Kms",5th Owner,2004,17.0,Petrol,2004,Not Available,5 Speed,Manual,5 Seats,HYDERABAD
₹ 6 Lakh,Sedan,"38,370 Kms",1st Owner,2021,20.5,Petrol,2021,Not Available,5-Speed,Manual,5 Seats,HYDERABAD
₹ 8.80 Lakh,SUV,"60,000 Kms",1st Owner,2020,17.03,Petrol,2020,Third Party insurance,5 Speed,Manual,5 Seats,HYDERABAD
₹ 6.40 Lakh,MUV,"30,000 Kms",1st Owner,2020,20.0,Petrol,2020,Third Party insurance,5 Speed,Manual,7 Seats,HYDERABAD
"₹ 80,000 ",Sedan,"1,20,000 Kms",2nd Owner,2003,13.1,Diesel,2003,Third Party insurance,5 Speed,Manual,5 Seats,HYDERABAD
₹ 8.50 Lakh,SUV,"50,000 Kms",1st Owner,2020,17.0,Petrol,2020,Third Party insurance,6 Speed,Manual,5 Seats,HYDERABAD
₹ 9 Lakh,Sedan,"70,000 Kms",1st Owner,2012,18.88,Diesel,2012,Third Party insurance,8 Speed,Automatic,5 Seats,HYDERABAD
₹ 1.95 Lakh,Hatchback,"90,566 Kms",2nd Owner,2010,17.92,Petrol,2010,Third Party insurance,5 Speed,Manual,5 Seats,HYDERABAD
₹ 10.33 Lakh,Sedan,"67,370 Kms",2nd Owner,2019,22.0,Diesel,2019,Third Party insurance,6 Speed,Automatic,5 Seats,HYDERABAD
₹ 17 Lakh,SUV,"20,000 Kms",1st Owner,2021,13.96,Petrol,2021,Third Party insurance,6 Speed,Automatic,5 Seats,HYDERABAD
₹ 12.68 Lakh,MUV,"19,661 Kms",1st Owner,2021,17.3,Diesel,2021,Third Party insurance,6 Speed,Manual,8 Seats,HYDERABAD
₹ 11.20 Lakh,SUV,"58,177 Kms",1st Owner,2021,23.7,Diesel,2021,Third Party,6-Speed,Manual,5 Seats,HYDERABAD
₹ 8.50 Lakh,SUV,"40,000 Kms",1st Owner,2020,18.55,Petrol,2020,Third Party insurance,5 Speed,Manual,5 Seats,HYDERABAD
₹ 4.08 Lakh,SUV,"76,134 Kms",1st Owner,2013,20.46,Diesel,2013,Third Party insurance,5 speed,Manual,5 Seats,HYDERABAD
₹ 17.50 Lakh,SUV,"40,000 Kms",1st Owner,2022,18.9,Diesel,2022,Third Party insurance,6-speed,Manual,5 Seats,HYDERABAD
₹ 5.42 Lakh,Sedan,"90,102 Kms",1st Owner,2014,26.0,Diesel,2014,Third Party insurance,6 Speed ,Manual,5 Seats,HYDERABAD
₹ 2.87 Lakh,Hatchback,"32,329 Kms",2nd Owner,2019,22.7,Petrol,2019,Third Party insurance,5-Speed,Manual,5 Seats,HYDERABAD
₹ 8.10 Lakh,SUV,"50,000 Kms",1st Owner,2020,17.0,Petrol,2020,Third Party insurance,6 Speed,Manual,5 Seats,HYDERABAD
₹ 9.69 Lakh,SUV,"72,812 Kms",2nd Owner,2020,16.35,Petrol,2020,Zero Dep,6-Speed,Automatic,5 Seats,HYDERABAD
₹ 2.80 Lakh,Sedan,"1,20,000 Kms",3rd Owner,2016,24.4,Diesel,2016,Third Party insurance,5 Speed ,Manual,5 Seats,HYDERABAD
₹ 7 Lakh,Hatchback,"30,000 Kms",2nd Owner,2019,17.4,Petrol,2019,Third Party insurance,5 Speed,Automatic,5 Seats,HYDERABAD
₹ 7 Lakh,Hatchback,"60,000 Kms",2nd Owner,2019,22.54,Diesel,2019,Third Party insurance,6 Speed,Manual,5 Seats,HYDERABAD
₹ 2 Lakh,Sedan,"70,000 Kms",2nd Owner,2008,15.3,Petrol,2008,Third Party insurance,5 Speed,Manual,5 Seats,HYDERABAD
₹ 6 Lakh,Sedan,"60,000 Kms",2nd Owner,2018,25.8,Diesel,2018,Third Party insurance,5 Speed,Manual,5 Seats,HYDERABAD
₹ 8.75 Lakh,SUV,"30,000 Kms",2nd Owner,2022,17.52,Petrol,2022,Third Party insurance,5-Speed,Manual,5 Seats,HYDERABAD
₹ 31.80 Lakh,SUV,"24,916 Kms",1st Owner,2022,14.9,Diesel,2022,Comprehensive,9 Speed,Automatic,5 Seats,HYDERABAD
₹ 2.79 Lakh,Hatchback,"25,121 Kms",1st Owner,2015,21.1,Petrol,2015,Third Party,5 Speed,Manual,5 Seats,HYDERABAD
₹ 2.44 Lakh,Hatchback,"95,916 Kms",2nd Owner,2011,20.36,Petrol,2011,Comprehensive,5 Speed,Manual,5 Seats,HYDERABAD
₹ 3 Lakh,Hatchback,"98,076 Kms",2nd Owner,2016,23.2,Diesel,2016,Not Available,5 Speed,Manual,5 Seats,HYDERABAD
₹ 3.39 Lakh,Hatchback,"84,020 Kms",1st Owner,2018,23.01,Petrol,2018,Third Party insurance,5 Speed,Manual,5 Seats,HYDERABAD
₹ 2.59 Lakh,Hatchback,"49,692 Kms",2nd Owner,2015,22.05,Petrol,2015,Third Party,5 Speed,Manual,5 Seats,HYDERABAD
₹ 1.50 Lakh,Hatchback,"90,000 Kms",2nd Owner,2008,14.2,Petrol,2008,Third Party insurance,5 Speed,Manual,5 Seats,HYDERABAD
₹ 2.69 Lakh,Hatchback,"96,502 Kms",1st Owner,2011,20.36,Petrol,2011,Third Party insurance,5 Speed,Manual,5 Seats,HYDERABAD
₹ 63 Lakh,Sedan,"60,000 Kms",2nd Owner,2018,14.47,Diesel,2018,Third Party insurance,8 Speed,Automatic,5 Seats,HYDERABAD
₹ 4 Lakh,Hatchback,"37,634 Kms",1st Owner,2019,23.01,Petrol,2019,Third Party insurance,5 Speed,Manual,5 Seats,HYDERABAD
₹ 1.91 Lakh,Hatchback,"64,934 Kms",2nd Owner,2012,19.7,Petrol,2012,Comprehensive,5 Speed,Manual,5 Seats,HYDERABAD
₹ 5.80 Lakh,Hatchback,"30,000 Kms",1st Owner,2022,24.35,Petrol,2022,Third Party insurance,5 Speed,Manual,5 Seats,HYDERABAD
₹ 3.24 Lakh,Hatchback,"61,609 Kms",2nd Owner,2011,16.95,Petrol,2011,Third Party,4-Speed,Automatic,5 Seats,HYDERABAD
₹ 8.60 Lakh,Sedan,"80,000 Kms",1st Owner,2018,14.84,Petrol,2018,Third Party insurance,6 Speed,Automatic,5 Seats,HYDERABAD
₹ 21 Lakh,SUV,"60,000 Kms",1st Owner,2021,16.14,Diesel,2021,Third Party insurance,6-Speed,Manual,6 Seats,HYDERABAD
₹ 7.90 Lakh,MUV,"70,000 Kms",2nd Owner,2016,24.52,Diesel,2016,Third Party insurance,5 Speed,Manual,7 Seats,HYDERABAD
₹ 2.60 Lakh,Hatchback,"80,000 Kms",2nd Owner,2012,26.2,CNG,2012,Third Party insurance,5 Speed,Manual,5 Seats,HYDERABAD
₹ 1 Lakh,Hatchback,"1,20,000 Kms",2nd Owner,2016,25.0,Diesel,2016,Third Party insurance,5 Speed,Manual,5 Seats,HYDERABAD
₹ 10.50 Lakh,SUV,"80,000 Kms",3rd Owner,2017,17.6,Diesel,2017,Third Party insurance,6 Speed,Manual,7 Seats,HYDERABAD
₹ 2.70 Lakh,Hatchback,"1,20,000 Kms",1st Owner,2016,23.2,Diesel,2016,Third Party insurance,5 Speed,Manual,5 Seats,HYDERABAD
₹ 2.50 Lakh,Hatchback,"1,20,000 Kms",2nd Owner,2009,17.8,Diesel,2009,Third Party insurance,5 Speed,Manual,5 Seats,HYDERABAD
₹ 7.32 Lakh,Hatchback,"30,088 Kms",1st Owner,2021,17.74,Petrol,2021,Zero Dep,5 Speed,Manual,5 Seats,HYDERABAD
₹ 2.73 Lakh,Hatchback,"65,094 Kms",2nd Owner,2017,22.7,Petrol,2017,Comprehensive,5-Speed,Manual,5 Seats,HYDERABAD
₹ 2.50 Lakh,Hatchback,"1,20,000 Kms",2nd Owner,2009,17.8,Diesel,2009,Third Party insurance,5 Speed,Manual,5 Seats,HYDERABAD
₹ 1.75 Lakh,Hatchback,"55,024 Kms",1st Owner,2010,19.7,Petrol,2010,Comprehensive,5 Speed,Manual,5 Seats,HYDERABAD
₹ 7.02 Lakh,MUV,"21,687 Kms",2nd Owner,2020,18.2,Petrol,2020,Third Party insurance,5 Speed,Automatic,7 Seats,HYDERABAD
₹ 10.85 Lakh,MUV,"1,20,000 Kms",1st Owner,2013,12.99,Diesel,2013,Third Party insurance,5 Speed,Manual,7 Seats,HYDERABAD
₹ 2.79 Lakh,Hatchback,"72,762 Kms",1st Owner,2017,19.02,Petrol,2017,Third Party insurance,5 Speed,Manual,5 Seats,HYDERABAD
₹ 8.25 Lakh,Pickup Trucks,"30,000 Kms",1st Owner,2021,18.9,Diesel,2021,Third Party insurance,5 Speed,Manual,2 Seats,HYDERABAD
₹ 3.87 Lakh,Hatchback,"52,791 Kms",1st Owner,2017,20.51,Petrol,2017,Zero Dep,5 Speed,Automatic,5 Seats,HYDERABAD
₹ 3.83 Lakh,SUV,"67,879 Kms",1st Owner,2012,20.45,Diesel,2012,Third Party,5 speed,Manual,5 Seats,HYDERABAD
₹ 6 Lakh,Hatchback,"60,053 Kms",1st Owner,2018,21.4,Petrol,2018,Not Available,5 Speed,Manual,5 Seats,HYDERABAD
₹ 8.13 Lakh,SUV,"23,316 Kms",1st Owner,2021,18.75,Petrol,2021,Third Party insurance,5 Speed,Manual,5 Seats,HYDERABAD
₹ 3.50 Lakh,Hatchback,"50,000 Kms",2nd Owner,2017,24.04,Petrol,2017,Third Party insurance,5 Speed,Automatic,5 Seats,HYDERABAD
₹ 1.55 Lakh,Hatchback,"1,00,000 Kms",2nd Owner,2007,17.92,Petrol,2007,Third Party insurance,5 Speed,Manual,5 Seats,HYDERABAD
₹ 1.80 Lakh,Hatchback,"60,000 Kms",2nd Owner,2016,21.1,LPG,2016,Third Party insurance,5 Speed,Manual,5 Seats,HYDERABAD
₹ 10.50 Lakh,Sedan,"20,000 Kms",1st Owner,2018,18.0,Petrol,2018,Third Party insurance,CVT,Automatic,5 Seats,HYDERABAD
₹ 1.80 Lakh,Hatchback,"1,20,000 Kms",1st Owner,2015,17.88,Diesel,2015,Third Party insurance,5 Speed,Manual,5 Seats,HYDERABAD
₹ 8.90 Lakh,SUV,"30,000 Kms",2nd Owner,2018,16.0,Petrol,2018,Third Party insurance,6 Speed,Manual,5 Seats,HYDERABAD
₹ 7 Lakh,Hatchback,"70,000 Kms",1st Owner,2019,28.4,Diesel,2019,Third Party insurance,5,Manual,5 Seats,HYDERABAD
₹ 6.40 Lakh,SUV,"10,000 Kms",2nd Owner,2022,18.75,Petrol,2022,Third Party insurance,5 Speed,Manual,5 Seats,HYDERABAD
₹ 2.90 Lakh,Hatchback,"42,203 Kms",2nd Owner,2016,25.17,Petrol,2016,Third Party insurance,5 Speed,Manual,5 Seats,HYDERABAD
₹ 9.99 Lakh,SUV,"27,653 Kms",1st Owner,2020,18.43,Petrol,2020,Comprehensive,4 Speed,Automatic,5 Seats,HYDERABAD
₹ 18 Lakh,SUV,"1,00,000 Kms",2nd Owner,2013,14.16,Diesel,2013,Third Party insurance,7 Speed,Automatic,5 Seats,HYDERABAD
₹ 2.86 Lakh,Hatchback,"67,429 Kms",1st Owner,2016,19.02,Petrol,2016,Third Party insurance,5 Speed,Manual,5 Seats,HYDERABAD
₹ 2.93 Lakh,Hatchback,"65,192 Kms",1st Owner,2017,23.01,Petrol,2017,Third Party insurance,5 Speed,Manual,5 Seats,HYDERABAD
"₹ 95,000 ",Hatchback,"1,20,000 Kms",2nd Owner,2003,18.9,Petrol,2003,Third Party insurance,5 Speed,Manual,5 Seats,HYDERABAD
₹ 7.53 Lakh,Hatchback,"26,893 Kms",1st Owner,2021,23.64,Diesel,2021,Comprehensive,5-Speed,Manual,5 Seats,HYDERABAD
₹ 3.50 Lakh,Sedan,"90,000 Kms",2nd Owner,2010,18.1,Diesel,2010,Third Party insurance,6 Speed,Automatic,5 Seats,HYDERABAD
₹ 6.88 Lakh,SUV,"70,167 Kms",2nd Owner,2018,24.3,Diesel,2018,Third Party insurance,5 Speed,Manual,5 Seats,HYDERABAD
₹ 3.76 Lakh,Minivans,"84,542 Kms",2nd Owner,2016,15.37,Petrol,2016,Third Party insurance,5 Speed,Manual,5 Seats,HYDERABAD
₹ 6 Lakh,Hatchback,"50,000 Kms",1st Owner,2015,17.21,Petrol,2015,Third Party insurance,7 Speed,Automatic,5 Seats,HYDERABAD
₹ 3.25 Lakh,Hatchback,"36,027 Kms",1st Owner,2017,24.7,Petrol,2017,Third Party,5 Speed,Manual,5 Seats,HYDERABAD
₹ 6 Lakh,Hatchback,"50,000 Kms",1st Owner,2015,17.21,Petrol,2015,Third Party insurance,7 Speed,Automatic,5 Seats,HYDERABAD
₹ 6 Lakh,Hatchback,"50,000 Kms",1st Owner,2015,17.21,Petrol,2015,Third Party insurance,7 Speed,Automatic,5 Seats,HYDERABAD
₹ 4 Lakh,Hatchback,"10,000 Kms",1st Owner,2013,15.6,Petrol,2013,Third Party insurance,5 Speed,Manual,5 Seats,HYDERABAD
₹ 3 Lakh,Sedan,"90,000 Kms",5th Owner,2011,20.54,Diesel,2011,Third Party insurance,5 Speed,Manual,5 Seats,HYDERABAD
"₹ 80,000 ",MUV,"70,000 Kms",3rd Owner,2004,12.8,Petrol,2004,Third Party insurance,5 Speed,Manual,5 Seats,HYDERABAD
₹ 16.85 Lakh,SUV,"40,000 Kms",1st Owner,2022,18.9,Petrol,2022,Third Party insurance,6-speed,Manual,5 Seats,HYDERABAD
₹ 2 Lakh,Hatchback,"1,00,000 Kms",1st Owner,2016,25.0,Diesel,2016,Third Party insurance,5 Speed,Manual,5 Seats,HYDERABAD
₹ 7.20 Lakh,Sedan,"40,000 Kms",1st Owner,2021,18.6,Petrol,2021,Third Party insurance,5 Speed,Manual,5 Seats,HYDERABAD
₹ 10.64 Lakh,SUV,"77,687 Kms",1st Owner,2021,16.5,Petrol,2021,Third Party,5 Speed,Manual,5 Seats,HYDERABAD
₹ 6.47 Lakh,Hatchback,"52,456 Kms",1st Owner,2016,21.4,Petrol,2016,Comprehensive,5 Speed,Manual,5 Seats,HYDERABAD
₹ 16.25 Lakh,Sedan,"24,000 Kms",1st Owner,2022,19.4,Petrol,2022,Third Party insurance,6-Speed,Manual,5 Seats,HYDERABAD
₹ 8.46 Lakh,Hatchback,"42,674 Kms",1st Owner,2021,17.1,Petrol,2021,Third Party insurance,5 Speed,Manual,5 Seats,HYDERABAD
₹ 4.58 Lakh,Hatchback,"44,903 Kms",1st Owner,2019,21.7,Petrol,2019,Third Party insurance,5 Speed,Manual,5 Seats,HYDERABAD
₹ 1.95 Lakh,Hatchback,"65,000 Kms",1st Owner,2008,21.79,Petrol,2008,Third Party insurance,5 Speed,Manual,5 Seats,HYDERABAD
₹ 4.25 Lakh,Hatchback,"72,205 Kms",2nd Owner,2013,22.38,Petrol,2013,Comprehensive,5-Speed,Manual,5 Seats,HYDERABAD
₹ 6.50 Lakh,SUV,"70,000 Kms",1st Owner,2015,22.77,Diesel,2015,Third Party insurance,5 Speed,Manual,5 Seats,HYDERABAD
₹ 5.84 Lakh,Hatchback,"1,01,306 Kms",2nd Owner,2019,17.74,Petrol,2019,Third Party,5 Speed,Manual,5 Seats,HYDERABAD
₹ 2.20 Lakh,Hatchback,"60,000 Kms",2nd Owner,2009,20.36,Petrol,2009,Third Party insurance,5 Speed,Manual,5 Seats,HYDERABAD
₹ 6.19 Lakh,Hatchback,"81,028 Kms",1st Owner,2018,22.38,Petrol,2018,Third Party insurance,5-Speed,Manual,5 Seats,HYDERABAD
₹ 7 Lakh,SUV,"80,000 Kms",1st Owner,2018,25.5,Diesel,2018,Third Party insurance,6 Speed,Manual,5 Seats,HYDERABAD
₹ 20 Lakh,SUV,"20,000 Kms",1st Owner,2021,14.6,Diesel,2021,Third Party insurance,6-Speed,Automatic,5 Seats,HYDERABAD
₹ 4.50 Lakh,Sedan,"1,20,000 Kms",1st Owner,2016,26.59,Diesel,2016,Third Party insurance,5 Speed,Manual,5 Seats,HYDERABAD
₹ 20 Lakh,SUV,"20,000 Kms",1st Owner,2021,14.6,Diesel,2021,Third Party insurance,6-Speed,Automatic,5 Seats,HYDERABAD
₹ 1.80 Lakh,Hatchback,"1,20,000 Kms",2nd Owner,2010,18.9,Petrol,2010,Third Party insurance,5 Speed,Manual,5 Seats,HYDERABAD
₹ 2.24 Lakh,Hatchback,"52,442 Kms",3rd Owner,2016,25.17,Petrol,2016,Not Available,5 Speed,Manual,5 Seats,HYDERABAD
₹ 3.81 Lakh,SUV,"90,001 Kms",2nd Owner,2014,19.01,Diesel,2014,Not Available,6 Speed,Manual,5 Seats,HYDERABAD
₹ 4.59 Lakh,Hatchback,"87,966 Kms",3rd Owner,2014,22.38,Petrol,2014,Third Party insurance,5-Speed,Manual,5 Seats,HYDERABAD
₹ 6.31 Lakh,Hatchback,"1,05,614 Kms",1st Owner,2019,21.4,Petrol,2019,Third Party insurance,5 Speed,Manual,5 Seats,HYDERABAD
₹ 9.51 Lakh,Sedan,"11,249 Kms",1st Owner,2020,18.6,Petrol,2020,Not Available,6 Speed,Manual,5 Seats,HYDERABAD
₹ 5.32 Lakh,Hatchback,"39,264 Kms",2nd Owner,2018,18.9,Petrol,2018,Comprehensive,5 Speed,Manual,5 Seats,HYDERABAD
₹ 3.01 Lakh,Hatchback,"68,359 Kms",1st Owner,2017,24.7,Petrol,2017,Third Party,5 Speed,Manual,5 Seats,HYDERABAD
₹ 2.45 Lakh,Hatchback,"49,500 Kms",1st Owner,2010,19.81,Petrol,2010,Not Available,5 Speed,Manual,5 Seats,HYDERABAD
₹ 9.78 Lakh,Hatchback,"51,466 Kms",2nd Owner,2021,16.47,Petrol,2021,Third Party,6 Speed,Automatic,5 Seats,HYDERABAD
₹ 3.15 Lakh,Sedan,"99,929 Kms",2nd Owner,2013,20.54,Diesel,2013,Not Available,5 Speed,Manual,5 Seats,HYDERABAD
₹ 3.45 Lakh,Hatchback,"64,628 Kms",1st Owner,2013,18.9,Petrol,2013,Third Party,5 Speed,Manual,5 Seats,HYDERABAD
₹ 5.74 Lakh,Hatchback,"79,151 Kms",1st Owner,2018,20.89,Petrol,2018,Third Party insurance,5 Speed,Automatic,5 Seats,HYDERABAD
₹ 4.05 Lakh,Hatchback,"78,131 Kms",1st Owner,2017,23.1,Petrol,2017,Comprehensive,5 Speed ,Manual,5 Seats,HYDERABAD
₹ 8.28 Lakh,SUV,"1,03,256 Kms",1st Owner,2017,24.3,Diesel,2017,Zero Dep,5 Speed,Manual,5 Seats,HYDERABAD
₹ 7.79 Lakh,SUV,"45,794 Kms",1st Owner,2021,17.03,Petrol,2021,Not Available,5 Speed,Manual,5 Seats,HYDERABAD
₹ 6 Lakh,MUV,"60,000 Kms",1st Owner,2016,24.2,Diesel,2016,Third Party insurance,5 Speed,Manual,7 Seats,HYDERABAD
₹ 7.85 Lakh,Sedan,"20,000 Kms",1st Owner,2022,22.41,Petrol,2022,Third Party insurance,5 Speed,Manual,5 Seats,HYDERABAD
₹ 6 Lakh,MUV,"60,000 Kms",1st Owner,2016,24.2,Diesel,2016,Third Party insurance,5 Speed,Manual,7 Seats,HYDERABAD
₹ 2.30 Lakh,Sedan,"80,000 Kms",2nd Owner,2015,18.2,Petrol,2015,Third Party insurance,5 Speed,Manual,5 Seats,HYDERABAD
₹ 6.30 Lakh,SUV,"60,000 Kms",1st Owner,2015,16.5,Petrol,2015,Third Party insurance,6 Speed,Automatic,5 Seats,HYDERABAD
₹ 2.60 Lakh,Hatchback,"60,000 Kms",2nd Owner,2010,17.0,Petrol,2010,Third Party insurance,5 Speed,Manual,5 Seats,HYDERABAD
₹ 5.85 Lakh,Hatchback,"67,407 Kms",3rd Owner,2016,18.6,Petrol,2016,Third Party,5 Speed,Manual,5 Seats,HYDERABAD
₹ 4.42 Lakh,Hatchback,"58,713 Kms",2nd Owner,2019,21.7,Petrol,2019,Comprehensive,5 Speed,Manual,5 Seats,HYDERABAD
₹ 10 Lakh,Sedan,"90,000 Kms",1st Owner,2016,16.96,Diesel,2016,Third Party insurance,6 Speed,Automatic,5 Seats,HYDERABAD
₹ 6.18 Lakh,Hatchback,"33,798 Kms",1st Owner,2021,20.7,Petrol,2021,Third Party,5-Speed,Manual,5 Seats,HYDERABAD
₹ 4.90 Lakh,Hatchback,"33,190 Kms",1st Owner,2016,18.9,Petrol,2016,Third Party insurance,5 Speed,Manual,5 Seats,HYDERABAD
₹ 5.85 Lakh,Hatchback,"30,000 Kms",1st Owner,2020,21.21,Petrol,2020,Third Party insurance,5,Manual,5 Seats,HYDERABAD
₹ 5.88 Lakh,Hatchback,"56,346 Kms",2nd Owner,2016,18.6,Petrol,2016,Third Party insurance,5 Speed,Manual,5 Seats,HYDERABAD
₹ 8.50 Lakh,Sedan,"80,000 Kms",1st Owner,2017,28.09,Diesel,2017,Third Party insurance,5 Speed,Manual,5 Seats,HYDERABAD
₹ 7.04 Lakh,Hatchback,"59,512 Kms",2nd Owner,2018,21.4,Petrol,2018,Third Party insurance,CVT,Automatic,5 Seats,HYDERABAD
₹ 4.10 Lakh,SUV,"1,20,000 Kms",2nd Owner,2010,12.12,Diesel,2010,Third Party insurance,6 Speed,Automatic,7 Seats,HYDERABAD
₹ 5.83 Lakh,Hatchback,"81,342 Kms",2nd Owner,2017,26.8,Diesel,2017,Third Party insurance,5 Speed,Automatic,5 Seats,HYDERABAD
₹ 15 Lakh,SUV,"40,000 Kms",1st Owner,2018,17.1,Diesel,2018,Third Party insurance,6 Speed,Manual,5 Seats,HYDERABAD
₹ 11.50 Lakh,Hatchback,"10,000 Kms",1st Owner,2022,20.25,Petrol,2022,Third Party insurance,7 Speed,Automatic,5 Seats,HYDERABAD
₹ 6.30 Lakh,SUV,"60,000 Kms",1st Owner,2015,16.5,Petrol,2015,Third Party insurance,6 Speed,Automatic,5 Seats,HYDERABAD
₹ 1.50 Lakh,Hatchback,"1,20,000 Kms",2nd Owner,2011,20.0,Diesel,2011,Third Party insurance,5 Speed,Manual,5 Seats,HYDERABAD
₹ 6.50 Lakh,Sedan,"1,10,000 Kms",1st Owner,2017,26.59,Diesel,2017,Third Party insurance,5 Speed,Manual,5 Seats,HYDERABAD
₹ 8.50 Lakh,Pickup Trucks,"20,000 Kms",1st Owner,2020,18.9,Diesel,2020,Third Party insurance,"5 Speed Forward, 1 Reverse",Manual,2 Seats,HYDERABAD
₹ 7.20 Lakh,SUV,"30,000 Kms",1st Owner,2017,25.5,Diesel,2017,Third Party insurance,6 Speed,Manual,5 Seats,HYDERABAD
₹ 3.50 Lakh,Hatchback,"44,478 Kms",1st Owner,2018,24.39,Petrol,2018,Comprehensive,5 Speed,Manual,5 Seats,HYDERABAD
₹ 6.46 Lakh,Hatchback,"29,765 Kms",2nd Owner,2020,20.7,Petrol,2020,Third Party insurance,5-Speed,Manual,5 Seats,HYDERABAD
₹ 23 Lakh,SUV,"30,000 Kms",1st Owner,2021,14.6,Diesel,2021,Third Party insurance,6-Speed,Automatic,5 Seats,HYDERABAD
₹ 5.70 Lakh,Hatchback,"83,688 Kms",1st Owner,2017,21.4,Petrol,2017,Comprehensive,5 Speed,Manual,5 Seats,HYDERABAD
₹ 5.86 Lakh,Hatchback,"52,704 Kms",2nd Owner,2018,18.9,Petrol,2018,Comprehensive,4 Speed,Automatic,5 Seats,HYDERABAD
₹ 12.50 Lakh,SUV,"40,000 Kms",2nd Owner,2017,17.1,Diesel,2017,Third Party insurance,6 Speed,Manual,5 Seats,HYDERABAD
₹ 5.04 Lakh,Hatchback,"51,278 Kms",2nd Owner,2019,20.89,Petrol,2019,Third Party insurance,5 Speed,Manual,5 Seats,HYDERABAD
₹ 4.50 Lakh,SUV,"1,10,000 Kms",1st Owner,2013,22.7,Diesel,2013,Third Party insurance,5 Speed,Manual,5 Seats,HYDERABAD
₹ 3.36 Lakh,Hatchback,"89,218 Kms",1st Owner,2015,20.51,Petrol,2015,Third Party,5 Speed,Manual,5 Seats,HYDERABAD
₹ 7.98 Lakh,Sedan,"88,900 Kms",1st Owner,2018,28.4,Diesel,2018,Third Party insurance,5 Speed,Automatic,5 Seats,HYDERABAD
₹ 1 Lakh,Hatchback,"70,000 Kms",1st Owner,2009,16.5,Petrol,2009,Third Party insurance,5-Speed,Manual,5 Seats,HYDERABAD
₹ 3.62 Lakh,Hatchback,"96,639 Kms",1st Owner,2018,23.01,Petrol,2018,Third Party insurance,5 Speed,Manual,5 Seats,HYDERABAD
₹ 7.50 Lakh,Sedan,"19,100 Kms",1st Owner,2019,19.5,Petrol,2019,Comprehensive,5 Speed,Manual,5 Seats,HYDERABAD
"₹ 90,000 ",Sedan,"1,00,000 Kms",2nd Owner,2004,14.2,Petrol,2004,Third Party insurance,5 Speed,Manual,5 Seats,HYDERABAD
₹ 10.30 Lakh,MUV,"70,000 Kms",2nd Owner,2021,19.01,Petrol,2021,Third Party insurance,5-Speed,Manual,6 Seats,HYDERABAD
₹ 7 Lakh,Hatchback,"10,000 Kms",2nd Owner,2021,19.01,Petrol,2021,Third Party insurance,5-Speed,Manual,5 Seats,HYDERABAD
₹ 3.95 Lakh,Hatchback,"1,00,000 Kms",3rd Owner,2014,24.0,Diesel,2014,Third Party insurance,5 Speed,Manual,5 Seats,HYDERABAD
₹ 8.30 Lakh,Sedan,"50,000 Kms",1st Owner,2019,14.3,Petrol,2019,Third Party insurance,5 Speed,Manual,5 Seats,HYDERABAD
₹ 15 Lakh,SUV,"1,20,000 Kms",1st Owner,2014,12.55,Diesel,2014,Third Party insurance,5 Speed ,Automatic,7 Seats,HYDERABAD
₹ 2.80 Lakh,Hatchback,"1,14,000 Kms",1st Owner,2011,18.5,Petrol,2011,Third Party insurance,5 Speed,Manual,5 Seats,HYDERABAD
₹ 4.85 Lakh,Hatchback,"57,435 Kms",1st Owner,2019,20.3,Petrol,2019,Comprehensive,5 Speed,Manual,5 Seats,HYDERABAD
₹ 4.95 Lakh,Hatchback,"24,978 Kms",2nd Owner,2019,20.3,Petrol,2019,Third Party insurance,5 Speed,Manual,5 Seats,HYDERABAD
₹ 4.50 Lakh,Sedan,"73,322 Kms",1st Owner,2016,19.1,Petrol,2016,Not Available,4 Speed ,Automatic,5 Seats,HYDERABAD
₹ 3.97 Lakh,Hatchback,"47,784 Kms",2nd Owner,2014,19.4,Petrol,2014,Third Party insurance,5 Speed,Manual,5 Seats,HYDERABAD
₹ 7.16 Lakh,Hatchback,"80,643 Kms",1st Owner,2020,19.56,Petrol,2020,Third Party insurance,5-Speed,Automatic,5 Seats,HYDERABAD
₹ 8.30 Lakh,Sedan,"48,683 Kms",1st Owner,2019,14.3,Petrol,2019,Not Available,5 Speed,Manual,5 Seats,HYDERABAD
₹ 3.80 Lakh,Hatchback,"87,908 Kms",1st Owner,2016,20.51,Petrol,2016,Third Party insurance,5 Speed,Manual,5 Seats,HYDERABAD
₹ 2 Lakh,Sedan,"1,20,000 Kms",1st Owner,2013,18.2,Petrol,2013,Third Party insurance,5 Speed,Manual,5 Seats,HYDERABAD
₹ 4.60 Lakh,Hatchback,"61,822 Kms",1st Owner,2016,23.1,Petrol,2016,Comprehensive,5 Speed ,Automatic,5 Seats,HYDERABAD
₹ 4.10 Lakh,Hatchback,"23,748 Kms",1st Owner,2021,22.05,Petrol,2021,Third Party,5 Speed,Manual,5 Seats,HYDERABAD
₹ 2.50 Lakh,Hatchback,"1,20,000 Kms",2nd Owner,2010,16.47,Petrol,2010,Third Party insurance,5 Speed,Manual,5 Seats,HYDERABAD
₹ 4.08 Lakh,Hatchback,"84,484 Kms",1st Owner,2016,20.51,Petrol,2016,Third Party insurance,5 Speed,Automatic,5 Seats,HYDERABAD
₹ 4 Lakh,Hatchback,"10,000 Kms",1st Owner,2018,24.04,Petrol,2018,Third Party insurance,5 Speed,Automatic,5 Seats,HYDERABAD
₹ 4 Lakh,Hatchback,"10,000 Kms",1st Owner,2018,24.04,Petrol,2018,Third Party insurance,5 Speed,Automatic,5 Seats,HYDERABAD
₹ 11 Lakh,Hatchback,"60,000 Kms",1st Owner,2014,11.9,Petrol,2014,Third Party insurance,7G DCT 7-Speed Dual Clutch Transmission ,Automatic,5 Seats,HYDERABAD
₹ 3.10 Lakh,Hatchback,"70,000 Kms",2nd Owner,2011,17.0,Petrol,2011,Third Party insurance,5 Speed,Manual,5 Seats,HYDERABAD
₹ 6.50 Lakh,Hatchback,"50,000 Kms",2nd Owner,2018,21.21,Petrol,2018,Third Party insurance,5,Automatic,5 Seats,HYDERABAD
₹ 3.50 Lakh,Hatchback,"1,00,000 Kms",1st Owner,2015,22.95,Diesel,2015,Third Party insurance,5 Speed,Manual,5 Seats,HYDERABAD
₹ 3.04 Lakh,MUV,"1,50,000 Kms",1st Owner,2005,12.8,Diesel,2005,Third Party insurance,5 Speed,Manual,8 Seats,HYDERABAD
₹ 7.50 Lakh,SUV,"40,000 Kms",2nd Owner,2018,17.0,Petrol,2018,Third Party insurance,6 Speed,Manual,5 Seats,HYDERABAD
₹ 2.55 Lakh,Hatchback,"70,145 Kms",1st Owner,2014,22.05,Petrol,2014,Comprehensive,5 Speed,Manual,5 Seats,HYDERABAD
₹ 8.36 Lakh,SUV,"70,226 Kms",1st Owner,2021,16.5,Petrol,2021,Comprehensive,5 Speed,Manual,5 Seats,HYDERABAD
₹ 11.75 Lakh,SUV,"30,000 Kms",1st Owner,2021,16.35,Petrol,2021,Third Party insurance,6-Speed,Automatic,5 Seats,HYDERABAD
₹ 3.63 Lakh,Hatchback,"67,993 Kms",2nd Owner,2015,20.51,Petrol,2015,Third Party insurance,5 Speed,Manual,5 Seats,HYDERABAD
₹ 7.29 Lakh,Hatchback,"73,224 Kms",2nd Owner,2018,21.4,Petrol,2018,Comprehensive,CVT,Automatic,5 Seats,HYDERABAD
₹ 16 Lakh,MUV,"1,50,000 Kms",2nd Owner,2016,13.68,Diesel,2016,Third Party insurance,5 Speed,Manual,7 Seats,HYDERABAD
₹ 7.73 Lakh,Sedan,"75,199 Kms",2nd Owner,2017,17.8,Petrol,2017,Comprehensive,5 Speed,Manual,5 Seats,HYDERABAD
₹ 14.50 Lakh,SUV,"40,000 Kms",1st Owner,2018,17.1,Diesel,2018,Third Party insurance,6 Speed,Manual,5 Seats,HYDERABAD
₹ 5.90 Lakh,Hatchback,"58,671 Kms",1st Owner,2016,22.38,Petrol,2016,Third Party insurance,5-Speed,Manual,5 Seats,HYDERABAD
₹ 5.82 Lakh,Hatchback,"54,187 Kms",1st Owner,2019,22.38,Petrol,2019,Zero Dep,5-Speed,Manual,5 Seats,HYDERABAD
₹ 48.50 Lakh,Sedan,"43,000 Kms",1st Owner,2019,16.1,Diesel,2019,Third Party insurance,9 Speed,Automatic,5 Seats,HYDERABAD
₹ 5.52 Lakh,Hatchback,"63,457 Kms",2nd Owner,2014,18.6,Petrol,2014,Comprehensive,5 Speed,Manual,5 Seats,HYDERABAD
₹ 5 Lakh,Sedan,"1,17,189 Kms",1st Owner,2014,25.1,Diesel,2014,Not Available,6 Speed ,Manual,5 Seats,HYDERABAD
₹ 8 Lakh,SUV,"1,10,000 Kms",1st Owner,2014,11.18,Diesel,2014,Third Party insurance,5 Speed,Automatic,7 Seats,HYDERABAD
₹ 9.50 Lakh,SUV,"20,000 Kms",1st Owner,2021,17.03,Petrol,2021,Third Party insurance,5 Speed,Manual,5 Seats,HYDERABAD
₹ 8.20 Lakh,SUV,"12,727 Kms",1st Owner,2020,15.9,Petrol,2020,Not Available,5 Speed,Manual,5 Seats,HYDERABAD
₹ 10.50 Lakh,SUV,"70,000 Kms",2nd Owner,2017,17.6,Diesel,2017,Third Party insurance,6 Speed,Manual,7 Seats,HYDERABAD
₹ 1.80 Lakh,Hatchback,"50,000 Kms",1st Owner,2009,17.92,Petrol,2009,Third Party insurance,5 Speed,Manual,5 Seats,HYDERABAD
₹ 13 Lakh,SUV,"20,000 Kms",1st Owner,2022,18.2,Petrol,2022,Third Party insurance,6-Speed iMT,Manual,5 Seats,HYDERABAD
₹ 3.41 Lakh,Hatchback,"58,547 Kms",2nd Owner,2019,22.7,Petrol,2019,Comprehensive,5-Speed,Manual,5 Seats,HYDERABAD
₹ 7.08 Lakh,Hatchback,"70,784 Kms",1st Owner,2018,17.19,Petrol,2018,Third Party,5 Speed,Manual,5 Seats,HYDERABAD
₹ 36 Lakh,SUV,"80,000 Kms",2nd Owner,2018,16.38,Diesel,2018,Third Party insurance,8 Speed,Automatic,5 Seats,HYDERABAD
₹ 3.67 Lakh,Hatchback,"94,681 Kms",2nd Owner,2014,18.5,Petrol,2014,Comprehensive,5 Speed,Manual,5 Seats,HYDERABAD
₹ 5.22 Lakh,SUV,"37,421 Kms",2nd Owner,2013,16.55,Diesel,2013,Comprehensive,5 Speed,Manual,6 Seats,HYDERABAD
₹ 15 Lakh,SUV,"40,000 Kms",1st Owner,2021,18.9,Petrol,2021,Third Party insurance,6 Speed,Automatic,4 Seats,HYDERABAD
₹ 7.65 Lakh,Sedan,"1,00,456 Kms",1st Owner,2016,21.13,Diesel,2016,Third Party,5 Speed,Manual,5 Seats,HYDERABAD
₹ 2.50 Lakh,Sedan,"80,000 Kms",2nd Owner,2008,13.5,Petrol,2008,Third Party insurance,5 Speed,Manual,5 Seats,HYDERABAD
₹ 4.25 Lakh,Hatchback,"95,036 Kms",2nd Owner,2013,22.38,Petrol,2013,Comprehensive,5-Speed,Manual,5 Seats,HYDERABAD
₹ 2.60 Lakh,Hatchback,"96,632 Kms",2nd Owner,2015,21.1,Petrol,2015,Comprehensive,5 Speed,Manual,5 Seats,HYDERABAD
₹ 2.50 Lakh,Sedan,"80,000 Kms",2nd Owner,2008,13.5,Petrol,2008,Third Party insurance,5 Speed,Manual,5 Seats,HYDERABAD
₹ 2.57 Lakh,Hatchback,"60,976 Kms",1st Owner,2015,22.05,Petrol,2015,Third Party insurance,5 Speed,Manual,5 Seats,HYDERABAD
"₹ 69,000 ",Hatchback,"1,20,000 Kms",1st Owner,2017,17.3,Petrol,2001,Third Party insurance,5 Speed,Manual,5 Seats,HYDERABAD
"₹ 50,000 ",Hatchback,"88,046 Kms",3rd Owner,2008,18.0,Petrol,2008,Not Available,5 Speed,Manual,5 Seats,HYDERABAD
₹ 16.25 Lakh,SUV,"1,03,000 Kms",1st Owner,2016,14.7,Diesel,2016,Third Party insurance,8 Speed,Automatic,5 Seats,HYDERABAD
₹ 16.50 Lakh,SUV,"9,800 Kms",1st Owner,2019,16.0,Petrol,2019,Third Party insurance,6 Speed,Manual,5 Seats,HYDERABAD
₹ 11.50 Lakh,SUV,"92,000 Kms",1st Owner,2010,9.74,Petrol,2010,Third Party insurance,7 Speed S tronic,Automatic,5 Seats,HYDERABAD
₹ 4.99 Lakh,MUV,"59,000 Kms",1st Owner,2014,17.3,Petrol,2014,Third Party insurance,5 Speed,Manual,7 Seats,HYDERABAD
₹ 3.15 Lakh,Sedan,"93,000 Kms",1st Owner,2013,22.1,Diesel,2013,Third Party insurance,5 Speed,Manual,5 Seats,HYDERABAD
₹ 9.80 Lakh,SUV,"10,000 Kms",1st Owner,2022,18.8,Petrol,2022,Third Party insurance,5 Speed,Automatic,5 Seats,HYDERABAD
₹ 8.21 Lakh,SUV,"70,451 Kms",2nd Owner,2017,24.3,Diesel,2017,Third Party insurance,5 Speed,Manual,5 Seats,HYDERABAD
₹ 5.68 Lakh,Hatchback,"73,838 Kms",2nd Owner,2018,22.56,Petrol,2018,Third Party insurance,5-Speed,Automatic,5 Seats,HYDERABAD
₹ 21 Lakh,SUV,"20,000 Kms",1st Owner,2022,14.2,Petrol,2022,Third Party insurance,6-speed,Automatic,6 Seats,HYDERABAD
₹ 4.46 Lakh,Hatchback,"22,726 Kms",1st Owner,2020,22.3,Petrol,2020,Third Party,5 Speed,Manual,5 Seats,HYDERABAD
₹ 5.55 Lakh,Hatchback,"98,700 Kms",2nd Owner,2017,26.8,Diesel,2017,Third Party insurance,5 Speed,Automatic,5 Seats,HYDERABAD
₹ 18.50 Lakh,SUV,"20,000 Kms",1st Owner,2022,14.34,Petrol,2022,Third Party insurance,6 Speed,Automatic,5 Seats,HYDERABAD
₹ 5.59 Lakh,Hatchback,"97,909 Kms",2nd Owner,2018,27.39,Diesel,2018,Comprehensive,5 Speed,Manual,5 Seats,HYDERABAD
₹ 10.50 Lakh,SUV,"30,000 Kms",1st Owner,2020,21.7,Diesel,2020,Third Party insurance,5 Speed,Manual,5 Seats,HYDERABAD
₹ 4.12 Lakh,Hatchback,"77,945 Kms",2nd Owner,2013,18.9,Petrol,2013,Comprehensive,5 Speed,Manual,5 Seats,HYDERABAD
₹ 6.15 Lakh,Sedan,"86,017 Kms",1st Owner,2017,21.21,Petrol,2017,Comprehensive,5 Speed,Manual,5 Seats,HYDERABAD
₹ 18.10 Lakh,SUV,"20,000 Kms",1st Owner,2021,18.9,Diesel,2021,Third Party insurance,6-speed,Manual,5 Seats,HYDERABAD
₹ 3.90 Lakh,Hatchback,"83,596 Kms",1st Owner,2017,20.51,Petrol,2017,Comprehensive,5 Speed,Manual,5 Seats,HYDERABAD
"₹ 70,000 ",Hatchback,"80,000 Kms",2nd Owner,2004,16.1,Petrol,2004,Third Party insurance,4 Speed,Manual,4 Seats,HYDERABAD
"₹ 70,000 ",Sedan,"1,10,000 Kms",2nd Owner,2005,17.4,Petrol,2005,Third Party insurance,5 Speed,Manual,5 Seats,HYDERABAD
₹ 5.60 Lakh,Hatchback,"40,000 Kms",1st Owner,2019,19.0,Petrol,2019,Third Party insurance,5-Speed,Manual,5 Seats,HYDERABAD
₹ 7.50 Lakh,Sedan,"50,000 Kms",1st Owner,2022,22.41,Petrol,2022,Third Party insurance,5 Speed,Manual,5 Seats,HYDERABAD
₹ 1.70 Lakh,SUV,"1,20,000 Kms",2nd Owner,2017,13.1,Diesel,2001,Third Party insurance,5 Speed,Manual,10 Seats,HYDERABAD
₹ 13.20 Lakh,SUV,"10,000 Kms",1st Owner,2022,16.82,Petrol,2022,Third Party insurance,6 Speed,Manual,5 Seats,HYDERABAD
₹ 2.20 Lakh,Hatchback,"1,00,000 Kms",1st Owner,2015,25.83,Diesel,2015,Third Party insurance,5 Speed,Manual,5 Seats,HYDERABAD
₹ 8.50 Lakh,SUV,"79,464 Kms",1st Owner,2018,25.1,Diesel,2018,Not Available,5 Speed,Manual,5 Seats,HYDERABAD
₹ 5.23 Lakh,Sedan,"87,113 Kms",1st Owner,2016,22.41,Petrol,2016,Third Party insurance,5 Speed,Manual,5 Seats,HYDERABAD
₹ 5.83 Lakh,Sedan,"52,315 Kms",1st Owner,2015,22.41,Petrol,2015,Comprehensive,5 Speed,Manual,5 Seats,HYDERABAD
₹ 17.50 Lakh,SUV,"10,000 Kms",1st Owner,2020,11.67,Petrol,2020,Third Party insurance,6-speed DCT,Automatic,6 Seats,HYDERABAD
₹ 4.51 Lakh,Hatchback,"60,817 Kms",2nd Owner,2015,18.9,Petrol,2015,Comprehensive,5 Speed,Manual,5 Seats,HYDERABAD
₹ 6.68 Lakh,Sedan,"55,797 Kms",2nd Owner,2018,25.4,Diesel,2018,Comprehensive,5 Speed,Manual,5 Seats,HYDERABAD
₹ 1.95 Lakh,Sedan,"1,10,000 Kms",2nd Owner,2006,16.8,Diesel,2006,Third Party insurance,5 Speed,Manual,5 Seats,HYDERABAD
₹ 8.24 Lakh,SUV,"64,285 Kms",1st Owner,2017,24.3,Diesel,2017,Third Party,5 Speed,Manual,5 Seats,HYDERABAD
₹ 1.60 Lakh,Sedan,"1,20,000 Kms",2nd Owner,2006,18.7,Diesel,2006,Third Party insurance,5 Speed ,Manual,5 Seats,HYDERABAD
₹ 6.22 Lakh,Sedan,"85,948 Kms",1st Owner,2016,26.59,Diesel,2016,Third Party insurance,5 Speed,Automatic,5 Seats,HYDERABAD
₹ 4.25 Lakh,Sedan,"1,05,746 Kms",3rd Owner,2013,16.8,Petrol,2013,Comprehensive,5 Speed,Manual,5 Seats,HYDERABAD
₹ 4.50 Lakh,MUV,"1,00,000 Kms",1st Owner,2015,17.3,Petrol,2015,Third Party insurance,5 Speed,Manual,7 Seats,HYDERABAD
₹ 10.20 Lakh,Sedan,"45,949 Kms",1st Owner,2020,17.69,Petrol,2020,Third Party,6 Speed,Manual,5 Seats,HYDERABAD
₹ 3.25 Lakh,Sedan,"92,000 Kms",1st Owner,2006,13.4,Petrol,2006,Third Party insurance,5 Speed,Manual,5 Seats,HYDERABAD
₹ 14.99 Lakh,Sedan,"83,000 Kms",1st Owner,2012,17.68,Diesel,2012,Third Party insurance,8 Speed,Automatic,5 Seats,HYDERABAD
₹ 2.49 Lakh,Hatchback,"60,000 Kms",1st Owner,2008,20.36,Petrol,2008,Third Party insurance,5 Speed,Manual,5 Seats,HYDERABAD
₹ 7.99 Lakh,Hatchback,"75,000 Kms",1st Owner,2018,21.19,Diesel,2018,Third Party insurance,6 Speed,Manual,5 Seats,HYDERABAD
"₹ 70,000 ",Hatchback,"80,000 Kms",2nd Owner,2004,16.1,Petrol,2004,Third Party insurance,4 Speed,Manual,4 Seats,HYDERABAD
₹ 3.90 Lakh,Hatchback,"71,000 Kms",1st Owner,2013,22.9,Diesel,2013,Third Party insurance,5 Speed,Manual,5 Seats,HYDERABAD
₹ 5.80 Lakh,Sedan,"84,000 Kms",1st Owner,2015,17.01,Petrol,2015,Third Party insurance,5 Speed,Manual,5 Seats,HYDERABAD
₹ 3.80 Lakh,Hatchback,"1,10,000 Kms",1st Owner,2018,23.1,Petrol,2018,Third Party insurance,5 Speed,Manual,5 Seats,HYDERABAD
₹ 2.64 Lakh,Hatchback,"48,659 Kms",1st Owner,2011,20.36,Petrol,2011,Third Party insurance,5 Speed,Manual,5 Seats,HYDERABAD
₹ 5.31 Lakh,Hatchback,"26,970 Kms",1st Owner,2019,20.3,Petrol,2019,Third Party insurance,5 Speed,Automatic,5 Seats,HYDERABAD
₹ 5.25 Lakh,Sedan,"92,000 Kms",1st Owner,2007,11.7,Petrol,2007,Third Party insurance,6 Speed,Manual,5 Seats,HYDERABAD
₹ 10.24 Lakh,SUV,"29,766 Kms",1st Owner,2022,23.22,Diesel,2022,Third Party,6-Speed,Manual,5 Seats,HYDERABAD
₹ 5.52 Lakh,Hatchback,"6,580 Kms",1st Owner,2022,21.46,Petrol,2022,Comprehensive,5 Speed,Manual,5 Seats,HYDERABAD
₹ 9.50 Lakh,SUV,"80,000 Kms",2nd Owner,2011,17.05,Diesel,2011,Third Party insurance,8-Speed ,Automatic,5 Seats,HYDERABAD
₹ 3.82 Lakh,Hatchback,"98,910 Kms",2nd Owner,2012,22.38,Petrol,2012,Third Party insurance,5-Speed,Manual,5 Seats,HYDERABAD
₹ 9.50 Lakh,SUV,"80,000 Kms",2nd Owner,2011,17.05,Diesel,2011,Third Party insurance,8-Speed ,Automatic,5 Seats,HYDERABAD
₹ 7.15 Lakh,Sedan,"48,247 Kms",1st Owner,2017,19.12,Petrol,2017,Third Party insurance,4 Speed,Automatic,5 Seats,HYDERABAD
₹ 3.82 Lakh,Hatchback,"54,515 Kms",2nd Owner,2016,19.4,Petrol,2016,Third Party insurance,5 Speed,Manual,5 Seats,HYDERABAD
₹ 8.60 Lakh,SUV,"10,000 Kms",2nd Owner,2018,24.3,Diesel,2018,Third Party insurance,5 Speed,Manual,5 Seats,HYDERABAD
₹ 6.35 Lakh,Hatchback,"80,546 Kms",1st Owner,2017,21.4,Petrol,2017,Comprehensive,5 Speed,Manual,5 Seats,HYDERABAD
₹ 3.25 Lakh,Hatchback,"10,000 Kms",2nd Owner,2013,14.6,LPG,2013,Third Party insurance,5 Speed,Manual,5 Seats,HYDERABAD
₹ 1.20 Lakh,Hatchback,"20,000 Kms",2nd Owner,2008,19.7,Petrol,2008,Third Party insurance,5 Speed,Manual,5 Seats,HYDERABAD
₹ 8.50 Lakh,SUV,"20,000 Kms",1st Owner,2022,20.09,Petrol,2022,Third Party insurance,5 Speed,Manual,5 Seats,HYDERABAD
₹ 17 Lakh,Sedan,"10,000 Kms",1st Owner,2022,18.07,Petrol,2022,Third Party insurance,6-Speed,Automatic,5 Seats,HYDERABAD
₹ 1.70 Lakh,Sedan,"1,10,000 Kms",3rd Owner,2012,13.7,Petrol,2012,Third Party insurance,5 Speed,Manual,5 Seats,HYDERABAD
₹ 2 Lakh,Sedan,"1,00,000 Kms",2nd Owner,2006,11.9,Petrol,2006,Third Party insurance,5 Speed,Manual,5 Seats,HYDERABAD
₹ 4 Lakh,SUV,"20,000 Kms",2nd Owner,2012,12.05,Diesel,2012,Third Party insurance,5 Speed,Manual,7 Seats,HYDERABAD
₹ 4 Lakh,SUV,"20,000 Kms",2nd Owner,2012,12.05,Diesel,2012,Third Party insurance,5 Speed,Manual,7 Seats,HYDERABAD
₹ 3.27 Lakh,Hatchback,"87,773 Kms",1st Owner,2014,19.81,Petrol,2014,Comprehensive,5 Speed,Manual,5 Seats,HYDERABAD
₹ 6.27 Lakh,Sedan,"81,854 Kms",1st Owner,2018,19.5,Petrol,2018,Comprehensive,5 Speed,Manual,5 Seats,HYDERABAD
₹ 3.50 Lakh,Hatchback,"1,10,000 Kms",1st Owner,2012,22.9,Diesel,2012,Third Party insurance,5 Speed,Manual,5 Seats,HYDERABAD
₹ 9.93 Lakh,SUV,"33,090 Kms",1st Owner,2021,17.33,Petrol,2021,Third Party,6 Speed,Manual,5 Seats,HYDERABAD
₹ 5.50 Lakh,Sedan,"76,071 Kms",2nd Owner,2016,20.73,Petrol,2016,Third Party insurance,5 Speed,Manual,5 Seats,HYDERABAD
₹ 2.50 Lakh,Hatchback,"60,000 Kms",3rd Owner,2016,25.17,Petrol,2016,Third Party insurance,5 Speed,Manual,5 Seats,HYDERABAD
₹ 19.24 Lakh,SUV,"96,529 Kms",1st Owner,2021,14.08,Diesel,2021,Third Party insurance,6-Speed,Automatic,6 Seats,HYDERABAD
₹ 2.70 Lakh,Sedan,"1,10,000 Kms",2nd Owner,2011,20.54,Diesel,2011,Third Party insurance,5 Speed,Manual,5 Seats,HYDERABAD
₹ 6.69 Lakh,SUV,"89,576 Kms",3rd Owner,2017,22.77,Diesel,2017,Comprehensive,5 Speed,Manual,5 Seats,HYDERABAD
₹ 13.21 Lakh,Sedan,"88,178 Kms",1st Owner,2020,25.0,Diesel,2020,Third Party,6 Speed,Manual,5 Seats,HYDERABAD
₹ 6.50 Lakh,MUV,"70,000 Kms",2nd Owner,2013,20.77,Diesel,2013,Third Party insurance,5 Speed ,Manual,7 Seats,HYDERABAD
₹ 7.06 Lakh,Sedan,"16,925 Kms",1st Owner,2021,18.6,Petrol,2021,Third Party insurance,5 Speed,Manual,5 Seats,HYDERABAD
₹ 2.45 Lakh,Hatchback,"12,000 Kms",1st Owner,2013,22.05,Petrol,2013,Third Party insurance,5 Speed,Manual,5 Seats,HYDERABAD
₹ 55 Lakh,SUV,"20,000 Kms",1st Owner,2018,16.55,Diesel,2018,Third Party insurance,8 Speed,Automatic,5 Seats,HYDERABAD
₹ 7 Lakh,SUV,"60,000 Kms",1st Owner,2013,15.1,Diesel,2013,Third Party insurance,6 Speed,Manual,7 Seats,HYDERABAD
₹ 7 Lakh,SUV,"60,000 Kms",1st Owner,2013,15.1,Diesel,2013,Third Party insurance,6 Speed,Manual,7 Seats,HYDERABAD
₹ 20 Lakh,Sedan,"50,000 Kms",1st Owner,2014,14.74,Diesel,2014,Third Party insurance,8 Speed,Automatic,5 Seats,HYDERABAD
₹ 35 Lakh,Sedan,"1,20,000 Kms",3rd Owner,2018,20.37,Diesel,2018,Third Party insurance,8-Speed Steptronic,Automatic,5 Seats,HYDERABAD
₹ 8.50 Lakh,SUV,"50,000 Kms",2nd Owner,2019,21.5,Diesel,2019,Third Party insurance,6 Speed,Automatic,5 Seats,HYDERABAD
₹ 15 Lakh,MUV,"1,00,000 Kms",1st Owner,2015,12.99,Diesel,2015,Third Party insurance,5 Speed,Manual,7 Seats,HYDERABAD
₹ 5.10 Lakh,Hatchback,"1,20,000 Kms",2nd Owner,2015,22.54,Diesel,2015,Third Party insurance,6 Speed,Manual,5 Seats,JAIPUR
₹ 3.81 Lakh,Hatchback,"66,951 Kms",1st Owner,2012,22.38,Petrol,2012,Third Party,5-Speed,Manual,5 Seats,JAIPUR
₹ 3.20 Lakh,Hatchback,"80,000 Kms",2nd Owner,2016,23.1,Petrol,2016,Third Party insurance,5 Speed ,Automatic,5 Seats,JAIPUR
₹ 4.20 Lakh,Hatchback,"44,392 Kms",1st Owner,2017,18.9,Petrol,2017,Third Party insurance,5 Speed,Manual,5 Seats,JAIPUR
₹ 3.50 Lakh,Hatchback,"40,000 Kms",1st Owner,2016,20.51,Petrol,2016,Third Party insurance,5 Speed,Automatic,5 Seats,JAIPUR
₹ 1.50 Lakh,Sedan,"1,50,000 Kms",2nd Owner,2007,16.8,Diesel,2007,Third Party insurance,5 Speed,Manual,5 Seats,JAIPUR
₹ 4.89 Lakh,Sedan,"91,771 Kms",2nd Owner,2016,19.1,Petrol,2016,Comprehensive,5 Speed ,Manual,5 Seats,JAIPUR
₹ 4.25 Lakh,Sedan,"90,000 Kms",1st Owner,2011,17.2,Diesel,2011,Third Party insurance,6 Speed,Automatic,5 Seats,JAIPUR
₹ 13.75 Lakh,SUV,"58,621 Kms",1st Owner,2014,17.05,Diesel,2014,Comprehensive,8-Speed ,Automatic,5 Seats,JAIPUR
₹ 4.50 Lakh,Sedan,"90,000 Kms",1st Owner,2011,17.2,Diesel,2011,Third Party insurance,6 Speed,Automatic,5 Seats,JAIPUR
₹ 3.50 Lakh,Hatchback,"1,20,000 Kms",3rd Owner,2013,21.9,Diesel,2013,Third Party insurance,6 Speed,Manual,5 Seats,JAIPUR
₹ 4.49 Lakh,Sedan,"1,20,000 Kms",1st Owner,2017,22.95,Diesel,2017,Third Party insurance,5 Speed,Manual,5 Seats,JAIPUR
₹ 2.95 Lakh,Hatchback,"53,165 Kms",1st Owner,2011,16.95,Petrol,2011,Comprehensive,4-Speed,Automatic,5 Seats,JAIPUR
₹ 58.90 Lakh,Sedan,"13,500 Kms",1st Owner,2020,20.37,Diesel,2020,Comprehensive,8-Speed Steptronic,Automatic,5 Seats,JAIPUR
₹ 1.05 Crore,Sedan,"44,210 Kms",1st Owner,2020,16.77,Diesel,2020,Comprehensive,8 Speed,Automatic,5 Seats,JAIPUR
₹ 19.90 Lakh,Sedan,"63,255 Kms",1st Owner,2017,18.19,Diesel,2017,Comprehensive,6 Speed,Automatic,5 Seats,JAIPUR
₹ 4.75 Lakh,Sedan,"79,215 Kms",1st Owner,2015,26.59,Diesel,2015,Third Party insurance,5 Speed,Manual,5 Seats,JAIPUR
₹ 20 Lakh,SUV,200 Kms,1st Owner,2023,18.9,Petrol,2023,Third Party insurance,6-speed IVT,Automatic,5 Seats,JAIPUR
₹ 9 Lakh,SUV,"40,000 Kms",1st Owner,2019,17.0,Petrol,2019,Third Party insurance,6 Speed,Manual,5 Seats,JAIPUR
₹ 9.50 Lakh,SUV,"40,000 Kms",1st Owner,2021,17.05,Petrol,2021,Third Party insurance,6 Speed,Automatic,5 Seats,JAIPUR
₹ 19 Lakh,SUV,"60,000 Kms",1st Owner,2020,16.35,Diesel,2020,Third Party insurance,6-Speed,Manual,5 Seats,JAIPUR
₹ 4.36 Lakh,Sedan,"92,721 Kms",1st Owner,2017,17.0,Petrol,2017,Third Party,5 Speed,Manual,5 Seats,JAIPUR
₹ 10 Lakh,SUV,"90,000 Kms",1st Owner,2016,19.67,Diesel,2016,Third Party insurance,6 Speed,Manual,5 Seats,JAIPUR
₹ 2.52 Lakh,Hatchback,"34,644 Kms",1st Owner,2012,16.47,Petrol,2012,Third Party insurance,5 Speed,Manual,5 Seats,JAIPUR
₹ 6.85 Lakh,Hatchback,"23,000 Kms",2nd Owner,2021,21.01,Petrol,2021,Comprehensive,5 Speed,Manual,5 Seats,JAIPUR
₹ 5.50 Lakh,Sedan,"1,00,000 Kms",1st Owner,2015,17.4,Petrol,2015,Third Party insurance,5 Speed ,Manual,5 Seats,JAIPUR
₹ 6.99 Lakh,Sedan,"95,000 Kms",2nd Owner,2018,23.8,Diesel,2018,Comprehensive,5 Speed,Automatic,5 Seats,JAIPUR
₹ 7.50 Lakh,Sedan,"69,000 Kms",1st Owner,2018,28.4,Diesel,2018,Comprehensive,5 Speed,Manual,5 Seats,JAIPUR
₹ 3.25 Lakh,Hatchback,"22,000 Kms",1st Owner,2018,24.7,Petrol,2018,Comprehensive,5 Speed,Manual,5 Seats,JAIPUR
₹ 13 Lakh,Sedan,"85,000 Kms",2nd Owner,2012,18.48,Diesel,2012,Third Party insurance,6 Speed,Automatic,5 Seats,JAIPUR
₹ 22.50 Lakh,SUV,"90,000 Kms",2nd Owner,2017,16.25,Diesel,2017,Third Party insurance,7 Speed,Automatic,7 Seats,JAIPUR
₹ 46 Lakh,SUV,"82,243 Kms",1st Owner,2017,15.3,Diesel,2017,Comprehensive,8 Speed,Automatic,5 Seats,JAIPUR
₹ 3.75 Lakh,Hatchback,"63,000 Kms",2nd Owner,2013,18.5,Petrol,2013,Comprehensive,5 Speed,Manual,5 Seats,JAIPUR
₹ 5.60 Lakh,Hatchback,"77,177 Kms",1st Owner,2016,27.39,Diesel,2016,Comprehensive,5 Speed,Manual,5 Seats,JAIPUR
₹ 5.90 Lakh,Sedan,"28,368 Kms",1st Owner,2011,20.54,Diesel,2011,Comprehensive,5 Speed,Manual,5 Seats,JAIPUR
₹ 5.55 Lakh,SUV,"40,000 Kms",1st Owner,2022,19.17,Petrol,2022,Third Party insurance,5 Speed,Manual,5 Seats,JAIPUR
₹ 42 Lakh,SUV,"9,690 Kms",1st Owner,2022,14.82,Petrol,2022,Comprehensive,7 Speed,Automatic,5 Seats,JAIPUR
"₹ 60,000 ",Hatchback,"40,000 Kms",2nd Owner,2011,26.0,Petrol,2011,Third Party insurance,4 Speed,Manual,4 Seats,JAIPUR
₹ 6 Lakh,Hatchback,"40,000 Kms",1st Owner,2019,21.21,Petrol,2019,Third Party insurance,5,Manual,5 Seats,JAIPUR
₹ 1.70 Lakh,Hatchback,"80,000 Kms",2nd Owner,2011,21.1,Petrol,2011,Third Party insurance,5 Speed,Manual,5 Seats,JAIPUR
₹ 3.43 Lakh,Hatchback,"62,761 Kms",1st Owner,2014,22.07,Diesel,2014,Comprehensive,5 Speed,Manual,5 Seats,JAIPUR
₹ 5.44 Lakh,Hatchback,"45,075 Kms",1st Owner,2019,20.52,Petrol,2019,Zero Dep,5 Speed,Manual,5 Seats,JAIPUR
₹ 9.90 Lakh,SUV,"36,882 Kms",1st Owner,2021,16.82,Petrol,2021,Comprehensive,6 Speed,Manual,5 Seats,JAIPUR
₹ 4.69 Lakh,Hatchback,"82,030 Kms",1st Owner,2015,18.9,Petrol,2015,Comprehensive,5 Speed,Manual,5 Seats,JAIPUR
₹ 7.16 Lakh,Hatchback,"31,469 Kms",1st Owner,2017,21.4,Petrol,2017,Third Party insurance,CVT,Automatic,5 Seats,JAIPUR
₹ 10 Lakh,SUV,"20,000 Kms",1st Owner,2022,18.55,Petrol,2022,Third Party insurance,5 Speed,Manual,5 Seats,JAIPUR
₹ 1.50 Lakh,Hatchback,"70,000 Kms",3rd Owner,2010,18.0,Petrol,2010,Third Party insurance,5 Speed,Manual,5 Seats,JAIPUR
₹ 3.05 Lakh,Hatchback,"1,20,000 Kms",1st Owner,2014,21.9,Diesel,2014,Third Party insurance,6 Speed,Manual,5 Seats,JAIPUR
₹ 5.50 Lakh,Sedan,"1,20,000 Kms",2nd Owner,2017,26.59,Diesel,2017,Third Party insurance,5 Speed,Manual,5 Seats,JAIPUR
₹ 13 Lakh,SUV,"90,000 Kms",3rd Owner,2014,15.73,Diesel,2014,Third Party insurance,7-Speed S-Tronic ,Automatic,5 Seats,JAIPUR
₹ 2.90 Lakh,Hatchback,"70,000 Kms",5th Owner,2012,19.4,Petrol,2012,Third Party insurance,5 Speed,Manual,5 Seats,JAIPUR
₹ 5.50 Lakh,Sedan,"90,000 Kms",2nd Owner,2013,22.32,Diesel,2013,Third Party insurance,6 Speed ,Manual,5 Seats,JAIPUR
₹ 2.10 Lakh,Sedan,"1,00,000 Kms",2nd Owner,2011,13.2,LPG,2011,Third Party insurance,5-Speed,Manual,5 Seats,JAIPUR
₹ 9.10 Lakh,MUV,"70,000 Kms",1st Owner,2020,19.01,Petrol,2020,Third Party insurance,5-Speed,Manual,6 Seats,JAIPUR
₹ 2.25 Lakh,Hatchback,"80,000 Kms",1st Owner,2010,18.9,Petrol,2010,Third Party insurance,5 Speed,Manual,5 Seats,JAIPUR
₹ 7.25 Lakh,Hatchback,"43,336 Kms",1st Owner,2018,18.6,Petrol,2018,Comprehensive,5 Speed,Manual,5 Seats,JAIPUR
₹ 5.70 Lakh,MUV,"1,20,000 Kms",2nd Owner,2018,17.3,Diesel,2018,Third Party insurance,6 Speed,Manual,8 Seats,JAIPUR
₹ 12 Lakh,Sedan,"40,000 Kms",2nd Owner,2020,18.3,Petrol,2020,Third Party insurance,CVT,Automatic,5 Seats,JAIPUR
₹ 7.21 Lakh,SUV,"90,000 Kms",2nd Owner,2018,17.0,Petrol,2018,Third Party insurance,6 Speed,Manual,5 Seats,JAIPUR
₹ 7.75 Lakh,Hatchback,"21,659 Kms",1st Owner,2021,17.1,Petrol,2021,Third Party insurance,5 Speed,Manual,5 Seats,JAIPUR
₹ 7.40 Lakh,SUV,"80,000 Kms",1st Owner,2017,24.3,Diesel,2017,Third Party insurance,5 Speed,Manual,5 Seats,JAIPUR
₹ 7.32 Lakh,Hatchback,"63,662 Kms",1st Owner,2018,21.4,Petrol,2018,Third Party insurance,CVT,Automatic,5 Seats,JAIPUR
₹ 6.50 Lakh,MUV,"1,88,000 Kms",2nd Owner,2012,12.99,Diesel,2012,Comprehensive,5 Speed,Manual,8 Seats,JAIPUR
₹ 58.90 Lakh,Sedan,"82,058 Kms",1st Owner,2019,14.47,Diesel,2019,Comprehensive,8 Speed,Automatic,5 Seats,JAIPUR
₹ 8.50 Lakh,SUV,"67,847 Kms",1st Owner,2019,25.1,Diesel,2019,Comprehensive,5 Speed,Manual,5 Seats,JAIPUR
₹ 16.50 Lakh,SUV,"59,627 Kms",1st Owner,2020,18.0,Diesel,2020,Comprehensive,6-Speed,Automatic,5 Seats,JAIPUR
₹ 21.50 Lakh,SUV,"20,000 Kms",1st Owner,2022,14.6,Diesel,2022,Third Party insurance,6-Speed,Automatic,5 Seats,JAIPUR
₹ 5 Lakh,SUV,"50,000 Kms",1st Owner,2013,15.1,Diesel,2013,Third Party insurance,6 Speed ,Manual,7 Seats,JAIPUR
₹ 2.50 Lakh,Sedan,"1,10,000 Kms",2nd Owner,2011,19.3,Diesel,2011,Third Party insurance,5 Speed,Manual,5 Seats,JAIPUR
₹ 14.73 Lakh,Sedan,"20,000 Kms",1st Owner,2022,19.47,Petrol,2022,Third Party insurance,6-Speed,Manual,5 Seats,JAIPUR
₹ 6.50 Lakh,Sedan,"1,00,000 Kms",4th Owner,2018,28.4,Diesel,2018,Third Party insurance,5 Speed,Manual,5 Seats,JAIPUR
₹ 1.75 Lakh,Sedan,"80,000 Kms",2nd Owner,2009,15.5,Petrol,2009,Third Party insurance,5 Speed,Manual,5 Seats,JAIPUR
₹ 7.50 Lakh,SUV,"76,800 Kms",1st Owner,2018,21.7,Diesel,2018,Third Party insurance,5 Speed,Manual,5 Seats,JAIPUR
₹ 6.90 Lakh,Hatchback,"71,711 Kms",1st Owner,2017,21.4,Petrol,2017,Comprehensive,CVT,Automatic,5 Seats,JAIPUR
₹ 7.14 Lakh,Hatchback,"28,406 Kms",1st Owner,2019,21.4,Petrol,2019,Zero Dep,5 Speed,Manual,5 Seats,JAIPUR
₹ 26.80 Lakh,Sedan,"50,000 Kms",1st Owner,2020,14.67,Petrol,2020,Third Party insurance,7 Speed,Automatic,5 Seats,JAIPUR
₹ 4.92 Lakh,Hatchback,"53,615 Kms",1st Owner,2019,25.24,Petrol,2019,Third Party insurance,5-Speed,Manual,5 Seats,JAIPUR
₹ 4.01 Lakh,Hatchback,"33,959 Kms",2nd Owner,2015,18.9,Petrol,2015,Third Party,5 Speed,Manual,5 Seats,JAIPUR
₹ 4.75 Lakh,Hatchback,"65,300 Kms",2nd Owner,2016,18.7,Petrol,2016,Comprehensive,5 Speed,Manual,5 Seats,JAIPUR
₹ 17 Lakh,SUV,"49,000 Kms",1st Owner,2020,17.1,Diesel,2020,Comprehensive,6 Speed,Manual,5 Seats,JAIPUR
₹ 5.25 Lakh,Sedan,"81,000 Kms",2nd Owner,2014,19.3,Diesel,2014,Comprehensive,5 Speed,Manual,5 Seats,JAIPUR
₹ 1.75 Lakh,Hatchback,"70,000 Kms",3rd Owner,2014,20.3,Petrol,2014,Third Party insurance,5 Speed,Manual,5 Seats,JAIPUR
₹ 1.30 Lakh,Hatchback,"1,50,000 Kms",3rd Owner,2010,11.88,CNG,2010,Third Party insurance,5 Speed,Manual,5 Seats,JAIPUR
₹ 11.50 Lakh,SUV,"62,000 Kms",1st Owner,2021,18.9,Diesel,2021,Comprehensive,6-Speed,Manual,5 Seats,JAIPUR
₹ 9.34 Lakh,SUV,"40,000 Kms",1st Owner,2020,24.3,Diesel,2020,Third Party insurance,5 Speed,Manual,5 Seats,JAIPUR
₹ 3.60 Lakh,Sedan,"1,10,000 Kms",1st Owner,2013,20.54,Diesel,2013,Third Party insurance,5 Speed,Manual,5 Seats,JAIPUR
₹ 7.10 Lakh,SUV,"30,000 Kms",1st Owner,2019,17.0,Petrol,2019,Third Party insurance,6 Speed,Manual,5 Seats,JAIPUR
₹ 1.50 Lakh,Hatchback,"90,000 Kms",2nd Owner,2007,24.7,Petrol,2007,Third Party insurance,5 Speed,Manual,5 Seats,JAIPUR
₹ 6.50 Lakh,Sedan,"1,20,000 Kms",1st Owner,2017,17.9,Diesel,2017,Third Party insurance,6 Speed,Manual,5 Seats,JAIPUR
₹ 3.50 Lakh,Sedan,"90,000 Kms",4th Owner,2014,25.8,Diesel,2014,Third Party insurance,5 Speed,Manual,5 Seats,JAIPUR
₹ 21.90 Lakh,Sedan,"41,521 Kms",1st Owner,2019,15.1,Petrol,2019,Comprehensive,7 Speed,Automatic,5 Seats,JAIPUR
₹ 11 Lakh,MUV,"80,000 Kms",1st Owner,2016,12.99,Diesel,2016,Third Party insurance,5 Speed,Manual,8 Seats,JAIPUR
₹ 6.25 Lakh,Hatchback,"76,000 Kms",1st Owner,2019,22.35,Petrol,2019,Comprehensive,5-Speed,Manual,5 Seats,JAIPUR
₹ 4.96 Lakh,Hatchback,"1,00,977 Kms",2nd Owner,2018,18.9,Petrol,2018,Comprehensive,5 Speed,Manual,5 Seats,JAIPUR
₹ 8.99 Lakh,MUV,"23,793 Kms",1st Owner,2015,24.52,Diesel,2015,Comprehensive,5 Speed,Manual,7 Seats,JAIPUR
₹ 6.75 Lakh,Sedan,"81,000 Kms",1st Owner,2015,25.1,Diesel,2015,Comprehensive,6 Speed ,Manual,5 Seats,JAIPUR
₹ 9.10 Lakh,SUV,"43,867 Kms",1st Owner,2021,17.29,Diesel,2021,Third Party,5 Speed,Manual,7 Seats,JAIPUR
₹ 8.30 Lakh,SUV,"35,000 Kms",1st Owner,2019,23.22,Diesel,2019,Comprehensive,6-Speed,Manual,5 Seats,JAIPUR
₹ 9.50 Lakh,SUV,"1,25,000 Kms",2nd Owner,2016,17.01,Diesel,2016,Comprehensive,6 Speed,Automatic,5 Seats,JAIPUR
₹ 4.70 Lakh,Hatchback,"83,000 Kms",2nd Owner,2019,18.9,Petrol,2019,Comprehensive,5 Speed,Manual,5 Seats,JAIPUR
₹ 90 Lakh,SUV,300 Kms,1st Owner,2023,18.9,Petrol,2023,Comprehensive,8 Speed,Automatic,5 Seats,JAIPUR
₹ 8.50 Lakh,SUV,"84,000 Kms",1st Owner,2017,21.38,Diesel,2017,Third Party insurance,6 Speed,Manual,5 Seats,JAIPUR
₹ 6.65 Lakh,Hatchback,"10,000 Kms",1st Owner,2023,19.01,Petrol,2023,Third Party insurance,5-Speed,Manual,5 Seats,JAIPUR
₹ 3.60 Lakh,Sedan,"1,10,000 Kms",1st Owner,2013,20.54,Diesel,2013,Third Party insurance,5 Speed,Manual,5 Seats,JAIPUR
₹ 18.50 Lakh,SUV,"64,000 Kms",1st Owner,2022,18.9,Diesel,2022,Comprehensive,6-speed,Automatic,5 Seats,JAIPUR
₹ 1.20 Lakh,Hatchback,"90,000 Kms",4th Owner,2009,19.7,Petrol,2009,Third Party insurance,5 Speed,Manual,5 Seats,JAIPUR
₹ 6 Lakh,Hatchback,"56,000 Kms",2nd Owner,2019,18.2,Petrol,2019,Third Party insurance,5 Speed,Automatic,5 Seats,JAIPUR
₹ 3.60 Lakh,SUV,"1,20,000 Kms",2nd Owner,2013,22.7,Diesel,2013,Third Party insurance,5 Speed,Manual,5 Seats,JAIPUR
₹ 6.25 Lakh,Hatchback,"75,000 Kms",1st Owner,2015,22.54,Diesel,2015,Comprehensive,6 Speed,Manual,5 Seats,JAIPUR
₹ 7.40 Lakh,SUV,"26,633 Kms",1st Owner,2019,17.5,Petrol,2019,Comprehensive,5 Speed,Manual,5 Seats,JAIPUR
₹ 1.42 Lakh,Hatchback,"1,00,000 Kms",2nd Owner,2009,19.7,Petrol,2009,Third Party insurance,5 Speed,Manual,5 Seats,JAIPUR
₹ 12 Lakh,Sedan,"40,000 Kms",2nd Owner,2020,18.3,Petrol,2020,Third Party insurance,CVT,Automatic,5 Seats,JAIPUR
₹ 5.75 Lakh,Hatchback,"4,527 Kms",1st Owner,2022,20.3,Petrol,2022,Third Party,5 Speed,Manual,5 Seats,JAIPUR
₹ 3.21 Lakh,Hatchback,"25,446 Kms",1st Owner,2017,23.0,Petrol,2017,Comprehensive,5-Speed,Automatic,5 Seats,JAIPUR
₹ 6.80 Lakh,SUV,"50,923 Kms",1st Owner,2019,17.5,Petrol,2019,Comprehensive,5 Speed,Manual,5 Seats,JAIPUR
₹ 8.25 Lakh,SUV,"56,123 Kms",1st Owner,2017,24.3,Diesel,2017,Comprehensive,5 Speed,Manual,5 Seats,JAIPUR
₹ 3.96 Lakh,Hatchback,"64,984 Kms",1st Owner,2015,20.51,Petrol,2015,Comprehensive,5 Speed,Manual,5 Seats,JAIPUR
₹ 7.42 Lakh,Hatchback,"77,561 Kms",2nd Owner,2019,21.4,Petrol,2019,Zero Dep,CVT,Automatic,5 Seats,JAIPUR
₹ 8.51 Lakh,SUV,"90,000 Kms",1st Owner,2018,25.1,Diesel,2018,Third Party insurance,5 Speed,Manual,5 Seats,JAIPUR
₹ 8.40 Lakh,SUV,"85,123 Kms",1st Owner,2018,24.3,Diesel,2018,Comprehensive,5 Speed,Manual,5 Seats,JAIPUR
₹ 8.51 Lakh,Sedan,"90,456 Kms",1st Owner,2019,25.6,Diesel,2019,Comprehensive,6 Speed,Manual,5 Seats,JAIPUR
₹ 13 Lakh,SUV,"94,215 Kms",1st Owner,2017,17.1,Diesel,2017,Comprehensive,6 Speed,Manual,5 Seats,JAIPUR
₹ 9.70 Lakh,SUV,"76,200 Kms",2nd Owner,2016,16.0,Diesel,2016,Comprehensive,6 Speed,Manual,7 Seats,JAIPUR
₹ 7.75 Lakh,SUV,"59,000 Kms",1st Owner,2019,17.5,Petrol,2019,Comprehensive,5 Speed,Manual,5 Seats,JAIPUR
₹ 11 Lakh,MUV,"80,000 Kms",1st Owner,2016,12.99,Diesel,2016,Third Party insurance,5 Speed,Manual,8 Seats,JAIPUR
₹ 7 Lakh,Sedan,"1,12,000 Kms",1st Owner,2017,28.09,Diesel,2017,Comprehensive,5 Speed,Manual,5 Seats,JAIPUR
₹ 11 Lakh,SUV,"20,000 Kms",1st Owner,2023,17.38,Petrol,2023,Third Party insurance,5-Speed,Manual,5 Seats,JAIPUR
₹ 9.15 Lakh,SUV,"20,000 Kms",1st Owner,2020,17.0,Petrol,2020,Third Party insurance,6 Speed,Automatic,5 Seats,JAIPUR
₹ 18.50 Lakh,SUV,"46,100 Kms",1st Owner,2021,17.88,Petrol,2021,Comprehensive,7-Speed DSG,Automatic,5 Seats,JAIPUR
₹ 6 Lakh,Hatchback,"51,374 Kms",1st Owner,2020,21.01,Petrol,2020,Comprehensive,5 Speed,Manual,5 Seats,JAIPUR
₹ 9 Lakh,SUV,"40,000 Kms",1st Owner,2019,24.3,Diesel,2019,Third Party insurance,5 Speed,Manual,5 Seats,JAIPUR
₹ 4 Lakh,Hatchback,"1,10,000 Kms",2nd Owner,2019,23.1,Petrol,2019,Third Party insurance,5 Speed,Manual,5 Seats,JAIPUR
₹ 5.40 Lakh,MUV,"1,20,000 Kms",4th Owner,2015,24.52,Diesel,2015,Third Party insurance,5 Speed,Manual,7 Seats,JAIPUR
₹ 6.40 Lakh,SUV,"48,089 Kms",3rd Owner,2018,17.5,Petrol,2018,Zero Dep,5 Speed,Manual,5 Seats,JAIPUR
₹ 7.98 Lakh,Sedan,"51,046 Kms",2nd Owner,2018,17.4,Petrol,2018,Third Party insurance,5 Speed,Manual,5 Seats,JAIPUR
₹ 3.85 Lakh,Hatchback,"62,134 Kms",1st Owner,2015,18.9,Petrol,2015,Third Party,5 Speed,Manual,5 Seats,JAIPUR
₹ 4.85 Lakh,Hatchback,"54,256 Kms",1st Owner,2016,18.7,Petrol,2016,Comprehensive,5 Speed,Manual,5 Seats,JAIPUR
₹ 5.28 Lakh,Sedan,"1,18,046 Kms",2nd Owner,2017,20.73,Petrol,2017,Third Party,5 Speed,Manual,5 Seats,JAIPUR
₹ 10 Lakh,SUV,"44,461 Kms",1st Owner,2021,19.2,Petrol,2021,Comprehensive,6-speed,Manual,5 Seats,JAIPUR
₹ 5.45 Lakh,Hatchback,"80,000 Kms",1st Owner,2020,18.9,Petrol,2020,Third Party insurance,5 Speed,Manual,5 Seats,JAIPUR
₹ 8.35 Lakh,MUV,"1,25,000 Kms",2nd Owner,2015,12.8,Diesel,2015,Third Party insurance,5 Speed,Manual,8 Seats,JAIPUR
₹ 6.35 Lakh,SUV,"1,20,000 Kms",2nd Owner,2013,12.05,Diesel,2013,Third Party insurance,5 Speed,Manual,8 Seats,JAIPUR
₹ 6.21 Lakh,Sedan,"70,123 Kms",1st Owner,2017,20.73,Petrol,2017,Comprehensive,5 Speed,Manual,5 Seats,JAIPUR
₹ 8.50 Lakh,SUV,"80,000 Kms",1st Owner,2016,21.38,Diesel,2016,Third Party insurance,6 Speed,Manual,5 Seats,JAIPUR
₹ 9.80 Lakh,Sedan,"80,000 Kms",1st Owner,2019,17.4,Petrol,2019,Third Party insurance,5 Speed,Manual,5 Seats,JAIPUR
₹ 4.50 Lakh,SUV,"1,20,000 Kms",3rd Owner,2007,10.5,Diesel,2007,Third Party insurance,5 Speed,Manual,6 Seats,JAIPUR
₹ 31.90 Lakh,SUV,"1,14,756 Kms",1st Owner,2015,15.26,Diesel,2015,Comprehensive,7 Speed,Automatic,5 Seats,JAIPUR
₹ 8.99 Lakh,MUV,"23,793 Kms",1st Owner,2016,24.52,Diesel,2016,Comprehensive,5 Speed,Manual,7 Seats,JAIPUR
₹ 12 Lakh,SUV,"1,00,181 Kms",2nd Owner,2011,11.5,Diesel,2011,Comprehensive,5 Speed,Manual,7 Seats,JAIPUR
₹ 3.60 Lakh,Hatchback,"60,000 Kms",1st Owner,2016,21.63,Petrol,2016,Comprehensive,5 Speed,Manual,5 Seats,JAIPUR
₹ 13.95 Lakh,SUV,"16,858 Kms",1st Owner,2019,16.5,Petrol,2019,Comprehensive,6-Speed,Manual,5 Seats,JAIPUR
₹ 6 Lakh,SUV,"80,000 Kms",2nd Owner,2017,18.49,Diesel,2017,Third Party insurance,5 Speed,Manual,7 Seats,JAIPUR
₹ 4.53 Lakh,Hatchback,"7,414 Kms",1st Owner,2022,22.25,Petrol,2022,Third Party,5 Speed,Manual,5 Seats,JAIPUR
₹ 5.34 Lakh,Hatchback,"18,206 Kms",1st Owner,2020,18.5,Petrol,2020,Third Party,5 Speed,Manual,5 Seats,JAIPUR
₹ 6.10 Lakh,Sedan,"77,000 Kms",2nd Owner,2016,17.8,Petrol,2016,Comprehensive,5 Speed,Manual,5 Seats,JAIPUR
₹ 7.09 Lakh,SUV,"56,569 Kms",1st Owner,2019,23.0,Diesel,2019,Third Party,5 Speed,Manual,5 Seats,JAIPUR
₹ 10 Lakh,Sedan,"44,461 Kms",1st Owner,2021,19.47,Petrol,2021,Comprehensive,6-Speed,Manual,5 Seats,JAIPUR
₹ 3.20 Lakh,Hatchback,"40,000 Kms",2nd Owner,2019,22.05,Petrol,2019,Third Party insurance,5 Speed,Manual,5 Seats,JAIPUR
₹ 8.90 Lakh,Sedan,"20,000 Kms",1st Owner,2022,22.41,Petrol,2022,Third Party insurance,5 Speed,Manual,5 Seats,JAIPUR
₹ 7.25 Lakh,Sedan,"30,000 Kms",1st Owner,2020,18.6,Petrol,2020,Third Party insurance,5 Speed,Manual,5 Seats,JAIPUR
₹ 11.50 Lakh,SUV,"1,20,000 Kms",1st Owner,2017,17.1,Diesel,2017,Third Party insurance,6 Speed,Manual,5 Seats,JAIPUR
₹ 10.10 Lakh,SUV,"90,000 Kms",2nd Owner,2017,17.01,Diesel,2017,Third Party insurance,6 Speed,Automatic,5 Seats,JAIPUR
₹ 7.90 Lakh,SUV,"43,919 Kms",1st Owner,2016,21.9,Diesel,2016,Comprehensive,6 Speed,Manual,7 Seats,JAIPUR
₹ 8.88 Lakh,SUV,"80,000 Kms",1st Owner,2015,19.67,Diesel,2015,Third Party insurance,6 Speed,Manual,5 Seats,JAIPUR
₹ 6.95 Lakh,Sedan,"72,602 Kms",2nd Owner,2016,19.08,Diesel,2016,Comprehensive,4 Speed,Automatic,5 Seats,JAIPUR
₹ 4.25 Lakh,Hatchback,"86,000 Kms",1st Owner,2016,18.9,Petrol,2016,Third Party insurance,5 Speed,Manual,5 Seats,JAIPUR
₹ 4.25 Lakh,Hatchback,"32,355 Kms",1st Owner,2020,21.46,Petrol,2020,Comprehensive,5 Speed,Manual,5 Seats,JAIPUR
₹ 7.10 Lakh,Hatchback,"40,000 Kms",2nd Owner,2021,21.0,Petrol,2021,Third Party insurance,5 Speed,Manual,5 Seats,JAIPUR
₹ 10.60 Lakh,Sedan,"30,000 Kms",1st Owner,2020,18.6,Petrol,2020,Third Party insurance,6 Speed,Manual,5 Seats,JAIPUR
₹ 23.90 Lakh,SUV,"94,724 Kms",1st Owner,2016,17.05,Diesel,2016,Comprehensive,8-Speed ,Automatic,5 Seats,JAIPUR
₹ 25 Lakh,Sedan,"72,916 Kms",1st Owner,2017,19.6,Diesel,2017,Comprehensive,6 Speed,Automatic,5 Seats,JAIPUR
₹ 4 Lakh,Hatchback,"1,00,000 Kms",1st Owner,2016,20.51,Petrol,2016,Third Party insurance,5 Speed,Manual,5 Seats,JAIPUR
₹ 21.90 Lakh,Sedan,"41,521 Kms",1st Owner,2019,15.1,Petrol,2019,Comprehensive,7 Speed,Automatic,5 Seats,JAIPUR
₹ 7.23 Lakh,SUV,"76,065 Kms",2nd Owner,2019,17.0,Petrol,2019,Comprehensive,6 Speed,Manual,5 Seats,JAIPUR
₹ 4.50 Lakh,SUV,"1,20,000 Kms",3rd Owner,2007,10.5,Diesel,2007,Third Party insurance,5 Speed,Manual,6 Seats,JAIPUR
₹ 7.90 Lakh,Hatchback,"9,909 Kms",2nd Owner,2022,22.35,Petrol,2022,Zero Dep,5 Speed,Manual,5 Seats,JAIPUR
₹ 7.95 Lakh,Sedan,"37,811 Kms",2nd Owner,2018,17.4,Petrol,2018,Third Party,5 Speed,Manual,5 Seats,JAIPUR
₹ 2.52 Lakh,Sedan,"60,000 Kms",3rd Owner,2014,21.02,Diesel,2014,Third Party insurance,5 Speed,Manual,5 Seats,JAIPUR
₹ 6.10 Lakh,Sedan,"1,20,000 Kms",2nd Owner,2015,20.34,Diesel,2015,Third Party insurance,5 Speed,Manual,5 Seats,JAIPUR
₹ 21.90 Lakh,Sedan,"42,840 Kms",1st Owner,2015,20.38,Diesel,2015,Comprehensive,6 Speed,Automatic,5 Seats,JAIPUR
₹ 10.20 Lakh,SUV,"60,000 Kms",1st Owner,2019,17.0,Petrol,2019,Third Party insurance,6 Speed,Manual,5 Seats,JAIPUR
₹ 2 Lakh,Hatchback,"1,20,000 Kms",1st Owner,2013,18.0,Diesel,2013,Third Party insurance,5 Speed,Manual,5 Seats,JAIPUR
₹ 6.50 Lakh,Hatchback,"70,000 Kms",2nd Owner,2018,21.21,Petrol,2018,Comprehensive,5,Manual,5 Seats,JAIPUR
₹ 14.25 Lakh,SUV,"8,401 Kms",1st Owner,2022,14.82,Petrol,2022,Third Party insurance,8 Speed CVT,Automatic,5 Seats,JAIPUR
₹ 17.90 Lakh,MUV,"16,275 Kms",1st Owner,2022,16.5,Petrol,2022,Comprehensive,7-Speed DCT,Automatic,6 Seats,JAIPUR
₹ 6.30 Lakh,SUV,"30,000 Kms",1st Owner,2019,17.0,Petrol,2019,Third Party insurance,5 Speed,Manual,5 Seats,JAIPUR
₹ 14.50 Lakh,SUV,"22,289 Kms",1st Owner,2021,16.8,Petrol,2021,Comprehensive,6-Speed,Manual,5 Seats,JAIPUR
₹ 2.85 Lakh,Hatchback,"70,123 Kms",1st Owner,2018,23.01,Petrol,2018,Third Party,5 Speed,Manual,5 Seats,JAIPUR
₹ 5.35 Lakh,MUV,"50,123 Kms",1st Owner,2019,20.0,Petrol,2019,Comprehensive,5 Speed,Manual,7 Seats,JAIPUR
₹ 4.35 Lakh,Hatchback,"70,123 Kms",1st Owner,2018,21.63,Petrol,2018,Comprehensive,5 Speed,Automatic,5 Seats,JAIPUR
₹ 2.30 Lakh,Hatchback,"1,00,000 Kms",3rd Owner,2016,21.1,Petrol,2016,Third Party insurance,5 Speed,Manual,5 Seats,JAIPUR
₹ 5.50 Lakh,SUV,"1,10,000 Kms",3rd Owner,2014,15.1,Diesel,2014,Third Party insurance,6 Speed ,Manual,7 Seats,JAIPUR
₹ 5.74 Lakh,Sedan,"99,643 Kms",1st Owner,2017,21.66,Diesel,2017,Third Party,5 Speed,Manual,5 Seats,JAIPUR
₹ 5.89 Lakh,SUV,"1,03,116 Kms",1st Owner,2017,17.5,Petrol,2017,Zero Dep,5 Speed,Manual,5 Seats,JAIPUR
₹ 3.50 Lakh,Sedan,"1,20,000 Kms",1st Owner,2017,22.1,Diesel,2017,Third Party insurance,5 Speed,Manual,5 Seats,JAIPUR
₹ 3.77 Lakh,Hatchback,"43,202 Kms",1st Owner,2017,23.95,Petrol,2017,Comprehensive,5 Speed,Automatic,5 Seats,JAIPUR
₹ 5.44 Lakh,Sedan,"57,671 Kms",1st Owner,2017,17.0,Petrol,2017,Comprehensive,5 Speed,Manual,5 Seats,JAIPUR
₹ 2.25 Lakh,Hatchback,"70,000 Kms",3rd Owner,2014,20.3,Petrol,2014,Comprehensive,5 Speed,Manual,5 Seats,JAIPUR
₹ 17 Lakh,SUV,"40,000 Kms",1st Owner,2021,16.56,Petrol,2021,Third Party insurance,6-speed CVT,Automatic,6 Seats,JAIPUR
₹ 6 Lakh,Sedan,"60,000 Kms",2nd Owner,2017,20.73,Petrol,2017,Third Party insurance,5 Speed,Manual,5 Seats,JAIPUR
₹ 8.70 Lakh,SUV,"60,000 Kms",1st Owner,2021,17.03,Petrol,2021,Third Party insurance,5 Speed,Manual,5 Seats,JAIPUR
₹ 24.90 Lakh,Sedan,"74,700 Kms",1st Owner,2019,17.9,Diesel,2019,Comprehensive,7 Speed,Automatic,5 Seats,JAIPUR
₹ 5 Lakh,Sedan,"1,10,000 Kms",3rd Owner,2015,26.59,Diesel,2015,Third Party insurance,5 Speed,Manual,5 Seats,JAIPUR
₹ 1.80 Lakh,Hatchback,"1,00,000 Kms",4th Owner,2010,19.81,Petrol,2010,Third Party insurance,5 Speed,Manual,5 Seats,JAIPUR
₹ 8 Lakh,Sedan,"60,000 Kms",1st Owner,2020,20.65,Petrol,2020,Third Party insurance,5 Speed,Manual,5 Seats,JAIPUR
₹ 15 Lakh,SUV,"62,000 Kms",1st Owner,2018,17.1,Diesel,2018,Comprehensive,6 Speed,Manual,5 Seats,JAIPUR
₹ 8.50 Lakh,SUV,"1,20,000 Kms",2nd Owner,2012,16.09,Diesel,2012,Third Party insurance,8 Speed,Automatic,5 Seats,JAIPUR
₹ 2.70 Lakh,Sedan,"90,000 Kms",2nd Owner,2014,21.64,Diesel,2014,Third Party insurance,5 Speed,Manual,5 Seats,JAIPUR
₹ 4.10 Lakh,Sedan,"1,20,000 Kms",3rd Owner,2013,22.32,Diesel,2013,Third Party insurance,4 Speed,Manual,5 Seats,JAIPUR
₹ 7.25 Lakh,Sedan,"40,000 Kms",1st Owner,2019,21.56,Petrol,2019,Third Party insurance,5 Speed,Manual,5 Seats,JAIPUR
₹ 9 Lakh,SUV,"60,000 Kms",2nd Owner,2020,17.03,Petrol,2020,Third Party insurance,5 Speed,Manual,5 Seats,JAIPUR
₹ 6.25 Lakh,Hatchback,"50,000 Kms",1st Owner,2018,21.4,Petrol,2018,Third Party insurance,5 Speed,Manual,5 Seats,JAIPUR
₹ 6.65 Lakh,Hatchback,"42,811 Kms",1st Owner,2019,21.4,Petrol,2019,Comprehensive,5 Speed,Manual,5 Seats,JAIPUR
₹ 4.53 Lakh,Hatchback,"82,558 Kms",1st Owner,2018,21.63,Petrol,2018,Zero Dep,5 Speed,Manual,5 Seats,JAIPUR
₹ 7.50 Lakh,Sedan,"40,000 Kms",1st Owner,2019,21.56,Petrol,2019,Third Party insurance,5 Speed,Manual,5 Seats,JAIPUR
₹ 6.92 Lakh,SUV,"1,04,521 Kms",1st Owner,2018,23.0,Diesel,2018,Comprehensive,5 Speed,Manual,5 Seats,JAIPUR
₹ 5.25 Lakh,Hatchback,"95,745 Kms",1st Owner,2018,21.4,Petrol,2018,Comprehensive,5 Speed,Manual,5 Seats,JAIPUR
₹ 4.80 Lakh,Hatchback,"78,000 Kms",1st Owner,2018,24.0,Diesel,2018,Third Party insurance,5 Speed,Manual,5 Seats,JAIPUR
₹ 11 Lakh,Sedan,"90,000 Kms",3rd Owner,2013,18.88,Diesel,2013,Third Party insurance,8 Speed,Automatic,5 Seats,JAIPUR
₹ 2.50 Lakh,Sedan,"1,50,000 Kms",3rd Owner,2009,17.0,Diesel,2009,Third Party insurance,5 Speed,Manual,5 Seats,JAIPUR
₹ 6.80 Lakh,Hatchback,"70,000 Kms",2nd Owner,2020,21.01,Petrol,2020,Third Party insurance,5 Speed,Manual,5 Seats,JAIPUR
₹ 6.80 Lakh,Hatchback,"70,000 Kms",2nd Owner,2020,21.01,Petrol,2020,Third Party insurance,5 Speed,Manual,5 Seats,JAIPUR
₹ 5.50 Lakh,Sedan,"90,000 Kms",2nd Owner,2014,26.0,Diesel,2014,Third Party insurance,6 Speed ,Manual,5 Seats,JAIPUR
₹ 2.70 Lakh,Sedan,"1,00,000 Kms",2nd Owner,2006,11.9,Petrol,2006,Third Party insurance,5 Speed,Manual,5 Seats,JAIPUR
₹ 10.25 Lakh,SUV,"80,000 Kms",2nd Owner,2013,11.1,Petrol,2013,Third Party insurance,5 Speed,Automatic,5 Seats,JAIPUR
₹ 36 Lakh,SUV,"1,50,000 Kms",1st Owner,2017,14.75,Diesel,2017,Third Party insurance,8 Speed,Automatic,7 Seats,JAIPUR
₹ 6.50 Lakh,Sedan,"90,000 Kms",3rd Owner,2016,23.9,Diesel,2016,Third Party insurance,6 Speed,Manual,5 Seats,JAIPUR
₹ 17.50 Lakh,SUV,"60,091 Kms",1st Owner,2013,14.16,Diesel,2013,Third Party insurance,7 Speed,Automatic,5 Seats,JAIPUR
₹ 13.25 Lakh,SUV,"1,70,000 Kms",1st Owner,2012,12.55,Diesel,2012,Comprehensive,5 Speed,Manual,7 Seats,JAIPUR
₹ 2.65 Lakh,Hatchback,"42,000 Kms",2nd Owner,2016,24.7,Petrol,2016,Third Party insurance,5 Speed,Manual,5 Seats,JAIPUR
₹ 6.75 Lakh,SUV,"37,724 Kms",1st Owner,2022,19.17,Petrol,2022,Third Party,5 Speed,Manual,5 Seats,JAIPUR
₹ 1 Lakh,Hatchback,"1,20,000 Kms",1st Owner,2011,20.0,Diesel,2011,Third Party insurance,5 Speed,Manual,5 Seats,JAIPUR
₹ 6.34 Lakh,MUV,"1,00,227 Kms",1st Owner,2014,20.77,Diesel,2014,Third Party,5 Speed ,Manual,7 Seats,JAIPUR
₹ 4.58 Lakh,Sedan,"94,112 Kms",1st Owner,2017,20.14,Petrol,2017,Comprehensive,5 Speed,Manual,5 Seats,JAIPUR
₹ 9.40 Lakh,SUV,"23,848 Kms",1st Owner,2021,17.03,Petrol,2021,Third Party,5 Speed,Manual,5 Seats,JAIPUR
₹ 3.27 Lakh,Hatchback,"43,349 Kms",3rd Owner,2015,20.51,Petrol,2015,Third Party insurance,5 Speed,Manual,5 Seats,JAIPUR
₹ 4.59 Lakh,MUV,"64,394 Kms",3rd Owner,2012,20.77,Diesel,2012,Third Party,5 Speed ,Manual,7 Seats,JAIPUR
₹ 13.90 Lakh,SUV,"17,353 Kms",1st Owner,2021,16.8,Petrol,2021,Comprehensive,6-Speed iMT,Manual,5 Seats,JAIPUR
₹ 1.60 Lakh,Hatchback,"30,000 Kms",2nd Owner,2009,18.9,Petrol,2009,Third Party insurance,5 Speed,Manual,5 Seats,JAIPUR
₹ 1.05 Lakh,Hatchback,"80,000 Kms",3rd Owner,2006,17.0,Petrol,2006,Third Party insurance,5 Speed,Manual,5 Seats,JAIPUR
₹ 2.95 Lakh,Hatchback,"70,000 Kms",1st Owner,2016,26.8,Diesel,2016,Third Party insurance,5 Speed,Manual,5 Seats,JAIPUR
₹ 4.45 Lakh,Hatchback,"10,000 Kms",1st Owner,2021,22.3,Petrol,2021,Third Party insurance,5 Speed,Manual,5 Seats,JAIPUR
₹ 15.25 Lakh,SUV,"49,017 Kms",1st Owner,2020,20.8,Diesel,2020,Comprehensive,6-Speed,Manual,5 Seats,JAIPUR
₹ 7 Lakh,SUV,"1,20,000 Kms",1st Owner,2015,21.38,Diesel,2015,Third Party insurance,6 Speed,Manual,5 Seats,JAIPUR
₹ 13 Lakh,SUV,"80,000 Kms",1st Owner,2019,16.8,Petrol,2019,Third Party insurance,6-Speed,Manual,5 Seats,JAIPUR
₹ 3.90 Lakh,Hatchback,"50,000 Kms",1st Owner,2018,20.51,Petrol,2018,Third Party insurance,5 Speed,Manual,5 Seats,JAIPUR
₹ 3.50 Lakh,Hatchback,"40,000 Kms",1st Owner,2016,20.51,Petrol,2016,Third Party insurance,5 Speed,Automatic,5 Seats,JAIPUR
₹ 4.50 Lakh,Hatchback,"60,000 Kms",1st Owner,2021,22.3,Petrol,2021,Third Party insurance,5 Speed,Manual,5 Seats,JAIPUR
₹ 4.50 Lakh,Hatchback,"70,000 Kms",2nd Owner,2014,25.2,Diesel,2014,Third Party insurance,5 Speed ,Manual,5 Seats,JAIPUR
₹ 9.50 Lakh,SUV,"87,000 Kms",1st Owner,2019,23.7,Diesel,2019,Comprehensive,6-Speed,Manual,5 Seats,JAIPUR
₹ 29.90 Lakh,Sedan,"96,330 Kms",1st Owner,2017,18.12,Diesel,2017,Comprehensive,8 Speed,Automatic,5 Seats,JAIPUR
₹ 4.46 Lakh,Hatchback,"81,040 Kms",2nd Owner,2015,25.2,Diesel,2015,Third Party,5 Speed,Manual,5 Seats,JAIPUR
₹ 6.72 Lakh,Hatchback,"1,12,625 Kms",1st Owner,2018,17.21,Petrol,2018,Third Party,7 Speed,Automatic,5 Seats,JAIPUR
₹ 5 Lakh,Hatchback,"58,374 Kms",1st Owner,2018,18.9,Petrol,2018,Comprehensive,5 Speed,Manual,5 Seats,JAIPUR
₹ 4.09 Lakh,Hatchback,"31,733 Kms",2nd Owner,2014,18.9,Petrol,2014,Third Party,5 Speed,Manual,5 Seats,JAIPUR
₹ 7.59 Lakh,Hatchback,"49,616 Kms",1st Owner,2019,27.39,Diesel,2019,Zero Dep,5 Speed,Manual,5 Seats,JAIPUR
₹ 8.25 Lakh,Sedan,"70,000 Kms",1st Owner,2018,17.4,Petrol,2018,Third Party insurance,5 Speed,Manual,5 Seats,JAIPUR
₹ 6.70 Lakh,Sedan,"68,000 Kms",1st Owner,2016,26.21,Diesel,2016,Comprehensive,5 Speed,Manual,5 Seats,JAIPUR
₹ 2 Lakh,Sedan,"1,20,000 Kms",1st Owner,2011,23.57,Diesel,2011,Third Party insurance,5 Speed,Manual,5 Seats,JAIPUR
₹ 6 Lakh,SUV,"50,000 Kms",2nd Owner,2015,15.85,Petrol,2015,Third Party insurance,5 Speed,Manual,5 Seats,JAIPUR
₹ 6 Lakh,Sedan,"1,20,000 Kms",2nd Owner,2014,22.7,Diesel,2014,Third Party insurance,6 Speed ,Manual,5 Seats,JAIPUR
₹ 58.90 Lakh,SUV,"1,16,544 Kms",1st Owner,2019,11.0,Diesel,2019,Comprehensive,9 Speed,Automatic,7 Seats,JAIPUR
₹ 3.25 Lakh,Hatchback,"49,580 Kms",1st Owner,2010,16.0,Petrol,2010,Comprehensive,Five Speed Manual Transmission Gearbox,Manual,5 Seats,JAIPUR
₹ 11.95 Lakh,SUV,"56,031 Kms",2nd Owner,2017,16.0,Diesel,2017,Third Party insurance,6 Speed,Manual,7 Seats,JAIPUR
₹ 17.90 Lakh,MUV,"15,285 Kms",1st Owner,2022,18.9,Diesel,2022,Comprehensive,6-Speed iMT,Automatic,7 Seats,JAIPUR
₹ 5.90 Lakh,Hatchback,"4,437 Kms",1st Owner,2022,19.01,Petrol,2022,Third Party insurance,5-Speed,Manual,5 Seats,JAIPUR
₹ 4.10 Lakh,Hatchback,"24,590 Kms",1st Owner,2018,20.51,Petrol,2018,Third Party insurance,5 Speed,Manual,5 Seats,JAIPUR
₹ 7 Lakh,Hatchback,"20,000 Kms",1st Owner,2022,21.01,Petrol,2022,Third Party insurance,5 Speed,Manual,5 Seats,JAIPUR
₹ 3.25 Lakh,Hatchback,"70,456 Kms",1st Owner,2013,18.5,Petrol,2013,Comprehensive,5 Speed,Manual,5 Seats,JAIPUR
₹ 14.90 Lakh,Sedan,"20,000 Kms",1st Owner,2022,19.47,Petrol,2022,Third Party insurance,6-Speed,Manual,5 Seats,JAIPUR
₹ 3.11 Lakh,Hatchback,"1,20,000 Kms",1st Owner,2013,18.5,Petrol,2013,Third Party insurance,5 Speed,Manual,5 Seats,JAIPUR
₹ 7.01 Lakh,Sedan,"50,889 Kms",2nd Owner,2016,23.9,Diesel,2016,Third Party insurance,6 Speed ,Manual,5 Seats,JAIPUR
₹ 3.71 Lakh,Hatchback,"76,043 Kms",1st Owner,2012,22.38,Petrol,2012,Comprehensive,5-Speed,Manual,5 Seats,JAIPUR
₹ 54 Lakh,SUV,"10,200 Kms",1st Owner,2019,11.5,Petrol,2019,Comprehensive,9 Speed,Automatic,5 Seats,JAIPUR
₹ 3.49 Lakh,Hatchback,"55,890 Kms",1st Owner,2014,18.9,Petrol,2014,Comprehensive,5 Speed,Manual,5 Seats,JAIPUR
₹ 4.75 Lakh,Hatchback,"81,984 Kms",2nd Owner,2016,18.7,Petrol,2016,Third Party,5 Speed,Manual,5 Seats,JAIPUR
₹ 2.90 Lakh,Hatchback,"70,123 Kms",2nd Owner,2014,19.4,Petrol,2014,Comprehensive,5 Speed,Manual,5 Seats,JAIPUR
₹ 4.45 Lakh,Hatchback,"60,000 Kms",1st Owner,2021,22.3,Petrol,2021,Third Party insurance,5 Speed,Manual,5 Seats,JAIPUR
₹ 1.80 Lakh,Hatchback,"1,00,000 Kms",4th Owner,2010,19.81,Petrol,2010,Third Party insurance,5 Speed,Manual,5 Seats,JAIPUR
₹ 1.50 Lakh,Hatchback,"1,10,000 Kms",3rd Owner,2010,19.7,Petrol,2010,Third Party insurance,5 Speed,Manual,5 Seats,JAIPUR
₹ 6.90 Lakh,Sedan,"40,000 Kms",1st Owner,2019,21.56,Petrol,2019,Third Party insurance,5 Speed,Manual,5 Seats,JAIPUR
₹ 30 Lakh,SUV,"90,000 Kms",1st Owner,2018,14.24,Diesel,2018,Third Party insurance,6 Speed,Manual,7 Seats,JAIPUR
₹ 3.60 Lakh,Hatchback,"50,000 Kms",1st Owner,2017,23.01,Petrol,2017,Third Party insurance,5 Speed,Manual,5 Seats,JAIPUR
₹ 7.50 Lakh,Sedan,"50,000 Kms",1st Owner,2020,21.21,Petrol,2020,Third Party insurance,5 Speed,Automatic,5 Seats,JAIPUR
₹ 4.75 Lakh,Sedan,"56,805 Kms",1st Owner,2013,23.4,Diesel,2013,Comprehensive,5 Speed,Manual,5 Seats,JAIPUR
₹ 4.25 Lakh,Hatchback,"1,20,000 Kms",2nd Owner,2016,20.14,Diesel,2016,Third Party insurance,5 Speed,Manual,5 Seats,JAIPUR
₹ 3.20 Lakh,Sedan,"1,20,000 Kms",2nd Owner,2011,17.0,Petrol,2011,Third Party insurance,5 Speed,Manual,5 Seats,JAIPUR
₹ 5 Lakh,Hatchback,"90,000 Kms",2nd Owner,2019,24.0,Diesel,2019,Third Party insurance,5 Speed,Manual,5 Seats,JAIPUR
₹ 4.35 Lakh,Sedan,"1,00,000 Kms",2nd Owner,2014,20.54,Diesel,2014,Third Party insurance,5 Speed,Manual,5 Seats,JAIPUR
₹ 27.50 Lakh,Sedan,"70,705 Kms",1st Owner,2015,15.0,Diesel,2015,Comprehensive,7 Speed,Automatic,5 Seats,JAIPUR
₹ 5.25 Lakh,Sedan,"75,000 Kms",1st Owner,2014,19.3,Diesel,2014,Comprehensive,5 Speed,Manual,5 Seats,JAIPUR
₹ 3.62 Lakh,Hatchback,"17,587 Kms",1st Owner,2020,21.7,Petrol,2020,Third Party,5-Speed,Manual,5 Seats,JAIPUR
₹ 4.55 Lakh,Hatchback,"27,153 Kms",2nd Owner,2019,20.3,Petrol,2019,Comprehensive,5 Speed,Manual,5 Seats,JAIPUR
₹ 5 Lakh,SUV,"90,000 Kms",2nd Owner,2011,16.55,Diesel,2011,Third Party insurance,5 Speed,Manual,6 Seats,JAIPUR
₹ 3.80 Lakh,Sedan,"1,04,243 Kms",1st Owner,2012,19.3,Diesel,2012,Comprehensive,5 Speed,Manual,5 Seats,JAIPUR
₹ 8.51 Lakh,Sedan,"25,791 Kms",1st Owner,2017,18.0,Petrol,2017,Comprehensive,5 Speed CVT,Automatic,5 Seats,JAIPUR
₹ 8.15 Lakh,SUV,"1,20,000 Kms",2nd Owner,2010,11.5,Diesel,2010,Third Party insurance,5 Speed,Manual,7 Seats,JAIPUR
₹ 14 Lakh,Sedan,"70,000 Kms",2nd Owner,2013,16.36,Diesel,2013,Third Party insurance,8 Speed,Automatic,5 Seats,JAIPUR
₹ 6.90 Lakh,SUV,"60,000 Kms",1st Owner,2021,17.52,Petrol,2021,Third Party insurance,5-Speed,Manual,5 Seats,JAIPUR
₹ 8.90 Lakh,SUV,"17,580 Kms",1st Owner,2021,17.03,Petrol,2021,Comprehensive,5 Speed,Manual,5 Seats,JAIPUR
₹ 3.30 Lakh,SUV,"1,20,000 Kms",2nd Owner,2012,15.1,Diesel,2012,Third Party insurance,6 Speed ,Manual,7 Seats,JAIPUR
₹ 8.11 Lakh,SUV,"39,109 Kms",1st Owner,2020,17.03,Petrol,2020,Third Party insurance,5 Speed,Manual,5 Seats,JAIPUR
₹ 8.95 Lakh,SUV,"20,000 Kms",1st Owner,2022,17.03,Petrol,2022,Third Party insurance,5 Speed,Manual,5 Seats,JAIPUR
₹ 6.50 Lakh,SUV,"80,000 Kms",1st Owner,2018,25.5,Diesel,2018,Third Party insurance,6 Speed,Manual,5 Seats,JAIPUR
₹ 5.90 Lakh,Hatchback,"20,000 Kms",1st Owner,2022,25.24,Petrol,2022,Third Party insurance,5-Speed,Manual,5 Seats,JAIPUR
₹ 3 Lakh,MUV,"1,20,000 Kms",2nd Owner,2007,12.8,Diesel,2007,Third Party insurance,5 Speed,Manual,8 Seats,JAIPUR
₹ 4.45 Lakh,Hatchback,"70,000 Kms",2nd Owner,2015,22.0,Petrol,2015,Third Party insurance,5,Manual,5 Seats,JAIPUR
₹ 6.50 Lakh,Sedan,"70,000 Kms",2nd Owner,2016,18.0,Petrol,2016,Third Party insurance,5 Speed CVT,Automatic,5 Seats,JAIPUR
₹ 1.50 Lakh,Hatchback,"1,10,000 Kms",3rd Owner,2010,19.7,Petrol,2010,Third Party insurance,5 Speed,Manual,5 Seats,JAIPUR
₹ 3 Lakh,Hatchback,"70,000 Kms",1st Owner,2011,16.47,Petrol,2011,Third Party insurance,5 Speed,Manual,5 Seats,JAIPUR
₹ 18.90 Lakh,SUV,"9,106 Kms",1st Owner,2019,17.1,Diesel,2019,Comprehensive,6 Speed,Manual,5 Seats,JAIPUR
₹ 5.79 Lakh,Sedan,"90,239 Kms",1st Owner,2019,19.5,Petrol,2019,Third Party insurance,5 Speed,Manual,5 Seats,JAIPUR
₹ 2.98 Lakh,Hatchback,"31,608 Kms",2nd Owner,2014,20.3,Petrol,2014,Comprehensive,5 Speed,Manual,5 Seats,JAIPUR
₹ 5.95 Lakh,Sedan,"58,740 Kms",1st Owner,2019,19.5,Petrol,2019,Third Party insurance,5 Speed,Manual,5 Seats,JAIPUR
₹ 5.44 Lakh,Hatchback,"73,398 Kms",2nd Owner,2018,18.6,Petrol,2018,Third Party,5 Speed,Manual,5 Seats,JAIPUR
₹ 8.95 Lakh,Sedan,"29,393 Kms",1st Owner,2019,20.28,Petrol,2019,Third Party,4 Speed,Automatic,5 Seats,JAIPUR
₹ 4.25 Lakh,Hatchback,"1,00,000 Kms",2nd Owner,2016,20.14,Diesel,2016,Third Party insurance,5 Speed,Manual,5 Seats,JAIPUR
₹ 2.44 Lakh,Sedan,"1,50,000 Kms",2nd Owner,2008,12.8,Petrol,2008,Third Party insurance,5 Speed,Manual,5 Seats,JAIPUR
₹ 15.55 Lakh,SUV,"1,50,000 Kms",1st Owner,2013,13.0,Diesel,2013,Third Party insurance,5 Speed,Manual,7 Seats,JAIPUR
₹ 14.50 Lakh,Sedan,"40,000 Kms",2nd Owner,2013,17.68,Diesel,2013,Third Party insurance,8 Speed,Automatic,5 Seats,JAIPUR
₹ 3.70 Lakh,Hatchback,"30,000 Kms",2nd Owner,2019,23.01,Petrol,2019,Third Party insurance,5 Speed,Automatic,5 Seats,JAIPUR
₹ 15.25 Lakh,SUV,"44,354 Kms",1st Owner,2019,18.0,Diesel,2019,Comprehensive,6-Speed,Automatic,5 Seats,JAIPUR
₹ 2.90 Lakh,Hatchback,"65,000 Kms",2nd Owner,2016,23.01,Petrol,2016,Comprehensive,5 Speed,Manual,5 Seats,JAIPUR
₹ 5.25 Lakh,Hatchback,"79,700 Kms",1st Owner,2016,28.4,Diesel,2016,Comprehensive,5,Manual,5 Seats,JAIPUR
₹ 2.85 Lakh,MUV,"1,20,000 Kms",2nd Owner,2007,12.8,Diesel,2007,Third Party insurance,5 Speed,Manual,8 Seats,JAIPUR
₹ 6.50 Lakh,Hatchback,"30,000 Kms",1st Owner,2019,21.4,Petrol,2019,Third Party insurance,5 Speed,Manual,5 Seats,JAIPUR
₹ 13.25 Lakh,SUV,"45,204 Kms",1st Owner,2021,18.9,Diesel,2021,Comprehensive,6 Speed,Automatic,5 Seats,JAIPUR
₹ 5.75 Lakh,Hatchback,"81,000 Kms",1st Owner,2017,22.54,Diesel,2017,Comprehensive,6 Speed,Manual,5 Seats,JAIPUR
₹ 1.70 Lakh,Sedan,"1,20,000 Kms",1st Owner,2008,17.7,Petrol,2008,Third Party insurance,5 Speed,Manual,5 Seats,JAIPUR
₹ 5.90 Lakh,Hatchback,"40,000 Kms",2nd Owner,2020,20.7,Petrol,2020,Third Party insurance,5-Speed,Manual,5 Seats,JAIPUR
₹ 7.53 Lakh,Hatchback,"33,236 Kms",2nd Owner,2019,17.4,Petrol,2019,Zero Dep,5 Speed,Automatic,5 Seats,JAIPUR
₹ 4.25 Lakh,Hatchback,"50,000 Kms",2nd Owner,2014,18.9,Petrol,2014,Third Party insurance,4 Speed,Automatic,5 Seats,JAIPUR
₹ 5.87 Lakh,Hatchback,"47,214 Kms",1st Owner,2019,21.4,Petrol,2019,Comprehensive,5 Speed,Manual,5 Seats,JAIPUR
₹ 5.80 Lakh,Hatchback,"54,670 Kms",2nd Owner,2019,20.7,Petrol,2019,Third Party insurance,5-Speed,Manual,5 Seats,JAIPUR
₹ 5.30 Lakh,Sedan,"30,000 Kms",2nd Owner,2018,17.8,Petrol,2018,Third Party insurance,5 Speed,Manual,5 Seats,JAIPUR
₹ 4 Lakh,SUV,"1,20,000 Kms",1st Owner,2013,15.96,Diesel,2013,Third Party insurance,5 Speed,Manual,7 Seats,JAIPUR
₹ 3 Lakh,Sedan,"1,20,000 Kms",2nd Owner,2016,17.57,Petrol,2016,Third Party insurance,5 Speed,Manual,5 Seats,JAIPUR
₹ 15.95 Lakh,SUV,"1,25,000 Kms",1st Owner,2015,12.55,Diesel,2015,Comprehensive,5 Speed,Automatic,7 Seats,JAIPUR
₹ 3.80 Lakh,Sedan,"1,00,000 Kms",1st Owner,2017,25.83,Diesel,2017,Third Party insurance,5 Speed,Manual,5 Seats,JAIPUR
₹ 6.25 Lakh,Hatchback,"57,000 Kms",2nd Owner,2017,18.6,Petrol,2017,Comprehensive,5 Speed,Manual,5 Seats,JAIPUR
₹ 1.60 Lakh,Hatchback,"70,000 Kms",2nd Owner,2011,16.0,LPG,2011,Third Party insurance,5 Speed,Manual,5 Seats,JAIPUR
₹ 5.25 Lakh,Hatchback,"1,20,000 Kms",1st Owner,2017,20.14,Diesel,2017,Third Party insurance,5 Speed,Manual,5 Seats,JAIPUR
₹ 8.50 Lakh,Hatchback,"30,000 Kms",1st Owner,2022,22.35,Petrol,2022,Third Party insurance,5 Speed,Manual,5 Seats,JAIPUR
₹ 3.90 Lakh,SUV,"1,20,000 Kms",2nd Owner,2008,11.4,Diesel,2008,Third Party insurance,5 Speed,Manual,5 Seats,JAIPUR
₹ 14.90 Lakh,SUV,"3,844 Kms",1st Owner,2021,16.8,Petrol,2021,Third Party insurance,6-Speed,Manual,5 Seats,JAIPUR
₹ 1.90 Lakh,Sedan,"1,20,000 Kms",4th Owner,2011,18.3,Diesel,2011,Third Party insurance,5 Speed,Manual,5 Seats,JAIPUR
₹ 3.75 Lakh,Hatchback,"50,000 Kms",1st Owner,2020,21.46,Petrol,2020,Comprehensive,5 Speed,Manual,5 Seats,JAIPUR
₹ 1.80 Lakh,SUV,"1,20,000 Kms",3rd Owner,2008,13.1,Petrol,2008,Third Party insurance,6 Speed,Manual,5 Seats,JAIPUR
₹ 9.50 Lakh,SUV,"80,000 Kms",2nd Owner,2015,16.0,Diesel,2015,Third Party insurance,6 Speed,Manual,7 Seats,JAIPUR
₹ 3.83 Lakh,Sedan,"94,554 Kms",1st Owner,2012,22.41,Petrol,2012,Comprehensive,5 Speed,Manual,5 Seats,JAIPUR
₹ 7.13 Lakh,Hatchback,"15,991 Kms",1st Owner,2021,21.01,Petrol,2021,Zero Dep,5 Speed,Manual,5 Seats,JAIPUR
₹ 5.20 Lakh,SUV,"70,000 Kms",3rd Owner,2013,12.05,Diesel,2013,Third Party insurance,5 Speed,Manual,7 Seats,JAIPUR
₹ 6.55 Lakh,Sedan,"72,918 Kms",1st Owner,2017,28.4,Diesel,2017,Third Party insurance,5 Speed,Automatic,5 Seats,JAIPUR
₹ 3.13 Lakh,Hatchback,"22,982 Kms",1st Owner,2018,22.5,Petrol,2018,Comprehensive,5-Speed,Automatic,5 Seats,JAIPUR
₹ 5.75 Lakh,Hatchback,"76,000 Kms",1st Owner,2015,22.54,Diesel,2015,Comprehensive,6 Speed,Manual,5 Seats,JAIPUR
₹ 6.75 Lakh,Sedan,"1,15,000 Kms",1st Owner,2017,21.13,Diesel,2017,Third Party insurance,5 Speed,Manual,5 Seats,JAIPUR
₹ 8.25 Lakh,SUV,"73,000 Kms",1st Owner,2018,24.3,Diesel,2018,Comprehensive,5 Speed,Manual,5 Seats,JAIPUR
₹ 20.75 Lakh,SUV,"90,000 Kms",2nd Owner,2016,12.62,Diesel,2016,Third Party insurance,6 Speed,Automatic,7 Seats,JAIPUR
₹ 4.45 Lakh,Hatchback,"30,000 Kms",1st Owner,2019,20.3,Petrol,2019,Third Party insurance,5 Speed,Manual,5 Seats,JAIPUR
₹ 3.50 Lakh,Hatchback,"80,000 Kms",2nd Owner,2014,24.0,Diesel,2014,Third Party insurance,5 Speed,Manual,5 Seats,JAIPUR
₹ 90 Lakh,SUV,"23,200 Kms",1st Owner,2022,18.9,Petrol,2022,Comprehensive,5 Speed,Automatic,5 Seats,JAIPUR
₹ 13 Lakh,SUV,"10,000 Kms",1st Owner,2022,19.2,Petrol,2022,Third Party insurance,6-speed,Manual,5 Seats,JAIPUR
₹ 3.30 Lakh,SUV,"1,20,000 Kms",2nd Owner,2012,15.1,Diesel,2012,Third Party insurance,6 Speed ,Manual,7 Seats,JAIPUR
₹ 7.50 Lakh,Hatchback,"10,000 Kms",1st Owner,2022,20.7,Petrol,2022,Third Party insurance,5-Speed,Automatic,5 Seats,JAIPUR
₹ 7.50 Lakh,Hatchback,"10,000 Kms",1st Owner,2022,20.7,Petrol,2022,Third Party insurance,5-Speed,Automatic,5 Seats,JAIPUR
₹ 6.70 Lakh,MUV,"30,000 Kms",1st Owner,2020,20.0,Petrol,2020,Third Party insurance,5 Speed,Manual,7 Seats,JAIPUR
₹ 8.95 Lakh,SUV,"20,000 Kms",1st Owner,2022,17.03,Petrol,2022,Third Party insurance,5 Speed,Manual,5 Seats,JAIPUR
"₹ 90,000 ",Hatchback,"60,000 Kms",1st Owner,2007,15.26,Petrol,2007,Third Party insurance,5 Speed,Manual,5 Seats,JAIPUR
₹ 3.65 Lakh,Hatchback,"1,07,963 Kms",1st Owner,2017,26.0,Petrol,2017,Comprehensive,5-Speed,Automatic,5 Seats,JAIPUR
₹ 3.47 Lakh,SUV,"1,21,243 Kms",2nd Owner,2012,19.01,Diesel,2012,Third Party,6 Speed,Manual,5 Seats,JAIPUR
₹ 14.70 Lakh,SUV,"1,00,000 Kms",1st Owner,2020,17.0,Diesel,2020,Third Party insurance,6,Manual,5 Seats,JAIPUR
₹ 3.09 Lakh,Hatchback,"67,194 Kms",1st Owner,2015,19.4,Petrol,2015,Comprehensive,5 Speed,Manual,5 Seats,JAIPUR
₹ 5.86 Lakh,Sedan,"69,236 Kms",2nd Owner,2016,17.8,Petrol,2016,Comprehensive,5 Speed,Manual,5 Seats,JAIPUR
₹ 9 Lakh,SUV,"80,000 Kms",1st Owner,2019,25.5,Diesel,2019,Third Party insurance,6 Speed,Manual,5 Seats,JAIPUR
₹ 9 Lakh,SUV,"90,000 Kms",2nd Owner,2018,16.0,Petrol,2018,Third Party insurance,6 Speed,Manual,5 Seats,JAIPUR
₹ 15.50 Lakh,SUV,"60,000 Kms",1st Owner,2020,17.41,Diesel,2020,Third Party insurance,6 Speed,Manual,5 Seats,JAIPUR
₹ 23 Lakh,SUV,"80,000 Kms",2nd Owner,2017,12.83,Diesel,2017,Third Party insurance,9 Speed,Automatic,7 Seats,JAIPUR
₹ 32 Lakh,SUV,"81,317 Kms",2nd Owner,2016,15.68,Diesel,2016,Comprehensive,9 Speed,Automatic,5 Seats,JAIPUR
₹ 2.55 Lakh,Hatchback,"60,000 Kms",2nd Owner,2015,20.36,Petrol,2015,Third Party insurance,5 Speed,Manual,5 Seats,JAIPUR
₹ 3.55 Lakh,SUV,"80,000 Kms",1st Owner,2015,19.87,Diesel,2015,Third Party insurance,5 speed,Manual,5 Seats,JAIPUR
₹ 6.50 Lakh,SUV,"60,000 Kms",2nd Owner,2018,19.87,Diesel,2018,Third Party insurance,5 speed,Manual,5 Seats,JAIPUR
₹ 2.75 Lakh,Hatchback,"1,10,000 Kms",3rd Owner,2014,24.0,Diesel,2014,Third Party insurance,5 Speed,Manual,5 Seats,JAIPUR
₹ 1.50 Lakh,Sedan,"1,20,000 Kms",2nd Owner,2011,19.68,Diesel,2011,Third Party insurance,5 Speed,Manual,5 Seats,JAIPUR
₹ 9 Lakh,SUV,"1,10,000 Kms",2nd Owner,2017,17.01,Diesel,2017,Third Party insurance,6 Speed,Automatic,5 Seats,JAIPUR
₹ 25 Lakh,Sedan,"1,00,000 Kms",1st Owner,2017,20.37,Diesel,2017,Third Party insurance,8-Speed Steptronic,Automatic,5 Seats,JAIPUR
₹ 6 Lakh,Hatchback,"57,000 Kms",1st Owner,2018,22.0,Petrol,2018,Comprehensive,5,Manual,5 Seats,JAIPUR
₹ 9.75 Lakh,Sedan,"70,000 Kms",2nd Owner,2013,18.88,Diesel,2013,Third Party insurance,8 Speed,Automatic,5 Seats,JAIPUR
₹ 4.75 Lakh,Hatchback,"76,000 Kms",1st Owner,2014,28.4,Diesel,2014,Comprehensive,5,Manual,5 Seats,JAIPUR
₹ 8.01 Lakh,Hatchback,"7,183 Kms",2nd Owner,2021,22.56,Petrol,2021,Zero Dep,5-Speed,Automatic,5 Seats,JAIPUR
₹ 15.74 Lakh,SUV,"6,165 Kms",3rd Owner,2021,18.9,Petrol,2021,Third Party,7-speed DCT,Automatic,5 Seats,JAIPUR
₹ 3.50 Lakh,Sedan,"85,000 Kms",2nd Owner,2012,20.5,Diesel,2012,Comprehensive,5-speed,Manual,5 Seats,JAIPUR
₹ 5.90 Lakh,Hatchback,"4,437 Kms",1st Owner,2022,26.49,CNG,2022,Third Party,5-Speed,Manual,5 Seats,JAIPUR
₹ 5.32 Lakh,Hatchback,"34,217 Kms",1st Owner,2016,18.6,Petrol,2016,Comprehensive,5 Speed,Manual,5 Seats,JAIPUR
₹ 5.25 Lakh,Hatchback,"80,101 Kms",1st Owner,2017,16.47,Petrol,2017,Comprehensive,5 Speed,Manual,5 Seats,JAIPUR
₹ 1.70 Lakh,Sedan,"1,50,000 Kms",3rd Owner,2007,13.5,Petrol,2007,Third Party insurance,5 Speed,Manual,5 Seats,JAIPUR
₹ 2.25 Lakh,Hatchback,"50,000 Kms",1st Owner,2012,19.0,Petrol,2012,Third Party insurance,5 Speed,Manual,5 Seats,JAIPUR
₹ 16 Lakh,SUV,"1,00,000 Kms",2nd Owner,2019,16.36,Diesel,2019,Third Party insurance,6 Speed,Manual,7 Seats,JAIPUR
₹ 2.50 Lakh,Hatchback,"72,580 Kms",1st Owner,2011,21.79,Petrol,2011,Comprehensive,5 Speed,Manual,5 Seats,JAIPUR
₹ 3 Lakh,Sedan,"1,20,000 Kms",4th Owner,2012,22.32,Diesel,2012,Third Party insurance,6 Speed ,Manual,5 Seats,JAIPUR
₹ 10 Lakh,Sedan,"1,20,000 Kms",1st Owner,2020,22.0,Diesel,2020,Third Party insurance,6 Speed,Manual,5 Seats,JAIPUR
₹ 4.20 Lakh,Hatchback,"30,000 Kms",1st Owner,2019,20.3,Petrol,2019,Third Party insurance,5 Speed,Manual,5 Seats,JAIPUR
₹ 3 Lakh,Hatchback,"1,00,000 Kms",1st Owner,2012,22.07,Diesel,2012,Third Party insurance,5 Speed,Manual,5 Seats,JAIPUR
₹ 6.75 Lakh,Hatchback,"69,000 Kms",1st Owner,2018,22.54,Diesel,2018,Comprehensive,6 Speed,Manual,5 Seats,JAIPUR
₹ 6.25 Lakh,Hatchback,"50,040 Kms",1st Owner,2017,25.2,Diesel,2017,Comprehensive,5 Speed,Manual,5 Seats,JAIPUR
₹ 12.90 Lakh,SUV,"48,350 Kms",1st Owner,2015,12.0,Petrol,2015,Comprehensive,5 Speed,Automatic,5 Seats,JAIPUR
₹ 1.10 Lakh,Hatchback,"40,000 Kms",2nd Owner,2011,18.6,Petrol,2011,Third Party insurance,5 Speed,Manual,5 Seats,JAIPUR
₹ 2.17 Lakh,Sedan,"1,20,000 Kms",4th Owner,2011,18.3,Diesel,2011,Third Party insurance,5 Speed,Manual,5 Seats,JAIPUR
₹ 2.50 Lakh,SUV,"1,20,000 Kms",1st Owner,2011,13.93,Diesel,2011,Third Party insurance,5 Speed,Manual,7 Seats,JAIPUR
₹ 7.15 Lakh,Sedan,"74,573 Kms",1st Owner,2017,18.0,Petrol,2017,Third Party insurance,CVT,Automatic,5 Seats,JAIPUR
₹ 3.56 Lakh,Hatchback,"64,715 Kms",1st Owner,2018,23.01,Petrol,2018,Zero Dep,5 Speed,Automatic,5 Seats,JAIPUR
₹ 5.25 Lakh,Sedan,"76,000 Kms",1st Owner,2014,26.0,Diesel,2014,Comprehensive,6 Speed,Manual,5 Seats,JAIPUR
₹ 3.41 Lakh,Hatchback,"99,348 Kms",2nd Owner,2017,20.51,Petrol,2017,Third Party insurance,5 Speed,Manual,5 Seats,JAIPUR
₹ 4.43 Lakh,Hatchback,"39,176 Kms",1st Owner,2017,18.9,Petrol,2017,Zero Dep,5 Speed,Manual,5 Seats,JAIPUR
₹ 2.25 Lakh,Hatchback,"50,000 Kms",1st Owner,2012,19.0,Petrol,2012,Third Party insurance,5 Speed,Manual,5 Seats,JAIPUR
₹ 3 Lakh,Hatchback,"80,000 Kms",2nd Owner,2017,19.49,Petrol,2017,Third Party insurance,5 Speed,Manual,5 Seats,JAIPUR
₹ 7.50 Lakh,SUV,"50,000 Kms",1st Owner,2020,17.03,Petrol,2020,Third Party insurance,5 Speed,Manual,5 Seats,JAIPUR
₹ 4.90 Lakh,Sedan,"1,20,000 Kms",3rd Owner,2016,26.59,Diesel,2016,Third Party insurance,5 Speed,Manual,5 Seats,JAIPUR
₹ 4.50 Lakh,MUV,"70,000 Kms",3rd Owner,2012,20.77,Diesel,2012,Third Party insurance,5 Speed ,Manual,7 Seats,JAIPUR
₹ 4.25 Lakh,Hatchback,"40,000 Kms",1st Owner,2016,18.9,Petrol,2016,Third Party insurance,5 Speed,Manual,5 Seats,JAIPUR
"₹ 65,000 ",Hatchback,"70,000 Kms",1st Owner,2017,18.9,Petrol,2001,Third Party insurance,5 Speed,Manual,5 Seats,JAIPUR
₹ 4.90 Lakh,SUV,"1,00,000 Kms",3rd Owner,2017,15.63,Petrol,2017,Third Party insurance,6 Speed,Automatic,5 Seats,JAIPUR
₹ 1.50 Lakh,Sedan,"60,000 Kms",2nd Owner,2012,17.0,Diesel,2012,Third Party insurance,5 Speed,Manual,5 Seats,JAIPUR
₹ 8.95 Lakh,Sedan,"29,905 Kms",1st Owner,2019,17.0,Petrol,2019,Comprehensive,6 Speed,Manual,5 Seats,JAIPUR
₹ 4.90 Lakh,Sedan,"70,000 Kms",1st Owner,2015,26.59,Diesel,2015,Third Party insurance,5 Speed,Manual,5 Seats,JAIPUR
₹ 8.75 Lakh,Hatchback,"80,000 Kms",4th Owner,2013,20.0,Diesel,2013,Third Party insurance,7G DCT 7-Speed Dual Clutch Transmission ,Automatic,5 Seats,JAIPUR
₹ 14.50 Lakh,SUV,"70,000 Kms",2nd Owner,2019,16.35,Diesel,2019,Comprehensive,6-Speed,Manual,5 Seats,JAIPUR
₹ 6.25 Lakh,Sedan,"80,000 Kms",1st Owner,2018,25.8,Diesel,2018,Third Party insurance,5 Speed,Manual,5 Seats,JAIPUR
₹ 8.50 Lakh,SUV,"40,000 Kms",1st Owner,2020,16.82,Petrol,2020,Third Party insurance,6 Speed,Manual,5 Seats,JAIPUR
₹ 8.59 Lakh,Sedan,"88,069 Kms",2nd Owner,2021,18.97,Petrol,2021,Third Party insurance,6 Speed,Manual,5 Seats,JAIPUR
₹ 2.78 Lakh,Hatchback,"50,789 Kms",3rd Owner,2014,19.81,Petrol,2014,Third Party insurance,5 Speed,Manual,5 Seats,JAIPUR
₹ 5.50 Lakh,Sedan,"76,000 Kms",2nd Owner,2014,22.32,Diesel,2014,Comprehensive,6 Speed ,Manual,5 Seats,JAIPUR
₹ 3.04 Lakh,Hatchback,"42,212 Kms",1st Owner,2019,22.05,Petrol,2019,Comprehensive,5 Speed,Manual,5 Seats,JAIPUR
₹ 3.71 Lakh,Sedan,"1,05,227 Kms",1st Owner,2015,18.0,Petrol,2015,Third Party insurance,5 Speed,Manual,5 Seats,JAIPUR
₹ 1.25 Lakh,Sedan,"1,50,000 Kms",3rd Owner,2006,17.5,Diesel,2006,Third Party insurance,5 Speed,Manual,5 Seats,JAIPUR
₹ 12.50 Lakh,SUV,"92,700 Kms",2nd Owner,2019,17.6,Diesel,2019,Comprehensive,6 Speed,Automatic,5 Seats,JAIPUR
₹ 3.39 Lakh,Sedan,"1,20,000 Kms",2nd Owner,2011,18.3,Diesel,2011,Third Party insurance,5 Speed,Manual,5 Seats,JAIPUR
"₹ 70,000 ",Hatchback,"30,000 Kms",1st Owner,2006,19.7,Petrol,2006,Third Party insurance,5 Speed,Manual,5 Seats,JAIPUR
₹ 6.95 Lakh,Hatchback,"12,168 Kms",1st Owner,2021,22.0,Petrol,2021,Comprehensive,5,Manual,5 Seats,JAIPUR
₹ 6.85 Lakh,Hatchback,"10,000 Kms",1st Owner,2022,26.2,Diesel,2022,Third Party insurance,5 speed,Manual,5 Seats,JAIPUR
"₹ 60,000 ",Hatchback,"30,000 Kms",3rd Owner,2011,26.0,Petrol,2011,Third Party insurance,4 Speed,Manual,4 Seats,JAIPUR
₹ 16 Lakh,SUV,"75,000 Kms",1st Owner,2021,18.9,Electric,2021,Third Party insurance,Single speed reduction gear,Automatic,5 Seats,JAIPUR
₹ 15.60 Lakh,SUV,"73,500 Kms",1st Owner,2020,18.9,Petrol,2020,Comprehensive,6-speed IVT,Automatic,5 Seats,JAIPUR
₹ 16 Lakh,SUV,"4,140 Kms",0th Owner,2023,18.9,Electric,2023,Comprehensive,5 Speed,Automatic,5 Seats,JAIPUR
₹ 24.50 Lakh,SUV,"10,371 Kms",1st Owner,2022,18.9,Electric,2022,Third Party insurance,5 Speed,Automatic,5 Seats,JAIPUR
₹ 14.90 Lakh,Pickup Trucks,"75,210 Kms",1st Owner,2016,12.4,Diesel,2016,Comprehensive,5 Speed,Manual,5 Seats,JAIPUR
₹ 3.79 Lakh,Hatchback,"69,159 Kms",1st Owner,2017,20.51,Petrol,2017,Third Party insurance,5 Speed,Automatic,5 Seats,JAIPUR
₹ 2.53 Lakh,Hatchback,"56,992 Kms",1st Owner,2011,16.98,Petrol,2011,Third Party insurance,4 Speed,Automatic,5 Seats,JAIPUR
₹ 2.95 Lakh,Sedan,"1,20,000 Kms",2nd Owner,2015,26.59,Diesel,2015,Third Party insurance,5 Speed,Manual,5 Seats,JAIPUR
₹ 4.95 Lakh,Hatchback,"28,500 Kms",1st Owner,2017,18.9,Petrol,2017,Comprehensive,5 Speed,Manual,5 Seats,JAIPUR
₹ 2 Lakh,Hatchback,"1,00,000 Kms",2nd Owner,2010,17.5,Petrol,2010,Third Party insurance,5 Speed,Manual,5 Seats,JAIPUR
₹ 1.75 Lakh,Hatchback,"90,000 Kms",5th Owner,2012,21.9,Diesel,2012,Third Party insurance,5-Speed,Manual,5 Seats,JAIPUR
₹ 1.75 Lakh,Hatchback,"90,000 Kms",5th Owner,2012,21.9,Diesel,2012,Third Party insurance,5-Speed,Manual,5 Seats,JAIPUR
₹ 3.22 Lakh,Hatchback,"76,164 Kms",2nd Owner,2014,24.0,Diesel,2014,Comprehensive,5 Speed,Manual,5 Seats,JAIPUR
₹ 3.38 Lakh,Hatchback,"75,196 Kms",1st Owner,2016,23.95,Petrol,2016,Third Party insurance,5 Speed,Automatic,5 Seats,JAIPUR
₹ 6.80 Lakh,SUV,"50,000 Kms",3rd Owner,2016,16.0,Diesel,2016,Third Party insurance,6 Speed,Automatic,7 Seats,JAIPUR
₹ 2.73 Lakh,Hatchback,"51,759 Kms",1st Owner,2017,22.05,Petrol,2017,Third Party,5 Speed,Manual,5 Seats,JAIPUR
₹ 4.73 Lakh,Hatchback,"1,05,021 Kms",2nd Owner,2019,23.84,Petrol,2019,Third Party insurance,5 Speed,Manual,5 Seats,JAIPUR
₹ 1.50 Lakh,Sedan,"1,20,000 Kms",1st Owner,2010,16.2,Petrol,2010,Third Party insurance,Five Speed Manual Transmission,Manual,5 Seats,JAIPUR
₹ 6 Lakh,SUV,"90,000 Kms",2nd Owner,2016,14.1,Diesel,2016,Third Party insurance,5 Speed,Manual,7 Seats,JAIPUR
₹ 10 Lakh,SUV,"80,000 Kms",1st Owner,2021,18.9,Diesel,2021,Third Party insurance,6 Speed,Manual,7 Seats,JAIPUR
₹ 13.70 Lakh,SUV,"30,000 Kms",2nd Owner,2021,15.2,Petrol,2021,Third Party insurance,6 Speed,Manual,4 Seats,JAIPUR
₹ 9.25 Lakh,SUV,"10,000 Kms",1st Owner,2022,18.2,Petrol,2022,Third Party insurance,6-Speed iMT,Manual,5 Seats,JAIPUR
₹ 13.50 Lakh,SUV,"20,000 Kms",1st Owner,2022,20.08,Petrol,2022,Third Party insurance,6-Speed,Manual,5 Seats,JAIPUR
"₹ 60,000 ",Hatchback,"1,10,000 Kms",3rd Owner,2007,15.3,Petrol,2007,Third Party insurance,5 Speed,Manual,5 Seats,JAIPUR
₹ 6.50 Lakh,Sedan,"40,000 Kms",2nd Owner,2020,22.41,Petrol,2020,Third Party insurance,5 Speed,Manual,5 Seats,JAIPUR
₹ 3.50 Lakh,Sedan,"1,00,000 Kms",1st Owner,2012,16.8,Petrol,2012,Third Party insurance,5 Speed,Manual,5 Seats,JAIPUR
₹ 13.70 Lakh,SUV,"10,000 Kms",1st Owner,2022,20.1,Diesel,2022,Third Party insurance,6 Speed,Manual,5 Seats,JAIPUR
₹ 2.95 Lakh,Hatchback,"60,000 Kms",1st Owner,2013,17.71,Petrol,2013,Third Party insurance,5 Speed ,Manual,5 Seats,JAIPUR
"₹ 75,000 ",Hatchback,"50,000 Kms",1st Owner,2008,16.1,Petrol,2008,Third Party insurance,4 Speed,Manual,4 Seats,JAIPUR
"₹ 50,000 ",Sedan,"1,20,000 Kms",2nd Owner,2007,15.0,Petrol,2007,Third Party insurance,5 Speed,Manual,5 Seats,JAIPUR
₹ 2.40 Lakh,Hatchback,"70,000 Kms",3rd Owner,2013,22.07,Diesel,2013,Third Party insurance,5 Speed,Manual,5 Seats,JAIPUR
₹ 3.20 Lakh,Sedan,"1,00,000 Kms",4th Owner,2016,27.4,Diesel,2016,Third Party insurance,5 Speed,Manual,5 Seats,JAIPUR
₹ 15 Lakh,Sedan,"67,896 Kms",1st Owner,2019,15.1,Petrol,2019,Third Party insurance,7 Speed,Automatic,5 Seats,JAIPUR
₹ 7.45 Lakh,SUV,"9,862 Kms",2nd Owner,2021,20.5,Petrol,2021,Third Party,5 Speed,Manual,5 Seats,JAIPUR
₹ 2.25 Lakh,Hatchback,"40,000 Kms",1st Owner,2017,23.01,Petrol,2017,Third Party insurance,5 Speed,Manual,5 Seats,JAIPUR
₹ 3.32 Lakh,Hatchback,"37,478 Kms",1st Owner,2019,22.25,Petrol,2019,Third Party insurance,5 Speed,Manual,5 Seats,JAIPUR
₹ 4.15 Lakh,Hatchback,"32,972 Kms",1st Owner,2021,31.59,CNG,2021,Third Party insurance,5 Speed,Manual,4 Seats,JAIPUR
₹ 6.55 Lakh,Minivans,"30,000 Kms",1st Owner,2022,20.88,CNG,2022,Third Party insurance,5 Speed,Manual,5 Seats,JAIPUR
₹ 7.75 Lakh,Hatchback,"3,120 Kms",1st Owner,2022,22.56,Petrol,2022,Comprehensive,5-Speed,Automatic,5 Seats,JAIPUR
₹ 10.50 Lakh,Sedan,"20,972 Kms",1st Owner,2022,17.69,Petrol,2022,Comprehensive,6 Speed,Manual,5 Seats,JAIPUR
₹ 4.75 Lakh,Hatchback,"60,000 Kms",1st Owner,2018,18.78,Petrol,2018,Third Party insurance,5 Speed,Manual,5 Seats,JAIPUR
₹ 3.25 Lakh,Sedan,"1,20,000 Kms",1st Owner,2012,24.8,Diesel,2012,Third Party insurance,6 Speed,Manual,5 Seats,JAIPUR
₹ 14 Lakh,SUV,"20,000 Kms",1st Owner,2018,16.0,Petrol,2018,Third Party insurance,7 Speed,Automatic,5 Seats,JAIPUR
₹ 1.45 Lakh,Hatchback,"70,000 Kms",2nd Owner,2013,21.1,Petrol,2013,Third Party insurance,5 Speed,Manual,5 Seats,JAIPUR
₹ 2.50 Lakh,Sedan,"80,000 Kms",3rd Owner,2012,19.1,Petrol,2012,Third Party insurance,5 Speed,Manual,5 Seats,JAIPUR
₹ 10.25 Lakh,SUV,"38,323 Kms",1st Owner,2021,16.35,Petrol,2021,Comprehensive,6-Speed,Automatic,5 Seats,JAIPUR
₹ 5 Lakh,Sedan,"1,20,000 Kms",1st Owner,2020,22.41,Petrol,2020,Third Party insurance,5 Speed,Manual,5 Seats,JAIPUR
₹ 3 Lakh,Hatchback,"40,000 Kms",1st Owner,2019,25.17,Petrol,2019,Third Party insurance,5 Speed,Manual,5 Seats,JAIPUR
₹ 30 Lakh,Sedan,"50,000 Kms",1st Owner,2020,15.1,Petrol,2020,Third Party insurance,7-Speed DSG,Automatic,5 Seats,JAIPUR
₹ 10 Lakh,SUV,"60,000 Kms",1st Owner,2019,20.0,Diesel,2019,Third Party insurance,6 Speed,Manual,5 Seats,JAIPUR
₹ 7.50 Lakh,SUV,"90,000 Kms",1st Owner,2014,13.01,Diesel,2014,Third Party insurance,6 Speed ,Automatic,7 Seats,JAIPUR
₹ 4.60 Lakh,Hatchback,"72,842 Kms",1st Owner,2016,18.9,Petrol,2016,Zero Dep,4 Speed,Automatic,5 Seats,JAIPUR
₹ 4.30 Lakh,Hatchback,"16,338 Kms",2nd Owner,2018,20.51,Petrol,2018,Third Party insurance,5 Speed,Manual,5 Seats,JAIPUR
₹ 15.25 Lakh,SUV,"49,017 Kms",1st Owner,2020,20.8,Diesel,2020,Comprehensive,6-Speed,Manual,5 Seats,JAIPUR
₹ 1.40 Lakh,Hatchback,"80,000 Kms",2nd Owner,2010,17.3,LPG,2010,Third Party insurance,5 Speed,Manual,5 Seats,JAIPUR
"₹ 55,000 ",Hatchback,"30,000 Kms",3rd Owner,2011,26.0,Petrol,2011,Third Party insurance,4 Speed,Manual,4 Seats,JAIPUR
₹ 6.50 Lakh,MUV,"1,20,000 Kms",1st Owner,2014,12.99,Diesel,2014,Third Party insurance,5 Speed,Manual,7 Seats,JAIPUR
₹ 11.40 Lakh,Sedan,"79,828 Kms",1st Owner,2019,22.0,Diesel,2019,Comprehensive,6 Speed,Automatic,5 Seats,JAIPUR
₹ 1.90 Lakh,Hatchback,"1,20,000 Kms",2nd Owner,2014,20.0,Diesel,2014,Third Party insurance,5 Speed,Manual,5 Seats,JAIPUR
₹ 4.50 Lakh,Hatchback,"59,000 Kms",2nd Owner,2016,16.2,Petrol,2016,Third Party insurance,5 Speed,Manual,5 Seats,JAIPUR
₹ 1 Lakh,Hatchback,"1,20,000 Kms",4th Owner,2011,18.6,Petrol,2011,Third Party insurance,5 Speed,Manual,5 Seats,JAIPUR
₹ 2 Lakh,Hatchback,"90,000 Kms",2nd Owner,2010,21.1,Diesel,2010,Third Party insurance,5-Speed,Manual,5 Seats,JAIPUR
₹ 2.45 Lakh,Hatchback,"40,000 Kms",2nd Owner,2012,20.92,Petrol,2012,Third Party insurance,5 Speed,Manual,5 Seats,JAIPUR
₹ 3.40 Lakh,Sedan,"70,000 Kms",1st Owner,2010,17.0,Petrol,2010,Comprehensive,5 Speed,Manual,5 Seats,JAIPUR
₹ 10.40 Lakh,Pickup Trucks,"10,000 Kms",1st Owner,2022,18.9,Diesel,2022,Third Party insurance,5-Speed,Manual,5 Seats,JAIPUR
₹ 6 Lakh,SUV,"1,20,000 Kms",2nd Owner,2015,15.4,Diesel,2015,Third Party insurance,5 Speed,Manual,9 Seats,JAIPUR
₹ 3.34 Lakh,Sedan,"52,034 Kms",1st Owner,2013,18.0,Petrol,2013,Comprehensive,5 Speed,Manual,5 Seats,JAIPUR
₹ 2.43 Lakh,Hatchback,"45,979 Kms",2nd Owner,2015,25.17,Petrol,2015,Comprehensive,5 Speed,Manual,5 Seats,JAIPUR
₹ 6.10 Lakh,Sedan,"10,000 Kms",1st Owner,2019,19.5,Petrol,2019,Third Party insurance,5 Speed,Manual,5 Seats,JAIPUR
₹ 3.49 Lakh,Hatchback,"68,551 Kms",1st Owner,2013,18.5,Petrol,2013,Comprehensive,5 Speed,Manual,5 Seats,JAIPUR
₹ 5.14 Lakh,Hatchback,"68,766 Kms",1st Owner,2019,23.84,Petrol,2019,Zero Dep,5 Speed,Manual,5 Seats,JAIPUR
₹ 3 Lakh,SUV,"80,000 Kms",1st Owner,2012,11.57,Diesel,2012,Third Party insurance,5 Speed,Manual,7 Seats,JAIPUR
₹ 7.25 Lakh,Sedan,"20,000 Kms",2nd Owner,2020,22.41,Petrol,2020,Third Party insurance,5 Speed,Manual,5 Seats,JAIPUR
₹ 4.60 Lakh,Sedan,"1,20,000 Kms",2nd Owner,2016,23.9,Diesel,2016,Third Party insurance,6 Speed,Manual,5 Seats,JAIPUR
₹ 4.50 Lakh,Sedan,"1,20,000 Kms",2nd Owner,2015,22.32,Diesel,2015,Third Party insurance,6 Speed ,Manual,5 Seats,JAIPUR
₹ 3.20 Lakh,MUV,"1,20,000 Kms",5th Owner,2010,13.6,Diesel,2010,Third Party insurance,5 Speed,Manual,7 Seats,JAIPUR
₹ 8.50 Lakh,SUV,"71,000 Kms",1st Owner,2019,21.7,Diesel,2019,Comprehensive,5 Speed,Manual,5 Seats,JAIPUR
₹ 5 Lakh,Sedan,"53,000 Kms",1st Owner,2014,20.54,Diesel,2014,Comprehensive,5 Speed,Manual,5 Seats,JAIPUR
₹ 5.50 Lakh,Hatchback,"75,000 Kms",2nd Owner,2017,20.14,Diesel,2017,Comprehensive,5 Speed,Manual,5 Seats,JAIPUR
₹ 5.60 Lakh,Hatchback,"23,573 Kms",1st Owner,2020,21.79,Petrol,2020,Comprehensive,5 Speed,Manual,5 Seats,JAIPUR
₹ 8 Lakh,SUV,"76,200 Kms",1st Owner,2018,21.7,Diesel,2018,Comprehensive,5 Speed,Manual,5 Seats,JAIPUR
₹ 1.80 Lakh,Hatchback,"85,000 Kms",1st Owner,2007,17.8,Petrol,2007,Comprehensive,5 Speed,Automatic,5 Seats,JAIPUR
₹ 2.70 Lakh,Hatchback,"62,000 Kms",1st Owner,2014,24.39,Petrol,2014,Comprehensive,5 Speed,Manual,5 Seats,JAIPUR
₹ 7.35 Lakh,Sedan,"16,603 Kms",1st Owner,2020,20.1,Petrol,2020,Comprehensive,5-Speed,Automatic,5 Seats,JAIPUR
₹ 3.08 Lakh,Hatchback,"43,571 Kms",1st Owner,2018,21.1,Petrol,2018,Third Party,5 Speed,Manual,5 Seats,JAIPUR
₹ 3.80 Lakh,Hatchback,"28,328 Kms",1st Owner,2020,22.05,Petrol,2020,Zero Dep,5 Speed,Manual,5 Seats,JAIPUR
₹ 4.60 Lakh,Hatchback,"1,15,000 Kms",1st Owner,2014,28.4,Diesel,2014,Comprehensive,5,Manual,5 Seats,JAIPUR
₹ 6.57 Lakh,SUV,"40,282 Kms",1st Owner,2017,17.5,Petrol,2017,Comprehensive,5 Speed,Manual,5 Seats,JAIPUR
₹ 2.55 Lakh,Hatchback,"57,826 Kms",1st Owner,2016,22.05,Petrol,2016,Comprehensive,5 Speed,Manual,5 Seats,JAIPUR
₹ 4.50 Lakh,Hatchback,"85,400 Kms",1st Owner,2016,18.78,Petrol,2016,Comprehensive,5 Speed,Manual,5 Seats,JAIPUR
₹ 4.80 Lakh,Hatchback,"74,000 Kms",2nd Owner,2014,18.6,Petrol,2014,Comprehensive,5 Speed,Manual,5 Seats,JAIPUR
₹ 8.25 Lakh,SUV,"66,000 Kms",1st Owner,2018,16.5,Diesel,2018,Comprehensive,5 Speed,Manual,7 Seats,JAIPUR
₹ 8.95 Lakh,SUV,"65,580 Kms",1st Owner,2018,24.3,Diesel,2018,Comprehensive,5 Speed,Automatic,5 Seats,JAIPUR
₹ 4.50 Lakh,Hatchback,"91,200 Kms",2nd Owner,2014,20.14,Diesel,2014,Comprehensive,5 Speed,Manual,5 Seats,JAIPUR
₹ 5.90 Lakh,SUV,"65,000 Kms",2nd Owner,2015,21.7,Diesel,2015,Comprehensive,5 Speed,Manual,5 Seats,JAIPUR
₹ 6.70 Lakh,Hatchback,"84,250 Kms",2nd Owner,2017,22.54,Diesel,2017,Comprehensive,6 Speed,Manual,5 Seats,JAIPUR
₹ 2.30 Lakh,Hatchback,"93,155 Kms",3rd Owner,2007,17.8,Diesel,2007,Comprehensive,5 Speed,Manual,5 Seats,JAIPUR
₹ 14.25 Lakh,Sedan,"79,412 Kms",2nd Owner,2014,19.59,Diesel,2014,Comprehensive,8 Speed,Automatic,5 Seats,JAIPUR
₹ 8.10 Lakh,Sedan,"68,140 Kms",1st Owner,2019,21.13,Diesel,2019,Not Available,5 Speed,Manual,5 Seats,JAIPUR
₹ 17.90 Lakh,MUV,"16,293 Kms",1st Owner,2022,16.5,Petrol,2022,Comprehensive,7-Speed DCT,Automatic,6 Seats,JAIPUR
₹ 1.89 Lakh,Hatchback,"79,883 Kms",2nd Owner,2014,23.2,Diesel,2014,Not Available,5 Speed,Manual,5 Seats,JAIPUR
₹ 18.90 Lakh,SUV,"9,000 Kms",1st Owner,2020,17.1,Diesel,2020,Comprehensive,6 Speed,Manual,5 Seats,JAIPUR
"₹ 28,001 ",Hatchback,"1,00,048 Kms",1st Owner,2007,15.0,Petrol,2007,Not Available,5 Speed,Manual,5 Seats,JAIPUR
₹ 2.70 Lakh,Sedan,"1,10,712 Kms",1st Owner,2014,25.8,Diesel,2014,Not Available,5 Speed,Manual,5 Seats,JAIPUR
₹ 4.10 Lakh,Hatchback,"67,653 Kms",1st Owner,2017,23.84,Petrol,2017,Comprehensive,5 Speed,Automatic,5 Seats,JAIPUR
₹ 2.96 Lakh,Hatchback,"58,066 Kms",1st Owner,2015,19.81,Petrol,2015,Third Party insurance,5 Speed,Manual,5 Seats,JAIPUR
₹ 23.50 Lakh,Sedan,"83,000 Kms",2nd Owner,2017,16.36,Diesel,2017,Comprehensive,8 Speed,Automatic,5 Seats,JAIPUR
₹ 5.76 Lakh,Sedan,"71,053 Kms",1st Owner,2019,19.5,Petrol,2019,Comprehensive,5 Speed,Manual,5 Seats,JAIPUR
₹ 6.23 Lakh,Hatchback,"76,977 Kms",2nd Owner,2018,20.14,Diesel,2018,Comprehensive,5 Speed,Manual,5 Seats,JAIPUR
"₹ 80,000 ",Hatchback,"1,50,729 Kms",1st Owner,2009,18.0,Diesel,2009,Not Available,5 Speed,Manual,5 Seats,JAIPUR
₹ 31.90 Lakh,SUV,"1,15,000 Kms",1st Owner,2016,15.26,Diesel,2016,Comprehensive,7 Speed,Automatic,5 Seats,JAIPUR
₹ 17.50 Lakh,MUV,"15,000 Kms",1st Owner,2022,18.9,Diesel,2022,Comprehensive,6-Speed iMT,Automatic,6 Seats,JAIPUR
"₹ 35,840 ",Sedan,"1,44,103 Kms",1st Owner,2007,11.9,Petrol,2007,Not Available,5 Speed,Manual,5 Seats,JAIPUR
₹ 7.50 Lakh,Sedan,"19,726 Kms",1st Owner,2022,18.6,Petrol,2022,Not Available,5 Speed,Manual,5 Seats,JAIPUR
₹ 17.65 Lakh,SUV,"60,267 Kms",1st Owner,2013,14.16,Diesel,2013,Third Party insurance,7 Speed,Automatic,5 Seats,JAIPUR
₹ 9 Lakh,Sedan,"1,20,931 Kms",1st Owner,2013,22.7,Diesel,2013,Not Available,6 Speed ,Manual,5 Seats,JAIPUR
₹ 9.50 Lakh,SUV,"12,111 Kms",1st Owner,2022,17.33,Petrol,2022,Not Available,6 Speed,Manual,5 Seats,JAIPUR
₹ 4.50 Lakh,Sedan,"1,21,671 Kms",1st Owner,2016,17.9,Diesel,2016,Not Available,6 Speed,Manual,5 Seats,JAIPUR
₹ 8.95 Lakh,SUV,"65,573 Kms",1st Owner,2019,24.3,Diesel,2019,Third Party insurance,5 Speed,Automatic,5 Seats,JAIPUR
₹ 2.50 Lakh,Hatchback,"52,887 Kms",1st Owner,2009,20.36,Petrol,2009,Not Available,5 Speed,Manual,5 Seats,JAIPUR
₹ 12.85 Lakh,SUV,"48,457 Kms",1st Owner,2015,12.0,Petrol,2015,Comprehensive,5 Speed,Automatic,5 Seats,JAIPUR
₹ 3.25 Lakh,Hatchback,"51,088 Kms",1st Owner,2013,19.49,Petrol,2013,Not Available,5 Speed,Manual,5 Seats,JAIPUR
₹ 13.90 Lakh,SUV,"22,000 Kms",1st Owner,2021,16.8,Petrol,2021,Comprehensive,6-Speed,Manual,5 Seats,JAIPUR
₹ 8.23 Lakh,Sedan,"45,316 Kms",1st Owner,2018,17.0,Petrol,2018,Zero Dep,6 Speed,Manual,5 Seats,JAIPUR
₹ 13.95 Lakh,SUV,"16,858 Kms",1st Owner,2019,16.5,Petrol,2019,Comprehensive,7-Speed DCT,Automatic,5 Seats,JAIPUR
₹ 7.90 Lakh,MUV,"1,05,000 Kms",1st Owner,2014,12.99,Diesel,2014,Comprehensive,5 Speed,Manual,7 Seats,JAIPUR
₹ 3.42 Lakh,Hatchback,"31,850 Kms",1st Owner,2019,22.25,Petrol,2019,Third Party,5 Speed,Manual,5 Seats,JAIPUR
₹ 2.70 Lakh,Sedan,"1,35,213 Kms",1st Owner,2013,25.8,Diesel,2013,Not Available,5 Speed,Manual,5 Seats,JAIPUR
₹ 3.58 Lakh,Sedan,"88,378 Kms",1st Owner,2014,25.8,Diesel,2014,Not Available,5 Speed,Manual,5 Seats,JAIPUR
₹ 5 Lakh,Sedan,"1,91,867 Kms",1st Owner,2016,26.59,Diesel,2016,Not Available,5 Speed,Manual,5 Seats,JAIPUR
₹ 4.10 Lakh,Sedan,"65,808 Kms",1st Owner,2012,23.4,Diesel,2012,Not Available,5 Speed,Manual,5 Seats,JAIPUR
₹ 6.50 Lakh,SUV,"20,135 Kms",1st Owner,2021,18.75,Petrol,2021,Not Available,5 Speed,Manual,5 Seats,JAIPUR
₹ 22.90 Lakh,Sedan,"29,882 Kms",1st Owner,2019,15.1,Petrol,2019,Comprehensive,7 Speed,Automatic,5 Seats,JAIPUR
₹ 15 Lakh,SUV,"33,831 Kms",1st Owner,2020,13.96,Petrol,2020,Not Available,6 Speed,Automatic,5 Seats,JAIPUR
₹ 3.80 Lakh,Hatchback,"61,334 Kms",1st Owner,2018,20.51,Petrol,2018,Not Available,5 Speed,Manual,5 Seats,JAIPUR
₹ 17 Lakh,Sedan,"69,383 Kms",3rd Owner,2017,22.69,Diesel,2017,Not Available,8 Speed,Automatic,5 Seats,JAIPUR
₹ 4.50 Lakh,SUV,"1,57,312 Kms",4th Owner,2009,12.05,Diesel,2009,Not Available,5 Speed,Manual,9 Seats,JAIPUR
₹ 5 Lakh,Hatchback,"51,531 Kms",1st Owner,2017,18.6,Petrol,2017,Not Available,5 Speed,Manual,5 Seats,JAIPUR
₹ 9.45 Lakh,SUV,"88,098 Kms",1st Owner,2019,20.8,Diesel,2019,Not Available,6-Speed,Manual,5 Seats,JAIPUR
₹ 5.25 Lakh,SUV,"96,000 Kms",1st Owner,2016,21.9,Diesel,2016,Comprehensive,6 Speed,Manual,7 Seats,JAIPUR
₹ 9.75 Lakh,SUV,"77,901 Kms",1st Owner,2019,23.7,Diesel,2019,Comprehensive,6-Speed,Manual,5 Seats,JAIPUR
₹ 5.64 Lakh,Sedan,"1,33,946 Kms",1st Owner,2008,17.5,Diesel,2008,Not Available,5 Speed,Manual,5 Seats,JAIPUR
₹ 3.26 Lakh,Hatchback,"70,593 Kms",1st Owner,2016,19.81,Petrol,2016,Third Party insurance,5 Speed,Manual,5 Seats,JAIPUR
₹ 4.65 Lakh,Hatchback,"82,556 Kms",1st Owner,2015,18.6,Petrol,2015,Zero Dep,5 Speed,Manual,5 Seats,JAIPUR
₹ 1.80 Lakh,Hatchback,"42,160 Kms",1st Owner,2009,18.9,Petrol,2009,Not Available,5 Speed,Manual,5 Seats,JAIPUR
₹ 7.10 Lakh,Sedan,"99,367 Kms",1st Owner,2018,28.4,Diesel,2018,Third Party,5 Speed,Manual,5 Seats,JAIPUR
₹ 7.94 Lakh,Sedan,"95,329 Kms",1st Owner,2018,17.0,Petrol,2018,Zero Dep,6 Speed,Manual,5 Seats,JAIPUR
₹ 4.65 Lakh,Sedan,"72,000 Kms",1st Owner,2015,20.85,Petrol,2015,Comprehensive,5 Speed,Manual,5 Seats,JAIPUR
₹ 1.50 Lakh,Hatchback,"1,37,537 Kms",4th Owner,2011,21.9,Diesel,2011,Not Available,5-Speed,Manual,5 Seats,JAIPUR
₹ 5.20 Lakh,Sedan,"98,000 Kms",1st Owner,2014,26.0,Diesel,2014,Comprehensive,6 Speed ,Manual,5 Seats,JAIPUR
₹ 3.61 Lakh,Sedan,"1,52,098 Kms",3rd Owner,2010,18.3,Diesel,2010,Not Available,5 Speed,Manual,5 Seats,JAIPUR
₹ 3.90 Lakh,Sedan,"88,329 Kms",1st Owner,2013,21.64,Diesel,2013,Comprehensive,5 Speed,Manual,5 Seats,JAIPUR
₹ 24.50 Lakh,SUV,"1,26,000 Kms",2nd Owner,2016,11.5,Diesel,2016,Comprehensive,4 Speed ,Automatic,7 Seats,JAIPUR
"₹ 93,982 ",Hatchback,"1,14,866 Kms",2nd Owner,2009,21.1,Petrol,2009,Comprehensive,5-Speed,Manual,5 Seats,JAIPUR
₹ 6 Lakh,Hatchback,"27,723 Kms",1st Owner,2021,21.01,Petrol,2021,Not Available,5 Speed,Manual,5 Seats,JAIPUR
₹ 3.95 Lakh,Sedan,"57,847 Kms",1st Owner,2009,14.53,Petrol,2009,Comprehensive,7 Speed,Automatic,5 Seats,JAIPUR
₹ 9.80 Lakh,Sedan,"46,557 Kms",1st Owner,2021,17.7,Petrol,2021,Not Available,6 Speed,Manual,5 Seats,JAIPUR
₹ 3.60 Lakh,Hatchback,"37,983 Kms",1st Owner,2016,20.51,Petrol,2016,Not Available,5 Speed,Manual,5 Seats,JAIPUR
"₹ 68,063 ",Hatchback,"1,52,783 Kms",4th Owner,2010,19.7,Petrol,2010,Not Available,5 Speed,Manual,5 Seats,JAIPUR
₹ 12.50 Lakh,Sedan,"69,856 Kms",1st Owner,2012,14.84,Diesel,2012,Third Party insurance,7 Speed,Automatic,5 Seats,JAIPUR
₹ 18.50 Lakh,SUV,"60,091 Kms",1st Owner,2013,14.16,Diesel,2013,Third Party insurance,7 Speed,Automatic,5 Seats,JAIPUR
₹ 4.50 Lakh,Hatchback,"50,501 Kms",1st Owner,2017,20.4,Petrol,2017,Not Available,5 Speed,Manual,5 Seats,JAIPUR
₹ 7.35 Lakh,Sedan,"16,603 Kms",1st Owner,2020,20.1,Petrol,2020,Comprehensive,5-Speed,Automatic,5 Seats,JAIPUR
₹ 5 Lakh,Hatchback,"40,960 Kms",1st Owner,2020,35.6,CNG,2020,Zero Dep,5-Speed,Manual,5 Seats,JAIPUR
₹ 4.85 Lakh,Hatchback,"65,000 Kms",1st Owner,2018,18.9,Petrol,2018,Comprehensive,5 Speed,Manual,5 Seats,JAIPUR
₹ 4.29 Lakh,Hatchback,"74,232 Kms",1st Owner,2014,22.9,Diesel,2014,Third Party,5 Speed,Manual,5 Seats,JAIPUR
₹ 3.47 Lakh,Hatchback,"38,892 Kms",1st Owner,2015,20.51,Petrol,2015,Third Party insurance,5 Speed,Manual,5 Seats,JAIPUR
₹ 6.95 Lakh,Sedan,"72,602 Kms",2nd Owner,2016,19.08,Diesel,2016,Comprehensive,4 Speed,Automatic,5 Seats,JAIPUR
₹ 24.50 Lakh,SUV,"82,882 Kms",1st Owner,2014,11.7,Diesel,2014,Third Party insurance,8 Speed,Automatic,5 Seats,JAIPUR
₹ 23.25 Lakh,SUV,"79,329 Kms",2nd Owner,2017,17.32,Diesel,2017,Third Party insurance,6 Speed,Manual,5 Seats,JAIPUR
₹ 4 Lakh,Sedan,"63,959 Kms",1st Owner,2013,19.1,Petrol,2013,Not Available,5 Speed,Manual,5 Seats,JAIPUR
₹ 9 Lakh,Hatchback,"10,801 Kms",1st Owner,2022,19.33,Petrol,2022,Not Available,5-Speed,Manual,5 Seats,JAIPUR
₹ 13 Lakh,SUV,"86,580 Kms",2nd Owner,2015,13.0,Diesel,2015,Not Available,5 Speed,Manual,7 Seats,JAIPUR
₹ 3.30 Lakh,Sedan,"30,751 Kms",2nd Owner,2015,14.3,Petrol,2015,Not Available,6 Speed ,Automatic,5 Seats,JAIPUR
₹ 2.50 Lakh,Hatchback,"1,51,231 Kms",1st Owner,2014,20.51,Petrol,2014,Not Available,5 Speed,Manual,5 Seats,JAIPUR
₹ 15.75 Lakh,SUV,"49,000 Kms",1st Owner,2020,20.8,Diesel,2020,Comprehensive,6-Speed,Manual,5 Seats,JAIPUR
₹ 14.75 Lakh,SUV,"49,000 Kms",1st Owner,2019,16.5,Petrol,2019,Comprehensive,7-Speed DCT,Automatic,5 Seats,JAIPUR
₹ 2.25 Lakh,Sedan,"1,47,640 Kms",3rd Owner,2006,14.84,Diesel,2006,Not Available,7 Speed,Automatic,5 Seats,JAIPUR
₹ 13.70 Lakh,Sedan,"55,000 Kms",1st Owner,2013,15.2,Diesel,2013,Comprehensive,6 Speed,Automatic,5 Seats,JAIPUR
₹ 9 Lakh,SUV,"17,284 Kms",1st Owner,2022,16.5,Petrol,2022,Not Available,5 Speed,Manual,5 Seats,JAIPUR
₹ 3 Lakh,Sedan,"1,00,076 Kms",3rd Owner,2014,24.4,Diesel,2014,Not Available,5 Speed ,Manual,5 Seats,JAIPUR
"₹ 60,000 ",Hatchback,"1,05,180 Kms",2nd Owner,2011,18.0,Petrol,2011,Not Available,5 Speed,Manual,5 Seats,JAIPUR
₹ 2.72 Lakh,Hatchback,"85,648 Kms",1st Owner,2018,22.05,Petrol,2018,Third Party,5 Speed,Manual,5 Seats,JAIPUR
₹ 5.09 Lakh,Hatchback,"97,229 Kms",1st Owner,2018,22.38,Petrol,2018,Third Party,5-Speed,Manual,5 Seats,JAIPUR
₹ 4.70 Lakh,Hatchback,"74,850 Kms",1st Owner,2016,27.39,Diesel,2016,Not Available,5 Speed,Manual,5 Seats,JAIPUR
₹ 5.39 Lakh,Hatchback,"18,484 Kms",1st Owner,2022,31.2,CNG,2022,Comprehensive,5-Speed,Manual,4 Seats,JAIPUR
₹ 5.44 Lakh,Hatchback,"52,509 Kms",1st Owner,2018,22.38,Petrol,2018,Third Party,5-Speed,Manual,5 Seats,JAIPUR
₹ 1.42 Lakh,Sedan,"94,970 Kms",2nd Owner,2006,13.2,Petrol,2006,Not Available,5 Speed,Manual,5 Seats,JAIPUR
₹ 3.45 Lakh,Hatchback,"57,000 Kms",2nd Owner,2016,20.36,Petrol,2016,Comprehensive,5 Speed,Manual,5 Seats,JAIPUR
₹ 9.65 Lakh,Sedan,"91,547 Kms",1st Owner,2018,21.13,Diesel,2018,Third Party insurance,5 Speed,Manual,5 Seats,JAIPUR
₹ 2.80 Lakh,Sedan,"42,601 Kms",1st Owner,2011,17.5,Petrol,2011,Not Available,5 Speed,Manual,5 Seats,JAIPUR
₹ 4.50 Lakh,MUV,"2,08,978 Kms",1st Owner,2013,20.77,Diesel,2013,Not Available,5 Speed ,Manual,7 Seats,JAIPUR
₹ 11.30 Lakh,SUV,"31,262 Kms",1st Owner,2019,17.8,Diesel,2019,Not Available,6-Speed,Automatic,5 Seats,JAIPUR
₹ 7.75 Lakh,SUV,"72,000 Kms",1st Owner,2018,23.0,Diesel,2018,Comprehensive,5 Speed,Manual,5 Seats,JAIPUR
₹ 2.16 Lakh,SUV,"1,52,633 Kms",1st Owner,2014,20.45,Diesel,2014,Not Available,5 Speed,Manual,5 Seats,JAIPUR
₹ 6 Lakh,Hatchback,"70,000 Kms",1st Owner,2017,18.6,Petrol,2017,Comprehensive,5 Speed,Manual,5 Seats,JAIPUR
₹ 20.90 Lakh,Sedan,"54,737 Kms",1st Owner,2018,19.2,Petrol,2018,Comprehensive,7 Speed,Automatic,5 Seats,JAIPUR
₹ 10.12 Lakh,SUV,"97,845 Kms",1st Owner,2020,15.1,Diesel,2020,Not Available,6 Speed,Manual,7 Seats,JAIPUR
₹ 6.30 Lakh,Hatchback,"18,240 Kms",1st Owner,2022,22.38,Petrol,2022,Not Available,5-Speed,Manual,5 Seats,JAIPUR
"₹ 66,000 ",Hatchback,"81,700 Kms",3rd Owner,2017,18.9,Petrol,1999,Not Available,5 Speed,Manual,5 Seats,JAIPUR
₹ 5.90 Lakh,SUV,"90,000 Kms",2nd Owner,2015,14.1,Diesel,2015,Comprehensive,5 Speed,Manual,7 Seats,JAIPUR
₹ 38 Lakh,Sedan,"65,262 Kms",1st Owner,2014,14.47,Diesel,2014,Comprehensive,8 Speed,Automatic,5 Seats,JAIPUR
₹ 8.75 Lakh,Sedan,"86,703 Kms",1st Owner,2018,17.0,Petrol,2018,Zero Dep,6 Speed,Manual,5 Seats,JAIPUR
₹ 11.10 Lakh,Sedan,"16,000 Kms",1st Owner,2022,19.47,Petrol,2022,Third Party insurance,6-Speed,Manual,5 Seats,JAIPUR
₹ 2.80 Lakh,Hatchback,"48,409 Kms",1st Owner,2018,21.1,Petrol,2018,Not Available,5 Speed,Manual,5 Seats,JAIPUR
₹ 3.64 Lakh,Hatchback,"1,02,912 Kms",1st Owner,2012,22.38,Petrol,2012,Comprehensive,5-Speed,Manual,5 Seats,JAIPUR
₹ 3.52 Lakh,Hatchback,"37,025 Kms",1st Owner,2019,22.25,Petrol,2019,Third Party insurance,5 Speed,Manual,5 Seats,JAIPUR
₹ 2.15 Lakh,Hatchback,"1,64,910 Kms",1st Owner,2015,19.49,Petrol,2015,Not Available,5 Speed,Manual,5 Seats,JAIPUR
₹ 3 Lakh,Sedan,"68,243 Kms",2nd Owner,2012,20.54,Diesel,2012,Not Available,5 Speed,Manual,5 Seats,JAIPUR
₹ 2.31 Lakh,Hatchback,"1,10,728 Kms",1st Owner,2012,20.36,Petrol,2012,Not Available,5 Speed,Manual,5 Seats,JAIPUR
₹ 11.56 Lakh,Sedan,"69,492 Kms",1st Owner,2020,25.0,Diesel,2020,Not Available,6 Speed,Manual,5 Seats,JAIPUR
₹ 4 Lakh,Hatchback,"72,480 Kms",1st Owner,2013,22.9,Diesel,2013,Not Available,5 Speed ,Manual,5 Seats,JAIPUR
₹ 5 Lakh,Hatchback,"1,20,094 Kms",1st Owner,2016,18.6,Petrol,2016,Not Available,5 Speed,Manual,5 Seats,JAIPUR
₹ 3.50 Lakh,Hatchback,"1,18,149 Kms",3rd Owner,2013,22.9,Diesel,2013,Not Available,5 Speed,Manual,5 Seats,JAIPUR
₹ 14.20 Lakh,SUV,"29,000 Kms",1st Owner,2020,18.9,Petrol,2020,Comprehensive,IVT,Automatic,5 Seats,JAIPUR
₹ 3.85 Lakh,Hatchback,"68,000 Kms",3rd Owner,2015,16.5,Petrol,2015,Third Party,5 Speed,Automatic,5 Seats,JAIPUR
₹ 12 Lakh,SUV,"55,463 Kms",1st Owner,2021,18.9,Electric,2021,Zero Dep,5 Speed,Automatic,5 Seats,JAIPUR
₹ 14 Lakh,SUV,"26,455 Kms",1st Owner,2022,18.9,Electric,2022,Not Available,5 Speed,Automatic,5 Seats,JAIPUR
"₹ 94,353 ",Minivans,"45,663 Kms",3rd Owner,2014,16.8,Petrol,2014,Not Available,4 Speed,Manual,8 Seats,JAIPUR
"₹ 96,295 ",Hatchback,"62,626 Kms",1st Owner,2012,22.74,Petrol,2012,Not Available,5 Speed,Manual,5 Seats,JAIPUR
₹ 5.70 Lakh,Minivans,"32,317 Kms",1st Owner,2022,20.88,CNG,2022,Not Available,5 Speed,Manual,5 Seats,JAIPUR
₹ 1.17 Lakh,Hatchback,"65,733 Kms",2nd Owner,2010,18.5,Petrol,2010,Not Available,5 Speed,Manual,5 Seats,JAIPUR
₹ 5.37 Lakh,Hatchback,"21,388 Kms",1st Owner,2020,19.33,Petrol,2020,Third Party,5-Speed,Manual,5 Seats,JAIPUR
₹ 6.78 Lakh,Sedan,"71,448 Kms",3rd Owner,2019,28.4,Diesel,2019,Third Party insurance,5 Speed,Automatic,5 Seats,JAIPUR
₹ 24.50 Lakh,SUV,"10,371 Kms",1st Owner,2022,18.9,Electric,2022,Comprehensive,5 Speed,Automatic,5 Seats,JAIPUR
₹ 5.41 Lakh,Sedan,"63,385 Kms",1st Owner,2018,19.5,Petrol,2018,Third Party insurance,5 Speed,Manual,5 Seats,JAIPUR
₹ 5.78 Lakh,Hatchback,"60,048 Kms",1st Owner,2019,18.6,Petrol,2019,Third Party insurance,5 Speed,Manual,5 Seats,JAIPUR
₹ 14.90 Lakh,Sedan,"44,351 Kms",1st Owner,2022,18.9,Electric,2022,Third Party,Single Speed,Automatic,5 Seats,JAIPUR
₹ 2 Lakh,Hatchback,"45,926 Kms",1st Owner,2015,21.1,Petrol,2015,Not Available,5 Speed,Manual,5 Seats,JAIPUR
₹ 7.50 Lakh,SUV,"19,876 Kms",1st Owner,2021,17.03,Petrol,2021,Not Available,5 Speed,Manual,5 Seats,JAIPUR
₹ 6.75 Lakh,Hatchback,"69,000 Kms",1st Owner,2017,22.54,Diesel,2017,Comprehensive,6 Speed,Manual,5 Seats,JAIPUR
₹ 8.95 Lakh,SUV,"65,000 Kms",1st Owner,2021,17.03,Petrol,2021,Comprehensive,5 Speed,Manual,5 Seats,JAIPUR
₹ 4.20 Lakh,Hatchback,"37,386 Kms",1st Owner,2015,18.9,Petrol,2015,Not Available,5 Speed,Manual,5 Seats,JAIPUR
₹ 5.50 Lakh,Hatchback,"1,04,590 Kms",1st Owner,2020,21.01,Petrol,2020,Not Available,5 Speed,Manual,5 Seats,JAIPUR
₹ 7.25 Lakh,Sedan,"57,794 Kms",1st Owner,2021,22.41,Petrol,2021,Not Available,5 Speed,Manual,5 Seats,JAIPUR
₹ 4.20 Lakh,SUV,"1,05,072 Kms",1st Owner,2015,22.7,Diesel,2015,Not Available,5 Speed,Manual,5 Seats,JAIPUR
₹ 1.50 Lakh,Sedan,"1,76,550 Kms",3rd Owner,2007,13.5,Petrol,2007,Not Available,5 Speed,Manual,5 Seats,JAIPUR
₹ 7.85 Lakh,Sedan,"52,000 Kms",1st Owner,2016,23.9,Diesel,2016,Comprehensive,6 Speed ,Manual,5 Seats,JAIPUR
₹ 4.60 Lakh,Hatchback,"26,124 Kms",1st Owner,2020,19.33,Petrol,2020,Not Available,5-Speed,Manual,5 Seats,JAIPUR
₹ 7.50 Lakh,Sedan,"35,925 Kms",1st Owner,2018,20.73,Petrol,2018,Not Available,5 Speed,Manual,5 Seats,JAIPUR
"₹ 73,000 ",Sedan,"64,816 Kms",2nd Owner,2008,13.0,Petrol,2008,Not Available,5 Speed,Manual,5 Seats,JAIPUR
₹ 1.08 Lakh,MUV,"92,701 Kms",4th Owner,2008,13.6,Diesel,2008,Not Available,5 Speed,Manual,7 Seats,JAIPUR
₹ 4.19 Lakh,Hatchback,"38,439 Kms",1st Owner,2019,25.24,Petrol,2019,Third Party insurance,5-Speed,Manual,5 Seats,JAIPUR
₹ 5.49 Lakh,SUV,"45,531 Kms",1st Owner,2017,15.85,Petrol,2017,Comprehensive,5 Speed,Manual,5 Seats,JAIPUR
₹ 7.10 Lakh,Sedan,"33,000 Kms",1st Owner,2021,22.41,Petrol,2021,Comprehensive,5 Speed,Manual,5 Seats,JAIPUR
₹ 4.26 Lakh,Hatchback,"71,098 Kms",2nd Owner,2015,22.38,Petrol,2015,Comprehensive,5-Speed,Manual,5 Seats,JAIPUR
₹ 6.33 Lakh,SUV,"99,432 Kms",1st Owner,2014,15.1,Diesel,2014,Comprehensive,6 Speed ,Manual,7 Seats,JAIPUR
₹ 1.10 Lakh,Sedan,"44,777 Kms",2nd Owner,2005,15.9,Petrol,2005,Not Available,5 Speed,Manual,5 Seats,JAIPUR
₹ 4.40 Lakh,Hatchback,"24,068 Kms",2nd Owner,2020,22.0,Petrol,2020,Not Available,5 Speed,Automatic,5 Seats,JAIPUR
₹ 2.50 Lakh,Hatchback,"85,445 Kms",3rd Owner,2013,20.0,Diesel,2013,Not Available,5 Speed,Manual,5 Seats,JAIPUR
₹ 4.77 Lakh,Sedan,"1,12,097 Kms",4th Owner,2008,15.5,Diesel,2008,Not Available,6 Speed,Automatic,5 Seats,JAIPUR
₹ 4.70 Lakh,Hatchback,"80,008 Kms",1st Owner,2017,24.0,Diesel,2017,Not Available,5 Speed,Manual,5 Seats,JAIPUR
₹ 4 Lakh,Sedan,"96,496 Kms",2nd Owner,2013,20.54,Diesel,2013,Not Available,5 Speed,Manual,5 Seats,JAIPUR
₹ 5.50 Lakh,SUV,"75,744 Kms",1st Owner,2014,19.01,Diesel,2014,Not Available,6 Speed,Manual,5 Seats,JAIPUR
₹ 5.45 Lakh,Hatchback,"70,000 Kms",1st Owner,2017,26.8,Diesel,2017,Comprehensive,5 Speed,Automatic,5 Seats,JAIPUR
₹ 5.65 Lakh,Hatchback,"85,000 Kms",1st Owner,2015,21.19,Diesel,2015,Comprehensive,6 Speed,Manual,5 Seats,JAIPUR
₹ 4.10 Lakh,Hatchback,"15,092 Kms",1st Owner,2022,22.05,Petrol,2022,Not Available,5 Speed,Manual,5 Seats,JAIPUR
₹ 3.80 Lakh,Sedan,"1,17,131 Kms",3rd Owner,2014,18.0,Petrol,2014,Not Available,5 Speed,Manual,5 Seats,JAIPUR
₹ 4 Lakh,Hatchback,"32,802 Kms",2nd Owner,2016,20.51,Petrol,2016,Not Available,5 Speed,Automatic,5 Seats,JAIPUR
₹ 6.50 Lakh,Hatchback,"39,201 Kms",1st Owner,2016,21.4,Petrol,2016,Not Available,5 Speed,Manual,5 Seats,JAIPUR
₹ 12.60 Lakh,SUV,"1,01,884 Kms",1st Owner,2019,17.8,Diesel,2019,Not Available,6-Speed,Automatic,5 Seats,JAIPUR
₹ 4.50 Lakh,Hatchback,"1,52,702 Kms",2nd Owner,2014,25.2,Diesel,2014,Not Available,5 Speed,Manual,5 Seats,JAIPUR
₹ 2.10 Lakh,Hatchback,"74,729 Kms",1st Owner,2014,21.1,Petrol,2014,Third Party,5 Speed,Manual,5 Seats,JAIPUR
₹ 9.90 Lakh,SUV,"9,009 Kms",1st Owner,2022,17.33,Petrol,2022,Not Available,6 Speed,Manual,5 Seats,JAIPUR
₹ 10.59 Lakh,SUV,"10,785 Kms",1st Owner,2020,18.55,Petrol,2020,Zero Dep,5 Speed,Manual,5 Seats,JAIPUR
₹ 4.26 Lakh,Hatchback,"85,374 Kms",1st Owner,2017,18.9,Petrol,2017,Third Party insurance,5 Speed,Manual,5 Seats,JAIPUR
₹ 1.75 Lakh,Hatchback,"36,495 Kms",1st Owner,2011,20.36,Petrol,2011,Not Available,5 Speed,Manual,5 Seats,JAIPUR
₹ 2.20 Lakh,Hatchback,"57,095 Kms",2nd Owner,2012,22.07,Diesel,2012,Not Available,5 Speed,Manual,5 Seats,JAIPUR
₹ 10 Lakh,Hatchback,"20,199 Kms",1st Owner,2022,25.0,Diesel,2022,Not Available,6 Speed,Manual,5 Seats,JAIPUR
₹ 5.30 Lakh,Hatchback,"1,782 Kms",1st Owner,2022,21.46,Petrol,2022,Not Available,5 Speed,Manual,5 Seats,JAIPUR
₹ 7 Lakh,SUV,"1,82,946 Kms",1st Owner,2017,15.29,Petrol,2017,Not Available,6 Speed,Manual,5 Seats,JAIPUR
₹ 2.99 Lakh,Hatchback,"20,685 Kms",1st Owner,2019,25.17,Petrol,2019,Not Available,5 Speed,Manual,5 Seats,JAIPUR
₹ 2.50 Lakh,Hatchback,"51,284 Kms",1st Owner,2015,21.1,Petrol,2015,Not Available,5 Speed,Manual,5 Seats,JAIPUR
₹ 8.95 Lakh,MUV,"83,000 Kms",1st Owner,2020,19.34,Petrol,2020,Comprehensive,5 Speed,Manual,7 Seats,JAIPUR
₹ 3.22 Lakh,Hatchback,"36,661 Kms",1st Owner,2019,24.7,Petrol,2019,Not Available,5 Speed,Manual,5 Seats,JAIPUR
₹ 14 Lakh,SUV,"44,143 Kms",1st Owner,2022,15.2,Petrol,2022,Not Available,6 Speed,Manual,4 Seats,JAIPUR
₹ 1.50 Lakh,Sedan,"1,08,168 Kms",4th Owner,2006,17.7,Petrol,2006,Not Available,5 Speed,Manual,5 Seats,JAIPUR
₹ 3.10 Lakh,Hatchback,"69,475 Kms",1st Owner,2018,23.95,Petrol,2018,Not Available,5 Speed,Automatic,5 Seats,JAIPUR
₹ 5 Lakh,SUV,"96,294 Kms",2nd Owner,2013,15.1,Diesel,2013,Not Available,6 Speed ,Manual,7 Seats,JAIPUR
₹ 8.25 Lakh,SUV,"48,000 Kms",1st Owner,2017,15.8,Petrol,2017,Comprehensive,6 Speed,Manual,5 Seats,JAIPUR
₹ 8.10 Lakh,SUV,"34,970 Kms",1st Owner,2018,24.3,Diesel,2018,Third Party insurance,5 Speed,Manual,5 Seats,JAIPUR
₹ 6.49 Lakh,Sedan,"49,931 Kms",1st Owner,2020,20.5,Petrol,2020,Third Party,5-Speed,Manual,5 Seats,JAIPUR
₹ 6.70 Lakh,Hatchback,"49,500 Kms",1st Owner,2018,21.4,Petrol,2018,Comprehensive,5 Speed,Manual,5 Seats,JAIPUR
₹ 15.25 Lakh,SUV,"44,376 Kms",1st Owner,2019,18.0,Diesel,2019,Comprehensive,6-Speed,Automatic,5 Seats,JAIPUR
₹ 6.55 Lakh,Hatchback,"49,225 Kms",1st Owner,2018,28.4,Diesel,2018,Comprehensive,5,Manual,5 Seats,JAIPUR
₹ 4.93 Lakh,Hatchback,"68,843 Kms",1st Owner,2020,19.01,Petrol,2020,Comprehensive,5-Speed,Manual,5 Seats,JAIPUR
₹ 3.25 Lakh,Hatchback,"60,318 Kms",1st Owner,2009,21.79,Petrol,2009,Comprehensive,5 Speed,Manual,5 Seats,JAIPUR
₹ 5.50 Lakh,Hatchback,"1,01,014 Kms",1st Owner,2018,28.4,Diesel,2018,Zero Dep,5,Automatic,5 Seats,JAIPUR
₹ 3.76 Lakh,Hatchback,"44,319 Kms",2nd Owner,2020,22.0,Petrol,2020,Not Available,5 Speed,Automatic,5 Seats,JAIPUR
₹ 3.37 Lakh,Hatchback,"49,422 Kms",1st Owner,2017,16.2,Petrol,2017,Not Available,5 Speed,Manual,5 Seats,JAIPUR
₹ 10.45 Lakh,SUV,"44,934 Kms",1st Owner,2021,16.35,Petrol,2021,Not Available,6-Speed,Automatic,5 Seats,JAIPUR
₹ 1.18 Lakh,Sedan,"2,51,066 Kms",1st Owner,2011,19.3,Diesel,2011,Not Available,5 Speed,Manual,5 Seats,JAIPUR
₹ 4.36 Lakh,Sedan,"2,08,708 Kms",1st Owner,2017,28.09,Diesel,2017,Not Available,5 Speed,Manual,5 Seats,JAIPUR
"₹ 75,697 ",Hatchback,"75,426 Kms",1st Owner,2009,18.9,LPG,2009,Not Available,5 Speed,Manual,5 Seats,JAIPUR
₹ 8.61 Lakh,SUV,"36,107 Kms",1st Owner,2020,18.15,Petrol,2020,Not Available,7-Speed DCT,Automatic,5 Seats,JAIPUR
₹ 5.90 Lakh,SUV,"50,854 Kms",1st Owner,2019,17.5,Petrol,2019,Third Party,5 Speed,Manual,5 Seats,JAIPUR
₹ 5.53 Lakh,Hatchback,"7,985 Kms",1st Owner,2020,20.7,Petrol,2020,Not Available,5-Speed,Manual,5 Seats,JAIPUR
₹ 4.29 Lakh,SUV,"47,913 Kms",1st Owner,2017,18.49,Diesel,2017,Not Available,5 Speed,Manual,7 Seats,JAIPUR
₹ 5 Lakh,Hatchback,"1,38,907 Kms",1st Owner,2017,21.4,Petrol,2017,Not Available,5 Speed,Manual,5 Seats,JAIPUR
₹ 1.08 Lakh,Hatchback,"2,01,161 Kms",1st Owner,2010,21.1,Diesel,2010,Not Available,5-Speed,Manual,5 Seats,JAIPUR
₹ 4.82 Lakh,SUV,"1,24,143 Kms",1st Owner,2015,15.1,Diesel,2015,Not Available,6 Speed,Manual,7 Seats,JAIPUR
₹ 4.22 Lakh,Sedan,"65,396 Kms",2nd Owner,2017,19.5,Petrol,2017,Third Party insurance,5 Speed,Manual,5 Seats,JAIPUR
₹ 2.06 Lakh,Hatchback,"45,746 Kms",1st Owner,2011,20.36,Petrol,2011,Third Party insurance,5 Speed,Manual,5 Seats,JAIPUR
₹ 6.30 Lakh,Sedan,"90,560 Kms",1st Owner,2017,20.73,Petrol,2017,Not Available,5 Speed,Manual,5 Seats,JAIPUR
₹ 13.90 Lakh,SUV,"48,350 Kms",1st Owner,2015,12.0,Petrol,2015,Comprehensive,5 Speed,Automatic,5 Seats,JAIPUR
₹ 5.25 Lakh,Sedan,"66,000 Kms",1st Owner,2017,25.8,Diesel,2017,Comprehensive,5 Speed,Manual,5 Seats,JAIPUR
₹ 3.64 Lakh,Hatchback,"1,989 Kms",1st Owner,2022,22.05,Petrol,2022,Not Available,5 Speed,Manual,5 Seats,JAIPUR
₹ 2 Lakh,Hatchback,"1,10,818 Kms",1st Owner,2014,21.1,Petrol,2014,Not Available,5 Speed,Manual,5 Seats,JAIPUR
₹ 9.75 Lakh,SUV,"89,000 Kms",2nd Owner,2017,17.6,Diesel,2017,Comprehensive,6 Speed,Automatic,5 Seats,JAIPUR
₹ 2.50 Lakh,Hatchback,"67,225 Kms",1st Owner,2018,18.15,Petrol,2018,Not Available,5 Speed,Manual,6 Seats,JAIPUR
₹ 13 Lakh,SUV,"96,937 Kms",1st Owner,2020,17.0,Diesel,2020,Not Available,6,Manual,5 Seats,JAIPUR
₹ 2 Lakh,Hatchback,"1,60,145 Kms",1st Owner,2010,17.8,Diesel,2010,Not Available,5 Speed,Manual,5 Seats,JAIPUR
₹ 4.50 Lakh,MUV,"85,017 Kms",1st Owner,2015,17.3,Petrol,2015,Not Available,5 Speed,Manual,7 Seats,JAIPUR
₹ 1.50 Lakh,Hatchback,"86,719 Kms",1st Owner,2009,19.81,Petrol,2009,Not Available,5 Speed,Manual,5 Seats,JAIPUR
"₹ 55,000 ",Hatchback,"85,254 Kms",3rd Owner,2006,18.9,Petrol,2006,Not Available,5 Speed,Manual,5 Seats,JAIPUR
₹ 2.44 Lakh,Sedan,"1,06,311 Kms",2nd Owner,2012,19.0,Diesel,2012,Comprehensive,5 Speed,Manual,5 Seats,JAIPUR
₹ 3.50 Lakh,Hatchback,"66,328 Kms",1st Owner,2018,18.5,Petrol,2018,Not Available,5 Speed,Manual,5 Seats,JAIPUR
₹ 1 Lakh,Sedan,"1,32,528 Kms",1st Owner,2017,13.0,Petrol,1999,Third Party,5 Speed,Manual,5 Seats,JAIPUR
₹ 31 Lakh,Sedan,"62,285 Kms",1st Owner,2019,19.33,Diesel,2019,Third Party insurance,8 Speed,Automatic,5 Seats,JAIPUR
₹ 1.79 Lakh,Hatchback,"1,83,619 Kms",1st Owner,2011,21.9,Diesel,2011,Not Available,5-Speed,Manual,5 Seats,JAIPUR
₹ 9 Lakh,SUV,"27,019 Kms",1st Owner,2019,16.5,Diesel,2019,Not Available,5 Speed,Manual,7 Seats,JAIPUR
₹ 1.90 Lakh,Hatchback,"46,848 Kms",1st Owner,2011,20.36,Petrol,2011,Comprehensive,5 Speed,Manual,5 Seats,JAIPUR
₹ 5.47 Lakh,SUV,"16,424 Kms",1st Owner,2021,20.5,Petrol,2021,Not Available,5 Speed,Manual,5 Seats,JAIPUR
₹ 5.10 Lakh,Sedan,"89,525 Kms",2nd Owner,2015,20.73,Petrol,2015,Not Available,5 Speed,Manual,5 Seats,JAIPUR
₹ 16.50 Lakh,SUV,"39,657 Kms",1st Owner,2020,18.5,Diesel,2020,Not Available,6-Speed,Automatic,5 Seats,JAIPUR
₹ 10 Lakh,SUV,"44,516 Kms",1st Owner,2021,19.2,Petrol,2021,Comprehensive,6-speed,Manual,5 Seats,JAIPUR
₹ 5.80 Lakh,Sedan,"1,29,267 Kms",1st Owner,2016,26.59,Diesel,2016,Not Available,5 Speed,Manual,5 Seats,JAIPUR
₹ 2.50 Lakh,Hatchback,"77,497 Kms",1st Owner,2017,21.1,Petrol,2017,Not Available,5 Speed,Manual,5 Seats,JAIPUR
₹ 3.10 Lakh,Hatchback,"74,953 Kms",4th Owner,2015,25.2,Diesel,2015,Not Available,5 Speed,Manual,5 Seats,JAIPUR
₹ 4 Lakh,Sedan,"1,53,007 Kms",2nd Owner,2016,28.09,Diesel,2016,Not Available,5 Speed,Manual,5 Seats,JAIPUR
"₹ 94,723 ",Hatchback,"75,415 Kms",2nd Owner,2008,19.7,Petrol,2008,Not Available,5 Speed,Manual,5 Seats,JAIPUR
₹ 6.02 Lakh,MUV,"32,516 Kms",1st Owner,2022,20.51,Petrol,2022,Not Available,5-Speed,Manual,7 Seats,JAIPUR
"₹ 70,000 ",Hatchback,"1,10,833 Kms",2nd Owner,2005,18.9,Petrol,2005,Not Available,5 Speed,Manual,5 Seats,JAIPUR
₹ 9 Lakh,SUV,"49,972 Kms",1st Owner,2022,18.4,Petrol,2022,Third Party,5-Speed,Manual,5 Seats,JAIPUR
"₹ 54,000 ",Hatchback,"1,74,077 Kms",1st Owner,2006,19.7,Petrol,2006,Not Available,5 Speed,Manual,5 Seats,JAIPUR
₹ 1.10 Lakh,Hatchback,"72,434 Kms",3rd Owner,2011,19.7,Petrol,2011,Not Available,5 Speed,Manual,5 Seats,JAIPUR
₹ 3 Lakh,Sedan,"34,185 Kms",3rd Owner,2015,18.16,Petrol,2015,Not Available,5 Speed,Manual,5 Seats,JAIPUR
₹ 4.17 Lakh,SUV,"29,336 Kms",2nd Owner,2021,18.75,Petrol,2021,Not Available,5 Speed,Manual,5 Seats,JAIPUR
₹ 3.25 Lakh,Hatchback,"71,501 Kms",1st Owner,2015,18.9,Petrol,2015,Not Available,5 Speed,Manual,5 Seats,JAIPUR
₹ 12 Lakh,SUV,"68,279 Kms",1st Owner,2019,16.5,Petrol,2019,Not Available,6-Speed,Manual,5 Seats,JAIPUR
₹ 2.11 Lakh,Sedan,"99,761 Kms",2nd Owner,2012,23.4,Diesel,2012,Not Available,5 Speed,Manual,5 Seats,JAIPUR
₹ 14.50 Lakh,SUV,"46,865 Kms",1st Owner,2021,16.5,Petrol,2021,Not Available,7-Speed DCT,Automatic,5 Seats,JAIPUR
₹ 2.70 Lakh,Hatchback,"1,58,924 Kms",1st Owner,2014,24.0,Diesel,2014,Not Available,5 Speed,Manual,5 Seats,JAIPUR
₹ 3 Lakh,Hatchback,"94,905 Kms",1st Owner,2014,21.9,Diesel,2014,Not Available,6 Speed,Manual,5 Seats,JAIPUR
₹ 4.42 Lakh,Sedan,"80,607 Kms",2nd Owner,2014,26.0,Diesel,2014,Not Available,6 Speed ,Manual,5 Seats,JAIPUR
₹ 5.08 Lakh,Hatchback,"33,055 Kms",2nd Owner,2020,21.21,Petrol,2020,Not Available,5,Automatic,5 Seats,JAIPUR
₹ 4 Lakh,SUV,"91,873 Kms",2nd Owner,2012,15.1,Diesel,2012,Not Available,6 Speed ,Manual,7 Seats,JAIPUR
"₹ 62,000 ",Sedan,"72,117 Kms",1st Owner,2007,12.9,Petrol,2007,Not Available,5 Speed,Manual,5 Seats,JAIPUR
₹ 4.15 Lakh,SUV,"1,60,351 Kms",1st Owner,2012,15.1,Diesel,2012,Not Available,6 Speed,Manual,7 Seats,JAIPUR
₹ 7.55 Lakh,SUV,"68,280 Kms",1st Owner,2018,24.3,Diesel,2018,Not Available,5 Speed,Manual,5 Seats,JAIPUR
₹ 3.40 Lakh,Hatchback,"47,008 Kms",1st Owner,2018,23.95,Petrol,2018,Not Available,5 Speed,Manual,5 Seats,JAIPUR
₹ 9 Lakh,Sedan,"1,04,782 Kms",1st Owner,2018,22.0,Diesel,2018,Not Available,6 Speed,Manual,5 Seats,JAIPUR
₹ 3.81 Lakh,MUV,"1,07,598 Kms",2nd Owner,2017,17.03,Petrol,2017,Not Available,4 Speed,Automatic,7 Seats,JAIPUR
₹ 9.50 Lakh,SUV,"90,150 Kms",1st Owner,2019,22.1,Diesel,2019,Not Available,6 Speed,Manual,5 Seats,JAIPUR
₹ 5 Lakh,Sedan,"77,074 Kms",2nd Owner,2016,28.09,Diesel,2016,Not Available,5 Speed,Manual,5 Seats,JAIPUR
₹ 7.31 Lakh,Sedan,"32,293 Kms",1st Owner,2021,18.3,Petrol,2021,Not Available,CVT,Automatic,5 Seats,JAIPUR
₹ 12 Lakh,SUV,"69,510 Kms",1st Owner,2018,16.0,Petrol,2018,Not Available,7 Speed,Automatic,5 Seats,JAIPUR
₹ 10 Lakh,SUV,"1,31,511 Kms",1st Owner,2018,17.1,Diesel,2018,Not Available,6 Speed,Manual,5 Seats,JAIPUR
₹ 3 Lakh,Hatchback,"1,45,716 Kms",2nd Owner,2012,22.9,Diesel,2012,Not Available,5 Speed,Manual,5 Seats,JAIPUR
₹ 6.07 Lakh,Sedan,"38,943 Kms",1st Owner,2017,20.73,Petrol,2017,Not Available,5 Speed,Manual,5 Seats,JAIPUR
"₹ 69,000 ",Hatchback,"96,598 Kms",2nd Owner,2005,17.3,Petrol,2005,Not Available,5 Speed,Manual,5 Seats,JAIPUR
₹ 16 Lakh,SUV,"28,807 Kms",1st Owner,2021,18.9,Petrol,2021,Not Available,6-speed IVT,Automatic,5 Seats,JAIPUR
₹ 12.75 Lakh,Sedan,"1,07,000 Kms",1st Owner,2012,16.73,Diesel,2012,Comprehensive,8 Speed Sport,Automatic,5 Seats,JAIPUR
₹ 36.75 Lakh,SUV,"79,331 Kms",2nd Owner,2016,12.7,Diesel,2016,Comprehensive,9 Speed,Automatic,5 Seats,JAIPUR
₹ 9.95 Lakh,SUV,"49,503 Kms",1st Owner,2020,18.9,Diesel,2020,Third Party,6-Speed,Manual,5 Seats,JAIPUR
₹ 13.50 Lakh,MUV,"1,37,029 Kms",1st Owner,2014,12.99,Diesel,2014,Third Party insurance,5 Speed,Manual,7 Seats,JAIPUR
₹ 14.90 Lakh,SUV,"34,576 Kms",1st Owner,2018,16.0,Petrol,2018,Third Party insurance,7 Speed,Automatic,5 Seats,JAIPUR
₹ 7.50 Lakh,SUV,"40,220 Kms",1st Owner,2016,18.49,Diesel,2016,1,5 Speed,Manual,7 Seats,JAIPUR
₹ 6.75 Lakh,Hatchback,"83,083 Kms",1st Owner,2018,27.39,Diesel,2018,Comprehensive,5 Speed,Manual,5 Seats,JAIPUR
₹ 10.50 Lakh,SUV,"1,39,208 Kms",1st Owner,2010,11.5,Diesel,2010,Third Party insurance,5 Speed,Manual,7 Seats,JAIPUR
₹ 2.76 Lakh,Hatchback,"40,000 Kms",1st Owner,2023,24.39,Petrol,2023,Third Party insurance,5 Speed,Manual,5 Seats,JAIPUR
₹ 1.82 Lakh,Hatchback,"50,000 Kms",1st Owner,2016,20.51,Petrol,2016,Third Party insurance,5 Speed,Manual,5 Seats,JAIPUR
"₹ 50,000 ",Sedan,"60,000 Kms",1st Owner,2005,15.9,Petrol,2005,Third Party insurance,5 Speed,Manual,5 Seats,JAIPUR
₹ 6 Lakh,MUV,"50,000 Kms",1st Owner,2023,20.0,Petrol,2023,Third Party insurance,5 Speed,Manual,7 Seats,JAIPUR
₹ 1.30 Lakh,Hatchback,"1,00,000 Kms",1st Owner,2011,21.1,Petrol,2011,Third Party insurance,5 Speed,Manual,5 Seats,JAIPUR
₹ 1.30 Lakh,Hatchback,"1,20,000 Kms",1st Owner,2012,21.1,Petrol,2012,Third Party insurance,5 Speed,Manual,5 Seats,JAIPUR
₹ 1.10 Lakh,Hatchback,"70,000 Kms",2nd Owner,2011,15.6,Petrol,2011,Third Party insurance,5 Speed,Manual,5 Seats,JAIPUR
"₹ 55,000 ",Hatchback,"50,000 Kms",2nd Owner,2008,18.2,Petrol,2008,Third Party insurance,5 Speed,Manual,5 Seats,JAIPUR
₹ 1.30 Lakh,Hatchback,"1,20,000 Kms",1st Owner,2011,21.1,Petrol,2011,Third Party insurance,5 Speed,Manual,5 Seats,JAIPUR
₹ 6.50 Lakh,SUV,"20,000 Kms",1st Owner,2022,18.75,Petrol,2022,Third Party insurance,5 Speed,Manual,5 Seats,JAIPUR
₹ 2.50 Lakh,Hatchback,"40,000 Kms",1st Owner,2016,25.17,Petrol,2016,Third Party insurance,5 Speed,Manual,5 Seats,JAIPUR
₹ 1.10 Lakh,Hatchback,"1,00,000 Kms",1st Owner,2010,19.0,Petrol,2010,Third Party insurance,5 Speed,Manual,5 Seats,JAIPUR
₹ 7.30 Lakh,SUV,"10,000 Kms",1st Owner,2021,20.0,Petrol,2021,Third Party insurance,5 Speed,Manual,5 Seats,JAIPUR
₹ 1.30 Lakh,Hatchback,"60,000 Kms",1st Owner,2012,26.83,CNG,2012,Third Party insurance,Five Speed Manual Transmission,Manual,5 Seats,JAIPUR
₹ 3.30 Lakh,Hatchback,"20,000 Kms",1st Owner,2021,22.05,Petrol,2021,Third Party insurance,5 Speed,Manual,5 Seats,JAIPUR
₹ 6 Lakh,Sedan,"30,000 Kms",1st Owner,2020,21.21,Petrol,2020,Third Party insurance,5 Speed,Manual,5 Seats,JAIPUR
₹ 6 Lakh,MUV,"70,000 Kms",1st Owner,2020,20.0,Petrol,2020,Third Party insurance,5 Speed,Manual,7 Seats,JAIPUR
₹ 6 Lakh,MUV,"70,000 Kms",1st Owner,2020,20.0,Petrol,2020,Third Party insurance,5 Speed,Manual,7 Seats,JAIPUR
₹ 1 Lakh,Hatchback,"50,000 Kms",2nd Owner,2009,17.3,Petrol,2009,Third Party insurance,5 Speed,Manual,5 Seats,JAIPUR
₹ 3.35 Lakh,Hatchback,"70,000 Kms",1st Owner,2013,18.6,Petrol,2013,Third Party insurance,5 Speed,Manual,5 Seats,JAIPUR
₹ 11 Lakh,SUV,"30,000 Kms",1st Owner,2023,17.29,Diesel,2023,Third Party insurance,5 Speed,Manual,7 Seats,JAIPUR
₹ 4 Lakh,SUV,"50,000 Kms",3rd Owner,2014,16.5,Petrol,2014,Third Party insurance,6 Speed,Automatic,5 Seats,JAIPUR
₹ 3 Lakh,Hatchback,"30,000 Kms",1st Owner,2011,17.0,Petrol,2011,Third Party insurance,5 Speed,Manual,5 Seats,JAIPUR
₹ 1.80 Lakh,Hatchback,"20,000 Kms",1st Owner,2011,17.92,Petrol,2011,Third Party insurance,5 Speed,Manual,5 Seats,JAIPUR
₹ 11 Lakh,SUV,"20,000 Kms",1st Owner,2022,20.0,Diesel,2022,Third Party insurance,6 Speed,Manual,5 Seats,JAIPUR
₹ 9 Lakh,SUV,"50,000 Kms",1st Owner,2019,15.81,Petrol,2019,Third Party insurance,6 Speed,Manual,5 Seats,JAIPUR
₹ 2.30 Lakh,Hatchback,"90,000 Kms",1st Owner,2012,17.0,Petrol,2012,Third Party insurance,5 Speed,Manual,5 Seats,JAIPUR
₹ 1.50 Lakh,Hatchback,"60,000 Kms",3rd Owner,2011,20.0,Diesel,2011,Third Party insurance,5 Speed,Manual,5 Seats,JAIPUR
₹ 4 Lakh,Hatchback,"1,00,000 Kms",1st Owner,2018,23.1,Petrol,2018,Third Party insurance,5 Speed,Automatic,5 Seats,JAIPUR
₹ 7 Lakh,Hatchback,"10,000 Kms",1st Owner,2022,19.3,Petrol,2022,Third Party insurance,6 Speed,Manual,5 Seats,JAIPUR
₹ 6 Lakh,SUV,"60,000 Kms",1st Owner,2017,23.0,Diesel,2017,Third Party insurance,5 Speed,Manual,5 Seats,JAIPUR
₹ 7.45 Lakh,SUV,"40,000 Kms",1st Owner,2021,17.03,Petrol,2021,Third Party insurance,5 Speed,Manual,5 Seats,JAIPUR
₹ 1.50 Lakh,Hatchback,"1,20,000 Kms",2nd Owner,2013,20.0,Diesel,2013,Third Party insurance,5 Speed,Manual,5 Seats,JAIPUR
₹ 1.50 Lakh,Hatchback,"1,20,000 Kms",2nd Owner,2013,20.0,Diesel,2013,Third Party insurance,5 Speed,Manual,5 Seats,JAIPUR
₹ 11.66 Lakh,SUV,"70,000 Kms",1st Owner,2020,20.8,Diesel,2020,Third Party insurance,6-Speed,Manual,5 Seats,JAIPUR
₹ 5 Lakh,Hatchback,"10,000 Kms",1st Owner,2021,21.79,Petrol,2021,Third Party insurance,5 Speed,Manual,5 Seats,JAIPUR
₹ 3.50 Lakh,Hatchback,"50,000 Kms",2nd Owner,2018,23.95,Petrol,2018,Third Party insurance,5 Speed,Automatic,5 Seats,JAIPUR
₹ 6 Lakh,SUV,"50,000 Kms",2nd Owner,2018,21.5,Diesel,2018,Third Party insurance,6 Speed,Manual,5 Seats,JAIPUR
₹ 2.25 Lakh,Hatchback,"50,000 Kms",1st Owner,2016,20.63,Petrol,2016,Third Party insurance,5 Speed,Manual,5 Seats,JAIPUR
₹ 10 Lakh,SUV,"30,000 Kms",1st Owner,2021,16.0,Diesel,2021,Third Party insurance,5 Speed,Manual,7 Seats,JAIPUR
₹ 1.90 Lakh,Sedan,"1,50,000 Kms",2nd Owner,2010,19.3,Diesel,2010,Third Party insurance,5 Speed,Manual,5 Seats,JAIPUR
₹ 1.50 Crore,Coupe,"30,000 Kms",2nd Owner,2020,9.0,Petrol,2020,Third Party insurance,8-Speed,Automatic,4 Seats,JAIPUR
₹ 9.50 Lakh,SUV,"70,000 Kms",1st Owner,2021,17.29,Diesel,2021,Third Party insurance,5 Speed,Manual,7 Seats,JAIPUR
₹ 1.50 Lakh,Hatchback,"90,000 Kms",1st Owner,2010,19.0,Petrol,2010,Third Party insurance,5 Speed,Manual,5 Seats,JAIPUR
₹ 1.85 Lakh,Hatchback,"50,000 Kms",1st Owner,2010,19.7,Petrol,2010,Third Party insurance,5 Speed,Manual,5 Seats,JAIPUR
"₹ 50,000 ",Hatchback,"80,000 Kms",4th Owner,2017,16.1,Petrol,1998,Third Party insurance,4 Speed,Manual,4 Seats,JAIPUR
₹ 1.50 Lakh,Hatchback,"1,20,000 Kms",2nd Owner,2014,25.44,Diesel,2014,Third Party insurance,5 Speed,Manual,5 Seats,JAIPUR
₹ 8 Lakh,Sedan,"20,000 Kms",1st Owner,2021,18.6,Petrol,2021,Third Party insurance,5 Speed,Manual,5 Seats,JAIPUR
₹ 4.50 Lakh,SUV,"60,000 Kms",4th Owner,2017,16.55,Diesel,2017,Third Party insurance,5 Speed,Manual,6 Seats,JAIPUR
₹ 4.30 Lakh,Sedan,"60,000 Kms",2nd Owner,2016,25.8,Diesel,2016,Third Party insurance,5 Speed,Manual,5 Seats,JAIPUR
₹ 2.25 Lakh,Sedan,"70,000 Kms",2nd Owner,2011,17.5,Petrol,2011,Third Party insurance,5 Speed,Manual,5 Seats,JAIPUR
"₹ 70,000 ",Hatchback,"1,50,000 Kms",3rd Owner,2008,19.7,Petrol,2008,Third Party insurance,5 Speed,Manual,5 Seats,JAIPUR
₹ 1.75 Lakh,Hatchback,"30,000 Kms",2nd Owner,2010,20.36,Petrol,2010,Third Party insurance,5 Speed,Manual,5 Seats,JAIPUR
₹ 1 Lakh,Sedan,"60,000 Kms",1st Owner,2008,13.2,Petrol,2008,Third Party insurance,5 Speed,Manual,5 Seats,JAIPUR
₹ 6 Lakh,MUV,"1,20,000 Kms",2nd Owner,2017,24.52,Diesel,2017,Third Party insurance,5 Speed,Manual,7 Seats,JAIPUR
₹ 2 Lakh,Sedan,"1,00,000 Kms",1st Owner,2011,17.5,Petrol,2011,Third Party insurance,5 Speed,Manual,5 Seats,JAIPUR
₹ 16 Lakh,SUV,"50,000 Kms",1st Owner,2020,15.4,Diesel,2020,Third Party insurance,6 Speed,Manual,7 Seats,JAIPUR
₹ 1 Lakh,Hatchback,"70,000 Kms",1st Owner,2007,17.8,Petrol,2007,Third Party insurance,5 Speed,Manual,5 Seats,JAIPUR
₹ 12 Lakh,SUV,"10,000 Kms",1st Owner,2022,16.82,Petrol,2022,Third Party insurance,6 Speed,Manual,5 Seats,JAIPUR
₹ 10.70 Lakh,SUV,"50,000 Kms",1st Owner,2020,16.82,Petrol,2020,Third Party insurance,6 Speed,Manual,5 Seats,JAIPUR
₹ 2.48 Lakh,Hatchback,"80,000 Kms",1st Owner,2015,21.1,Petrol,2015,Third Party insurance,5 Speed,Manual,5 Seats,JAIPUR
₹ 4 Lakh,Hatchback,"40,000 Kms",1st Owner,2020,22.05,Petrol,2020,Third Party insurance,5 Speed,Manual,5 Seats,JAIPUR
₹ 1.25 Lakh,Hatchback,"70,000 Kms",2nd Owner,2007,19.7,Petrol,2007,Third Party insurance,5 Speed,Manual,5 Seats,JAIPUR
₹ 4 Lakh,Hatchback,"1,50,000 Kms",1st Owner,2016,27.3,Diesel,2016,Third Party insurance,6 Speed,Manual,5 Seats,JAIPUR
₹ 9 Lakh,Sedan,"40,000 Kms",1st Owner,2021,21.0,Diesel,2021,Third Party insurance,CVT,Automatic,5 Seats,JAIPUR
₹ 3.10 Lakh,Hatchback,"30,000 Kms",1st Owner,2020,22.05,Petrol,2020,Third Party insurance,5 Speed,Manual,5 Seats,JAIPUR
₹ 3.50 Lakh,Sedan,"80,000 Kms",1st Owner,2014,19.1,Petrol,2014,Third Party insurance,5 Speed,Manual,5 Seats,JAIPUR
₹ 13 Lakh,SUV,"80,000 Kms",1st Owner,2017,17.1,Diesel,2017,Third Party insurance,6 Speed,Manual,5 Seats,JAIPUR
₹ 8.50 Lakh,SUV,"20,000 Kms",1st Owner,2021,16.5,Petrol,2021,Third Party insurance,5 Speed,Manual,5 Seats,JAIPUR
"₹ 90,000 ",Hatchback,"70,000 Kms",2nd Owner,2009,18.0,Petrol,2009,Third Party insurance,5 Speed,Manual,5 Seats,JAIPUR
₹ 5 Lakh,SUV,"1,20,000 Kms",1st Owner,2012,15.1,Diesel,2012,Third Party insurance,6 Speed,Manual,7 Seats,JAIPUR
₹ 9.50 Lakh,SUV,"20,000 Kms",1st Owner,2022,16.5,Petrol,2022,Third Party insurance,5 Speed,Manual,5 Seats,JAIPUR
₹ 12.14 Lakh,SUV,"1,50,000 Kms",1st Owner,2018,17.1,Diesel,2018,Third Party insurance,6 Speed,Manual,5 Seats,JAIPUR
₹ 6.70 Lakh,Sedan,"20,000 Kms",1st Owner,2021,20.5,Petrol,2021,Third Party insurance,5-Speed,Manual,5 Seats,JAIPUR
"₹ 50,000 ",Hatchback,"80,000 Kms",2nd Owner,2004,16.1,Petrol,2004,Third Party insurance,4 Speed,Manual,4 Seats,JAIPUR
₹ 8.50 Lakh,SUV,"90,000 Kms",1st Owner,2017,24.3,Diesel,2017,Third Party insurance,5 Speed,Manual,5 Seats,JAIPUR
₹ 3 Lakh,Hatchback,"30,000 Kms",1st Owner,2017,25.17,Petrol,2017,Third Party insurance,5 Speed,Manual,5 Seats,JAIPUR
₹ 3.30 Lakh,Hatchback,"30,000 Kms",1st Owner,2020,22.05,Petrol,2020,Third Party insurance,5 Speed,Manual,5 Seats,JAIPUR
₹ 7.50 Lakh,SUV,"40,000 Kms",3rd Owner,2018,24.3,Diesel,2018,Third Party insurance,5 Speed,Manual,5 Seats,JAIPUR
"₹ 70,000 ",Sedan,"1,20,000 Kms",4th Owner,2005,13.2,Petrol,2005,Third Party insurance,5 Speed,Manual,5 Seats,JAIPUR
"₹ 80,000 ",Hatchback,"1,20,000 Kms",4th Owner,2006,18.9,Petrol,2006,Third Party insurance,5 Speed,Manual,5 Seats,JAIPUR
₹ 1.25 Lakh,Hatchback,"60,000 Kms",2nd Owner,2009,18.9,Petrol,2009,Third Party insurance,5 Speed,Manual,5 Seats,JAIPUR
₹ 2.50 Lakh,Sedan,"1,50,000 Kms",2nd Owner,2009,19.3,Diesel,2009,Third Party insurance,5 Speed,Manual,5 Seats,JAIPUR
₹ 3.70 Lakh,Hatchback,"60,000 Kms",1st Owner,2019,24.7,Petrol,2019,Third Party insurance,5 Speed,Manual,5 Seats,JAIPUR
₹ 3.25 Lakh,SUV,"1,50,000 Kms",1st Owner,2013,19.01,Diesel,2013,Third Party insurance,6 Speed,Manual,5 Seats,JAIPUR
"₹ 45,000 ",Hatchback,"80,000 Kms",2nd Owner,2006,16.1,Petrol,2006,Third Party insurance,4 Speed,Manual,4 Seats,JAIPUR
₹ 1.70 Lakh,SUV,"1,00,000 Kms",2nd Owner,2009,13.93,Diesel,2009,Third Party insurance,5 Speed,Manual,7 Seats,JAIPUR
₹ 8 Lakh,SUV,"50,000 Kms",1st Owner,2019,16.5,Diesel,2019,Third Party insurance,5 Speed,Manual,7 Seats,JAIPUR
₹ 1.22 Lakh,Hatchback,"50,000 Kms",3rd Owner,2012,25.44,Diesel,2012,Third Party insurance,5 Speed,Manual,5 Seats,JAIPUR
₹ 1.50 Lakh,Hatchback,"60,000 Kms",2nd Owner,2008,20.36,Petrol,2008,Third Party insurance,5 Speed,Manual,5 Seats,JAIPUR
₹ 3.25 Lakh,Hatchback,"30,000 Kms",1st Owner,2020,22.05,Petrol,2020,Third Party insurance,5 Speed,Manual,5 Seats,JAIPUR
"₹ 50,000 ",Hatchback,"80,000 Kms",4th Owner,2003,16.1,Petrol,2003,Third Party insurance,4 Speed,Manual,4 Seats,JAIPUR
₹ 11 Lakh,SUV,"10,000 Kms",2nd Owner,2022,18.0,Petrol,2022,Third Party insurance,iMT,Manual,5 Seats,JAIPUR
₹ 1 Lakh,Sedan,"1,50,000 Kms",2nd Owner,2009,13.2,LPG,2009,Third Party insurance,5-Speed,Manual,5 Seats,JAIPUR
₹ 7 Lakh,Coupe,"40,000 Kms",4th Owner,2006,7.94,Petrol,2006,Third Party insurance,8 Speed,Automatic,4 Seats,JAIPUR
₹ 1.25 Lakh,Hatchback,"1,50,000 Kms",2nd Owner,2009,18.9,Petrol,2009,Third Party insurance,5 Speed,Manual,5 Seats,JAIPUR
₹ 8 Lakh,SUV,"60,000 Kms",1st Owner,2019,17.0,Petrol,2019,Third Party insurance,6 Speed,Manual,5 Seats,JAIPUR
₹ 7.80 Lakh,MUV,"30,000 Kms",1st Owner,2021,20.0,Petrol,2021,Third Party insurance,5 Speed,Manual,7 Seats,JAIPUR
₹ 2.25 Lakh,Sedan,"1,20,000 Kms",2nd Owner,2009,17.0,Petrol,2009,Third Party insurance,5 Speed,Manual,5 Seats,JAIPUR
₹ 9.50 Lakh,SUV,"50,000 Kms",1st Owner,2021,17.05,Petrol,2021,Third Party insurance,6 Speed,Automatic,5 Seats,JAIPUR
₹ 3.80 Lakh,Hatchback,"1,50,000 Kms",2nd Owner,2014,25.2,Diesel,2014,Third Party insurance,5 Speed ,Manual,5 Seats,JAIPUR
"₹ 90,000 ",Hatchback,"1,50,000 Kms",2nd Owner,2007,18.2,Petrol,2007,Third Party insurance,5 Speed,Manual,5 Seats,JAIPUR
₹ 4.25 Lakh,Hatchback,"10,000 Kms",1st Owner,2022,22.05,Petrol,2022,Third Party insurance,5 Speed,Manual,5 Seats,JAIPUR
₹ 14.50 Lakh,SUV,"30,000 Kms",1st Owner,2021,16.8,Petrol,2021,Third Party insurance,6-Speed,Manual,5 Seats,JAIPUR
₹ 5.90 Lakh,Hatchback,"60,000 Kms",2nd Owner,2018,21.4,Petrol,2018,Third Party insurance,5 Speed,Manual,5 Seats,JAIPUR
₹ 5.90 Lakh,Hatchback,"60,000 Kms",2nd Owner,2018,21.4,Petrol,2018,Third Party insurance,5 Speed,Manual,5 Seats,JAIPUR
₹ 2.80 Lakh,Hatchback,"50,000 Kms",1st Owner,2018,24.7,Petrol,2018,Third Party insurance,5 Speed,Manual,5 Seats,JAIPUR
₹ 2.50 Lakh,Hatchback,"1,20,000 Kms",2nd Owner,2014,23.1,Petrol,2014,Third Party insurance,5 Speed ,Manual,5 Seats,JAIPUR
₹ 5 Lakh,SUV,"70,000 Kms",1st Owner,2013,15.1,Diesel,2013,Third Party insurance,6 Speed ,Manual,7 Seats,JAIPUR
₹ 5 Lakh,SUV,"1,50,000 Kms",1st Owner,2017,25.1,Diesel,2017,Third Party insurance,5 Speed,Manual,5 Seats,JAIPUR
₹ 1.42 Lakh,Hatchback,"50,000 Kms",1st Owner,2016,25.4,Petrol,2016,Third Party insurance,4 Speed,Manual,4 Seats,JAIPUR
₹ 3 Lakh,SUV,"70,000 Kms",1st Owner,2016,18.15,Petrol,2016,Third Party insurance,5 Speed,Manual,6 Seats,JAIPUR
₹ 6.50 Lakh,Hatchback,"40,000 Kms",1st Owner,2021,22.38,Petrol,2021,Third Party insurance,5-Speed,Manual,5 Seats,JAIPUR
₹ 1.50 Lakh,Hatchback,"1,20,000 Kms",3rd Owner,2006,16.1,Petrol,2006,Third Party insurance,5 Speed,Manual,5 Seats,JAIPUR
₹ 5 Lakh,Sedan,"60,000 Kms",2nd Owner,2019,20.3,Petrol,2019,Third Party insurance,5 Speed,Manual,5 Seats,JAIPUR
₹ 1.50 Lakh,Hatchback,"1,50,000 Kms",4th Owner,2010,16.98,Petrol,2010,Third Party insurance,4 Speed,Automatic,5 Seats,JAIPUR
₹ 1.61 Lakh,Sedan,"90,000 Kms",2nd Owner,2011,23.57,Diesel,2011,Third Party insurance,5 Speed,Manual,5 Seats,JAIPUR
₹ 10 Lakh,SUV,"10,000 Kms",2nd Owner,2023,16.5,Petrol,2023,Third Party insurance,5 Speed,Manual,5 Seats,JAIPUR
₹ 5.20 Lakh,Hatchback,"50,000 Kms",1st Owner,2020,20.09,Petrol,2020,Third Party insurance,5-Speed`,Manual,5 Seats,JAIPUR
₹ 7.25 Lakh,SUV,"90,000 Kms",2nd Owner,2016,18.49,Diesel,2016,Third Party insurance,5 Speed,Manual,7 Seats,JAIPUR
₹ 7.50 Lakh,MUV,"30,000 Kms",1st Owner,2021,20.0,Petrol,2021,Third Party insurance,5 Speed,Manual,7 Seats,JAIPUR
₹ 2.50 Lakh,Hatchback,"40,000 Kms",1st Owner,2013,20.92,Petrol,2013,Third Party insurance,5 Speed,Manual,5 Seats,JAIPUR
₹ 3.50 Lakh,SUV,"1,50,000 Kms",1st Owner,2013,19.01,Diesel,2013,Third Party insurance,6 Speed,Manual,5 Seats,JAIPUR
₹ 4 Lakh,Hatchback,"1,20,000 Kms",1st Owner,2017,19.2,LPG,2017,Third Party insurance,5 Speed,Manual,5 Seats,JAIPUR
₹ 1.50 Lakh,Hatchback,"1,00,000 Kms",3rd Owner,2012,19.7,Petrol,2012,Third Party insurance,5 Speed,Manual,5 Seats,JAIPUR
₹ 4.60 Lakh,Sedan,"90,000 Kms",1st Owner,2016,26.59,Diesel,2016,Third Party insurance,5 Speed,Manual,5 Seats,JAIPUR
"₹ 40,000 ",Hatchback,"70,000 Kms",4th Owner,2004,16.1,Petrol,2004,Third Party insurance,4 Speed,Manual,4 Seats,JAIPUR
₹ 4.25 Lakh,Sedan,"1,50,000 Kms",1st Owner,2017,22.1,Diesel,2017,Third Party insurance,5 Speed,Manual,5 Seats,JAIPUR
₹ 1 Lakh,Hatchback,"1,20,000 Kms",2nd Owner,2005,18.9,Petrol,2005,Third Party insurance,5 Speed,Manual,5 Seats,JAIPUR
₹ 6.50 Lakh,Hatchback,"60,000 Kms",1st Owner,2019,21.1,Petrol,2019,Third Party insurance,5 Speed,Manual,5 Seats,JAIPUR
₹ 7.50 Lakh,MUV,"1,00,000 Kms",2nd Owner,2017,24.52,Diesel,2017,Third Party insurance,5 Speed,Manual,7 Seats,JAIPUR
₹ 4.56 Lakh,Hatchback,"10,000 Kms",1st Owner,2022,22.05,Petrol,2022,Third Party insurance,5 Speed,Manual,5 Seats,JAIPUR
₹ 3.50 Lakh,SUV,"1,20,000 Kms",1st Owner,2013,19.01,Diesel,2013,Third Party insurance,6 Speed,Manual,5 Seats,JAIPUR
₹ 3.75 Lakh,Sedan,"1,50,000 Kms",1st Owner,2015,26.59,Diesel,2015,Third Party insurance,5 Speed,Manual,5 Seats,JAIPUR
₹ 3.05 Lakh,SUV,"1,20,000 Kms",2nd Owner,2005,15.96,Diesel,2005,Third Party insurance,5 Speed,Manual,9 Seats,JAIPUR
₹ 4 Lakh,Sedan,"1,50,000 Kms",2nd Owner,2012,22.32,Diesel,2012,Third Party insurance,6 Speed ,Manual,5 Seats,JAIPUR
₹ 4 Lakh,Sedan,"1,50,000 Kms",1st Owner,2016,25.8,Diesel,2016,Third Party insurance,5 Speed,Manual,5 Seats,JAIPUR
₹ 2.30 Lakh,Hatchback,"1,20,000 Kms",2nd Owner,2017,21.1,Petrol,2017,Third Party insurance,5 Speed,Manual,5 Seats,JAIPUR
₹ 7.25 Lakh,Hatchback,"20,000 Kms",2nd Owner,2021,19.33,Petrol,2021,Third Party insurance,5-Speed,Manual,5 Seats,JAIPUR
₹ 4.25 Lakh,MUV,"1,00,000 Kms",2nd Owner,2009,12.8,Diesel,2009,Third Party insurance,5 Speed,Manual,7 Seats,JAIPUR
₹ 4.50 Lakh,Sedan,"30,000 Kms",1st Owner,2014,15.04,Petrol,2014,Third Party insurance,5 Speed,Manual,5 Seats,JAIPUR
₹ 3 Lakh,Hatchback,"1,20,000 Kms",2nd Owner,2016,23.08,Diesel,2016,Third Party insurance,5 Speed ,Manual,5 Seats,JAIPUR
₹ 1.60 Lakh,Hatchback,"90,000 Kms",3rd Owner,2011,18.6,Petrol,2011,Third Party insurance,5 Speed,Manual,5 Seats,JAIPUR
₹ 6.40 Lakh,Hatchback,"10,000 Kms",1st Owner,2023,22.38,Petrol,2023,Third Party insurance,5-Speed,Manual,5 Seats,JAIPUR
₹ 6.75 Lakh,Sedan,"30,000 Kms",1st Owner,2021,20.5,Petrol,2021,Third Party insurance,5-Speed,Manual,5 Seats,JAIPUR
₹ 3 Lakh,SUV,"1,50,000 Kms",1st Owner,2012,20.45,Diesel,2012,Third Party insurance,5 speed,Manual,5 Seats,JAIPUR
₹ 2.50 Lakh,Hatchback,"40,000 Kms",2nd Owner,2015,22.74,Petrol,2015,Third Party insurance,5 Speed,Manual,5 Seats,JAIPUR
₹ 4.50 Lakh,Sedan,"1,20,000 Kms",3rd Owner,2017,22.95,Diesel,2017,Third Party insurance,5 Speed,Manual,5 Seats,JAIPUR
₹ 2.60 Lakh,Hatchback,"60,000 Kms",1st Owner,2017,21.1,Petrol,2017,Third Party insurance,5 Speed,Manual,5 Seats,JAIPUR
₹ 8.50 Lakh,Hatchback,"10,000 Kms",1st Owner,2023,21.0,Petrol,2023,Third Party insurance,5 Speed,Manual,5 Seats,JAIPUR
₹ 4.50 Lakh,SUV,"1,50,000 Kms",1st Owner,2014,22.7,Diesel,2014,Third Party insurance,5 Speed,Manual,5 Seats,JAIPUR
₹ 3.80 Lakh,Sedan,"70,000 Kms",2nd Owner,2013,17.3,Diesel,2013,Third Party insurance,6 Speed,Manual,5 Seats,JAIPUR
₹ 4.50 Lakh,Sedan,"80,000 Kms",1st Owner,2015,26.0,Diesel,2015,Third Party insurance,6 Speed ,Manual,5 Seats,JAIPUR
₹ 3 Lakh,Hatchback,"60,000 Kms",1st Owner,2017,25.17,Petrol,2017,Third Party insurance,5 Speed,Manual,5 Seats,JAIPUR
₹ 2.25 Lakh,Hatchback,"1,20,000 Kms",1st Owner,2011,18.0,Diesel,2011,Third Party insurance,5 Speed,Manual,5 Seats,JAIPUR
₹ 1.50 Lakh,Hatchback,"70,000 Kms",3rd Owner,2009,19.7,Petrol,2009,Third Party insurance,5 Speed,Manual,5 Seats,JAIPUR
₹ 2 Lakh,Hatchback,"90,000 Kms",2nd Owner,2012,20.36,Petrol,2012,Third Party insurance,5 Speed,Manual,5 Seats,JAIPUR
"₹ 40,000 ",Hatchback,"1,20,000 Kms",1st Owner,2017,17.3,Petrol,2001,Third Party insurance,5 Speed,Manual,5 Seats,JAIPUR
₹ 4 Lakh,Hatchback,"40,000 Kms",1st Owner,2017,20.51,Petrol,2017,Third Party insurance,5 Speed,Manual,5 Seats,JAIPUR
₹ 3.50 Lakh,Hatchback,"70,000 Kms",1st Owner,2015,20.51,Petrol,2015,Third Party insurance,5 Speed,Automatic,5 Seats,JAIPUR
₹ 2.50 Lakh,Hatchback,"60,000 Kms",1st Owner,2015,21.1,Petrol,2015,Third Party insurance,5 Speed,Manual,5 Seats,JAIPUR
₹ 3.50 Lakh,Sedan,"80,000 Kms",1st Owner,2011,17.6,Petrol,2011,Third Party insurance,5 Speed,Manual,5 Seats,JAIPUR
₹ 3 Lakh,Hatchback,"50,000 Kms",1st Owner,2012,18.9,Petrol,2012,Third Party insurance,5 Speed,Manual,5 Seats,JAIPUR
₹ 2 Lakh,Hatchback,"1,20,000 Kms",4th Owner,2011,20.0,Diesel,2011,Third Party insurance,5 Speed,Manual,5 Seats,JAIPUR
₹ 3 Lakh,Hatchback,"1,50,000 Kms",3rd Owner,2009,21.1,Diesel,2009,Third Party insurance,5-Speed,Manual,5 Seats,JAIPUR
₹ 3 Lakh,Hatchback,"1,20,000 Kms",2nd Owner,2013,23.2,Diesel,2013,Third Party insurance,5 Speed,Manual,5 Seats,JAIPUR
₹ 2.50 Lakh,Hatchback,"40,000 Kms",2nd Owner,2015,22.74,Petrol,2015,Third Party insurance,5 Speed,Manual,5 Seats,JAIPUR
₹ 3 Lakh,Hatchback,"40,000 Kms",2nd Owner,2020,20.71,Petrol,2020,Third Party insurance,5-Speed,Manual,5 Seats,JAIPUR
₹ 10 Lakh,SUV,"40,000 Kms",1st Owner,2021,18.27,Petrol,2021,Third Party insurance,6-Speed,Manual,5 Seats,JAIPUR
₹ 2 Lakh,Hatchback,"70,000 Kms",2nd Owner,2013,19.49,Petrol,2013,Third Party insurance,5 Speed,Manual,5 Seats,JAIPUR
₹ 3.50 Lakh,Sedan,"1,20,000 Kms",2nd Owner,2013,16.8,Petrol,2013,Third Party insurance,5 Speed AT+ Paddle Shifters,Automatic,5 Seats,JAIPUR
₹ 1 Lakh,Hatchback,"1,50,000 Kms",2nd Owner,2010,19.0,Petrol,2010,Third Party insurance,5 Speed,Manual,5 Seats,JAIPUR
₹ 5 Lakh,Sedan,"1,00,000 Kms",3rd Owner,2015,26.0,Diesel,2015,Third Party insurance,6 Speed ,Manual,5 Seats,JAIPUR
₹ 7 Lakh,Sedan,"80,000 Kms",1st Owner,2017,28.4,Diesel,2017,Third Party insurance,5 Speed,Automatic,5 Seats,JAIPUR
₹ 8 Lakh,Sedan,"40,000 Kms",1st Owner,2021,18.3,Petrol,2021,Third Party insurance,CVT,Automatic,5 Seats,JAIPUR
₹ 8.20 Lakh,Sedan,"30,000 Kms",1st Owner,2022,26.49,CNG,2022,Third Party insurance,5-Speed,Manual,5 Seats,JAIPUR
₹ 6.75 Lakh,Hatchback,"90,000 Kms",1st Owner,2020,18.53,Petrol,2020,Third Party insurance,5-Speed,Manual,5 Seats,JAIPUR
₹ 11 Lakh,MUV,"1,00,000 Kms",3rd Owner,2019,25.47,Diesel,2019,Third Party insurance,5 Speed,Manual,7 Seats,JAIPUR
₹ 3.50 Lakh,SUV,"70,000 Kms",1st Owner,2014,17.21,Diesel,2014,Third Party insurance,5 Speed ,Manual,7 Seats,JAIPUR
₹ 5 Lakh,Sedan,"1,50,000 Kms",1st Owner,2015,26.0,Diesel,2015,Third Party insurance,6 Speed ,Manual,5 Seats,JAIPUR
₹ 5 Lakh,SUV,"30,000 Kms",3rd Owner,2013,15.96,Diesel,2013,Third Party insurance,5 Speed,Manual,7 Seats,JAIPUR
₹ 3.20 Lakh,Hatchback,"40,000 Kms",1st Owner,2018,24.7,Petrol,2018,Third Party insurance,5 Speed,Manual,5 Seats,JAIPUR
₹ 4.20 Lakh,Sedan,"1,20,000 Kms",4th Owner,2013,20.54,Diesel,2013,Third Party insurance,5 Speed,Manual,5 Seats,JAIPUR
₹ 3.25 Lakh,Sedan,"1,50,000 Kms",1st Owner,2014,25.8,Diesel,2014,Third Party insurance,5 Speed,Manual,5 Seats,JAIPUR
₹ 9.50 Lakh,SUV,"30,000 Kms",1st Owner,2020,17.03,Petrol,2020,Third Party insurance,5 Speed,Manual,5 Seats,JAIPUR
₹ 9.50 Lakh,SUV,"30,000 Kms",1st Owner,2020,17.03,Petrol,2020,Third Party insurance,5 Speed,Manual,5 Seats,JAIPUR
₹ 3 Lakh,Hatchback,"1,20,000 Kms",1st Owner,2017,22.7,Petrol,2017,Third Party insurance,5-Speed,Manual,5 Seats,JAIPUR
₹ 4 Lakh,Hatchback,"90,000 Kms",1st Owner,2015,24.0,Diesel,2015,Third Party insurance,5 Speed,Manual,5 Seats,JAIPUR
₹ 3.50 Lakh,Hatchback,"60,000 Kms",2nd Owner,2014,20.36,Petrol,2014,Third Party insurance,5 Speed,Manual,5 Seats,JAIPUR
₹ 2.80 Lakh,MUV,"1,50,000 Kms",2nd Owner,2007,13.6,Diesel,2007,Third Party insurance,5 Speed,Manual,7 Seats,JAIPUR
₹ 5 Lakh,Sedan,"1,20,000 Kms",1st Owner,2012,13.7,Petrol,2012,Third Party insurance,7 Speed,Automatic,5 Seats,JAIPUR
₹ 5 Lakh,Sedan,"1,20,000 Kms",1st Owner,2012,13.7,Petrol,2012,Third Party insurance,7 Speed,Automatic,5 Seats,JAIPUR
₹ 5 Lakh,Sedan,"1,20,000 Kms",1st Owner,2012,13.7,Petrol,2012,Third Party insurance,7 Speed,Automatic,5 Seats,JAIPUR
₹ 2.50 Lakh,Sedan,"70,000 Kms",1st Owner,2010,15.5,Petrol,2010,Third Party insurance,5 Speed,Manual,5 Seats,JAIPUR
₹ 3 Lakh,MUV,"90,000 Kms",3rd Owner,2007,13.6,Diesel,2007,Third Party insurance,5 Speed,Manual,7 Seats,JAIPUR
₹ 4 Lakh,Sedan,"90,000 Kms",1st Owner,2013,25.8,Diesel,2013,Third Party insurance,5 Speed,Manual,5 Seats,JAIPUR
₹ 4.20 Lakh,Sedan,"90,000 Kms",4th Owner,2016,25.8,Diesel,2016,Third Party insurance,5 Speed,Manual,5 Seats,JAIPUR
₹ 4 Lakh,SUV,"1,50,000 Kms",1st Owner,2014,20.45,Diesel,2014,Third Party insurance,5 Speed,Manual,5 Seats,JAIPUR
₹ 8 Lakh,Hatchback,"30,000 Kms",2nd Owner,2021,21.01,Petrol,2021,Third Party insurance,5 Speed,Manual,5 Seats,JAIPUR
₹ 5 Lakh,Hatchback,"40,000 Kms",1st Owner,2019,21.79,Petrol,2019,Third Party insurance,5 Speed,Manual,5 Seats,JAIPUR
₹ 7.25 Lakh,Hatchback,"20,000 Kms",1st Owner,2022,22.38,Petrol,2022,Third Party insurance,5-Speed,Manual,5 Seats,JAIPUR
₹ 3 Lakh,Sedan,"1,20,000 Kms",3rd Owner,2011,22.32,Diesel,2011,Third Party insurance,6 Speed ,Manual,5 Seats,JAIPUR
₹ 4 Lakh,Sedan,"1,20,000 Kms",1st Owner,2014,23.4,Diesel,2014,Third Party insurance,5 Speed,Manual,5 Seats,JAIPUR
₹ 8 Lakh,Hatchback,"30,000 Kms",1st Owner,2021,21.01,Petrol,2021,Third Party insurance,5 Speed,Manual,5 Seats,JAIPUR
₹ 4.50 Lakh,Hatchback,"1,20,000 Kms",1st Owner,2014,22.9,Diesel,2014,Third Party insurance,5 Speed,Manual,5 Seats,JAIPUR
₹ 4.50 Lakh,Sedan,"1,21,000 Kms",1st Owner,2013,22.7,Diesel,2013,Third Party insurance,6 Speed ,Manual,5 Seats,JAIPUR
₹ 5 Lakh,Sedan,"1,20,000 Kms",1st Owner,2013,23.4,Diesel,2013,Third Party insurance,5 Speed,Manual,5 Seats,JAIPUR
₹ 9 Lakh,SUV,"1,20,000 Kms",3rd Owner,2013,13.5,Diesel,2013,Third Party insurance,5 Speed,Manual,7 Seats,JAIPUR
₹ 1.65 Lakh,Hatchback,"1,50,000 Kms",3rd Owner,2011,18.5,Petrol,2011,Third Party insurance,5 Speed,Manual,5 Seats,JAIPUR
₹ 7 Lakh,Sedan,"60,000 Kms",1st Owner,2018,28.09,Diesel,2018,Third Party insurance,5 Speed,Manual,5 Seats,JAIPUR
"₹ 62,000 ",Hatchback,"60,000 Kms",4th Owner,2017,17.3,Petrol,2001,Third Party insurance,5 Speed,Manual,5 Seats,JAIPUR
₹ 5.50 Lakh,Hatchback,"20,000 Kms",1st Owner,2022,21.46,Petrol,2022,Third Party insurance,5 Speed,Manual,5 Seats,JAIPUR
₹ 15.25 Lakh,Sedan,"30,000 Kms",1st Owner,2021,18.3,Petrol,2021,Third Party insurance,CVT,Automatic,5 Seats,JAIPUR
₹ 4 Lakh,Sedan,"1,50,000 Kms",1st Owner,2014,26.0,Diesel,2014,Third Party insurance,6 Speed ,Manual,5 Seats,JAIPUR
₹ 1 Lakh,Hatchback,"1,50,000 Kms",2nd Owner,2007,18.2,Petrol,2007,Third Party insurance,5 Speed,Manual,5 Seats,JAIPUR
₹ 2.20 Lakh,Hatchback,"1,20,000 Kms",2nd Owner,2015,22.74,Petrol,2015,Third Party insurance,5 Speed,Manual,5 Seats,JAIPUR
₹ 6.30 Lakh,Sedan,"1,20,000 Kms",1st Owner,2018,28.4,Diesel,2018,Third Party insurance,5 Speed,Manual,5 Seats,JAIPUR
₹ 3.50 Lakh,Hatchback,"90,000 Kms",2nd Owner,2013,20.36,Petrol,2013,Third Party insurance,5 Speed,Manual,5 Seats,JAIPUR
₹ 3.50 Lakh,Hatchback,"1,50,000 Kms",3rd Owner,2012,22.9,Diesel,2012,Third Party insurance,5 Speed,Manual,5 Seats,JAIPUR
₹ 4.50 Lakh,Sedan,"90,000 Kms",2nd Owner,2014,23.4,Diesel,2014,Third Party insurance,5 Speed,Manual,5 Seats,JAIPUR
₹ 4.50 Lakh,Sedan,"90,000 Kms",2nd Owner,2014,23.4,Diesel,2014,Third Party insurance,5 Speed,Manual,5 Seats,JAIPUR
₹ 2 Lakh,Hatchback,"1,50,000 Kms",1st Owner,2011,20.36,Petrol,2011,Third Party insurance,5 Speed,Manual,5 Seats,JAIPUR
₹ 2.25 Lakh,Hatchback,"1,20,000 Kms",2nd Owner,2015,22.74,Petrol,2015,Third Party insurance,5 Speed,Manual,5 Seats,JAIPUR
₹ 3.70 Lakh,Sedan,"1,00,000 Kms",1st Owner,2013,23.4,Diesel,2013,Third Party insurance,5 Speed,Manual,5 Seats,JAIPUR
₹ 7.30 Lakh,Hatchback,"90,000 Kms",2nd Owner,2023,19.3,Petrol,2023,Third Party insurance,6 Speed,Manual,5 Seats,JAIPUR
₹ 6.10 Lakh,Sedan,"60,000 Kms",2nd Owner,2017,20.73,Petrol,2017,Third Party insurance,5 Speed,Manual,5 Seats,JAIPUR
₹ 6.70 Lakh,Sedan,"90,000 Kms",4th Owner,2018,28.4,Diesel,2018,Third Party insurance,5 Speed,Manual,5 Seats,JAIPUR
₹ 40 Lakh,SUV,"1,50,000 Kms",1st Owner,2019,11.2,Diesel,2019,Third Party insurance,8 Speed,Automatic,5 Seats,JAIPUR
₹ 8 Lakh,SUV,"1,50,000 Kms",1st Owner,2019,25.1,Diesel,2019,Third Party insurance,5 Speed,Manual,5 Seats,JAIPUR
₹ 7 Lakh,SUV,"80,000 Kms",3rd Owner,2017,15.96,Diesel,2017,Third Party insurance,5 Speed,Manual,9 Seats,JAIPUR
₹ 4 Lakh,SUV,"1,20,000 Kms",2nd Owner,2013,19.64,Diesel,2013,Third Party insurance,6 Speed,Manual,5 Seats,JAIPUR
₹ 1.50 Lakh,Hatchback,"1,20,000 Kms",3rd Owner,2009,19.7,Petrol,2009,Third Party insurance,5 Speed,Manual,5 Seats,JAIPUR
₹ 3 Lakh,Hatchback,"1,20,000 Kms",1st Owner,2016,19.81,Petrol,2016,Third Party insurance,5 Speed,Manual,5 Seats,JAIPUR
₹ 7 Lakh,Sedan,"70,000 Kms",1st Owner,2020,22.41,Petrol,2020,Third Party insurance,5 Speed,Manual,5 Seats,JAIPUR
₹ 6.50 Lakh,Sedan,"30,000 Kms",1st Owner,2020,20.5,Petrol,2020,Third Party insurance,5-Speed,Manual,5 Seats,JAIPUR
₹ 8 Lakh,MUV,"1,50,000 Kms",1st Owner,2019,17.3,Diesel,2019,Third Party insurance,6 Speed,Manual,7 Seats,JAIPUR
₹ 8 Lakh,SUV,"80,000 Kms",1st Owner,2017,15.96,Diesel,2017,Third Party insurance,5 Speed,Manual,7 Seats,JAIPUR
₹ 2 Lakh,Hatchback,"1,00,000 Kms",2nd Owner,2012,18.9,Petrol,2012,Third Party insurance,5 Speed,Manual,5 Seats,JAIPUR
₹ 7 Lakh,Hatchback,"40,000 Kms",1st Owner,2020,19.33,Petrol,2020,Third Party insurance,5-Speed,Manual,5 Seats,JAIPUR
₹ 3.40 Lakh,Hatchback,"1,00,000 Kms",2nd Owner,2016,18.9,Petrol,2016,Third Party insurance,5 Speed,Manual,5 Seats,JAIPUR
₹ 4.20 Lakh,Sedan,"1,20,000 Kms",2nd Owner,2018,19.95,Diesel,2018,Third Party insurance,5 Speed,Manual,5 Seats,JAIPUR
₹ 5 Lakh,MUV,"1,50,000 Kms",2nd Owner,2012,11.4,Diesel,2012,Third Party insurance,5 Speed,Manual,7 Seats,JAIPUR
₹ 7.50 Lakh,Hatchback,"40,000 Kms",1st Owner,2020,21.0,Petrol,2020,Third Party insurance,5 Speed,Manual,5 Seats,JAIPUR
₹ 9 Lakh,SUV,"1,50,000 Kms",1st Owner,2018,24.3,Diesel,2018,Third Party insurance,5 Speed,Manual,5 Seats,JAIPUR
₹ 7.30 Lakh,Sedan,"1,50,000 Kms",1st Owner,2019,20.28,Petrol,2019,Third Party insurance,4 Speed,Automatic,5 Seats,JAIPUR
₹ 7.30 Lakh,Sedan,"1,50,000 Kms",1st Owner,2019,20.28,Petrol,2019,Third Party insurance,4 Speed,Automatic,5 Seats,JAIPUR
₹ 8.10 Lakh,Hatchback,"20,000 Kms",1st Owner,2022,22.38,Petrol,2022,Third Party insurance,5-Speed,Manual,5 Seats,JAIPUR
₹ 5 Lakh,Sedan,"1,50,000 Kms",1st Owner,2016,20.85,Petrol,2016,Third Party insurance,5 Speed,Manual,5 Seats,JAIPUR
₹ 5 Lakh,Hatchback,"60,000 Kms",2nd Owner,2016,24.0,Diesel,2016,Third Party insurance,5 Speed,Manual,5 Seats,JAIPUR
₹ 32 Lakh,Sedan,"60,000 Kms",1st Owner,2019,13.5,Diesel,2019,Third Party insurance,8 Speed,Automatic,5 Seats,JAIPUR
₹ 1.50 Lakh,Hatchback,"1,50,000 Kms",2nd Owner,2011,16.1,Petrol,2011,Third Party insurance,4 Speed,Manual,4 Seats,JAIPUR
₹ 2.50 Lakh,Hatchback,"90,000 Kms",2nd Owner,2014,20.92,Petrol,2014,Third Party insurance,5 Speed,Manual,5 Seats,JAIPUR
₹ 2 Lakh,Hatchback,"1,20,000 Kms",1st Owner,2012,23.08,Diesel,2012,Third Party insurance,5 Speed,Manual,5 Seats,JAIPUR
₹ 6 Lakh,Hatchback,"60,000 Kms",1st Owner,2021,18.9,CNG,2021,Third Party insurance,5-Speed,Manual,4 Seats,JAIPUR
₹ 4 Lakh,Sedan,"1,20,000 Kms",1st Owner,2014,17.57,Petrol,2014,Third Party insurance,5 Speed,Manual,5 Seats,JAIPUR
₹ 2 Lakh,Hatchback,"90,000 Kms",2nd Owner,2011,19.7,Petrol,2011,Third Party insurance,5 Speed,Manual,5 Seats,JAIPUR
₹ 20 Lakh,Sedan,"30,000 Kms",5th Owner,2021,14.62,Diesel,2021,Third Party insurance,6 Speed,Automatic,5 Seats,JAIPUR
₹ 3.50 Lakh,Hatchback,"1,20,000 Kms",1st Owner,2015,20.5,Diesel,2015,Third Party insurance,5 Speed,Manual,5 Seats,JAIPUR
₹ 7 Lakh,SUV,"1,20,000 Kms",1st Owner,2013,15.1,Diesel,2013,Third Party insurance,6 Speed ,Manual,7 Seats,JAIPUR
₹ 4.50 Lakh,Sedan,"1,20,000 Kms",1st Owner,2015,26.0,Diesel,2015,Third Party insurance,6 Speed ,Manual,5 Seats,JAIPUR
₹ 6 Lakh,Sedan,"1,20,000 Kms",1st Owner,2015,25.1,Diesel,2015,Third Party insurance,6 Speed ,Manual,5 Seats,JAIPUR
₹ 4 Lakh,Sedan,"60,000 Kms",1st Owner,2014,19.1,Petrol,2014,Third Party insurance,5 Speed ,Manual,5 Seats,JAIPUR
₹ 3.02 Lakh,Hatchback,"60,000 Kms",3rd Owner,2016,23.95,Petrol,2016,Third Party insurance,5 Speed,Manual,5 Seats,JAIPUR
₹ 8.30 Lakh,Sedan,"20,000 Kms",1st Owner,2022,20.5,Petrol,2022,Third Party insurance,5-Speed,Manual,5 Seats,JAIPUR
₹ 5 Lakh,Sedan,"1,50,000 Kms",1st Owner,2014,23.4,Diesel,2014,Third Party insurance,5 Speed,Manual,5 Seats,JAIPUR
₹ 1.80 Lakh,Hatchback,"1,20,000 Kms",2nd Owner,2010,21.1,Diesel,2010,Third Party insurance,5-Speed,Manual,5 Seats,JAIPUR
₹ 2.50 Lakh,Hatchback,"1,20,000 Kms",4th Owner,2011,20.0,Diesel,2011,Third Party insurance,5 Speed,Manual,5 Seats,JAIPUR
₹ 3 Lakh,Sedan,"70,000 Kms",1st Owner,2011,16.36,Petrol,2011,Third Party insurance,5 Speed,Manual,5 Seats,JAIPUR
₹ 3.20 Lakh,Hatchback,"50,000 Kms",3rd Owner,2016,23.95,Petrol,2016,Third Party insurance,5 Speed,Manual,5 Seats,JAIPUR
₹ 4.50 Lakh,Sedan,"1,20,000 Kms",1st Owner,2013,22.32,Diesel,2013,Third Party insurance,4 Speed,Manual,5 Seats,JAIPUR
₹ 2.25 Lakh,Hatchback,"1,50,000 Kms",2nd Owner,2010,23.0,Diesel,2010,Third Party insurance,6-Speed,Manual,5 Seats,JAIPUR
₹ 2.25 Lakh,Hatchback,"1,50,000 Kms",2nd Owner,2010,23.0,Diesel,2010,Third Party insurance,6-Speed,Manual,5 Seats,JAIPUR
₹ 4.50 Lakh,Hatchback,"70,000 Kms",1st Owner,2020,23.95,Petrol,2020,Third Party insurance,5 Speed,Manual,5 Seats,JAIPUR
₹ 3.20 Lakh,Hatchback,"60,000 Kms",3rd Owner,2016,23.95,Petrol,2016,Third Party insurance,5 Speed,Manual,5 Seats,JAIPUR
₹ 3 Lakh,Hatchback,"50,000 Kms",1st Owner,2011,17.0,Petrol,2011,Third Party insurance,5 Speed,Manual,5 Seats,JAIPUR
₹ 2 Lakh,Hatchback,"1,20,000 Kms",3rd Owner,2011,15.6,Petrol,2011,Third Party insurance,5 Speed,Manual,5 Seats,JAIPUR
₹ 6.80 Lakh,Sedan,"1,50,000 Kms",1st Owner,2013,18.33,Diesel,2013,Third Party insurance,6 Speed ,Manual,5 Seats,JAIPUR
₹ 3.50 Lakh,Sedan,"1,20,000 Kms",4th Owner,2008,14.53,Petrol,2008,Third Party insurance,6 Speed,Manual,5 Seats,JAIPUR
₹ 3.50 Lakh,Hatchback,"1,50,000 Kms",2nd Owner,2014,22.07,Diesel,2014,Third Party insurance,5 Speed,Manual,5 Seats,JAIPUR
₹ 3.50 Lakh,Hatchback,"1,50,000 Kms",1st Owner,2011,22.9,Diesel,2011,Third Party insurance,5 Speed,Manual,5 Seats,JAIPUR
₹ 2 Lakh,Hatchback,"1,50,000 Kms",2nd Owner,2008,19.7,Petrol,2008,Third Party insurance,5 Speed,Manual,5 Seats,JAIPUR
₹ 4.50 Lakh,Sedan,"80,000 Kms",1st Owner,2011,17.0,Petrol,2011,Third Party insurance,5 Speed,Manual,5 Seats,JAIPUR
₹ 3.50 Lakh,Hatchback,"1,00,000 Kms",3rd Owner,2014,22.0,Petrol,2014,Third Party insurance,5,Manual,5 Seats,JAIPUR
₹ 5.25 Lakh,Hatchback,"1,20,000 Kms",1st Owner,2013,22.9,Diesel,2013,Third Party insurance,5 Speed,Manual,5 Seats,JAIPUR
₹ 5.20 Lakh,Hatchback,"60,000 Kms",2nd Owner,2011,18.5,Petrol,2011,Third Party insurance,5 Speed,Manual,5 Seats,JAIPUR
₹ 4.50 Lakh,Hatchback,"1,20,000 Kms",2nd Owner,2013,22.9,Diesel,2013,Third Party insurance,5 Speed,Manual,5 Seats,JAIPUR
₹ 6 Lakh,Hatchback,"80,000 Kms",1st Owner,2015,20.5,Diesel,2015,Third Party insurance,5 Speed,Manual,5 Seats,JAIPUR
"₹ 79,000 ",Hatchback,"50,000 Kms",1st Owner,2010,20.36,Petrol,2010,Third Party insurance,5 Speed,Manual,5 Seats,JAIPUR
₹ 5 Lakh,Sedan,"10,000 Kms",1st Owner,2023,22.41,Petrol,2023,Third Party insurance,5 Speed,Manual,5 Seats,JAIPUR
₹ 8 Lakh,SUV,"50,000 Kms",2nd Owner,2023,16.39,Petrol,2023,Third Party insurance,4-speed,Automatic,4 Seats,JAIPUR
₹ 1.60 Lakh,Hatchback,"80,000 Kms",2nd Owner,2012,18.6,Petrol,2012,Third Party insurance,5 Speed,Manual,5 Seats,JAIPUR
₹ 2.20 Lakh,Hatchback,"90,000 Kms",2nd Owner,2016,23.01,Petrol,2016,Third Party insurance,5 Speed,Automatic,5 Seats,JAIPUR
₹ 7 Lakh,SUV,"30,000 Kms",1st Owner,2022,20.09,Petrol,2022,Third Party insurance,5 Speed,Manual,5 Seats,JAIPUR
₹ 2 Lakh,Hatchback,"70,000 Kms",1st Owner,2014,23.95,Petrol,2014,Third Party insurance,5 Speed,Manual,5 Seats,JAIPUR
₹ 2 Lakh,Hatchback,"70,000 Kms",1st Owner,2014,23.95,Petrol,2014,Third Party insurance,5 Speed,Manual,5 Seats,JAIPUR
₹ 1.50 Lakh,Sedan,"1,00,000 Kms",2nd Owner,2010,17.5,Petrol,2010,Third Party insurance,5 Speed,Manual,5 Seats,JAIPUR
₹ 6 Lakh,MUV,"70,000 Kms",1st Owner,2020,20.0,Petrol,2020,Third Party insurance,5 Speed,Manual,7 Seats,JAIPUR
₹ 1.30 Lakh,Hatchback,"70,000 Kms",1st Owner,2012,19.7,Petrol,2012,Third Party insurance,5 Speed,Manual,5 Seats,JAIPUR
₹ 1.50 Lakh,Hatchback,"60,000 Kms",1st Owner,2012,19.7,Petrol,2012,Third Party insurance,5 Speed,Manual,5 Seats,JAIPUR
"₹ 72,000 ",Hatchback,"1,50,000 Kms",1st Owner,2008,18.9,Petrol,2008,Third Party insurance,5 Speed,Manual,5 Seats,JAIPUR
₹ 1.60 Lakh,Hatchback,"1,50,000 Kms",1st Owner,2014,21.1,Petrol,2014,Third Party insurance,5 Speed,Manual,5 Seats,JAIPUR
₹ 2 Lakh,Hatchback,"1,20,000 Kms",2nd Owner,2012,22.07,Diesel,2012,Third Party insurance,5 Speed,Manual,5 Seats,JAIPUR
"₹ 40,000 ",Hatchback,"1,50,000 Kms",1st Owner,2002,19.7,Petrol,2002,Third Party insurance,5 Speed,Manual,5 Seats,JAIPUR
₹ 3.50 Lakh,SUV,"1,00,000 Kms",1st Owner,2014,22.7,Diesel,2014,Third Party insurance,5 Speed,Manual,5 Seats,JAIPUR
₹ 1.08 Lakh,Hatchback,"1,20,000 Kms",1st Owner,2011,18.6,Petrol,2011,Third Party insurance,5 Speed,Manual,5 Seats,JAIPUR
₹ 1.05 Lakh,Hatchback,"70,000 Kms",1st Owner,2007,19.7,Petrol,2007,Third Party insurance,5 Speed,Manual,5 Seats,JAIPUR
₹ 8.50 Lakh,SUV,"20,000 Kms",1st Owner,2022,19.17,Petrol,2022,Third Party insurance,5 Speed,Manual,5 Seats,JAIPUR
₹ 1 Lakh,Hatchback,"40,000 Kms",1st Owner,2009,19.7,Petrol,2009,Third Party insurance,5 Speed,Manual,5 Seats,JAIPUR
₹ 5 Lakh,Hatchback,"80,000 Kms",1st Owner,2018,21.4,Petrol,2018,Third Party insurance,5 Speed,Manual,5 Seats,JAIPUR
₹ 9.75 Lakh,Sedan,"70,000 Kms",3rd Owner,2014,19.16,Petrol,2014,Third Party insurance,6 Speed ,Automatic,5 Seats,KOLKATA
₹ 2.66 Lakh,Hatchback,"23,981 Kms",1st Owner,2017,22.7,Petrol,2017,Comprehensive,5-Speed,Manual,5 Seats,KOLKATA
₹ 5.95 Lakh,SUV,"7,100 Kms",1st Owner,2021,19.03,Petrol,2021,Comprehensive,5 Speed,Automatic,5 Seats,KOLKATA
₹ 2.23 Lakh,Hatchback,"71,574 Kms",2nd Owner,2011,17.0,Petrol,2011,Third Party,5 Speed,Manual,5 Seats,KOLKATA
₹ 12 Lakh,SUV,"50,000 Kms",2nd Owner,2014,15.73,Diesel,2014,Third Party insurance,7-Speed S-Tronic ,Automatic,5 Seats,KOLKATA
₹ 4.25 Lakh,Hatchback,"35,629 Kms",1st Owner,2018,20.52,Petrol,2018,Comprehensive,5 Speed,Automatic,5 Seats,KOLKATA
₹ 5.96 Lakh,Hatchback,"11,476 Kms",2nd Owner,2020,20.3,Petrol,2020,Comprehensive,5 Speed,Automatic,5 Seats,KOLKATA
₹ 2.50 Lakh,Hatchback,"31,000 Kms",1st Owner,2018,25.17,Petrol,2018,Third Party insurance,5 Speed,Manual,5 Seats,KOLKATA
₹ 2.21 Lakh,Sedan,"41,005 Kms",2nd Owner,2011,17.5,Petrol,2011,Comprehensive,5 Speed,Manual,5 Seats,KOLKATA
₹ 2.08 Lakh,Hatchback,"60,055 Kms",1st Owner,2010,18.9,Petrol,2010,Third Party,5 Speed,Manual,5 Seats,KOLKATA
₹ 3.11 Lakh,Hatchback,"65,005 Kms",1st Owner,2013,18.6,Petrol,2013,Comprehensive,5 Speed,Manual,5 Seats,KOLKATA
₹ 4.64 Lakh,Hatchback,"2,657 Kms",1st Owner,2022,22.3,Petrol,2022,Third Party,5 Speed,Manual,5 Seats,KOLKATA
₹ 2.05 Lakh,Hatchback,"16,000 Kms",1st Owner,2011,19.81,Petrol,2011,Comprehensive,5 Speed,Manual,5 Seats,KOLKATA
₹ 21.75 Lakh,SUV,"7,426 Kms",1st Owner,2023,14.6,Diesel,2023,Comprehensive,6-Speed,Automatic,5 Seats,KOLKATA
₹ 6.43 Lakh,Hatchback,"27,046 Kms",1st Owner,2018,21.4,Petrol,2018,Comprehensive,CVT,Automatic,5 Seats,KOLKATA
₹ 37.50 Lakh,SUV,"30,100 Kms",1st Owner,2021,15.04,Diesel,2021,Third Party insurance,6 Speed,Automatic,7 Seats,KOLKATA
₹ 5.45 Lakh,Hatchback,"9,000 Kms",1st Owner,2022,24.35,Petrol,2022,Comprehensive,5 Speed,Manual,5 Seats,KOLKATA
₹ 7.50 Lakh,Hatchback,"17,000 Kms",1st Owner,2022,21.0,Petrol,2022,Third Party insurance,5 Speed,Manual,5 Seats,KOLKATA
₹ 16.50 Lakh,SUV,"49,200 Kms",1st Owner,2021,17.1,Diesel,2021,Comprehensive,9 Speed,Automatic,5 Seats,KOLKATA
₹ 2.25 Lakh,Hatchback,"35,000 Kms",2nd Owner,2009,19.81,Petrol,2009,Comprehensive,5 Speed,Manual,5 Seats,KOLKATA
₹ 59.90 Lakh,SUV,"30,000 Kms",2nd Owner,2020,18.9,Diesel,2020,Third Party insurance,9-speed automatic,Automatic,5 Seats,KOLKATA
₹ 3.15 Lakh,Hatchback,"54,044 Kms",1st Owner,2017,23.95,Petrol,2017,Third Party,5 Speed,Manual,5 Seats,KOLKATA
₹ 7.99 Lakh,SUV,"6,500 Kms",1st Owner,2021,17.33,Petrol,2021,Third Party insurance,6 Speed,Manual,5 Seats,KOLKATA
₹ 5.26 Lakh,Sedan,"29,159 Kms",1st Owner,2017,20.73,Petrol,2017,Zero Dep,5 Speed,Manual,5 Seats,KOLKATA
₹ 59.90 Lakh,SUV,"30,000 Kms",2nd Owner,2020,18.9,Diesel,2020,Third Party insurance,9-speed automatic,Automatic,5 Seats,KOLKATA
₹ 6.75 Lakh,Sedan,"31,968 Kms",1st Owner,2016,18.0,Petrol,2016,Comprehensive,5 Speed CVT,Automatic,5 Seats,KOLKATA
₹ 6.12 Lakh,Hatchback,"44,150 Kms",2nd Owner,2019,20.7,Petrol,2019,Third Party,5-Speed,Manual,5 Seats,KOLKATA
₹ 1.89 Lakh,Hatchback,"60,000 Kms",1st Owner,2010,17.0,Petrol,2010,Third Party insurance,5 Speed,Manual,5 Seats,KOLKATA
₹ 9.90 Lakh,SUV,"25,009 Kms",1st Owner,2018,14.8,Petrol,2018,Comprehensive,6 Speed,Automatic,5 Seats,KOLKATA
₹ 5.34 Lakh,Hatchback,"46,469 Kms",1st Owner,2020,22.38,Petrol,2020,Zero Dep,5-Speed,Manual,5 Seats,KOLKATA
₹ 8 Lakh,SUV,"45,000 Kms",1st Owner,2018,13.0,Petrol,2018,Third Party insurance,6 Speed,Manual,5 Seats,KOLKATA
₹ 9.83 Lakh,Sedan,"31,577 Kms",1st Owner,2020,17.7,Petrol,2020,Third Party,6 Speed,Manual,5 Seats,KOLKATA
₹ 2.81 Lakh,Hatchback,"56,005 Kms",1st Owner,2014,23.1,Petrol,2014,Comprehensive,5 Speed ,Automatic,5 Seats,KOLKATA
₹ 5.35 Lakh,Hatchback,"10,005 Kms",1st Owner,2021,21.79,Petrol,2021,Comprehensive,5 Speed,Manual,5 Seats,KOLKATA
₹ 4.75 Lakh,Hatchback,"41,163 Kms",1st Owner,2017,18.9,Petrol,2017,Comprehensive,5 Speed,Manual,5 Seats,KOLKATA
₹ 53 Lakh,Sedan,"17,839 Kms",1st Owner,2020,16.1,Diesel,2020,Comprehensive,9 Speed,Automatic,5 Seats,KOLKATA
₹ 6.95 Lakh,Sedan,"3,800 Kms",1st Owner,2019,17.1,Petrol,2019,Comprehensive,6 Speed,Manual,5 Seats,KOLKATA
₹ 3.95 Lakh,Hatchback,"34,124 Kms",1st Owner,2018,21.79,Petrol,2018,Comprehensive,5 Speed,Manual,5 Seats,KOLKATA
₹ 2 Lakh,Hatchback,"50,000 Kms",2nd Owner,2012,21.9,Diesel,2012,Third Party insurance,5-Speed,Manual,5 Seats,KOLKATA
₹ 7.50 Lakh,Sedan,"48,168 Kms",1st Owner,2018,17.4,Petrol,2018,Comprehensive,5 Speed,Manual,5 Seats,KOLKATA
₹ 9.75 Lakh,MUV,"20,000 Kms",3rd Owner,2019,17.3,Diesel,2019,Third Party insurance,6 Speed,Manual,8 Seats,KOLKATA
₹ 4.80 Lakh,Sedan,"56,357 Kms",1st Owner,2018,19.0,Petrol,2018,Third Party insurance,5 Speed,Manual,5 Seats,KOLKATA
₹ 2.45 Lakh,Sedan,"60,000 Kms",1st Owner,2010,17.5,Petrol,2010,Third Party insurance,5 Speed,Manual,5 Seats,KOLKATA
₹ 7.19 Lakh,Hatchback,"10,585 Kms",1st Owner,2022,21.01,Petrol,2022,Comprehensive,5 Speed,Manual,5 Seats,KOLKATA
₹ 3.75 Lakh,Sedan,"50,000 Kms",2nd Owner,2012,13.1,Petrol,2012,Third Party insurance,5 Speed,Automatic,5 Seats,KOLKATA
₹ 2.45 Lakh,Sedan,"60,000 Kms",1st Owner,2010,17.5,Petrol,2010,Third Party insurance,5 Speed,Manual,5 Seats,KOLKATA
₹ 12.14 Lakh,SUV,"17,642 Kms",1st Owner,2020,18.9,Petrol,2020,Zero Dep,6-speed,Manual,5 Seats,KOLKATA
₹ 4.39 Lakh,Hatchback,"20,000 Kms",1st Owner,2018,27.28,Diesel,2018,Third Party insurance,5 Speed,Manual,5 Seats,KOLKATA
₹ 7.53 Lakh,Hatchback,"9,157 Kms",1st Owner,2021,20.7,Petrol,2021,Third Party,5-Speed,Manual,5 Seats,KOLKATA
₹ 3.62 Lakh,Sedan,"65,979 Kms",2nd Owner,2016,18.0,Petrol,2016,Comprehensive,5 Speed,Manual,5 Seats,KOLKATA
₹ 3 Lakh,Sedan,"65,000 Kms",1st Owner,2014,20.5,Diesel,2014,Third Party insurance,5 Speed,Manual,5 Seats,KOLKATA
₹ 3.89 Lakh,Hatchback,"7,940 Kms",2nd Owner,2020,22.5,Petrol,2020,Comprehensive,5-Speed,Manual,5 Seats,KOLKATA
₹ 1.15 Lakh,Hatchback,"1,00,000 Kms",4th Owner,2010,18.9,Petrol,2010,Third Party insurance,5 Speed,Manual,5 Seats,KOLKATA
₹ 8.65 Lakh,Sedan,"40,000 Kms",1st Owner,2011,16.07,Diesel,2011,Comprehensive,6 Speed,Automatic,5 Seats,KOLKATA
₹ 1.85 Lakh,Sedan,"60,000 Kms",2nd Owner,2011,14.6,Petrol,2011,Third Party insurance,5 speed manual,Manual,5 Seats,KOLKATA
₹ 39.50 Lakh,Sedan,"19,859 Kms",1st Owner,2019,20.37,Diesel,2019,Comprehensive,8-Speed Steptronic,Automatic,5 Seats,KOLKATA
₹ 62.50 Lakh,SUV,"7,405 Kms",1st Owner,2023,12.1,Petrol,2023,Comprehensive,8 Speed,Automatic,5 Seats,KOLKATA
₹ 6.20 Lakh,SUV,"52,922 Kms",1st Owner,2016,15.4,Petrol,2016,Comprehensive,6 Speed,Manual,7 Seats,KOLKATA
₹ 3.50 Lakh,SUV,"60,000 Kms",1st Owner,2015,15.85,Petrol,2015,Third Party insurance,5 Speed,Manual,5 Seats,KOLKATA
₹ 4.64 Lakh,Hatchback,"32,000 Kms",1st Owner,2019,18.9,Petrol,2019,Comprehensive,5 Speed,Manual,5 Seats,KOLKATA
₹ 4.12 Lakh,Hatchback,"47,739 Kms",2nd Owner,2017,18.7,Petrol,2017,Comprehensive,5 Speed,Manual,5 Seats,KOLKATA
₹ 3.75 Lakh,Hatchback,"10,717 Kms",2nd Owner,2019,23.95,Petrol,2019,Third Party,5 Speed,Automatic,5 Seats,KOLKATA
₹ 6.21 Lakh,Sedan,"41,000 Kms",1st Owner,2015,25.1,Diesel,2015,Comprehensive,6 Speed ,Manual,5 Seats,KOLKATA
₹ 4.43 Lakh,Hatchback,"17,619 Kms",2nd Owner,2020,20.3,Petrol,2020,Comprehensive,5 Speed,Manual,5 Seats,KOLKATA
₹ 4.22 Lakh,Hatchback,"9,221 Kms",1st Owner,2021,21.74,Petrol,2021,Comprehensive,5 Speed,Manual,5 Seats,KOLKATA
₹ 5.50 Lakh,SUV,"70,000 Kms",1st Owner,2019,17.5,Petrol,2019,Third Party,5 Speed,Manual,5 Seats,KOLKATA
₹ 5.45 Lakh,Hatchback,"10,519 Kms",1st Owner,2019,22.38,Petrol,2019,Third Party,5-Speed,Manual,5 Seats,KOLKATA
₹ 4.50 Lakh,Sedan,"50,000 Kms",2nd Owner,2014,17.1,Petrol,2014,Third Party insurance,5 Speed,Manual,5 Seats,KOLKATA
₹ 5.97 Lakh,Hatchback,"19,907 Kms",1st Owner,2022,35.6,CNG,2022,Comprehensive,5-Speed,Manual,5 Seats,KOLKATA
₹ 3.30 Lakh,Hatchback,"84,771 Kms",2nd Owner,2015,22.38,Petrol,2015,Comprehensive,5-Speed,Manual,5 Seats,KOLKATA
₹ 5.95 Lakh,Hatchback,"7,000 Kms",2nd Owner,2015,16.5,Petrol,2015,Comprehensive,5 Speed,Automatic,5 Seats,KOLKATA
₹ 5 Lakh,Sedan,"50,000 Kms",1st Owner,2017,17.4,Petrol,2017,Third Party insurance,5 Speed,Manual,5 Seats,KOLKATA
₹ 10.75 Lakh,Sedan,"52,000 Kms",1st Owner,2013,17.68,Diesel,2013,Comprehensive,8 Speed,Automatic,5 Seats,KOLKATA
₹ 8.35 Lakh,SUV,"15,407 Kms",1st Owner,2021,17.33,Petrol,2021,Comprehensive,6 Speed,Manual,5 Seats,KOLKATA
₹ 1.75 Lakh,Hatchback,"50,000 Kms",2nd Owner,2009,20.36,Petrol,2009,Third Party insurance,5 Speed,Manual,5 Seats,KOLKATA
₹ 4.95 Lakh,Sedan,"80,000 Kms",1st Owner,2017,12.8,Petrol,1985,Comprehensive,5 Speed,Manual,5 Seats,KOLKATA
₹ 5.50 Lakh,Sedan,"58,000 Kms",1st Owner,2017,17.4,Petrol,2017,Third Party insurance,5 Speed,Manual,5 Seats,KOLKATA
₹ 10.25 Lakh,Sedan,"14,000 Kms",1st Owner,2021,17.7,Petrol,2021,Third Party insurance,6 Speed,Manual,5 Seats,KOLKATA
₹ 3.50 Lakh,Sedan,"80,000 Kms",3rd Owner,2014,16.3,Petrol,2014,Third Party insurance,6 Speed ,Manual,5 Seats,KOLKATA
₹ 7.75 Lakh,Sedan,"45,000 Kms",1st Owner,2017,14.59,Petrol,2017,Third Party insurance,6 Speed,Manual,5 Seats,KOLKATA
₹ 3.06 Lakh,Sedan,"1,19,236 Kms",1st Owner,2014,22.41,Petrol,2014,Third Party insurance,5 Speed,Manual,5 Seats,KOLKATA
₹ 4.32 Lakh,Hatchback,"98,074 Kms",1st Owner,2016,21.4,Petrol,2016,Comprehensive,5 Speed,Manual,5 Seats,KOLKATA
₹ 10.80 Lakh,Sedan,"40,330 Kms",1st Owner,2013,14.84,Diesel,2013,Comprehensive,7 Speed,Automatic,5 Seats,KOLKATA
₹ 3.14 Lakh,Sedan,"84,989 Kms",2nd Owner,2014,22.41,Petrol,2014,Comprehensive,5 Speed,Manual,5 Seats,KOLKATA
₹ 2.69 Lakh,Hatchback,"72,017 Kms",2nd Owner,2014,20.51,Petrol,2014,Comprehensive,5 Speed,Manual,5 Seats,KOLKATA
₹ 5.21 Lakh,MUV,"65,002 Kms",1st Owner,2015,20.77,Diesel,2015,Comprehensive,5 Speed ,Manual,7 Seats,KOLKATA
₹ 3.42 Lakh,Sedan,"85,862 Kms",1st Owner,2015,22.41,Petrol,2015,Comprehensive,5 Speed,Manual,5 Seats,KOLKATA
₹ 1.50 Lakh,Hatchback,"70,000 Kms",2nd Owner,2011,19.7,Petrol,2011,Third Party insurance,5 Speed,Manual,5 Seats,KOLKATA
₹ 4.07 Lakh,Hatchback,"48,005 Kms",1st Owner,2017,18.15,Petrol,2017,Third Party,5 Speed,Manual,6 Seats,KOLKATA
₹ 4.60 Lakh,Hatchback,"8,625 Kms",1st Owner,2019,20.3,Petrol,2019,Zero Dep,5 Speed,Manual,5 Seats,KOLKATA
₹ 7.25 Lakh,Hatchback,"10,000 Kms",1st Owner,2020,19.33,Petrol,2020,Third Party insurance,5-Speed,Manual,5 Seats,KOLKATA
₹ 3.40 Lakh,Sedan,"67,000 Kms",1st Owner,2012,20.0,Diesel,2012,Third Party insurance,5 Speed,Manual,5 Seats,KOLKATA
₹ 7.35 Lakh,Hatchback,"10,000 Kms",1st Owner,2020,19.33,Petrol,2020,Third Party insurance,5-Speed,Manual,5 Seats,KOLKATA
₹ 12 Lakh,SUV,"50,000 Kms",1st Owner,2018,19.67,Diesel,2018,Third Party insurance,6 Speed,Manual,5 Seats,KOLKATA
₹ 1.45 Lakh,Hatchback,"60,000 Kms",3rd Owner,2011,19.0,Petrol,2011,Third Party insurance,5 Speed,Manual,5 Seats,KOLKATA
₹ 3.50 Lakh,Hatchback,"60,000 Kms",3rd Owner,2017,23.1,Petrol,2017,Third Party insurance,5 Speed ,Manual,5 Seats,KOLKATA
₹ 19.50 Lakh,SUV,"34,000 Kms",1st Owner,2014,14.16,Diesel,2014,Comprehensive,7 Speed,Automatic,5 Seats,KOLKATA
₹ 3 Lakh,Hatchback,"60,000 Kms",1st Owner,2012,19.0,Petrol,2012,Third Party insurance,5 Speed,Manual,5 Seats,KOLKATA
₹ 6.95 Lakh,MUV,"1,52,000 Kms",1st Owner,2014,12.99,Diesel,2014,Comprehensive,5 Speed,Manual,7 Seats,KOLKATA
₹ 56 Lakh,SUV,"45,000 Kms",1st Owner,2014,12.65,Diesel,2014,Third Party,8 Speed,Automatic,5 Seats,KOLKATA
₹ 3.99 Lakh,Sedan,"56,766 Kms",3rd Owner,2013,14.53,Petrol,2013,Third Party insurance,6 Speed,Manual,5 Seats,KOLKATA
₹ 21.09 Lakh,SUV,"7,114 Kms",1st Owner,2022,14.08,Diesel,2022,Third Party,6-Speed,Automatic,6 Seats,KOLKATA
₹ 20 Lakh,SUV,"25,508 Kms",1st Owner,2021,14.08,Diesel,2021,Comprehensive,6-Speed,Automatic,6 Seats,KOLKATA
₹ 2.17 Lakh,Hatchback,"39,369 Kms",1st Owner,2012,18.9,Petrol,2012,Comprehensive,5 Speed,Manual,5 Seats,KOLKATA
₹ 8.86 Lakh,SUV,"96,707 Kms",1st Owner,2018,18.9,Diesel,2018,Comprehensive,6 Speed,Manual,7 Seats,KOLKATA
₹ 5.50 Lakh,Hatchback,"50,000 Kms",1st Owner,2016,17.19,Petrol,2016,Third Party insurance,5 Speed,Manual,5 Seats,KOLKATA
₹ 3.27 Lakh,Hatchback,"30,345 Kms",1st Owner,2019,22.25,Petrol,2019,Third Party,5 Speed,Manual,5 Seats,KOLKATA
₹ 17.75 Lakh,SUV,"1,28,232 Kms",1st Owner,2016,12.55,Diesel,2016,Comprehensive,5 Speed ,Automatic,7 Seats,KOLKATA
₹ 4.87 Lakh,SUV,"54,018 Kms",1st Owner,2017,17.5,Petrol,2017,Third Party,5 Speed,Manual,5 Seats,KOLKATA
₹ 6.12 Lakh,Sedan,"32,007 Kms",1st Owner,2016,23.9,Diesel,2016,Zero Dep,6 Speed ,Manual,5 Seats,KOLKATA
₹ 3.10 Lakh,Hatchback,"1,00,000 Kms",1st Owner,2015,19.81,Petrol,2015,Third Party insurance,5 Speed,Manual,5 Seats,KOLKATA
₹ 2.45 Lakh,Hatchback,"30,000 Kms",2nd Owner,2014,17.92,Petrol,2014,Third Party insurance,5 Speed,Manual,5 Seats,KOLKATA
₹ 19.80 Lakh,Sedan,"66,452 Kms",1st Owner,2018,19.6,Diesel,2018,Comprehensive,6 Speed,Automatic,5 Seats,KOLKATA
₹ 45 Lakh,SUV,"38,706 Kms",1st Owner,2021,11.2,Diesel,2021,Comprehensive,6 Speed ,Automatic,5 Seats,KOLKATA
₹ 6.50 Lakh,Sedan,"80,000 Kms",1st Owner,2018,17.4,Petrol,2018,Third Party insurance,5 Speed,Manual,5 Seats,KOLKATA
₹ 7.50 Lakh,Sedan,"60,000 Kms",1st Owner,2015,17.01,Petrol,2015,Third Party insurance,5 Speed,Manual,5 Seats,KOLKATA
₹ 5 Lakh,Hatchback,"1,20,000 Kms",1st Owner,2016,17.19,Petrol,2016,Third Party insurance,5 Speed,Manual,5 Seats,KOLKATA
₹ 7.20 Lakh,MUV,"1,50,000 Kms",2nd Owner,2012,12.2,Diesel,2012,Third Party insurance,5 Speed,Manual,10 Seats,KOLKATA
₹ 7.90 Lakh,Sedan,"19,000 Kms",1st Owner,2017,26.0,Diesel,2017,Third Party insurance,6 Speed,Manual,5 Seats,KOLKATA
₹ 6.45 Lakh,MUV,"2,60,000 Kms",1st Owner,2012,12.8,Diesel,2012,Comprehensive,5 Speed,Manual,7 Seats,KOLKATA
₹ 4.03 Lakh,Sedan,"71,552 Kms",1st Owner,2014,17.4,Petrol,2014,Comprehensive,5 Speed ,Manual,5 Seats,KOLKATA
₹ 3.01 Lakh,Hatchback,"65,039 Kms",2nd Owner,2015,18.9,Petrol,2015,Third Party,5 Speed,Manual,5 Seats,KOLKATA
"₹ 40,000 ",Hatchback,"60,000 Kms",2nd Owner,2007,17.92,Petrol,2007,Third Party insurance,5 Speed,Manual,5 Seats,KOLKATA
₹ 3.59 Lakh,Hatchback,"73,578 Kms",1st Owner,2019,23.01,Petrol,2019,Zero Dep,5 Speed,Manual,5 Seats,KOLKATA
₹ 5.11 Lakh,Hatchback,"27,160 Kms",1st Owner,2021,20.3,Petrol,2021,Third Party,5 Speed,Automatic,5 Seats,KOLKATA
₹ 4.25 Lakh,Hatchback,"36,000 Kms",1st Owner,2017,18.6,Petrol,2017,Comprehensive,5 Speed,Manual,5 Seats,KOLKATA
₹ 2.77 Lakh,Hatchback,"84,367 Kms",1st Owner,2014,18.9,Petrol,2014,Comprehensive,5 Speed,Manual,5 Seats,KOLKATA
₹ 7.50 Lakh,MUV,"32,599 Kms",1st Owner,2019,19.01,Petrol,2019,Third Party insurance,5 Speed,Manual,7 Seats,KOLKATA
₹ 5.51 Lakh,SUV,"47,530 Kms",1st Owner,2017,13.06,Petrol,2017,Third Party,5 speed,Manual,5 Seats,KOLKATA
₹ 2.54 Lakh,Hatchback,"35,457 Kms",1st Owner,2014,19.4,Petrol,2014,Comprehensive,5 Speed,Manual,5 Seats,KOLKATA
₹ 12.75 Lakh,SUV,"28,134 Kms",1st Owner,2020,18.9,Petrol,2020,Comprehensive,IVT,Automatic,5 Seats,KOLKATA
₹ 13.20 Lakh,SUV,"5,000 Kms",0th Owner,2022,16.5,Petrol,2022,Comprehensive,6 Speed,Automatic,5 Seats,KOLKATA
₹ 2.70 Lakh,Hatchback,"28,000 Kms",1st Owner,2011,16.95,Petrol,2011,Comprehensive,4-Speed,Automatic,5 Seats,KOLKATA
₹ 20 Lakh,SUV,"20,000 Kms",1st Owner,2023,18.9,Diesel,2023,Third Party insurance,9 -speed,Automatic,5 Seats,KOLKATA
₹ 79 Lakh,SUV,"33,582 Kms",2nd Owner,2020,15.8,Petrol,2020,Comprehensive,8,Automatic,5 Seats,KOLKATA
₹ 2.55 Lakh,Hatchback,"46,005 Kms",1st Owner,2014,20.36,Petrol,2014,Comprehensive,5 Speed,Manual,5 Seats,KOLKATA
₹ 34.50 Lakh,SUV,"2,565 Kms",1st Owner,2021,12.4,Diesel,2021,Comprehensive,8 speed,Automatic,6 Seats,KOLKATA
₹ 5.35 Lakh,Hatchback,"28,000 Kms",1st Owner,2018,22.0,Petrol,2018,Comprehensive,5,Automatic,5 Seats,KOLKATA
₹ 4.40 Lakh,Hatchback,"32,000 Kms",1st Owner,2015,18.2,Petrol,2015,Comprehensive,5 Speed,Automatic,5 Seats,KOLKATA
₹ 2.25 Lakh,Sedan,"45,000 Kms",1st Owner,2009,17.5,Petrol,2009,Comprehensive,5 Speed,Manual,5 Seats,KOLKATA
₹ 12.95 Lakh,SUV,"78,565 Kms",1st Owner,2019,15.1,Diesel,2019,Comprehensive,6 Speed,Manual,7 Seats,KOLKATA
₹ 17.92 Lakh,SUV,"10,197 Kms",1st Owner,2022,18.9,Petrol,2022,Third Party,8-Speed,Automatic,5 Seats,KOLKATA
₹ 1.80 Lakh,Hatchback,"60,000 Kms",2nd Owner,2014,21.1,Petrol,2014,Third Party insurance,5 Speed,Manual,5 Seats,KOLKATA
₹ 6.02 Lakh,Sedan,"32,844 Kms",1st Owner,2017,17.8,Petrol,2017,Comprehensive,5 Speed,Manual,5 Seats,KOLKATA
₹ 7.43 Lakh,Hatchback,"5,198 Kms",1st Owner,2022,26.49,CNG,2022,Comprehensive,5-Speed,Manual,5 Seats,KOLKATA
₹ 3.35 Lakh,Hatchback,"40,000 Kms",1st Owner,2013,18.5,Petrol,2013,Comprehensive,5 Speed,Manual,5 Seats,KOLKATA
₹ 7.50 Lakh,Sedan,"19,355 Kms",1st Owner,2019,14.84,Petrol,2019,Comprehensive,6 Speed,Automatic,5 Seats,KOLKATA
₹ 2.40 Lakh,Sedan,"60,000 Kms",1st Owner,2010,17.5,Petrol,2010,Third Party insurance,5 Speed,Manual,5 Seats,KOLKATA
₹ 4.74 Lakh,Hatchback,"31,197 Kms",1st Owner,2019,21.79,Petrol,2019,Third Party,5 Speed,Manual,5 Seats,KOLKATA
₹ 3.46 Lakh,Hatchback,"6,651 Kms",1st Owner,2021,21.7,Petrol,2021,Third Party,5-Speed,Manual,5 Seats,KOLKATA
"₹ 70,000 ",Hatchback,"60,000 Kms",3rd Owner,2009,18.0,Petrol,2009,Third Party insurance,5 Speed,Manual,5 Seats,KOLKATA
₹ 7.45 Lakh,SUV,"35,000 Kms",1st Owner,2018,15.4,Petrol,2018,Comprehensive,6 Speed,Manual,7 Seats,KOLKATA
₹ 3.35 Lakh,Sedan,"57,000 Kms",1st Owner,2013,16.8,Petrol,2013,Comprehensive,5 Speed,Manual,5 Seats,KOLKATA
₹ 5.50 Lakh,Sedan,"50,469 Kms",1st Owner,2016,18.0,Petrol,2016,Third Party insurance,5 Speed CVT,Automatic,5 Seats,KOLKATA
₹ 5.24 Lakh,Hatchback,"32,000 Kms",1st Owner,2018,22.0,Petrol,2018,Comprehensive,5,Manual,5 Seats,KOLKATA
₹ 8.50 Lakh,Sedan,"36,000 Kms",1st Owner,2016,14.28,Petrol,2016,Comprehensive,7 Speed,Automatic,5 Seats,KOLKATA
₹ 2.10 Lakh,Hatchback,"30,000 Kms",1st Owner,2018,22.7,Petrol,2018,Third Party insurance,5-Speed,Manual,5 Seats,KOLKATA
₹ 9.99 Lakh,SUV,"68,042 Kms",1st Owner,2018,16.0,Diesel,2018,Comprehensive,6 Speed,Automatic,7 Seats,KOLKATA
₹ 2.30 Lakh,Hatchback,"65,000 Kms",2nd Owner,2014,20.36,Petrol,2014,Comprehensive,5 Speed,Manual,5 Seats,KOLKATA
₹ 5.49 Lakh,Hatchback,"24,000 Kms",1st Owner,2020,20.4,Petrol,2020,Comprehensive,5 Speed,Manual,5 Seats,KOLKATA
₹ 5.20 Lakh,Sedan,"82,948 Kms",1st Owner,2016,28.09,Diesel,2016,Comprehensive,5 Speed,Manual,5 Seats,KOLKATA
₹ 1.41 Lakh,Hatchback,"23,162 Kms",2nd Owner,2010,19.0,Petrol,2010,Comprehensive,5 Speed,Manual,5 Seats,KOLKATA
₹ 1.29 Lakh,Hatchback,"45,000 Kms",1st Owner,2010,18.5,Petrol,2010,Comprehensive,5 Speed,Manual,5 Seats,KOLKATA
₹ 6.41 Lakh,SUV,"7,281 Kms",2nd Owner,2020,17.5,Petrol,2020,Comprehensive,5 Speed,Manual,5 Seats,KOLKATA
₹ 4.66 Lakh,Hatchback,"29,428 Kms",1st Owner,2016,17.19,Petrol,2016,Third Party insurance,5 Speed,Manual,5 Seats,KOLKATA
₹ 8.45 Lakh,SUV,"64,000 Kms",1st Owner,2018,15.8,Petrol,2018,Comprehensive,6 Speed,Manual,5 Seats,KOLKATA
₹ 2.15 Lakh,Hatchback,"62,202 Kms",1st Owner,2016,22.05,Petrol,2016,Comprehensive,5 Speed,Manual,5 Seats,KOLKATA
₹ 7.25 Lakh,Sedan,"47,000 Kms",1st Owner,2018,17.4,Petrol,2018,Third Party insurance,5 Speed,Manual,5 Seats,KOLKATA
₹ 7.72 Lakh,Sedan,"13,145 Kms",1st Owner,2022,26.49,CNG,2022,Comprehensive,5-Speed,Manual,5 Seats,KOLKATA
₹ 2.55 Lakh,Hatchback,"1,19,490 Kms",1st Owner,2017,21.1,Petrol,2017,Third Party,5 Speed,Manual,5 Seats,KOLKATA
₹ 16.74 Lakh,SUV,"8,000 Kms",1st Owner,2021,15.1,Diesel,2021,Comprehensive,6 Speed,Manual,7 Seats,KOLKATA
₹ 5.25 Lakh,Sedan,"45,000 Kms",1st Owner,2015,25.1,Diesel,2015,Third Party insurance,6 Speed ,Manual,5 Seats,KOLKATA
₹ 2.95 Lakh,Hatchback,"46,422 Kms",1st Owner,2016,20.51,Petrol,2016,Comprehensive,5 Speed,Manual,5 Seats,KOLKATA
₹ 2.35 Lakh,Hatchback,"64,000 Kms",3rd Owner,2014,20.36,Petrol,2014,Comprehensive,5 Speed,Manual,5 Seats,KOLKATA
₹ 4.95 Lakh,Sedan,"52,000 Kms",1st Owner,2020,21.66,Diesel,2020,Comprehensive,5 Speed,Manual,5 Seats,KOLKATA
₹ 6.85 Lakh,Sedan,"25,000 Kms",1st Owner,2019,16.8,Petrol,2019,Comprehensive,5 Speed,Manual,5 Seats,KOLKATA
₹ 1.86 Lakh,Hatchback,"15,000 Kms",2nd Owner,2013,21.1,Petrol,2013,Third Party,5 Speed,Manual,5 Seats,KOLKATA
₹ 12.65 Lakh,SUV,"45,000 Kms",1st Owner,2020,16.5,Petrol,2020,Comprehensive,6-Speed,Manual,5 Seats,KOLKATA
₹ 8.95 Lakh,SUV,"65,000 Kms",1st Owner,2018,14.8,Petrol,2018,Comprehensive,6 Speed,Automatic,5 Seats,KOLKATA
₹ 9.50 Lakh,SUV,"65,000 Kms",1st Owner,2018,17.1,Diesel,2018,Third Party,6 Speed,Manual,5 Seats,KOLKATA
₹ 7.27 Lakh,Sedan,"21,628 Kms",1st Owner,2019,17.4,Petrol,2019,Comprehensive,5 Speed,Manual,5 Seats,KOLKATA
₹ 4.27 Lakh,Hatchback,"8,347 Kms",1st Owner,2016,22.38,Petrol,2016,Third Party,5-Speed,Manual,5 Seats,KOLKATA
₹ 8.75 Lakh,SUV,"72,057 Kms",2nd Owner,2016,15.4,Diesel,2016,Comprehensive,5 Speed,Manual,7 Seats,KOLKATA
₹ 3.49 Lakh,Hatchback,"52,549 Kms",1st Owner,2017,18.9,Petrol,2017,Third Party insurance,5 Speed,Manual,5 Seats,KOLKATA
₹ 4.50 Lakh,Sedan,"44,540 Kms",2nd Owner,2014,18.0,Petrol,2014,Third Party,5 Speed CVT,Automatic,5 Seats,KOLKATA
₹ 3.20 Lakh,Hatchback,"44,000 Kms",2nd Owner,2014,18.6,Petrol,2014,Comprehensive,5 Speed,Manual,5 Seats,KOLKATA
₹ 6.46 Lakh,Hatchback,"53,084 Kms",1st Owner,2019,26.2,Diesel,2019,Third Party insurance,5 speed,Manual,5 Seats,KOLKATA
₹ 9.50 Lakh,MUV,"10,000 Kms",2nd Owner,2021,19.01,Petrol,2021,Third Party insurance,5-Speed,Manual,6 Seats,KOLKATA
₹ 11.24 Lakh,Sedan,"34,339 Kms",2nd Owner,2018,14.28,Petrol,2018,Comprehensive,7 Speed,Automatic,5 Seats,KOLKATA
₹ 10.57 Lakh,SUV,"15,456 Kms",1st Owner,2020,16.8,Petrol,2020,Third Party insurance,6-Speed,Manual,5 Seats,KOLKATA
₹ 9.50 Lakh,MUV,"10,000 Kms",2nd Owner,2021,19.01,Petrol,2021,Third Party insurance,5-Speed,Manual,6 Seats,KOLKATA
₹ 3.85 Lakh,Hatchback,"68,000 Kms",1st Owner,2018,20.3,Petrol,2018,Comprehensive,5 Speed,Manual,5 Seats,KOLKATA
₹ 8.75 Lakh,SUV,"10,000 Kms",1st Owner,2021,18.55,Petrol,2021,Third Party insurance,5 Speed,Manual,5 Seats,KOLKATA
₹ 5.20 Lakh,SUV,"1,00,000 Kms",1st Owner,2017,18.49,Diesel,2017,Third Party insurance,5 Speed,Manual,7 Seats,KOLKATA
₹ 6.75 Lakh,SUV,"59,639 Kms",1st Owner,2019,18.49,Diesel,2019,Comprehensive,5 Speed,Manual,7 Seats,KOLKATA
₹ 3.60 Lakh,Hatchback,"50,000 Kms",1st Owner,2017,23.1,Petrol,2017,Third Party insurance,5 Speed ,Manual,5 Seats,KOLKATA
₹ 17.95 Lakh,Sedan,"37,000 Kms",1st Owner,2016,15.26,Petrol,2016,Comprehensive,7 Speed,Automatic,5 Seats,KOLKATA
₹ 2.35 Lakh,Sedan,"60,000 Kms",2nd Owner,2013,16.95,Petrol,2013,Third Party insurance,5 Speed,Manual,5 Seats,KOLKATA
₹ 9 Lakh,Hatchback,"8,000 Kms",1st Owner,2022,20.0,Petrol,2022,Third Party insurance,iMT,Manual,5 Seats,KOLKATA
₹ 8 Lakh,MUV,"31,000 Kms",1st Owner,2017,24.52,Diesel,2017,Third Party insurance,5 Speed,Manual,7 Seats,KOLKATA
₹ 3.57 Lakh,Sedan,"44,890 Kms",1st Owner,2016,18.0,Petrol,2016,Comprehensive,5 Speed,Manual,5 Seats,KOLKATA
₹ 6.20 Lakh,SUV,"48,752 Kms",2nd Owner,2017,22.1,Diesel,2017,Comprehensive,6 Speed,Manual,5 Seats,KOLKATA
₹ 23.50 Lakh,SUV,"10,000 Kms",1st Owner,2022,14.08,Diesel,2022,Third Party insurance,6-Speed,Automatic,6 Seats,KOLKATA
₹ 3.72 Lakh,SUV,"5,151 Kms",1st Owner,2017,18.15,Petrol,2017,Third Party,5 Speed,Manual,5 Seats,KOLKATA
₹ 2.75 Lakh,Hatchback,"28,807 Kms",1st Owner,2017,22.05,Petrol,2017,Zero Dep,5 Speed,Manual,5 Seats,KOLKATA
₹ 2.20 Lakh,Hatchback,"30,000 Kms",2nd Owner,2014,17.92,Petrol,2014,Third Party insurance,5 Speed,Manual,5 Seats,KOLKATA
₹ 7.63 Lakh,Sedan,"20,593 Kms",1st Owner,2019,17.4,Petrol,2019,Third Party,5 Speed,Manual,5 Seats,KOLKATA
₹ 7.35 Lakh,Hatchback,"10,000 Kms",1st Owner,2020,19.33,Petrol,2020,Third Party insurance,5-Speed,Manual,5 Seats,KOLKATA
₹ 2.60 Lakh,Sedan,"82,879 Kms",2nd Owner,2015,18.0,Petrol,2015,Third Party,5 Speed,Manual,5 Seats,KOLKATA
₹ 10.15 Lakh,Sedan,"13,407 Kms",1st Owner,2022,18.6,Petrol,2022,Comprehensive,6 Speed,Manual,5 Seats,KOLKATA
₹ 4.10 Lakh,Hatchback,"1,00,000 Kms",1st Owner,2019,20.89,Petrol,2019,Third Party insurance,5 Speed,Manual,5 Seats,KOLKATA
₹ 7.91 Lakh,MUV,"66,000 Kms",1st Owner,2018,25.47,Diesel,2018,Comprehensive,5 Speed,Manual,7 Seats,KOLKATA
₹ 7.45 Lakh,MUV,"1,77,000 Kms",1st Owner,2015,12.99,Diesel,2015,Comprehensive,5 Speed,Manual,7 Seats,KOLKATA
₹ 18.50 Lakh,MUV,"21,100 Kms",1st Owner,2021,12.0,Diesel,2021,Third Party insurance,5 Speed,Manual,7 Seats,KOLKATA
₹ 1.10 Lakh,MUV,"1,20,000 Kms",1st Owner,2005,12.2,Diesel,2005,Third Party insurance,5 Speed,Manual,10 Seats,KOLKATA
₹ 3.10 Lakh,Hatchback,"1,00,000 Kms",1st Owner,2015,19.81,Petrol,2015,Third Party insurance,5 Speed,Manual,5 Seats,KOLKATA
₹ 39 Lakh,Sedan,"44,227 Kms",1st Owner,2018,17.09,Diesel,2018,Comprehensive,8 Speed,Automatic,4 Seats,KOLKATA
₹ 13.50 Lakh,SUV,"70,000 Kms",3rd Owner,2015,12.55,Diesel,2015,Third Party insurance,5 Speed ,Automatic,7 Seats,KOLKATA
₹ 6.50 Lakh,SUV,"45,000 Kms",1st Owner,2019,17.5,Petrol,2019,Third Party,5 Speed,Manual,5 Seats,KOLKATA
₹ 16 Lakh,SUV,"50,000 Kms",1st Owner,2021,14.5,Petrol,2021,Third Party insurance,6-speed,Manual,6 Seats,KOLKATA
₹ 4.49 Lakh,Hatchback,"77,042 Kms",1st Owner,2019,22.38,Petrol,2019,Comprehensive,5-Speed,Manual,5 Seats,KOLKATA
₹ 5.17 Lakh,Sedan,"42,325 Kms",1st Owner,2021,19.28,Petrol,2021,Third Party,5-Speed,Manual,5 Seats,KOLKATA
₹ 5 Lakh,Hatchback,"50,000 Kms",1st Owner,2017,16.2,Petrol,2017,Third Party insurance,5 Speed,Manual,5 Seats,KOLKATA
₹ 4 Lakh,Hatchback,"37,196 Kms",1st Owner,2015,22.38,Petrol,2015,Comprehensive,5-Speed,Manual,5 Seats,KOLKATA
₹ 4.60 Lakh,Hatchback,"61,530 Kms",1st Owner,2017,27.39,Diesel,2017,Third Party insurance,5 Speed,Manual,5 Seats,KOLKATA
₹ 5.80 Lakh,Hatchback,"48,000 Kms",1st Owner,2016,17.19,Petrol,2016,Third Party insurance,5 Speed,Manual,5 Seats,KOLKATA
₹ 6.43 Lakh,SUV,"74,444 Kms",1st Owner,2017,24.3,Diesel,2017,Comprehensive,5 Speed,Manual,5 Seats,KOLKATA
₹ 2 Lakh,Hatchback,"1,20,000 Kms",1st Owner,2011,16.25,Petrol,2011,Third Party insurance,5 Speed ,Manual,5 Seats,KOLKATA
₹ 4.11 Lakh,Hatchback,"11,768 Kms",1st Owner,2020,21.7,Petrol,2020,Comprehensive,5 Speed,Manual,5 Seats,KOLKATA
₹ 3.84 Lakh,Hatchback,"19,715 Kms",2nd Owner,2020,22.3,Petrol,2020,Third Party,5 Speed,Manual,5 Seats,KOLKATA
₹ 5 Lakh,SUV,"54,581 Kms",1st Owner,2018,17.5,Petrol,2018,Third Party insurance,5 Speed,Manual,5 Seats,KOLKATA
₹ 14.75 Lakh,Sedan,"34,000 Kms",1st Owner,2014,17.68,Diesel,2014,Comprehensive,8 Speed,Automatic,5 Seats,KOLKATA
₹ 5 Lakh,Hatchback,"50,000 Kms",2nd Owner,2016,18.6,Petrol,2016,Third Party insurance,5 Speed,Manual,5 Seats,KOLKATA
₹ 3.60 Lakh,Hatchback,"40,000 Kms",2nd Owner,2014,16.47,Petrol,2014,Third Party insurance,5 Speed,Manual,5 Seats,KOLKATA
₹ 14.50 Lakh,SUV,"70,000 Kms",4th Owner,2015,12.55,Diesel,2015,Third Party insurance,5 Speed ,Automatic,7 Seats,KOLKATA
₹ 42 Lakh,SUV,"19,600 Kms",3rd Owner,2016,13.6,Petrol,2016,Third Party insurance,7-Speed,Automatic,5 Seats,KOLKATA
₹ 3.50 Lakh,MUV,"1,20,000 Kms",1st Owner,2011,14.8,Diesel,2011,Third Party insurance,5 Speed,Manual,7 Seats,KOLKATA
₹ 11.99 Lakh,SUV,"68,000 Kms",1st Owner,2012,16.09,Diesel,2012,Comprehensive,8 Speed,Automatic,5 Seats,KOLKATA
₹ 2.20 Lakh,Sedan,"70,000 Kms",2nd Owner,2014,21.02,Diesel,2014,Third Party insurance,5 Speed,Manual,5 Seats,KOLKATA
₹ 3.30 Lakh,Hatchback,"50,000 Kms",4th Owner,2016,24.0,Diesel,2016,Third Party insurance,5 Speed,Manual,5 Seats,KOLKATA
₹ 5.18 Lakh,Sedan,"70,179 Kms",1st Owner,2021,19.28,Petrol,2021,Third Party,5-Speed,Manual,5 Seats,KOLKATA
₹ 1.41 Lakh,Hatchback,"54,501 Kms",1st Owner,2010,19.0,Petrol,2010,Comprehensive,5 Speed,Manual,5 Seats,KOLKATA
₹ 8 Lakh,SUV,"20,000 Kms",1st Owner,2018,20.37,Diesel,2018,Third Party insurance,6 Speed,Manual,5 Seats,KOLKATA
₹ 2.27 Lakh,Hatchback,"28,651 Kms",1st Owner,2016,22.05,Petrol,2016,Third Party,5 Speed,Manual,5 Seats,KOLKATA
₹ 3.72 Lakh,Sedan,"64,787 Kms",2nd Owner,2014,17.4,Petrol,2014,Third Party,5 Speed ,Manual,5 Seats,KOLKATA
₹ 13 Lakh,SUV,"1,38,726 Kms",1st Owner,2014,13.0,Diesel,2014,Comprehensive,5 Speed,Manual,7 Seats,KOLKATA
₹ 4.37 Lakh,Hatchback,"24,147 Kms",1st Owner,2019,21.79,Petrol,2019,Comprehensive,5 Speed,Manual,5 Seats,KOLKATA
₹ 9.50 Lakh,Sedan,"65,000 Kms",1st Owner,2017,14.28,Petrol,2017,Third Party,7 Speed,Automatic,5 Seats,KOLKATA
₹ 4.21 Lakh,Sedan,"79,513 Kms",1st Owner,2015,17.4,Petrol,2015,Comprehensive,5 Speed ,Manual,5 Seats,KOLKATA
₹ 1.93 Lakh,Hatchback,"87,845 Kms",1st Owner,2010,18.5,Petrol,2010,Third Party insurance,5 Speed,Manual,5 Seats,KOLKATA
₹ 7.50 Lakh,MUV,"20,000 Kms",1st Owner,2015,16.02,Petrol,2015,Third Party insurance,5 Speed ,Manual,7 Seats,KOLKATA
₹ 5.99 Lakh,Sedan,"55,000 Kms",1st Owner,2015,14.69,Petrol,2015,Third Party insurance,6 Speed,Manual,5 Seats,KOLKATA
₹ 4.70 Lakh,Hatchback,"60,000 Kms",2nd Owner,2020,18.15,Petrol,2020,Third Party insurance,5 Speed,Manual,6 Seats,KOLKATA
₹ 3.35 Lakh,Hatchback,"47,183 Kms",1st Owner,2014,19.4,Petrol,2014,Third Party insurance,5 Speed,Manual,5 Seats,KOLKATA
₹ 10.50 Lakh,MUV,"1,50,000 Kms",1st Owner,2015,12.99,Diesel,2015,Third Party insurance,5 Speed,Manual,7 Seats,KOLKATA
₹ 21.99 Lakh,Sedan,"41,510 Kms",2nd Owner,2015,14.21,Diesel,2015,Comprehensive,5 Speed,Automatic,5 Seats,KOLKATA
₹ 8.43 Lakh,Sedan,"54,600 Kms",1st Owner,2017,22.54,Diesel,2017,Comprehensive,6 Speed,Manual,5 Seats,KOLKATA
"₹ 50,000 ",Hatchback,"20,000 Kms",1st Owner,2007,18.9,Petrol,2007,Third Party insurance,5 Speed,Manual,5 Seats,KOLKATA
₹ 6.50 Lakh,MUV,"4,000 Kms",1st Owner,2022,20.0,Petrol,2022,Comprehensive,5 Speed,Manual,7 Seats,KOLKATA
₹ 1.80 Lakh,Sedan,"70,000 Kms",1st Owner,2015,18.2,Petrol,2015,Third Party insurance,5 Speed,Manual,5 Seats,KOLKATA
₹ 6.73 Lakh,SUV,"29,882 Kms",1st Owner,2021,17.03,Petrol,2021,Zero Dep,5 Speed,Manual,5 Seats,KOLKATA
₹ 1.98 Lakh,Hatchback,"55,314 Kms",1st Owner,2011,18.3,Petrol,2011,Third Party,5 Speed,Manual,5 Seats,KOLKATA
₹ 2.50 Lakh,Sedan,"69,000 Kms",1st Owner,2013,22.32,Diesel,2013,Third Party insurance,4 Speed,Manual,5 Seats,KOLKATA
₹ 3.38 Lakh,Sedan,"41,565 Kms",2nd Owner,2015,22.41,Petrol,2015,Comprehensive,5 Speed,Manual,5 Seats,KOLKATA
₹ 1.98 Lakh,Hatchback,"46,624 Kms",2nd Owner,2011,18.5,Petrol,2011,Comprehensive,5 Speed,Manual,5 Seats,KOLKATA
₹ 14 Lakh,SUV,"56,312 Kms",1st Owner,2021,18.0,Diesel,2021,Comprehensive,6-Speed,Automatic,5 Seats,KOLKATA
₹ 2.83 Lakh,Hatchback,"22,950 Kms",1st Owner,2019,22.05,Petrol,2019,Third Party,5 Speed,Manual,5 Seats,KOLKATA
₹ 2.14 Lakh,Hatchback,"42,000 Kms",2nd Owner,2014,19.81,Petrol,2014,Comprehensive,5 Speed,Manual,5 Seats,KOLKATA
₹ 2.15 Lakh,Hatchback,"26,135 Kms",1st Owner,2014,21.1,Petrol,2014,Third Party,5 Speed,Manual,5 Seats,KOLKATA
₹ 7.49 Lakh,Hatchback,"20,913 Kms",1st Owner,2020,18.78,Petrol,2020,Comprehensive,5 Speed,Manual,5 Seats,KOLKATA
₹ 1.85 Lakh,Hatchback,"14,000 Kms",2nd Owner,2013,21.1,Petrol,2013,Comprehensive,5 Speed,Manual,5 Seats,KOLKATA
₹ 4.21 Lakh,Hatchback,"3,000 Kms",1st Owner,2020,24.76,Petrol,2020,Comprehensive,5 Speed,Manual,5 Seats,KOLKATA
₹ 4.65 Lakh,Hatchback,"52,002 Kms",1st Owner,2018,27.39,Diesel,2018,Comprehensive,5 Speed,Manual,5 Seats,KOLKATA
₹ 2 Lakh,Hatchback,"60,000 Kms",2nd Owner,2010,18.5,Petrol,2010,Third Party insurance,5 Speed,Manual,5 Seats,KOLKATA
₹ 13.21 Lakh,SUV,"50,000 Kms",1st Owner,2021,20.8,Diesel,2021,Third Party insurance,6-Speed,Manual,5 Seats,KOLKATA
₹ 4.50 Lakh,Sedan,"59,000 Kms",1st Owner,2014,14.28,Petrol,2014,Third Party insurance,6 Speed,Manual,5 Seats,KOLKATA
₹ 11.99 Lakh,SUV,"15,000 Kms",1st Owner,2022,18.9,Diesel,2022,Comprehensive,6-Speed,Manual,5 Seats,KOLKATA
₹ 2.10 Lakh,Hatchback,"22,393 Kms",2nd Owner,2014,21.1,Petrol,2014,Comprehensive,5 Speed,Manual,5 Seats,KOLKATA
₹ 3.45 Lakh,Sedan,"53,483 Kms",1st Owner,2016,25.8,Diesel,2016,Comprehensive,5 Speed,Manual,5 Seats,KOLKATA
₹ 4.21 Lakh,Sedan,"49,000 Kms",1st Owner,2011,11.7,Petrol,2011,Third Party insurance,5 Speed,Automatic,5 Seats,KOLKATA
₹ 1.71 Lakh,Hatchback,"38,420 Kms",1st Owner,2011,24.39,Petrol,2011,Comprehensive,5 Speed,Manual,5 Seats,KOLKATA
₹ 1.72 Lakh,Hatchback,"60,585 Kms",1st Owner,2010,20.36,Petrol,2010,Comprehensive,5 Speed,Manual,5 Seats,KOLKATA
₹ 66 Lakh,Sedan,"12,809 Kms",1st Owner,2021,15.0,Petrol,2021,Comprehensive,9 Speed,Automatic,5 Seats,KOLKATA
₹ 7.94 Lakh,Sedan,"37,243 Kms",1st Owner,2019,21.72,Diesel,2019,Zero Dep,7 Speed,Automatic,5 Seats,KOLKATA
₹ 8.81 Lakh,SUV,"25,796 Kms",1st Owner,2022,17.03,Petrol,2022,Comprehensive,5 Speed,Manual,5 Seats,KOLKATA
₹ 17.35 Lakh,MUV,"34,000 Kms",1st Owner,2018,13.68,Diesel,2018,Comprehensive,5 Speed,Manual,8 Seats,KOLKATA
₹ 8.53 Lakh,SUV,"29,717 Kms",1st Owner,2019,18.15,Petrol,2019,Comprehensive,7-Speed,Automatic,5 Seats,KOLKATA
₹ 3.25 Lakh,Hatchback,"42,000 Kms",1st Owner,2018,19.49,Petrol,2018,Comprehensive,5 Speed,Manual,5 Seats,KOLKATA
₹ 2.84 Lakh,Hatchback,"24,425 Kms",1st Owner,2014,20.51,Petrol,2014,Comprehensive,5 Speed,Manual,5 Seats,KOLKATA
₹ 9.36 Lakh,Sedan,"14,323 Kms",1st Owner,2020,16.24,Petrol,2020,Comprehensive,6 Speed,Automatic,5 Seats,KOLKATA
₹ 8 Lakh,SUV,"9,700 Kms",1st Owner,2019,18.49,Diesel,2019,Comprehensive,5 Speed,Manual,7 Seats,KOLKATA
₹ 2.50 Lakh,Sedan,"50,000 Kms",2nd Owner,2011,17.01,Petrol,2011,Third Party insurance,5 Speed,Manual,5 Seats,KOLKATA
₹ 6.50 Lakh,Sedan,"51,097 Kms",1st Owner,2017,18.0,Petrol,2017,Third Party insurance,CVT,Automatic,5 Seats,KOLKATA
₹ 1.65 Lakh,Hatchback,"60,000 Kms",2nd Owner,2010,19.81,Petrol,2010,Third Party insurance,5 Speed,Manual,5 Seats,KOLKATA
₹ 8.50 Lakh,Sedan,"23,684 Kms",1st Owner,2022,22.41,Petrol,2022,Comprehensive,5 Speed,Manual,5 Seats,KOLKATA
₹ 1.61 Lakh,Hatchback,"40,000 Kms",1st Owner,2009,19.81,Petrol,2009,Third Party insurance,5 Speed,Manual,5 Seats,KOLKATA
₹ 27.50 Lakh,SUV,"60,002 Kms",1st Owner,2017,17.9,Diesel,2017,Comprehensive,9 Speed,Automatic,5 Seats,KOLKATA
₹ 7.95 Lakh,SUV,"39,000 Kms",1st Owner,2018,15.4,Petrol,2018,Third Party,6 Speed,Manual,7 Seats,KOLKATA
₹ 9 Lakh,MUV,"40,000 Kms",1st Owner,2020,19.01,Petrol,2020,Third Party insurance,5 Speed,Manual,7 Seats,KOLKATA
₹ 18 Lakh,Hatchback,"16,001 Kms",1st Owner,2017,16.8,Diesel,2017,Comprehensive,6 Speed,Automatic,5 Seats,KOLKATA
₹ 3.61 Lakh,Sedan,"51,000 Kms",2nd Owner,2014,17.01,Petrol,2014,Comprehensive,5 Speed,Manual,5 Seats,KOLKATA
₹ 5.10 Lakh,Hatchback,"10,143 Kms",1st Owner,2021,21.79,Petrol,2021,Comprehensive,5 Speed,Manual,5 Seats,KOLKATA
₹ 4.15 Lakh,Hatchback,"53,657 Kms",2nd Owner,2019,21.7,Petrol,2019,Third Party insurance,5 Speed,Manual,5 Seats,KOLKATA
₹ 2.66 Lakh,Hatchback,"88,532 Kms",1st Owner,2014,25.24,Petrol,2014,Comprehensive,5-Speed,Manual,5 Seats,KOLKATA
₹ 1.50 Lakh,Hatchback,"60,000 Kms",1st Owner,2013,20.51,Petrol,2013,Third Party insurance,5 Speed,Manual,5 Seats,KOLKATA
₹ 13.75 Lakh,SUV,"12,059 Kms",1st Owner,2021,19.2,Petrol,2021,Comprehensive,6-speed,Manual,5 Seats,KOLKATA
₹ 5.20 Lakh,Hatchback,"10,000 Kms",1st Owner,2021,19.01,Petrol,2021,Third Party insurance,5-Speed,Manual,5 Seats,KOLKATA
₹ 9.25 Lakh,SUV,"47,000 Kms",1st Owner,2018,15.4,Diesel,2018,Third Party insurance,5 Speed,Manual,9 Seats,KOLKATA
₹ 6.50 Lakh,SUV,"20,000 Kms",1st Owner,2018,19.6,Diesel,2018,Comprehensive,6 Speed,Manual,5 Seats,KOLKATA
₹ 2.85 Lakh,Sedan,"37,000 Kms",1st Owner,2013,19.1,Petrol,2013,Comprehensive,5 Speed,Manual,5 Seats,KOLKATA
₹ 7.28 Lakh,Hatchback,"9,520 Kms",1st Owner,2022,20.7,Petrol,2022,Comprehensive,5-Speed,Manual,5 Seats,KOLKATA
₹ 2.10 Lakh,Sedan,"1,00,000 Kms",1st Owner,2016,18.2,Petrol,2016,Third Party insurance,5 Speed,Manual,5 Seats,KOLKATA
₹ 5.35 Lakh,Hatchback,"22,577 Kms",1st Owner,2022,30.48,CNG,2022,Comprehensive,5 Speed,Manual,5 Seats,KOLKATA
₹ 8.24 Lakh,Hatchback,"9,902 Kms",1st Owner,2021,20.0,Petrol,2021,Comprehensive,6 Speed IMT,Manual,5 Seats,KOLKATA
₹ 5 Lakh,SUV,"70,000 Kms",1st Owner,2016,17.0,Petrol,2016,Third Party insurance,5 Speed,Manual,5 Seats,KOLKATA
₹ 5.26 Lakh,Hatchback,"20,101 Kms",1st Owner,2020,18.9,Petrol,2020,Comprehensive,5 Speed,Manual,5 Seats,KOLKATA
₹ 1.80 Lakh,Hatchback,"1,20,000 Kms",1st Owner,2011,16.25,Petrol,2011,Third Party insurance,5 Speed ,Manual,5 Seats,KOLKATA
₹ 9.70 Lakh,SUV,"15,258 Kms",1st Owner,2021,17.33,Petrol,2021,Comprehensive,6 Speed,Manual,5 Seats,KOLKATA
₹ 9.51 Lakh,SUV,"36,397 Kms",1st Owner,2020,18.15,Petrol,2020,Third Party,7-Speed,Automatic,5 Seats,KOLKATA
₹ 1.80 Lakh,Hatchback,"1,20,000 Kms",1st Owner,2011,16.25,Petrol,2011,Third Party insurance,5 Speed ,Manual,5 Seats,KOLKATA
₹ 9.75 Lakh,Sedan,"52,000 Kms",1st Owner,2012,16.07,Diesel,2012,Comprehensive,6 Speed,Automatic,5 Seats,KOLKATA
₹ 22.50 Lakh,SUV,"51,900 Kms",1st Owner,2019,17.9,Diesel,2019,Third Party insurance,7 Speed,Automatic,5 Seats,KOLKATA
₹ 7.50 Lakh,Sedan,"70,000 Kms",1st Owner,2017,18.0,Petrol,2017,Third Party insurance,CVT,Automatic,5 Seats,KOLKATA
₹ 26.50 Lakh,SUV,"10,000 Kms",1st Owner,2022,14.1,Petrol,2022,Third Party insurance,7 Speed DCT,Automatic,5 Seats,KOLKATA
₹ 19.50 Lakh,SUV,"30,000 Kms",1st Owner,2016,17.05,Diesel,2016,Third Party insurance,8-Speed ,Automatic,5 Seats,KOLKATA
₹ 9.30 Lakh,SUV,"23,303 Kms",2nd Owner,2019,13.0,Petrol,2019,Comprehensive,6 Speed,Manual,5 Seats,KOLKATA
₹ 14.99 Lakh,SUV,"30,000 Kms",2nd Owner,2020,13.96,Petrol,2020,Third Party insurance,6 Speed,Automatic,5 Seats,KOLKATA
₹ 8.50 Lakh,SUV,"70,000 Kms",2nd Owner,2017,16.0,Diesel,2017,Third Party insurance,6 Speed ,Manual,7 Seats,KOLKATA
₹ 10.20 Lakh,SUV,"50,000 Kms",2nd Owner,2019,13.0,Petrol,2019,Third Party insurance,6 Speed,Manual,5 Seats,KOLKATA
₹ 6.14 Lakh,Hatchback,"11,326 Kms",1st Owner,2019,21.21,Petrol,2019,Comprehensive,5,Manual,5 Seats,KOLKATA
₹ 6.30 Lakh,Hatchback,"23,609 Kms",1st Owner,2020,21.21,Petrol,2020,Comprehensive,5,Manual,5 Seats,KOLKATA
₹ 3.20 Lakh,Hatchback,"30,000 Kms",2nd Owner,2016,23.1,Petrol,2016,Third Party insurance,5 Speed ,Manual,5 Seats,KOLKATA
₹ 2.41 Lakh,Hatchback,"60,533 Kms",1st Owner,2014,17.92,Petrol,2014,Third Party insurance,5 Speed,Manual,5 Seats,KOLKATA
₹ 5.13 Lakh,Sedan,"46,328 Kms",1st Owner,2016,20.73,Petrol,2016,Third Party,5 Speed,Manual,5 Seats,KOLKATA
₹ 15.50 Lakh,SUV,"60,000 Kms",1st Owner,2020,11.67,Petrol,2020,Third Party insurance,6-speed DCT,Automatic,6 Seats,KOLKATA
₹ 10.06 Lakh,SUV,"31,745 Kms",1st Owner,2019,18.15,Petrol,2019,Zero Dep,7-Speed,Automatic,5 Seats,KOLKATA
₹ 10.75 Lakh,SUV,"78,668 Kms",3rd Owner,2012,12.55,Diesel,2012,Comprehensive,5 Speed ,Automatic,7 Seats,KOLKATA
₹ 7.18 Lakh,SUV,"3,115 Kms",1st Owner,2021,19.17,Petrol,2021,Comprehensive,5 Speed,Manual,5 Seats,KOLKATA
₹ 6.35 Lakh,Hatchback,"8,940 Kms",1st Owner,2022,26.0,Petrol,2022,Comprehensive,5-Speed,Automatic,5 Seats,KOLKATA
₹ 4.75 Lakh,Hatchback,"10,000 Kms",1st Owner,2015,18.9,Petrol,2015,Third Party insurance,5 Speed,Manual,5 Seats,KOLKATA
₹ 3.05 Lakh,Sedan,"40,000 Kms",3rd Owner,2014,19.1,Petrol,2014,Third Party insurance,5 Speed ,Manual,5 Seats,KOLKATA
₹ 7.55 Lakh,Sedan,"45,652 Kms",1st Owner,2018,17.8,Petrol,2018,Comprehensive,5 Speed,Manual,5 Seats,KOLKATA
₹ 8 Lakh,Sedan,"30,000 Kms",1st Owner,2019,21.56,Petrol,2019,Third Party insurance,5 Speed,Manual,5 Seats,KOLKATA
₹ 18 Lakh,Sedan,"85,033 Kms",4th Owner,2015,9.4,Petrol,2015,Comprehensive,8 Speed,Automatic,5 Seats,KOLKATA
₹ 4.50 Lakh,Hatchback,"30,000 Kms",1st Owner,2017,18.9,Petrol,2017,Third Party insurance,5 Speed,Manual,5 Seats,KOLKATA
₹ 2.90 Lakh,Hatchback,"70,000 Kms",1st Owner,2011,18.5,Petrol,2011,Third Party insurance,5 Speed,Manual,5 Seats,KOLKATA
₹ 5.80 Lakh,Hatchback,"17,200 Kms",1st Owner,2019,22.0,Petrol,2019,Comprehensive,5,Manual,5 Seats,KOLKATA
₹ 6 Lakh,Sedan,"18,255 Kms",1st Owner,2015,17.4,Petrol,2015,Third Party insurance,5 Speed,Manual,5 Seats,KOLKATA
₹ 5.95 Lakh,Sedan,"80,000 Kms",2nd Owner,2015,14.28,Petrol,2015,Third Party insurance,6 Speed,Manual,5 Seats,KOLKATA
₹ 5.46 Lakh,Hatchback,"6,398 Kms",1st Owner,2022,25.24,Petrol,2022,Comprehensive,5-Speed,Manual,5 Seats,KOLKATA
₹ 5.88 Lakh,Hatchback,"45,739 Kms",1st Owner,2020,20.7,Petrol,2020,Comprehensive,5-Speed,Automatic,5 Seats,KOLKATA
₹ 23 Lakh,SUV,"46,000 Kms",1st Owner,2016,12.55,Diesel,2016,Third Party insurance,5 Speed,Manual,7 Seats,KOLKATA
₹ 4.99 Lakh,SUV,"35,254 Kms",1st Owner,2016,15.4,Petrol,2016,Comprehensive,6 Speed,Manual,7 Seats,KOLKATA
₹ 6.23 Lakh,Sedan,"41,334 Kms",1st Owner,2018,17.1,Petrol,2018,Comprehensive,6 Speed,Manual,5 Seats,KOLKATA
₹ 3 Lakh,Hatchback,"51,463 Kms",1st Owner,2014,19.4,Petrol,2014,Third Party insurance,5 Speed,Manual,5 Seats,KOLKATA
₹ 3.38 Lakh,Hatchback,"29,478 Kms",1st Owner,2019,24.7,Petrol,2019,Comprehensive,5 Speed,Manual,5 Seats,KOLKATA
₹ 17.50 Lakh,MUV,"85,101 Kms",1st Owner,2019,13.68,Diesel,2019,Comprehensive,5 Speed,Manual,7 Seats,KOLKATA
₹ 4.43 Lakh,Hatchback,"6,903 Kms",1st Owner,2022,21.7,Petrol,2022,Comprehensive,5 Speed,Manual,5 Seats,KOLKATA
₹ 2.13 Lakh,Hatchback,"57,602 Kms",2nd Owner,2013,20.36,Petrol,2013,Comprehensive,5 Speed,Manual,5 Seats,KOLKATA
₹ 31.50 Lakh,Sedan,"52,047 Kms",2nd Owner,2013,7.5,Diesel,2013,Third Party insurance,6 Speed,Automatic,4 Seats,KOLKATA
₹ 37 Lakh,SUV,"71,742 Kms",1st Owner,2017,17.9,Diesel,2017,Comprehensive,9 Speed,Automatic,5 Seats,KOLKATA
₹ 44.50 Lakh,SUV,413 Kms,1st Owner,2023,12.18,Petrol,2023,Comprehensive,8-speed,Automatic,5 Seats,KOLKATA
₹ 2.34 Lakh,Hatchback,"10,000 Kms",1st Owner,2015,22.74,Petrol,2015,Comprehensive,5 Speed,Manual,5 Seats,KOLKATA
₹ 1.40 Lakh,Hatchback,"50,000 Kms",1st Owner,2009,19.81,Petrol,2009,Third Party insurance,5 Speed,Manual,5 Seats,KOLKATA
₹ 5.34 Lakh,Hatchback,"18,000 Kms",1st Owner,2018,21.4,Petrol,2018,Comprehensive,CVT,Automatic,5 Seats,KOLKATA
₹ 3.80 Lakh,Hatchback,"32,000 Kms",1st Owner,2018,20.51,Petrol,2018,Comprehensive,5 Speed,Automatic,5 Seats,KOLKATA
₹ 5.65 Lakh,SUV,"42,000 Kms",1st Owner,2018,23.0,Diesel,2018,Third Party insurance,5 Speed,Manual,5 Seats,KOLKATA
₹ 3.81 Lakh,Sedan,"45,000 Kms",1st Owner,2014,17.4,Petrol,2014,Comprehensive,5 Speed ,Manual,5 Seats,KOLKATA
₹ 7.49 Lakh,Sedan,"29,000 Kms",1st Owner,2018,18.4,Petrol,2018,Third Party insurance,CVT,Automatic,5 Seats,KOLKATA
₹ 4.26 Lakh,MUV,"19,675 Kms",2nd Owner,2012,20.51,Petrol,2012,Third Party,5-Speed,Manual,7 Seats,KOLKATA
₹ 8.77 Lakh,Hatchback,"20,378 Kms",1st Owner,2021,20.28,Petrol,2021,Comprehensive,7 Speed DCT,Automatic,5 Seats,KOLKATA
₹ 14 Lakh,SUV,"10,000 Kms",1st Owner,2022,17.2,Petrol,2022,Third Party insurance,6-speed,Automatic,5 Seats,KOLKATA
₹ 3.35 Lakh,Hatchback,"33,683 Kms",1st Owner,2015,19.81,Petrol,2015,Comprehensive,5 Speed,Manual,5 Seats,KOLKATA
₹ 4.14 Lakh,Hatchback,"18,518 Kms",1st Owner,2021,21.7,Petrol,2021,Comprehensive,5 Speed,Manual,5 Seats,KOLKATA
₹ 3.21 Lakh,Hatchback,"36,000 Kms",1st Owner,2016,18.9,Petrol,2016,Comprehensive,5 Speed,Manual,5 Seats,KOLKATA
₹ 3.23 Lakh,Hatchback,"30,791 Kms",2nd Owner,2019,23.95,Petrol,2019,Comprehensive,5 Speed,Manual,5 Seats,KOLKATA
₹ 9.25 Lakh,MUV,"18,000 Kms",1st Owner,2021,19.01,Petrol,2021,Comprehensive,5 Speed,Manual,7 Seats,KOLKATA
₹ 3.45 Lakh,Hatchback,"14,447 Kms",1st Owner,2020,22.05,Petrol,2020,Comprehensive,5 Speed,Manual,5 Seats,KOLKATA
₹ 4.54 Lakh,Hatchback,"19,991 Kms",2nd Owner,2019,18.9,Petrol,2019,Comprehensive,5 Speed,Manual,5 Seats,KOLKATA
₹ 2.59 Lakh,Hatchback,"24,000 Kms",1st Owner,2016,21.1,Petrol,2016,Comprehensive,5 Speed,Manual,5 Seats,KOLKATA
₹ 6.75 Lakh,SUV,"41,000 Kms",1st Owner,2019,15.96,Diesel,2019,Comprehensive,5 Speed,Manual,7 Seats,KOLKATA
₹ 10.95 Lakh,SUV,"45,000 Kms",1st Owner,2015,17.32,Diesel,2015,Comprehensive,6 Speed,Manual,5 Seats,KOLKATA
₹ 18.75 Lakh,SUV,"10,177 Kms",1st Owner,2021,14.2,Petrol,2021,Comprehensive,6-speed,Automatic,7 Seats,KOLKATA
₹ 3.25 Lakh,Hatchback,"35,444 Kms",1st Owner,2013,18.9,Petrol,2013,Third Party,5 Speed,Manual,5 Seats,KOLKATA
₹ 4.15 Lakh,Hatchback,"35,000 Kms",1st Owner,2017,18.9,Petrol,2017,Third Party insurance,5 Speed,Manual,5 Seats,KOLKATA
₹ 16.95 Lakh,MUV,"40,000 Kms",1st Owner,2019,13.68,Diesel,2019,Comprehensive,5 Speed,Manual,7 Seats,KOLKATA
₹ 3.65 Lakh,Hatchback,"49,040 Kms",1st Owner,2016,24.0,Diesel,2016,Comprehensive,5 Speed,Manual,5 Seats,KOLKATA
"₹ 98,000 ",Hatchback,"40,000 Kms",2nd Owner,2007,19.7,Petrol,2007,Third Party insurance,5 Speed,Manual,5 Seats,KOLKATA
₹ 3.33 Lakh,Hatchback,"49,546 Kms",1st Owner,2019,23.95,Petrol,2019,Comprehensive,5 Speed,Manual,5 Seats,KOLKATA
₹ 4.06 Lakh,Sedan,"38,698 Kms",1st Owner,2014,22.41,Petrol,2014,Comprehensive,5 Speed,Manual,5 Seats,KOLKATA
₹ 6.75 Lakh,Sedan,"32,814 Kms",1st Owner,2018,17.4,Petrol,2018,Comprehensive,5 Speed,Manual,5 Seats,KOLKATA
₹ 3.29 Lakh,Sedan,"14,642 Kms",1st Owner,2015,19.1,Petrol,2015,Third Party,5 Speed ,Manual,5 Seats,KOLKATA
₹ 2.79 Lakh,Hatchback,"33,429 Kms",1st Owner,2017,24.7,Petrol,2017,Comprehensive,5 Speed,Manual,5 Seats,KOLKATA
₹ 2.99 Lakh,Sedan,"36,448 Kms",2nd Owner,2012,13.44,Petrol,2012,Comprehensive,6 Speed,Manual,5 Seats,KOLKATA
₹ 6.22 Lakh,Hatchback,"30,739 Kms",1st Owner,2022,20.7,Petrol,2022,Comprehensive,5-Speed,Manual,5 Seats,KOLKATA
₹ 7.98 Lakh,Hatchback,"21,300 Kms",1st Owner,2021,21.0,Petrol,2021,Comprehensive,5 Speed,Manual,5 Seats,KOLKATA
₹ 6.18 Lakh,Hatchback,"13,463 Kms",1st Owner,2020,20.7,Petrol,2020,Comprehensive,5-Speed,Manual,5 Seats,KOLKATA
₹ 4.31 Lakh,Hatchback,"15,477 Kms",1st Owner,2019,21.7,Petrol,2019,Third Party insurance,AGS,Automatic,5 Seats,KOLKATA
₹ 4.15 Lakh,Hatchback,"33,000 Kms",1st Owner,2018,20.51,Petrol,2018,Third Party insurance,5 Speed,Automatic,5 Seats,KOLKATA
₹ 1.80 Lakh,Hatchback,"50,000 Kms",2nd Owner,2010,20.36,Petrol,2010,Third Party insurance,5 Speed,Manual,5 Seats,KOLKATA
₹ 37 Lakh,SUV,"15,766 Kms",1st Owner,2021,18.9,Petrol,2021,Comprehensive,7-speed Stronic,Automatic,5 Seats,KOLKATA
₹ 16.75 Lakh,SUV,"28,895 Kms",1st Owner,2021,18.1,Diesel,2021,Comprehensive,6-speed,Automatic,6 Seats,KOLKATA
₹ 6.20 Lakh,Hatchback,"10,000 Kms",1st Owner,2019,21.4,Petrol,2019,Third Party insurance,5 Speed,Manual,5 Seats,KOLKATA
₹ 3.80 Lakh,Sedan,"50,000 Kms",1st Owner,2015,20.34,Diesel,2015,Third Party insurance,5 Speed,Manual,5 Seats,KOLKATA
₹ 8.40 Lakh,SUV,"70,000 Kms",2nd Owner,2016,16.0,Diesel,2016,Third Party insurance,6 Speed,Automatic,7 Seats,KOLKATA
₹ 35 Lakh,Sedan,"24,600 Kms",1st Owner,2020,12.6,Diesel,2020,Third Party insurance,9 Speed,Automatic,5 Seats,KOLKATA
₹ 15.50 Lakh,SUV,"10,711 Kms",1st Owner,2023,15.2,Diesel,2023,Comprehensive,6 Speed,Manual,4 Seats,KOLKATA
₹ 6 Lakh,MUV,"90,000 Kms",1st Owner,2018,17.5,Petrol,2018,Third Party insurance,5 Speed ,Manual,7 Seats,KOLKATA
₹ 8.68 Lakh,SUV,"19,712 Kms",1st Owner,2020,18.27,Petrol,2020,Comprehensive,6-Speed,Manual,5 Seats,KOLKATA
₹ 9.17 Lakh,Sedan,"31,772 Kms",1st Owner,2019,18.0,Petrol,2019,Comprehensive,CVT,Automatic,5 Seats,KOLKATA
₹ 1 Lakh,Sedan,"1,50,000 Kms",1st Owner,2013,12.8,Diesel,2013,Third Party insurance,5 Speed,Manual,5 Seats,KOLKATA
₹ 8.67 Lakh,Sedan,"31,055 Kms",1st Owner,2019,17.0,Petrol,2019,Third Party insurance,6 Speed,Manual,5 Seats,KOLKATA
₹ 8.27 Lakh,SUV,"25,695 Kms",1st Owner,2021,16.42,Petrol,2021,Comprehensive,5-Speed,Manual,5 Seats,KOLKATA
₹ 4.20 Lakh,Hatchback,"20,000 Kms",1st Owner,2021,21.7,Petrol,2021,Third Party insurance,5 Speed,Manual,5 Seats,KOLKATA
₹ 9.42 Lakh,SUV,"24,181 Kms",1st Owner,2019,20.0,Diesel,2019,Comprehensive,6 Speed,Manual,5 Seats,KOLKATA
₹ 13 Lakh,SUV,"70,000 Kms",1st Owner,2020,18.0,Diesel,2020,Third Party insurance,6-Speed,Automatic,5 Seats,KOLKATA
₹ 8.04 Lakh,SUV,"42,970 Kms",1st Owner,2020,16.42,Petrol,2020,Comprehensive,5-Speed,Manual,5 Seats,KOLKATA
₹ 1.79 Lakh,Hatchback,"12,541 Kms",2nd Owner,2012,19.7,Petrol,2012,Comprehensive,5 Speed,Manual,5 Seats,KOLKATA
₹ 5.50 Lakh,Hatchback,"10,000 Kms",1st Owner,2019,18.6,Petrol,2019,Third Party insurance,5 Speed,Manual,5 Seats,KOLKATA
₹ 6.50 Lakh,Hatchback,"10,000 Kms",2nd Owner,2021,20.7,Petrol,2021,Third Party insurance,5-Speed,Manual,5 Seats,KOLKATA
₹ 4.49 Lakh,Sedan,"49,817 Kms",1st Owner,2015,16.8,Petrol,2015,Comprehensive,5 Speed,Manual,5 Seats,KOLKATA
₹ 6.50 Lakh,Hatchback,"10,000 Kms",2nd Owner,2021,20.7,Petrol,2021,Third Party insurance,5-Speed,Manual,5 Seats,KOLKATA
₹ 2.50 Lakh,Hatchback,"30,000 Kms",2nd Owner,2016,23.01,Petrol,2016,Third Party insurance,5 Speed,Manual,5 Seats,KOLKATA
₹ 8.21 Lakh,SUV,"10,000 Kms",2nd Owner,2022,17.33,Petrol,2022,Third Party insurance,6 Speed,Manual,5 Seats,KOLKATA
₹ 3 Lakh,Hatchback,"20,000 Kms",1st Owner,2013,24.0,Diesel,2013,Third Party insurance,5 Speed,Manual,5 Seats,KOLKATA
₹ 9.50 Lakh,MUV,"10,000 Kms",2nd Owner,2021,19.01,Petrol,2021,Third Party insurance,5-Speed,Manual,6 Seats,KOLKATA
₹ 7 Lakh,SUV,"80,000 Kms",2nd Owner,2015,16.0,Diesel,2015,Third Party insurance,6 Speed,Manual,7 Seats,KOLKATA
₹ 2.80 Lakh,Sedan,"70,000 Kms",2nd Owner,2014,24.4,Diesel,2014,Third Party insurance,5 Speed ,Manual,5 Seats,KOLKATA
₹ 6.63 Lakh,Hatchback,"6,347 Kms",1st Owner,2020,21.21,Petrol,2020,Comprehensive,5,Manual,5 Seats,KOLKATA
₹ 5.59 Lakh,Hatchback,"19,437 Kms",2nd Owner,2019,20.89,Petrol,2019,Comprehensive,5 Speed,Automatic,5 Seats,KOLKATA
₹ 5 Lakh,Hatchback,"61,262 Kms",1st Owner,2019,28.4,Diesel,2019,Third Party insurance,5,Manual,5 Seats,KOLKATA
₹ 9.34 Lakh,SUV,"6,059 Kms",1st Owner,2021,17.33,Petrol,2021,Comprehensive,6 Speed,Manual,5 Seats,KOLKATA
₹ 9.14 Lakh,Hatchback,"9,134 Kms",1st Owner,2022,23.64,Diesel,2022,Comprehensive,5-Speed,Manual,5 Seats,KOLKATA
₹ 8.40 Lakh,Hatchback,"23,092 Kms",1st Owner,2022,21.4,Petrol,2022,Comprehensive,5 Speed,Manual,5 Seats,KOLKATA
₹ 6.84 Lakh,Hatchback,"33,937 Kms",1st Owner,2020,23.64,Diesel,2020,Comprehensive,5-Speed,Manual,5 Seats,KOLKATA
₹ 5.24 Lakh,Sedan,"20,000 Kms",1st Owner,2015,20.73,Petrol,2015,Third Party insurance,5 Speed,Manual,5 Seats,KOLKATA
₹ 4.42 Lakh,Hatchback,"49,134 Kms",1st Owner,2017,17.71,Petrol,2017,Comprehensive,5 Speed,Manual,5 Seats,KOLKATA
₹ 1.92 Lakh,Hatchback,"71,900 Kms",2nd Owner,2010,21.1,Petrol,2010,Comprehensive,5-Speed,Manual,5 Seats,KOLKATA
₹ 5.80 Lakh,Hatchback,"20,000 Kms",1st Owner,2020,21.79,Petrol,2020,Third Party insurance,5 Speed,Manual,5 Seats,KOLKATA
₹ 38 Lakh,Sedan,"20,000 Kms",1st Owner,2019,18.12,Diesel,2019,Third Party insurance,8 Speed,Automatic,5 Seats,KOLKATA
₹ 8.29 Lakh,Sedan,"10,000 Kms",1st Owner,2021,18.3,Petrol,2021,Third Party insurance,CVT,Automatic,5 Seats,KOLKATA
₹ 26.49 Lakh,SUV,"22,336 Kms",1st Owner,2017,10.91,Diesel,2017,Comprehensive,6 Speed,Automatic,7 Seats,KOLKATA
₹ 19.50 Lakh,SUV,"30,000 Kms",1st Owner,2016,20.68,Diesel,2016,Third Party insurance,8 Speed,Automatic,5 Seats,KOLKATA
₹ 6 Lakh,Hatchback,"10,000 Kms",2nd Owner,2019,18.6,Petrol,2019,Third Party insurance,5 Speed,Manual,5 Seats,KOLKATA
₹ 7.75 Lakh,Sedan,"48,384 Kms",1st Owner,2019,17.4,Petrol,2019,Comprehensive,5 Speed,Manual,5 Seats,KOLKATA
₹ 13.65 Lakh,SUV,"32,000 Kms",1st Owner,2019,13.96,Petrol,2019,Third Party insurance,6 Speed,Automatic,5 Seats,KOLKATA
₹ 8.50 Lakh,Sedan,"20,000 Kms",1st Owner,2020,14.3,Petrol,2020,Third Party insurance,5 Speed,Manual,5 Seats,KOLKATA
₹ 4.35 Lakh,Sedan,"56,023 Kms",1st Owner,2015,16.78,Petrol,2015,Comprehensive,5 Speed,Manual,5 Seats,KOLKATA
₹ 9.56 Lakh,Sedan,"60,840 Kms",2nd Owner,2019,22.54,Diesel,2019,Comprehensive,6 Speed,Manual,5 Seats,KOLKATA
₹ 4.31 Lakh,Hatchback,"18,984 Kms",1st Owner,2017,19.34,Petrol,2017,Comprehensive,CVT,Automatic,5 Seats,KOLKATA
₹ 5.75 Lakh,MUV,"50,000 Kms",1st Owner,2014,16.02,Petrol,2014,Third Party insurance,5 Speed ,Manual,7 Seats,KOLKATA
₹ 4.32 Lakh,Sedan,"1,15,173 Kms",1st Owner,2017,22.95,Diesel,2017,Comprehensive,5 Speed,Manual,5 Seats,KOLKATA
₹ 2.55 Lakh,Hatchback,"26,251 Kms",1st Owner,2014,20.92,Petrol,2014,Third Party insurance,5 Speed,Manual,5 Seats,KOLKATA
₹ 16.75 Lakh,SUV,"35,700 Kms",2nd Owner,2015,17.9,Diesel,2015,Third Party insurance,7 Speed 7G-DCT,Automatic,5 Seats,KOLKATA
₹ 4.79 Lakh,Hatchback,"6,230 Kms",2nd Owner,2021,21.7,Petrol,2021,Comprehensive,AGS,Automatic,5 Seats,KOLKATA
₹ 7.63 Lakh,SUV,"30,000 Kms",1st Owner,2020,17.33,Petrol,2020,Third Party insurance,6 Speed,Manual,5 Seats,KOLKATA
₹ 8.46 Lakh,Sedan,"25,228 Kms",1st Owner,2022,18.3,Petrol,2022,Third Party insurance,CVT,Automatic,5 Seats,KOLKATA
₹ 9.99 Lakh,SUV,"46,717 Kms",1st Owner,2019,15.8,Petrol,2019,Comprehensive,6 Speed,Manual,5 Seats,KOLKATA
₹ 2.80 Lakh,Hatchback,"20,000 Kms",1st Owner,2013,20.36,Petrol,2013,Third Party insurance,5 Speed,Manual,5 Seats,KOLKATA
₹ 7.75 Lakh,MUV,"1,20,000 Kms",1st Owner,2018,18.69,Petrol,2018,Third Party insurance,4 Speed,Automatic,7 Seats,KOLKATA
₹ 3.50 Lakh,Sedan,"65,000 Kms",1st Owner,2014,20.5,Diesel,2014,Third Party,5 Speed,Manual,5 Seats,KOLKATA
₹ 4.45 Lakh,Sedan,"91,000 Kms",1st Owner,2018,19.5,Petrol,2018,Comprehensive,5 Speed,Manual,5 Seats,KOLKATA
₹ 5 Lakh,Hatchback,"45,000 Kms",1st Owner,2017,17.19,Petrol,2017,Third Party,5 Speed,Manual,5 Seats,KOLKATA
₹ 2.10 Crore,Coupe,"30,000 Kms",1st Owner,2016,12.65,Petrol,2016,Third Party insurance,7 Speed,Automatic,2 Seats,KOLKATA
₹ 8.25 Lakh,Sedan,"30,000 Kms",1st Owner,2019,21.56,Petrol,2019,Third Party insurance,5 Speed,Manual,5 Seats,KOLKATA
₹ 5.10 Lakh,Hatchback,"60,000 Kms",1st Owner,2017,21.4,Petrol,2017,Third Party insurance,5 Speed,Manual,5 Seats,KOLKATA
₹ 3.25 Lakh,Sedan,"56,000 Kms",1st Owner,2014,16.78,Petrol,2014,Third Party,5 Speed,Manual,5 Seats,KOLKATA
₹ 5 Lakh,Sedan,"54,419 Kms",1st Owner,2016,17.01,Petrol,2016,Third Party insurance,5 Speed,Manual,5 Seats,KOLKATA
₹ 6.40 Lakh,MUV,"22,746 Kms",1st Owner,2020,18.2,Petrol,2020,Comprehensive,5 Speed,Automatic,7 Seats,KOLKATA
₹ 3.34 Lakh,Hatchback,"5,385 Kms",1st Owner,2020,22.05,Petrol,2020,Third Party insurance,5 Speed,Manual,5 Seats,KOLKATA
₹ 12.50 Lakh,Sedan,"40,375 Kms",1st Owner,2014,17.68,Diesel,2014,Comprehensive,8 Speed,Automatic,5 Seats,KOLKATA
₹ 7.74 Lakh,Hatchback,"10,837 Kms",1st Owner,2020,20.28,Petrol,2020,Comprehensive,7 Speed DCT,Automatic,5 Seats,KOLKATA
₹ 3.26 Lakh,Hatchback,"4,521 Kms",1st Owner,2020,22.05,Petrol,2020,Comprehensive,5 Speed,Manual,5 Seats,KOLKATA
₹ 24 Lakh,Sedan,"25,990 Kms",2nd Owner,2019,22.69,Diesel,2019,Comprehensive,8 Speed,Automatic,5 Seats,KOLKATA
₹ 6.34 Lakh,Sedan,"6,805 Kms",1st Owner,2021,22.41,Petrol,2021,Comprehensive,5 Speed,Manual,5 Seats,KOLKATA
₹ 8.25 Lakh,Sedan,"47,000 Kms",1st Owner,2011,14.94,Diesel,2011,Third Party insurance,7 Speed,Automatic,5 Seats,KOLKATA
₹ 4.58 Lakh,Hatchback,"23,733 Kms",1st Owner,2021,21.7,Petrol,2021,Comprehensive,AGS,Automatic,5 Seats,KOLKATA
₹ 4.14 Lakh,Hatchback,"9,473 Kms",1st Owner,2021,21.7,Petrol,2021,Comprehensive,5 Speed,Manual,5 Seats,KOLKATA
₹ 3.10 Lakh,SUV,"1,50,000 Kms",1st Owner,2013,19.01,Diesel,2013,Third Party insurance,6 Speed,Manual,5 Seats,KOLKATA
₹ 4.50 Lakh,Sedan,"70,000 Kms",2nd Owner,2015,16.9,Petrol,2015,Third Party insurance,4 Speed ,Automatic,5 Seats,KOLKATA
₹ 44.95 Lakh,SUV,"38,200 Kms",2nd Owner,2019,11.2,Diesel,2019,Third Party insurance,8 Speed,Automatic,5 Seats,KOLKATA
₹ 20.25 Lakh,SUV,"76,187 Kms",1st Owner,2020,12.05,Diesel,2020,Comprehensive,Mercedes Benz 7 Speed Automatic,Automatic,7 Seats,KOLKATA
₹ 24.60 Lakh,SUV,"40,000 Kms",1st Owner,2016,16.55,Diesel,2016,Third Party insurance,8 Speed,Automatic,5 Seats,KOLKATA
₹ 5 Lakh,Sedan,"89,398 Kms",3rd Owner,2008,11.7,Petrol,2008,Comprehensive,5 Speed,Automatic,5 Seats,KOLKATA
₹ 9 Lakh,Sedan,"50,000 Kms",1st Owner,2018,17.0,Petrol,2018,Third Party insurance,6 Speed,Manual,5 Seats,KOLKATA
₹ 12 Lakh,Sedan,"70,000 Kms",3rd Owner,2014,19.16,Petrol,2014,Third Party insurance,6 Speed ,Automatic,5 Seats,KOLKATA
₹ 4 Lakh,SUV,"37,000 Kms",1st Owner,2017,18.49,Diesel,2017,Third Party insurance,5 Speed,Manual,7 Seats,KOLKATA
₹ 1.49 Lakh,Hatchback,"42,000 Kms",2nd Owner,2011,15.6,Petrol,2011,Comprehensive,5 Speed,Manual,5 Seats,KOLKATA
₹ 3.24 Lakh,Hatchback,"19,392 Kms",1st Owner,2016,23.95,Petrol,2016,Comprehensive,5 Speed,Automatic,5 Seats,KOLKATA
₹ 3.56 Lakh,Hatchback,"9,522 Kms",1st Owner,2021,22.05,Petrol,2021,Comprehensive,5 Speed,Manual,5 Seats,KOLKATA
₹ 2.95 Lakh,Sedan,"28,880 Kms",1st Owner,2014,18.0,Petrol,2014,Comprehensive,5 Speed,Manual,5 Seats,KOLKATA
₹ 2.30 Lakh,Hatchback,"19,003 Kms",1st Owner,2016,18.6,Petrol,2016,Comprehensive,5 Speed,Manual,5 Seats,KOLKATA
₹ 2.68 Lakh,Hatchback,"28,329 Kms",1st Owner,2016,22.74,Petrol,2016,Comprehensive,5 Speed,Manual,5 Seats,KOLKATA
₹ 6.90 Lakh,Hatchback,"9,326 Kms",1st Owner,2022,21.0,Petrol,2022,Third Party insurance,5 Speed,Manual,5 Seats,KOLKATA
₹ 5.49 Lakh,Hatchback,"47,584 Kms",1st Owner,2020,21.21,Petrol,2020,Comprehensive,5,Manual,5 Seats,KOLKATA
₹ 16 Lakh,SUV,"10,000 Kms",2nd Owner,2022,16.5,Petrol,2022,Third Party insurance,6-Speed,Manual,5 Seats,KOLKATA
₹ 4.87 Lakh,Hatchback,"24,021 Kms",1st Owner,2019,18.9,Petrol,2019,Comprehensive,5 Speed,Manual,5 Seats,KOLKATA
₹ 3.02 Lakh,Hatchback,"44,094 Kms",2nd Owner,2019,23.95,Petrol,2019,Comprehensive,5 Speed,Manual,5 Seats,KOLKATA
₹ 17.50 Lakh,SUV,"45,107 Kms",1st Owner,2020,17.1,Diesel,2020,Comprehensive,6 Speed,Automatic,5 Seats,KOLKATA
₹ 4.25 Lakh,Sedan,"9,470 Kms",1st Owner,2015,18.5,Petrol,2015,Comprehensive,4 Speed ,Automatic,5 Seats,KOLKATA
₹ 2.84 Lakh,MUV,"1,25,000 Kms",1st Owner,2007,12.99,Diesel,2007,Comprehensive,5 Speed,Manual,8 Seats,KOLKATA
₹ 4.30 Lakh,Hatchback,"7,000 Kms",1st Owner,2021,21.7,Petrol,2021,Comprehensive,5 Speed,Manual,5 Seats,KOLKATA
₹ 4.45 Lakh,Hatchback,"73,000 Kms",1st Owner,2018,27.39,Diesel,2018,Comprehensive,5 Speed,Manual,5 Seats,KOLKATA
₹ 11.99 Lakh,SUV,"11,000 Kms",1st Owner,2022,19.89,Petrol,2022,Comprehensive,5-Speed,Manual,5 Seats,KOLKATA
₹ 1.70 Lakh,Hatchback,"30,000 Kms",1st Owner,2010,20.36,Petrol,2010,Third Party insurance,5 Speed,Manual,5 Seats,KOLKATA
₹ 3.50 Lakh,SUV,"35,500 Kms",1st Owner,2013,20.45,Diesel,2013,Comprehensive,5 Speed,Manual,5 Seats,KOLKATA
₹ 5.25 Lakh,Hatchback,"10,000 Kms",1st Owner,2019,22.0,Petrol,2019,Third Party insurance,5,Automatic,5 Seats,KOLKATA
₹ 3.85 Lakh,Hatchback,"43,000 Kms",2nd Owner,2017,24.0,Diesel,2017,Comprehensive,5 Speed,Manual,5 Seats,KOLKATA
₹ 4.98 Lakh,Hatchback,"34,144 Kms",1st Owner,2021,32.52,CNG,2021,Comprehensive,5 Speed,Manual,5 Seats,KOLKATA
₹ 6.25 Lakh,Hatchback,"6,669 Kms",1st Owner,2021,20.7,Petrol,2021,Third Party insurance,5-Speed,Manual,5 Seats,KOLKATA
₹ 4.94 Lakh,Hatchback,"22,618 Kms",1st Owner,2019,18.9,Petrol,2019,Third Party insurance,5 Speed,Manual,5 Seats,KOLKATA
₹ 4.62 Lakh,Hatchback,"27,042 Kms",1st Owner,2019,32.52,CNG,2019,Comprehensive,5 Speed,Manual,5 Seats,KOLKATA
₹ 7.10 Lakh,SUV,"38,224 Kms",1st Owner,2016,13.0,Petrol,2016,Comprehensive,6 Speed,Manual,5 Seats,KOLKATA
₹ 8.89 Lakh,Sedan,"23,379 Kms",1st Owner,2018,18.0,Petrol,2018,Comprehensive,CVT,Automatic,5 Seats,KOLKATA
₹ 20.99 Lakh,Sedan,"47,000 Kms",1st Owner,2018,17.9,Diesel,2018,Comprehensive,7 Speed,Automatic,5 Seats,KOLKATA
₹ 3.04 Lakh,Hatchback,"21,388 Kms",1st Owner,2019,22.05,Petrol,2019,Comprehensive,5 Speed,Manual,5 Seats,KOLKATA
₹ 3.08 Lakh,Hatchback,"23,005 Kms",1st Owner,2015,18.9,Petrol,2015,Comprehensive,5 Speed,Manual,5 Seats,KOLKATA
₹ 15.50 Lakh,Sedan,"7,308 Kms",1st Owner,2021,14.62,Petrol,2021,Comprehensive,6 Speed,Automatic,5 Seats,KOLKATA
₹ 5 Lakh,Sedan,"90,000 Kms",1st Owner,2008,13.2,Diesel,2008,Third Party insurance,6 Speed,Automatic,5 Seats,KOLKATA
₹ 1.50 Lakh,Hatchback,"60,000 Kms",1st Owner,2013,18.6,Petrol,2013,Third Party insurance,5 Speed,Manual,5 Seats,KOLKATA
₹ 3.95 Lakh,Hatchback,"60,000 Kms",1st Owner,2016,16.2,Petrol,2016,Third Party insurance,5 Speed,Manual,5 Seats,KOLKATA
₹ 14 Lakh,SUV,"36,674 Kms",1st Owner,2020,16.5,Petrol,2020,Comprehensive,7-Speed DCT,Automatic,5 Seats,KOLKATA
₹ 4.50 Lakh,Hatchback,"20,000 Kms",1st Owner,2019,21.79,Petrol,2019,Third Party insurance,5 Speed,Automatic,5 Seats,KOLKATA
₹ 4.95 Lakh,Sedan,"17,153 Kms",1st Owner,2018,19.0,Petrol,2018,Comprehensive,5 Speed,Manual,5 Seats,KOLKATA
₹ 10.78 Lakh,SUV,"39,000 Kms",1st Owner,2018,16.0,Diesel,2018,Comprehensive,6 Speed,Manual,7 Seats,KOLKATA
₹ 4.60 Lakh,Hatchback,"32,165 Kms",1st Owner,2020,21.79,Petrol,2020,Comprehensive,5 Speed,Manual,5 Seats,KOLKATA
₹ 5.60 Lakh,Sedan,"27,447 Kms",1st Owner,2018,15.41,Petrol,2018,Third Party insurance,5 Speed,Manual,5 Seats,KOLKATA
₹ 2.59 Lakh,Hatchback,"26,305 Kms",1st Owner,2015,22.74,Petrol,2015,Comprehensive,5 Speed,Manual,5 Seats,KOLKATA
₹ 1.30 Lakh,Hatchback,"20,000 Kms",1st Owner,2008,19.7,Petrol,2008,Third Party insurance,5 Speed,Manual,5 Seats,KOLKATA
₹ 2.72 Lakh,Hatchback,"17,024 Kms",2nd Owner,2018,22.7,Petrol,2018,Comprehensive,5-Speed,Manual,5 Seats,KOLKATA
₹ 9.82 Lakh,Sedan,"9,243 Kms",1st Owner,2020,18.3,Petrol,2020,Third Party insurance,CVT,Automatic,5 Seats,KOLKATA
₹ 4.25 Lakh,Sedan,"1,00,000 Kms",1st Owner,2017,15.41,Petrol,2017,Comprehensive,5 Speed,Manual,5 Seats,KOLKATA
₹ 2.97 Lakh,Hatchback,"19,280 Kms",1st Owner,2017,20.63,Petrol,2017,Comprehensive,5 Speed,Manual,5 Seats,KOLKATA
₹ 7.50 Lakh,SUV,"10,000 Kms",1st Owner,2019,18.27,Petrol,2019,Third Party insurance,6-Speed,Manual,5 Seats,KOLKATA
₹ 6.58 Lakh,Sedan,"9,646 Kms",1st Owner,2021,22.41,Petrol,2021,Comprehensive,5 Speed,Manual,5 Seats,KOLKATA
₹ 7.50 Lakh,SUV,"11,344 Kms",1st Owner,2020,18.55,Petrol,2020,Third Party insurance,5 Speed,Manual,5 Seats,KOLKATA
₹ 46 Lakh,Sedan,"17,899 Kms",1st Owner,2021,16.13,Petrol,2021,Comprehensive,8-Speed Steptronic Sport Automatic Transmission,Automatic,5 Seats,KOLKATA
₹ 4.49 Lakh,Hatchback,"6,000 Kms",0th Owner,2021,23.01,Petrol,2021,Comprehensive,5 Speed,Manual,5 Seats,KOLKATA
₹ 1.50 Lakh,Hatchback,"80,000 Kms",1st Owner,2010,18.6,Petrol,2010,Third Party insurance,5 Speed,Manual,5 Seats,KOLKATA
"₹ 99,703 ",Hatchback,"50,000 Kms",1st Owner,2006,17.88,Diesel,2006,Third Party insurance,5 Speed,Manual,5 Seats,KOLKATA
₹ 4.50 Lakh,Hatchback,"35,000 Kms",2nd Owner,2014,22.54,Diesel,2014,Third Party,6 Speed,Manual,5 Seats,KOLKATA
₹ 5.65 Lakh,MUV,"31,244 Kms",2nd Owner,2015,17.5,Petrol,2015,Third Party insurance,5 Speed,Manual,7 Seats,KOLKATA
₹ 4.10 Lakh,Hatchback,"40,000 Kms",1st Owner,2017,18.9,Petrol,2017,Third Party insurance,5 Speed,Manual,5 Seats,KOLKATA
₹ 1.70 Lakh,Hatchback,"30,000 Kms",2nd Owner,2012,18.6,Petrol,2012,Third Party insurance,5 Speed,Manual,5 Seats,KOLKATA
₹ 1.78 Lakh,Sedan,"60,000 Kms",1st Owner,2012,23.03,Diesel,2012,Third Party insurance,5 Speed,Manual,5 Seats,KOLKATA
₹ 8.95 Lakh,Sedan,"70,000 Kms",1st Owner,2010,16.73,Diesel,2010,Comprehensive,8 Speed Sport,Automatic,5 Seats,KOLKATA
₹ 2.39 Lakh,Hatchback,"65,440 Kms",1st Owner,2015,21.1,Petrol,2015,Comprehensive,5 Speed,Manual,5 Seats,KOLKATA
₹ 6.52 Lakh,Hatchback,"35,884 Kms",1st Owner,2021,19.33,Petrol,2021,Comprehensive,5-Speed,Manual,5 Seats,KOLKATA
₹ 5.50 Lakh,Sedan,"77,500 Kms",1st Owner,2015,14.28,Petrol,2015,Third Party insurance,6 Speed,Manual,5 Seats,KOLKATA
₹ 5.99 Lakh,Sedan,"59,729 Kms",1st Owner,2015,14.28,Petrol,2015,Comprehensive,6 Speed,Manual,5 Seats,KOLKATA
₹ 1.99 Lakh,Hatchback,"64,854 Kms",1st Owner,2014,22.74,Petrol,2014,Comprehensive,5 Speed,Manual,5 Seats,KOLKATA
₹ 5.75 Lakh,Sedan,"29,836 Kms",2nd Owner,2018,22.0,Petrol,2018,Comprehensive,5 Speed,Manual,5 Seats,KOLKATA
₹ 4.45 Lakh,Sedan,"74,094 Kms",1st Owner,2017,25.83,Diesel,2017,Comprehensive,5 Speed,Manual,5 Seats,KOLKATA
₹ 6.20 Lakh,Hatchback,"11,590 Kms",1st Owner,2021,22.38,Petrol,2021,Comprehensive,5-Speed,Manual,5 Seats,KOLKATA
₹ 7.06 Lakh,Hatchback,"9,461 Kms",1st Owner,2021,17.1,Petrol,2021,Comprehensive,5 Speed,Manual,5 Seats,KOLKATA
₹ 3.63 Lakh,Sedan,"59,006 Kms",3rd Owner,2014,21.64,Diesel,2014,Comprehensive,5 Speed,Manual,5 Seats,KOLKATA
₹ 24 Lakh,MUV,"10,000 Kms",1st Owner,2022,12.0,Diesel,2022,Third Party insurance,5 Speed,Manual,7 Seats,KOLKATA
₹ 4.92 Lakh,Sedan,"1,50,000 Kms",2nd Owner,2017,26.59,Diesel,2017,Third Party insurance,5 Speed,Manual,5 Seats,KOLKATA
₹ 3.60 Lakh,Sedan,"40,000 Kms",3rd Owner,2016,17.8,Petrol,2016,Third Party insurance,5 Speed,Manual,5 Seats,KOLKATA
₹ 2.80 Lakh,Sedan,"80,000 Kms",2nd Owner,2009,19.3,Diesel,2009,Third Party insurance,5 Speed,Manual,5 Seats,KOLKATA
₹ 16.40 Lakh,SUV,"90,000 Kms",1st Owner,2016,12.55,Diesel,2016,Third Party insurance,5 Speed ,Automatic,7 Seats,KOLKATA
₹ 9.50 Lakh,SUV,"80,000 Kms",2nd Owner,2012,12.35,Diesel,2012,Third Party insurance,6 Speed,Automatic,5 Seats,KOLKATA
₹ 12.99 Lakh,SUV,"73,000 Kms",2nd Owner,2014,12.55,Diesel,2014,Comprehensive,5 Speed,Manual,7 Seats,KOLKATA
₹ 2.50 Lakh,Hatchback,"1,50,000 Kms",1st Owner,2010,18.9,Petrol,2010,Third Party insurance,5 Speed,Manual,5 Seats,KOLKATA
₹ 39.50 Lakh,Sedan,"33,600 Kms",1st Owner,2018,18.0,Diesel,2018,Third Party insurance,9 Speed,Automatic,5 Seats,KOLKATA
₹ 2.50 Lakh,Hatchback,"60,000 Kms",3rd Owner,2011,23.59,Diesel,2011,Third Party insurance,5 Speed,Manual,5 Seats,KOLKATA
₹ 3.73 Lakh,Hatchback,"82,286 Kms",1st Owner,2016,18.7,Petrol,2016,Third Party,5 Speed,Manual,5 Seats,KOLKATA
₹ 4.15 Lakh,SUV,"59,880 Kms",2nd Owner,2010,14.0,Petrol,2010,Third Party,5 Speed,Manual,5 Seats,KOLKATA
₹ 22 Lakh,MUV,"29,841 Kms",1st Owner,2021,12.0,Diesel,2021,Comprehensive,5 Speed,Manual,8 Seats,KOLKATA
₹ 5.17 Lakh,Hatchback,"10,518 Kms",1st Owner,2022,25.24,Petrol,2022,Comprehensive,5-Speed,Manual,5 Seats,KOLKATA
₹ 4.56 Lakh,Hatchback,"6,204 Kms",1st Owner,2020,23.1,Petrol,2020,Comprehensive,5 Speed,Manual,5 Seats,KOLKATA
₹ 12.50 Lakh,MUV,"20,000 Kms",1st Owner,2020,17.3,Diesel,2020,Third Party insurance,6 Speed,Manual,8 Seats,KOLKATA
₹ 3.11 Lakh,Hatchback,"23,696 Kms",1st Owner,2013,18.5,Petrol,2013,Third Party,5 Speed,Manual,5 Seats,KOLKATA
₹ 9.50 Lakh,MUV,"1,12,000 Kms",1st Owner,2016,12.99,Diesel,2016,Third Party insurance,5 Speed,Manual,8 Seats,KOLKATA
₹ 3.05 Lakh,Hatchback,"7,569 Kms",1st Owner,2020,22.05,Petrol,2020,Comprehensive,5 Speed,Manual,5 Seats,KOLKATA
₹ 5.83 Lakh,Hatchback,"18,800 Kms",1st Owner,2019,21.21,Petrol,2019,Comprehensive,5,Automatic,5 Seats,KOLKATA
₹ 2.50 Lakh,Hatchback,"32,147 Kms",1st Owner,2018,24.04,Petrol,2018,Third Party insurance,5 Speed,Automatic,5 Seats,KOLKATA
₹ 4.30 Lakh,SUV,"27,000 Kms",1st Owner,2016,17.0,Petrol,2016,Comprehensive,5 Speed,Manual,5 Seats,KOLKATA
₹ 1.50 Lakh,Hatchback,"35,100 Kms",1st Owner,2010,18.6,Petrol,2010,Third Party,5 Speed,Manual,5 Seats,KOLKATA
₹ 6.50 Lakh,SUV,"20,000 Kms",1st Owner,2022,17.33,Petrol,2022,Third Party insurance,6 Speed,Manual,5 Seats,KOLKATA
₹ 3.30 Lakh,Hatchback,"31,458 Kms",1st Owner,2014,18.9,Petrol,2014,Comprehensive,5 Speed,Manual,5 Seats,KOLKATA
₹ 14.99 Lakh,Sedan,"12,000 Kms",1st Owner,2015,15.64,Petrol,2015,Third Party,8 Speed,Automatic,5 Seats,KOLKATA
₹ 6.75 Lakh,Sedan,"10,000 Kms",1st Owner,2021,18.6,Petrol,2021,Third Party insurance,5 Speed,Manual,5 Seats,KOLKATA
₹ 7.75 Lakh,SUV,"32,000 Kms",1st Owner,2018,24.3,Diesel,2018,Comprehensive,5 Speed,Automatic,5 Seats,KOLKATA
₹ 2.80 Lakh,Hatchback,"37,659 Kms",1st Owner,2012,22.9,Diesel,2012,Comprehensive,5 Speed ,Manual,5 Seats,KOLKATA
₹ 5.88 Lakh,Sedan,"31,479 Kms",1st Owner,2020,22.61,Petrol,2020,Comprehensive,5 Speed,Automatic,5 Seats,KOLKATA
₹ 3.29 Lakh,Hatchback,"10,998 Kms",1st Owner,2019,22.05,Petrol,2019,Comprehensive,5 Speed,Manual,5 Seats,KOLKATA
₹ 4.60 Lakh,Hatchback,"10,000 Kms",1st Owner,2021,22.0,Petrol,2021,Third Party insurance,5 Speed,Automatic,5 Seats,KOLKATA
₹ 4.79 Lakh,Hatchback,"27,370 Kms",1st Owner,2021,32.52,CNG,2021,Comprehensive,5 Speed,Manual,5 Seats,KOLKATA
₹ 3.80 Lakh,Hatchback,"39,714 Kms",1st Owner,2016,20.4,Petrol,2016,Comprehensive,5 Speed,Manual,5 Seats,KOLKATA
₹ 2.35 Lakh,Hatchback,"34,000 Kms",1st Owner,2015,21.1,Petrol,2015,Comprehensive,5 Speed,Manual,5 Seats,KOLKATA
₹ 3.09 Lakh,Hatchback,"41,469 Kms",2nd Owner,2015,20.36,Petrol,2015,Comprehensive,5 Speed,Manual,5 Seats,KOLKATA
₹ 6.70 Lakh,Hatchback,"6,033 Kms",1st Owner,2019,21.4,Petrol,2019,Comprehensive,5 Speed,Manual,5 Seats,KOLKATA
₹ 2.69 Lakh,Hatchback,"28,036 Kms",1st Owner,2017,24.7,Petrol,2017,Comprehensive,5 Speed,Manual,5 Seats,KOLKATA
₹ 2.48 Lakh,Hatchback,"19,631 Kms",1st Owner,2014,22.74,Petrol,2014,Comprehensive,5 Speed,Manual,5 Seats,KOLKATA
₹ 3 Lakh,SUV,"70,000 Kms",1st Owner,2016,25.32,Diesel,2016,Third Party insurance,5 Speed,Manual,6 Seats,KOLKATA
₹ 4.60 Lakh,Sedan,"50,000 Kms",1st Owner,2015,17.8,Petrol,2015,Comprehensive,5 Speed,Manual,5 Seats,KOLKATA
₹ 10.75 Lakh,SUV,"33,197 Kms",1st Owner,2020,15.1,Diesel,2020,Comprehensive,6 Speed,Manual,7 Seats,KOLKATA
₹ 5.70 Lakh,Hatchback,"29,000 Kms",1st Owner,2018,21.4,Petrol,2018,Third Party insurance,5 Speed,Manual,5 Seats,KOLKATA
₹ 9.75 Lakh,SUV,"60,000 Kms",1st Owner,2021,16.35,Petrol,2021,Comprehensive,6-Speed,Automatic,5 Seats,KOLKATA
₹ 3.30 Lakh,Hatchback,"48,000 Kms",1st Owner,2018,20.51,Petrol,2018,Third Party insurance,5 Speed,Manual,5 Seats,KOLKATA
₹ 2.20 Lakh,Hatchback,"10,000 Kms",1st Owner,2013,21.1,Petrol,2013,Third Party insurance,5 Speed,Manual,5 Seats,KOLKATA
₹ 4.95 Lakh,Hatchback,"41,000 Kms",1st Owner,2018,22.0,Petrol,2018,Comprehensive,5,Manual,5 Seats,KOLKATA
₹ 8.90 Lakh,SUV,"79,955 Kms",2nd Owner,2017,15.4,Diesel,2017,Comprehensive,5 Speed,Manual,9 Seats,KOLKATA
₹ 35 Lakh,Sedan,"25,910 Kms",1st Owner,2020,19.27,Diesel,2020,Comprehensive,7 Speed,Automatic,5 Seats,KOLKATA
₹ 2.79 Lakh,Hatchback,"44,446 Kms",2nd Owner,2018,21.1,Petrol,2018,Comprehensive,5 Speed,Manual,5 Seats,KOLKATA
₹ 4.24 Lakh,Hatchback,"30,658 Kms",1st Owner,2018,27.28,Diesel,2018,Comprehensive,5 Speed,Manual,5 Seats,KOLKATA
₹ 5.95 Lakh,Sedan,"44,000 Kms",1st Owner,2017,17.8,Petrol,2017,Third Party insurance,5 Speed,Manual,5 Seats,KOLKATA
₹ 3.52 Lakh,Hatchback,"55,073 Kms",1st Owner,2017,23.84,Petrol,2017,Third Party,5 Speed,Manual,5 Seats,KOLKATA
₹ 4.81 Lakh,Sedan,"43,886 Kms",1st Owner,2012,14.53,Petrol,2012,Comprehensive,7 Speed,Automatic,5 Seats,KOLKATA
₹ 10.90 Lakh,MUV,"20,000 Kms",1st Owner,2022,17.3,Diesel,2022,Third Party insurance,6 Speed,Manual,8 Seats,KOLKATA
₹ 4.64 Lakh,Sedan,"1,18,569 Kms",2nd Owner,2016,17.8,Petrol,2016,Comprehensive,5 Speed,Manual,5 Seats,KOLKATA
₹ 3.40 Lakh,Sedan,"30,000 Kms",1st Owner,2014,20.34,Diesel,2014,Third Party insurance,5 Speed,Manual,5 Seats,KOLKATA
₹ 3.52 Lakh,Hatchback,"18,060 Kms",1st Owner,2019,24.7,Petrol,2019,Zero Dep,5 Speed,Manual,5 Seats,KOLKATA
₹ 3.19 Lakh,Sedan,"94,042 Kms",1st Owner,2014,18.0,Petrol,2014,Comprehensive,5 Speed,Manual,5 Seats,KOLKATA
₹ 10.75 Lakh,SUV,"90,438 Kms",1st Owner,2017,15.4,Diesel,2017,Comprehensive,5 Speed,Manual,8 Seats,KOLKATA
₹ 1.40 Lakh,Hatchback,"1,20,000 Kms",2nd Owner,2009,18.9,Petrol,2009,Third Party insurance,5 Speed,Manual,5 Seats,KOLKATA
₹ 1.25 Lakh,Hatchback,"80,000 Kms",1st Owner,2009,17.92,Petrol,2009,Third Party insurance,5 Speed,Manual,5 Seats,KOLKATA
₹ 12 Lakh,SUV,"50,000 Kms",1st Owner,2018,17.1,Diesel,2018,Third Party insurance,6 Speed,Manual,5 Seats,KOLKATA
₹ 1.60 Lakh,Hatchback,"60,000 Kms",3rd Owner,2010,18.5,Petrol,2010,Third Party insurance,5 Speed,Manual,5 Seats,KOLKATA
₹ 1.20 Lakh,Hatchback,"70,000 Kms",2nd Owner,2010,19.5,Petrol,2010,Third Party insurance,5 Speed,Manual,5 Seats,KOLKATA
₹ 14.99 Lakh,SUV,"30,000 Kms",2nd Owner,2020,13.96,Petrol,2020,Third Party insurance,6 Speed,Automatic,5 Seats,KOLKATA
₹ 9.75 Lakh,SUV,"9,75,000 Kms",1st Owner,2021,18.2,Petrol,2021,Third Party,6-Speed iMT,Manual,5 Seats,KOLKATA
₹ 9.99 Lakh,SUV,"55,000 Kms",1st Owner,2018,19.67,Diesel,2018,Comprehensive,6 Speed,Manual,5 Seats,KOLKATA
₹ 25 Lakh,Sedan,"30,000 Kms",1st Owner,2017,19.27,Diesel,2017,Third Party insurance,7 Speed,Automatic,5 Seats,KOLKATA
₹ 1.96 Lakh,Hatchback,"1,04,900 Kms",1st Owner,2010,20.36,Petrol,2010,Comprehensive,5 Speed,Manual,5 Seats,KOLKATA
₹ 6.83 Lakh,Sedan,"24,092 Kms",2nd Owner,2018,17.1,Petrol,2018,Third Party,6 Speed,Manual,5 Seats,KOLKATA
₹ 5 Lakh,Sedan,"90,000 Kms",2nd Owner,2017,26.59,Diesel,2017,Third Party insurance,5 Speed,Manual,5 Seats,KOLKATA
₹ 6.49 Lakh,Hatchback,"28,519 Kms",1st Owner,2020,19.33,Petrol,2020,Comprehensive,5-Speed,Manual,5 Seats,KOLKATA
₹ 3.86 Lakh,Hatchback,"88,785 Kms",1st Owner,2016,18.7,Petrol,2016,Third Party insurance,5 Speed,Manual,5 Seats,KOLKATA
₹ 3 Lakh,Hatchback,"90,000 Kms",2nd Owner,2015,16.2,Petrol,2015,Third Party insurance,5 Speed,Manual,5 Seats,KOLKATA
₹ 8.88 Lakh,MUV,"79,755 Kms",1st Owner,2019,17.6,Diesel,2019,Comprehensive,6 Speed,Manual,7 Seats,KOLKATA
₹ 5.60 Lakh,Hatchback,"80,000 Kms",2nd Owner,2017,18.6,Petrol,2017,Third Party insurance,5 Speed,Manual,5 Seats,KOLKATA
₹ 4.36 Lakh,Hatchback,"68,832 Kms",2nd Owner,2017,18.15,Petrol,2017,Third Party,5 Speed,Manual,5 Seats,KOLKATA
₹ 10.32 Lakh,SUV,"70,857 Kms",2nd Owner,2017,16.3,Diesel,2017,Comprehensive,6 Speed,Manual,5 Seats,KOLKATA
₹ 2.70 Lakh,Sedan,"50,000 Kms",3rd Owner,2010,17.0,Petrol,2010,Third Party insurance,5 Speed,Manual,5 Seats,KOLKATA
₹ 4.75 Lakh,Sedan,"80,000 Kms",1st Owner,2015,26.21,Diesel,2015,Third Party insurance,5 Speed,Manual,5 Seats,KOLKATA
₹ 1.40 Lakh,Hatchback,"1,10,000 Kms",2nd Owner,2010,21.1,Diesel,2010,Third Party insurance,5-Speed,Manual,5 Seats,KOLKATA
₹ 3.20 Lakh,Hatchback,"60,000 Kms",1st Owner,2013,20.51,Petrol,2013,Third Party insurance,5 Speed,Manual,5 Seats,KOLKATA
₹ 3.40 Lakh,Hatchback,"70,000 Kms",2nd Owner,2014,18.9,Petrol,2014,Third Party insurance,5 Speed,Manual,5 Seats,KOLKATA
₹ 2.50 Lakh,Sedan,"1,00,000 Kms",2nd Owner,2011,17.5,Petrol,2011,Third Party insurance,5 Speed,Manual,5 Seats,KOLKATA
₹ 3.25 Lakh,Sedan,"38,000 Kms",1st Owner,2014,19.1,Petrol,2014,Comprehensive,5 Speed ,Manual,5 Seats,KOLKATA
₹ 2.60 Lakh,Hatchback,"60,000 Kms",5th Owner,2013,18.5,Petrol,2013,Third Party insurance,5 Speed,Manual,5 Seats,KOLKATA
₹ 7.99 Lakh,MUV,"55,000 Kms",2nd Owner,2014,12.99,Diesel,2014,Comprehensive,5 Speed,Manual,8 Seats,KOLKATA
₹ 4 Lakh,Sedan,"60,000 Kms",1st Owner,2015,19.1,Petrol,2015,Third Party insurance,5 Speed ,Manual,5 Seats,KOLKATA
₹ 9.56 Lakh,SUV,"4,034 Kms",1st Owner,2022,18.27,Petrol,2022,Comprehensive,6-Speed,Manual,5 Seats,KOLKATA
₹ 2.10 Lakh,Hatchback,"28,614 Kms",2nd Owner,2014,25.44,Diesel,2014,Comprehensive,5 Speed,Manual,5 Seats,KOLKATA
₹ 2.40 Lakh,Hatchback,"60,000 Kms",1st Owner,2010,18.9,Petrol,2010,Third Party insurance,5 Speed,Manual,5 Seats,KOLKATA
₹ 2.39 Lakh,Hatchback,"34,895 Kms",1st Owner,2015,22.74,Petrol,2015,Comprehensive,5 Speed,Manual,5 Seats,KOLKATA
₹ 8.61 Lakh,Hatchback,"5,891 Kms",1st Owner,2021,19.56,Petrol,2021,Comprehensive,CVT,Automatic,5 Seats,KOLKATA
₹ 35 Lakh,Sedan,"28,204 Kms",2nd Owner,2017,12.0,Petrol,2017,Comprehensive,7 Speed,Automatic,5 Seats,KOLKATA
₹ 5.98 Lakh,Hatchback,"17,776 Kms",2nd Owner,2020,20.89,Petrol,2020,Comprehensive,5 Speed,Automatic,5 Seats,KOLKATA
₹ 7.50 Lakh,Sedan,"66,000 Kms",1st Owner,2017,26.0,Diesel,2017,Third Party insurance,6 Speed,Manual,5 Seats,KOLKATA
₹ 5.59 Lakh,Hatchback,"10,667 Kms",1st Owner,2020,20.52,Petrol,2020,Comprehensive,5 Speed,Automatic,5 Seats,KOLKATA
₹ 10.35 Lakh,SUV,"27,218 Kms",1st Owner,2021,18.4,Diesel,2021,Comprehensive,6-Speed,Manual,5 Seats,KOLKATA
₹ 58.95 Lakh,Coupe,170 Kms,1st Owner,2023,15.39,Petrol,2023,Third Party insurance,8 Speed,Automatic,5 Seats,KOLKATA
₹ 2.59 Lakh,Hatchback,"28,000 Kms",1st Owner,2015,18.16,Petrol,2015,Comprehensive,5 Speed,Manual,5 Seats,KOLKATA
₹ 59.50 Lakh,Coupe,"12,300 Kms",2nd Owner,2021,18.9,Petrol,2021,Third Party insurance,8-speed tiptronic,Automatic,5 Seats,KOLKATA
₹ 13 Lakh,SUV,"10,372 Kms",2nd Owner,2020,18.9,Petrol,2020,Comprehensive,IVT,Automatic,5 Seats,KOLKATA
₹ 6.50 Lakh,Hatchback,"6,000 Kms",1st Owner,2019,21.4,Petrol,2019,Comprehensive,5 Speed,Manual,5 Seats,KOLKATA
₹ 10.99 Lakh,SUV,"30,022 Kms",1st Owner,2018,14.1,Petrol,2018,Comprehensive,7 Speed,Automatic,5 Seats,KOLKATA
₹ 9.99 Lakh,SUV,"47,000 Kms",1st Owner,2018,16.0,Petrol,2018,Third Party insurance,7 Speed,Automatic,5 Seats,KOLKATA
₹ 54 Lakh,SUV,"50,247 Kms",2nd Owner,2021,18.9,Diesel,2021,Comprehensive,9-speed automatic,Automatic,5 Seats,KOLKATA
₹ 5.53 Lakh,Hatchback,"2,704 Kms",1st Owner,2022,21.7,Petrol,2022,Zero Dep,5 Speed,Manual,5 Seats,KOLKATA
₹ 6.32 Lakh,Hatchback,"14,425 Kms",1st Owner,2022,24.97,Petrol,2022,Zero Dep,5-Speed,Manual,5 Seats,KOLKATA
₹ 3.30 Lakh,Hatchback,"40,000 Kms",1st Owner,2018,20.89,Petrol,2018,Third Party insurance,5 Speed,Manual,5 Seats,KOLKATA
₹ 6.90 Lakh,Sedan,"32,488 Kms",2nd Owner,2017,18.19,Petrol,2017,Third Party,7 Speed,Automatic,5 Seats,KOLKATA
₹ 2.19 Lakh,Hatchback,"73,949 Kms",2nd Owner,2012,19.4,Petrol,2012,Comprehensive,5 Speed,Manual,5 Seats,KOLKATA
₹ 3.50 Lakh,Hatchback,"40,000 Kms",1st Owner,2018,23.1,Petrol,2018,Third Party insurance,5 Speed,Automatic,5 Seats,KOLKATA
₹ 3.38 Lakh,Hatchback,"55,920 Kms",2nd Owner,2014,18.9,Petrol,2014,Comprehensive,5 Speed,Manual,5 Seats,KOLKATA
₹ 5 Lakh,SUV,"30,000 Kms",1st Owner,2017,17.0,Petrol,2017,Third Party insurance,5 Speed,Manual,5 Seats,KOLKATA
₹ 4.08 Lakh,Hatchback,"33,805 Kms",1st Owner,2014,22.38,Petrol,2014,Comprehensive,5-Speed,Manual,5 Seats,KOLKATA
₹ 2.89 Lakh,Sedan,"73,781 Kms",1st Owner,2014,19.1,Petrol,2014,Comprehensive,5 Speed ,Manual,5 Seats,KOLKATA
₹ 2.30 Lakh,Hatchback,"50,000 Kms",2nd Owner,2015,22.74,Petrol,2015,Third Party insurance,5 Speed,Manual,5 Seats,KOLKATA
₹ 3.95 Lakh,Hatchback,"65,000 Kms",1st Owner,2014,18.6,Petrol,2014,Third Party insurance,5 Speed,Manual,5 Seats,KOLKATA
₹ 2.20 Lakh,Hatchback,"48,072 Kms",2nd Owner,2011,18.5,Petrol,2011,Third Party,5 Speed,Manual,5 Seats,KOLKATA
₹ 12 Lakh,SUV,"75,420 Kms",1st Owner,2020,16.5,Petrol,2020,Third Party insurance,7-Speed DCT,Automatic,5 Seats,KOLKATA
₹ 30.50 Lakh,Sedan,"16,100 Kms",2nd Owner,2019,12.6,Diesel,2019,Third Party insurance,9 Speed,Automatic,5 Seats,KOLKATA
₹ 7.25 Lakh,SUV,"40,722 Kms",1st Owner,2018,24.3,Diesel,2018,Comprehensive,5 Speed,Manual,5 Seats,KOLKATA
₹ 4.30 Lakh,Hatchback,"40,000 Kms",1st Owner,2015,21.21,Petrol,2015,Third Party insurance,5,Manual,5 Seats,KOLKATA
₹ 2 Lakh,Hatchback,"50,000 Kms",1st Owner,2008,16.1,Petrol,2008,Third Party insurance,5 Speed,Manual,5 Seats,KOLKATA
₹ 1.20 Lakh,Hatchback,"50,000 Kms",2nd Owner,2009,19.5,Petrol,2009,Third Party insurance,5 Speed,Manual,5 Seats,KOLKATA
₹ 4.70 Lakh,Sedan,"40,000 Kms",3rd Owner,2017,17.0,Petrol,2017,Third Party insurance,5 Speed,Manual,5 Seats,KOLKATA
₹ 2.96 Lakh,Hatchback,"3,188 Kms",1st Owner,2017,22.05,Petrol,2017,Comprehensive,5 Speed,Manual,5 Seats,KOLKATA
₹ 5.27 Lakh,Hatchback,"34,233 Kms",1st Owner,2019,18.6,Petrol,2019,Comprehensive,5 Speed,Manual,5 Seats,KOLKATA
₹ 1.40 Lakh,Hatchback,"50,000 Kms",2nd Owner,2010,18.9,Petrol,2010,Third Party insurance,5 Speed,Manual,5 Seats,KOLKATA
₹ 5.91 Lakh,Sedan,"51,767 Kms",1st Owner,2016,18.0,Petrol,2016,Third Party,5 Speed CVT,Automatic,5 Seats,KOLKATA
₹ 4.80 Lakh,Hatchback,"40,965 Kms",1st Owner,2018,18.6,Petrol,2018,Comprehensive,5 Speed,Manual,5 Seats,KOLKATA
₹ 2.50 Lakh,Sedan,"70,000 Kms",2nd Owner,2011,17.01,Petrol,2011,Third Party insurance,5 Speed,Manual,5 Seats,KOLKATA
₹ 8.22 Lakh,SUV,"8,176 Kms",2nd Owner,2022,17.33,Petrol,2022,Third Party,6 Speed,Manual,5 Seats,KOLKATA
₹ 5.10 Lakh,Hatchback,"10,000 Kms",1st Owner,2022,21.74,Petrol,2022,Third Party insurance,5 Speed,Manual,5 Seats,KOLKATA
₹ 6.81 Lakh,Sedan,"13,327 Kms",2nd Owner,2018,17.1,Petrol,2018,Comprehensive,6 Speed,Manual,5 Seats,KOLKATA
₹ 7.35 Lakh,SUV,"57,167 Kms",2nd Owner,2019,14.8,Petrol,2019,Comprehensive,6 Speed,Automatic,5 Seats,KOLKATA
₹ 5.90 Lakh,Sedan,"35,100 Kms",1st Owner,2018,16.09,Petrol,2018,Third Party insurance,5 Speed,Manual,5 Seats,KOLKATA
₹ 1.70 Lakh,Hatchback,"1,20,000 Kms",1st Owner,2010,20.36,Petrol,2010,Third Party insurance,5 Speed,Manual,5 Seats,KOLKATA
₹ 1.30 Lakh,Hatchback,"60,000 Kms",2nd Owner,2010,18.9,Petrol,2010,Third Party insurance,5 Speed,Manual,5 Seats,KOLKATA
₹ 1.70 Lakh,Sedan,"60,000 Kms",1st Owner,2008,14.4,Petrol,2008,Third Party insurance,5 Speed,Manual,5 Seats,KOLKATA
₹ 39.80 Lakh,Sedan,"30,000 Kms",1st Owner,2020,12.6,Diesel,2020,Third Party insurance,9 Speed,Automatic,5 Seats,KOLKATA
₹ 22.20 Lakh,SUV,"14,000 Kms",0th Owner,2022,18.9,Diesel,2022,Comprehensive,6-Speed,Manual,7 Seats,KOLKATA
₹ 4.50 Lakh,Hatchback,"10,000 Kms",1st Owner,2018,20.51,Petrol,2018,Third Party insurance,5 Speed,Manual,5 Seats,KOLKATA
₹ 47 Lakh,SUV,"19,500 Kms",2nd Owner,2020,11.2,Diesel,2020,Third Party insurance,8 Speed,Automatic,5 Seats,KOLKATA
₹ 4.50 Lakh,Sedan,"55,000 Kms",1st Owner,2015,26.21,Diesel,2015,Third Party,5 Speed,Manual,5 Seats,KOLKATA
₹ 1.90 Lakh,Sedan,"50,000 Kms",1st Owner,2011,16.36,Petrol,2011,Third Party insurance,5 Speed,Manual,5 Seats,KOLKATA
₹ 4.94 Lakh,Sedan,"46,980 Kms",2nd Owner,2015,23.9,Diesel,2015,Third Party insurance,6 Speed ,Manual,5 Seats,KOLKATA
₹ 5.35 Lakh,Hatchback,"40,535 Kms",1st Owner,2019,22.38,Petrol,2019,Third Party,5-Speed,Manual,5 Seats,KOLKATA
₹ 1.55 Lakh,Hatchback,"60,020 Kms",1st Owner,2010,17.92,Petrol,2010,Third Party insurance,5 Speed,Manual,5 Seats,KOLKATA
₹ 5.57 Lakh,Hatchback,787 Kms,1st Owner,2022,22.3,Petrol,2022,Comprehensive,5 Speed,Automatic,5 Seats,KOLKATA
₹ 6.74 Lakh,Hatchback,"5,870 Kms",1st Owner,2022,34.05,CNG,2022,Third Party,5 Speed,Manual,5 Seats,KOLKATA
₹ 1.80 Lakh,Hatchback,"50,000 Kms",1st Owner,2013,23.08,Diesel,2013,Third Party insurance,5 Speed,Manual,5 Seats,KOLKATA
₹ 3.18 Lakh,Hatchback,"50,714 Kms",1st Owner,2014,26.68,Petrol,2014,Comprehensive,5-Speed,Automatic,5 Seats,KOLKATA
₹ 5 Lakh,Sedan,"40,000 Kms",1st Owner,2019,20.14,Petrol,2019,Third Party insurance,5 Speed,Manual,5 Seats,KOLKATA
₹ 4.03 Lakh,Hatchback,"4,187 Kms",1st Owner,2020,22.05,Petrol,2020,Comprehensive,5 Speed,Manual,5 Seats,KOLKATA
₹ 15.13 Lakh,SUV,"10,164 Kms",1st Owner,2020,13.96,Petrol,2020,Zero Dep,6 Speed,Automatic,5 Seats,KOLKATA
₹ 10.30 Lakh,Sedan,"13,269 Kms",1st Owner,2022,17.7,Petrol,2022,Comprehensive,6 Speed,Manual,5 Seats,KOLKATA
₹ 15.30 Lakh,SUV,"90,000 Kms",1st Owner,2020,15.4,Diesel,2020,Third Party insurance,6 Speed,Manual,7 Seats,KOLKATA
₹ 10.50 Lakh,Sedan,"16,000 Kms",1st Owner,2021,17.7,Petrol,2021,Comprehensive,6 Speed,Manual,5 Seats,KOLKATA
₹ 8.10 Lakh,Sedan,"60,000 Kms",1st Owner,2021,17.4,Petrol,2021,Third Party insurance,5 Speed,Manual,5 Seats,KOLKATA
₹ 2.35 Lakh,Sedan,"47,114 Kms",2nd Owner,2010,17.0,Petrol,2010,Comprehensive,5 Speed,Manual,5 Seats,KOLKATA
₹ 4.39 Lakh,Sedan,"50,000 Kms",2nd Owner,2014,17.4,Petrol,2014,Third Party insurance,5 Speed ,Manual,5 Seats,KOLKATA
₹ 4.39 Lakh,Sedan,"50,000 Kms",2nd Owner,2014,17.4,Petrol,2014,Third Party insurance,5 Speed ,Manual,5 Seats,KOLKATA
₹ 2 Lakh,Hatchback,"50,000 Kms",2nd Owner,2011,15.6,Petrol,2011,Third Party insurance,5 Speed,Manual,5 Seats,KOLKATA
₹ 2.10 Lakh,Hatchback,"20,000 Kms",1st Owner,2012,16.2,Petrol,2012,Third Party insurance,5 Speed,Manual,5 Seats,KOLKATA
₹ 2.25 Lakh,Hatchback,"41,424 Kms",2nd Owner,2013,19.4,Petrol,2013,Third Party,5 Speed ,Manual,5 Seats,KOLKATA
₹ 3.78 Lakh,Hatchback,"23,829 Kms",2nd Owner,2020,22.05,Petrol,2020,Comprehensive,5 Speed,Manual,5 Seats,KOLKATA
₹ 6.84 Lakh,Sedan,"44,199 Kms",1st Owner,2019,17.4,Petrol,2019,Third Party,5 Speed,Manual,5 Seats,KOLKATA
₹ 8 Lakh,Sedan,"40,000 Kms",1st Owner,2018,17.0,Petrol,2018,Third Party insurance,6 Speed,Manual,5 Seats,KOLKATA
₹ 4.19 Lakh,SUV,"55,625 Kms",1st Owner,2015,18.88,Petrol,2015,Third Party,5 Speed,Manual,5 Seats,KOLKATA
₹ 3.09 Lakh,Hatchback,"29,230 Kms",1st Owner,2015,20.51,Petrol,2015,Comprehensive,5 Speed,Manual,5 Seats,KOLKATA
₹ 5.25 Lakh,Sedan,"30,000 Kms",1st Owner,2017,22.0,Petrol,2017,Third Party insurance,5 Speed,Manual,5 Seats,KOLKATA
₹ 5.10 Lakh,Hatchback,"25,152 Kms",1st Owner,2019,17.74,Petrol,2019,Comprehensive,5 Speed,Manual,5 Seats,KOLKATA
₹ 20 Lakh,Sedan,"52,224 Kms",1st Owner,2020,20.38,Diesel,2020,Comprehensive,6 Speed,Automatic,5 Seats,KOLKATA
₹ 2.89 Lakh,Sedan,"62,665 Kms",1st Owner,2012,22.41,Petrol,2012,Comprehensive,5 Speed,Manual,5 Seats,KOLKATA
₹ 2.73 Lakh,Hatchback,"76,800 Kms",1st Owner,2014,20.51,Petrol,2014,Comprehensive,5 Speed,Manual,5 Seats,KOLKATA
₹ 6 Lakh,SUV,"80,000 Kms",1st Owner,2017,17.5,Petrol,2017,Third Party insurance,5 Speed,Manual,5 Seats,KOLKATA
₹ 5.10 Lakh,SUV,"37,833 Kms",2nd Owner,2016,15.9,Petrol,2016,Comprehensive,5 Speed,Manual,5 Seats,KOLKATA
₹ 3 Lakh,Hatchback,"40,000 Kms",1st Owner,2015,22.74,Petrol,2015,Third Party insurance,5 Speed,Manual,5 Seats,KOLKATA
₹ 9.70 Lakh,SUV,"72,000 Kms",2nd Owner,2012,12.35,Diesel,2012,Third Party insurance,6 Speed,Automatic,5 Seats,KOLKATA
₹ 14 Lakh,Sedan,"30,000 Kms",1st Owner,2018,14.62,Petrol,2018,Third Party insurance,6 Speed,Automatic,5 Seats,KOLKATA
₹ 3 Lakh,Sedan,"80,000 Kms",2nd Owner,2014,24.4,Diesel,2014,Third Party insurance,5 Speed ,Manual,5 Seats,KOLKATA
₹ 15 Lakh,Sedan,"30,000 Kms",1st Owner,2018,14.62,Petrol,2018,Third Party insurance,6 Speed,Automatic,5 Seats,KOLKATA
₹ 2.90 Lakh,Hatchback,"90,000 Kms",2nd Owner,2014,16.47,Petrol,2014,Third Party insurance,5 Speed,Manual,5 Seats,KOLKATA
₹ 7.50 Lakh,MUV,"1,13,000 Kms",1st Owner,2014,12.99,Diesel,2014,Third Party insurance,5 Speed,Manual,7 Seats,KOLKATA
₹ 3.50 Lakh,Sedan,"90,000 Kms",2nd Owner,2012,14.8,Petrol,2012,Third Party insurance,5 Speed,Manual,5 Seats,KOLKATA
₹ 2.96 Lakh,Hatchback,"92,202 Kms",1st Owner,2013,22.9,Diesel,2013,Third Party,5 Speed,Manual,5 Seats,KOLKATA
₹ 3.76 Lakh,Hatchback,"79,783 Kms",2nd Owner,2018,18.9,Petrol,2018,Third Party insurance,5 Speed,Manual,5 Seats,KOLKATA
₹ 13.99 Lakh,Sedan,"10,000 Kms",1st Owner,2022,18.6,Petrol,2022,Third Party insurance,6 Speed,Manual,5 Seats,KOLKATA
₹ 6.90 Lakh,Sedan,"23,227 Kms",2nd Owner,2021,22.41,Petrol,2021,Third Party insurance,5 Speed,Manual,5 Seats,KOLKATA
₹ 7.14 Lakh,Sedan,"3,089 Kms",3rd Owner,2019,21.56,Petrol,2019,Third Party,5 Speed,Manual,5 Seats,KOLKATA
₹ 6 Lakh,Sedan,"28,546 Kms",1st Owner,2019,18.6,Petrol,2019,Third Party insurance,5 Speed,Manual,5 Seats,KOLKATA
₹ 3.42 Lakh,Hatchback,"85,435 Kms",1st Owner,2016,18.9,Petrol,2016,Third Party,5 Speed,Manual,5 Seats,KOLKATA
₹ 50 Lakh,Sedan,"20,000 Kms",2nd Owner,2016,17.85,Diesel,2016,Third Party insurance,8 Speed,Automatic,5 Seats,KOLKATA
₹ 2.08 Lakh,Hatchback,"83,124 Kms",2nd Owner,2012,19.4,Petrol,2012,Comprehensive,5 Speed,Manual,5 Seats,KOLKATA
₹ 2.79 Lakh,Sedan,"87,859 Kms",2nd Owner,2014,16.78,Petrol,2014,Third Party,5 Speed,Manual,5 Seats,KOLKATA
₹ 6 Lakh,Sedan,"65,000 Kms",1st Owner,2017,26.0,Diesel,2017,Third Party insurance,6 Speed,Manual,5 Seats,KOLKATA
₹ 14.50 Lakh,SUV,"50,000 Kms",1st Owner,2018,11.18,Diesel,2018,Third Party insurance,5 Speed,Automatic,7 Seats,KOLKATA
₹ 2.25 Lakh,Sedan,"80,000 Kms",3rd Owner,2012,17.6,Petrol,2012,Third Party insurance,5 Speed,Manual,5 Seats,KOLKATA
₹ 4 Lakh,Hatchback,"25,000 Kms",1st Owner,2018,18.9,Petrol,2018,Comprehensive,5 Speed,Manual,5 Seats,KOLKATA
₹ 1.20 Lakh,Sedan,"1,20,000 Kms",1st Owner,2014,12.8,Diesel,2014,Third Party insurance,5 Speed,Manual,5 Seats,KOLKATA
₹ 6.25 Lakh,Hatchback,"3,000 Kms",1st Owner,2019,18.6,Petrol,2019,Comprehensive,5 Speed,Manual,5 Seats,KOLKATA
₹ 3.85 Lakh,Hatchback,"37,001 Kms",1st Owner,2018,18.9,Petrol,2018,Comprehensive,5 Speed,Manual,5 Seats,KOLKATA
₹ 3.35 Lakh,Hatchback,"39,000 Kms",1st Owner,2013,18.6,Petrol,2013,Comprehensive,5 Speed,Manual,5 Seats,KOLKATA
₹ 9.85 Lakh,Sedan,"20,000 Kms",1st Owner,2020,17.4,Petrol,2020,Third Party insurance,CVT,Automatic,5 Seats,KOLKATA
₹ 2.71 Lakh,Sedan,"1,03,033 Kms",3rd Owner,2015,24.4,Diesel,2015,Third Party,5 Speed ,Manual,5 Seats,KOLKATA
₹ 4.81 Lakh,Hatchback,"25,968 Kms",1st Owner,2017,18.9,Petrol,2017,Comprehensive,5 Speed,Manual,5 Seats,KOLKATA
"₹ 75,000 ",Hatchback,"1,50,000 Kms",2nd Owner,2004,18.9,Petrol,2004,Third Party insurance,5 Speed,Manual,5 Seats,KOLKATA
₹ 5.55 Lakh,Hatchback,"11,798 Kms",1st Owner,2020,20.52,Petrol,2020,Third Party,5 Speed,Manual,5 Seats,KOLKATA
₹ 4.30 Lakh,Sedan,"65,814 Kms",1st Owner,2017,17.0,Petrol,2017,Third Party,5 Speed,Manual,5 Seats,KOLKATA
₹ 12 Lakh,SUV,"69,007 Kms",1st Owner,2021,16.8,Petrol,2021,Comprehensive,6-Speed,Manual,5 Seats,KOLKATA
₹ 2.86 Lakh,Hatchback,"71,420 Kms",1st Owner,2012,22.9,Diesel,2012,Comprehensive,5 Speed,Manual,5 Seats,KOLKATA
₹ 6.80 Lakh,Hatchback,"10,000 Kms",1st Owner,2021,20.7,Petrol,2021,Third Party insurance,5-Speed,Manual,5 Seats,KOLKATA
₹ 3.49 Lakh,Hatchback,"9,817 Kms",1st Owner,2020,20.71,Petrol,2020,Comprehensive,5-Speed,Manual,5 Seats,KOLKATA
₹ 3.47 Lakh,Hatchback,"1,24,206 Kms",2nd Owner,2018,25.24,Petrol,2018,Comprehensive,5-Speed,Manual,5 Seats,KOLKATA
"₹ 48,000 ",Hatchback,"50,000 Kms",2nd Owner,2002,17.3,Petrol,2002,Third Party insurance,5 Speed,Manual,5 Seats,KOLKATA
₹ 1.25 Lakh,Hatchback,"50,000 Kms",2nd Owner,2009,18.9,Petrol,2009,Third Party insurance,5 Speed,Manual,5 Seats,KOLKATA
₹ 7.85 Lakh,SUV,"1,062 Kms",1st Owner,2023,19.03,Petrol,2023,Comprehensive,5 Speed,Automatic,5 Seats,KOLKATA
₹ 4.90 Lakh,Hatchback,"10,000 Kms",1st Owner,2018,18.9,Petrol,2018,Third Party insurance,5 Speed,Manual,5 Seats,KOLKATA
₹ 17 Lakh,MUV,"10,000 Kms",1st Owner,2019,13.68,Diesel,2019,Third Party insurance,5 Speed,Manual,7 Seats,KOLKATA
₹ 3.50 Lakh,Hatchback,"20,000 Kms",1st Owner,2015,18.9,Petrol,2015,Third Party insurance,5 Speed,Manual,5 Seats,KOLKATA
₹ 4 Lakh,Sedan,"68,000 Kms",1st Owner,2015,26.0,Diesel,2015,Third Party insurance,6 Speed ,Manual,5 Seats,KOLKATA
₹ 3.65 Lakh,Hatchback,"65,000 Kms",1st Owner,2016,16.2,Petrol,2016,Third Party,5 Speed,Manual,5 Seats,KOLKATA
₹ 4 Lakh,Hatchback,"30,000 Kms",2nd Owner,2016,20.4,Petrol,2016,Third Party insurance,5 Speed,Manual,5 Seats,KOLKATA
₹ 2.55 Lakh,Hatchback,"60,000 Kms",2nd Owner,2016,21.1,Petrol,2016,Third Party insurance,5 Speed,Manual,5 Seats,KOLKATA
₹ 6.01 Lakh,Sedan,"45,699 Kms",2nd Owner,2017,21.21,Petrol,2017,Third Party,5 Speed,Automatic,5 Seats,KOLKATA
₹ 2.16 Lakh,Hatchback,"81,575 Kms",1st Owner,2011,20.36,Petrol,2011,Comprehensive,5 Speed,Manual,5 Seats,KOLKATA
₹ 6.70 Lakh,Sedan,"42,000 Kms",1st Owner,2017,18.0,Petrol,2017,Comprehensive,5 Speed CVT,Automatic,5 Seats,KOLKATA
₹ 7.19 Lakh,Sedan,"32,092 Kms",1st Owner,2018,19.1,Petrol,2018,Comprehensive,6 Speed,Manual,5 Seats,KOLKATA
₹ 1.42 Lakh,Hatchback,"65,916 Kms",3rd Owner,2010,18.9,Petrol,2010,Third Party,5 Speed,Manual,5 Seats,KOLKATA
₹ 32 Lakh,Sedan,"30,000 Kms",1st Owner,2019,12.6,Diesel,2019,Third Party insurance,9 Speed,Automatic,5 Seats,KOLKATA
₹ 18.20 Lakh,SUV,"8,559 Kms",1st Owner,2023,18.9,Diesel,2023,Comprehensive,6-Speed,Manual,5 Seats,KOLKATA
₹ 7.50 Lakh,MUV,"50,000 Kms",1st Owner,2017,24.52,Diesel,2017,Third Party insurance,5 Speed,Manual,7 Seats,KOLKATA
₹ 8.27 Lakh,SUV,"9,169 Kms",1st Owner,2022,20.09,Petrol,2022,Third Party,5 Speed,Manual,5 Seats,KOLKATA
₹ 4.75 Lakh,Sedan,"45,275 Kms",1st Owner,2018,21.21,Petrol,2018,Comprehensive,5 Speed,Manual,5 Seats,KOLKATA
₹ 1.20 Lakh,Hatchback,"70,000 Kms",2nd Owner,2010,18.9,Petrol,2010,Third Party insurance,5 Speed,Manual,5 Seats,KOLKATA
₹ 1.45 Lakh,Hatchback,"90,000 Kms",4th Owner,2011,18.9,Petrol,2011,Third Party insurance,5 Speed,Manual,5 Seats,KOLKATA
₹ 2.10 Lakh,Hatchback,"70,000 Kms",2nd Owner,2015,22.74,Petrol,2015,Third Party insurance,5 Speed,Manual,5 Seats,KOLKATA
₹ 24.90 Lakh,Sedan,"50,000 Kms",1st Owner,2017,21.76,Diesel,2017,Third Party insurance,8 Speed,Automatic,5 Seats,KOLKATA
₹ 3.30 Lakh,Hatchback,"30,000 Kms",1st Owner,2019,22.05,Petrol,2019,Third Party insurance,5 Speed,Manual,5 Seats,KOLKATA
₹ 14 Lakh,Sedan,"10,000 Kms",1st Owner,2021,18.3,Petrol,2021,Third Party insurance,CVT,Automatic,5 Seats,KOLKATA
₹ 5.25 Lakh,SUV,"80,000 Kms",2nd Owner,2017,22.77,Diesel,2017,Third Party insurance,5 Speed,Manual,5 Seats,KOLKATA
₹ 2.80 Lakh,Hatchback,"40,000 Kms",1st Owner,2012,20.36,Petrol,2012,Third Party insurance,5 Speed,Manual,5 Seats,KOLKATA
₹ 4.30 Lakh,Hatchback,"30,000 Kms",1st Owner,2017,18.9,Petrol,2017,Third Party insurance,5 Speed,Manual,5 Seats,KOLKATA
₹ 1.15 Lakh,Sedan,"80,000 Kms",1st Owner,2009,19.61,Diesel,2009,Third Party insurance,5 Speed,Manual,5 Seats,KOLKATA
₹ 5.98 Lakh,Hatchback,"65,180 Kms",2nd Owner,2019,18.6,Petrol,2019,Comprehensive,5 Speed,Manual,5 Seats,KOLKATA
₹ 2.71 Lakh,Hatchback,"1,10,190 Kms",1st Owner,2015,18.9,Petrol,2015,Comprehensive,5 Speed,Manual,5 Seats,KOLKATA
₹ 2.76 Lakh,Hatchback,"50,000 Kms",2nd Owner,2019,24.7,Petrol,2019,Third Party insurance,5 Speed,Manual,5 Seats,KOLKATA
₹ 2.48 Lakh,Hatchback,"45,550 Kms",2nd Owner,2014,18.5,Petrol,2014,Comprehensive,5 Speed,Manual,5 Seats,KOLKATA
₹ 5.92 Lakh,Hatchback,"14,756 Kms",1st Owner,2021,22.38,Petrol,2021,Comprehensive,5-Speed,Manual,5 Seats,KOLKATA
₹ 2.90 Lakh,Hatchback,"30,000 Kms",2nd Owner,2017,23.95,Petrol,2017,Third Party insurance,5 Speed,Manual,5 Seats,KOLKATA
₹ 3.41 Lakh,Hatchback,"63,179 Kms",1st Owner,2015,18.9,Petrol,2015,Comprehensive,5 Speed,Manual,5 Seats,KOLKATA
₹ 36 Lakh,Sedan,"32,344 Kms",1st Owner,2017,20.37,Diesel,2017,Comprehensive,8-Speed Steptronic,Automatic,5 Seats,KOLKATA
₹ 5.47 Lakh,Hatchback,"17,436 Kms",1st Owner,2019,17.74,Petrol,2019,Third Party,5 Speed,Manual,5 Seats,KOLKATA
₹ 5.66 Lakh,Sedan,"52,130 Kms",1st Owner,2018,21.56,Petrol,2018,Third Party insurance,5 Speed,Manual,5 Seats,KOLKATA
₹ 2.80 Lakh,Hatchback,"60,000 Kms",1st Owner,2018,24.7,Petrol,2018,Third Party insurance,5 Speed,Manual,5 Seats,KOLKATA
₹ 2.85 Lakh,Sedan,"46,315 Kms",1st Owner,2014,25.01,Diesel,2014,Comprehensive,5 Speed,Manual,5 Seats,KOLKATA
₹ 2.99 Lakh,Sedan,"65,000 Kms",1st Owner,2015,19.1,Petrol,2015,Third Party,5 Speed ,Manual,5 Seats,KOLKATA
₹ 2.70 Lakh,Hatchback,"90,000 Kms",1st Owner,2014,24.0,Diesel,2014,Third Party insurance,5 Speed,Manual,5 Seats,KOLKATA
₹ 6.99 Lakh,Sedan,"32,395 Kms",1st Owner,2017,17.4,Petrol,2017,Comprehensive,5 Speed,Manual,5 Seats,KOLKATA
₹ 8.50 Lakh,SUV,"89,331 Kms",1st Owner,2016,16.0,Diesel,2016,Third Party insurance,6 Speed ,Manual,7 Seats,KOLKATA
₹ 12.50 Lakh,Sedan,"10,000 Kms",1st Owner,2020,17.4,Petrol,2020,Third Party insurance,CVT,Automatic,5 Seats,KOLKATA
₹ 4 Lakh,SUV,"20,000 Kms",1st Owner,2016,18.15,Petrol,2016,Third Party insurance,5 Speed,Manual,6 Seats,KOLKATA
₹ 3.54 Lakh,Hatchback,"10,000 Kms",1st Owner,2020,21.7,Petrol,2020,Third Party insurance,5-Speed,Manual,5 Seats,KOLKATA
₹ 8.50 Lakh,SUV,"36,374 Kms",1st Owner,2019,23.7,Diesel,2019,Third Party insurance,6-Speed,Manual,5 Seats,KOLKATA
₹ 6.69 Lakh,SUV,"20,801 Kms",1st Owner,2021,20.0,Petrol,2021,Comprehensive,5 Speed,Manual,5 Seats,KOLKATA
₹ 4.81 Lakh,Hatchback,"43,214 Kms",1st Owner,2019,18.6,Petrol,2019,Comprehensive,5 Speed,Manual,5 Seats,KOLKATA
₹ 24 Lakh,SUV,"20,000 Kms",1st Owner,2021,17.1,Diesel,2021,Third Party insurance,6 Speed,Manual,5 Seats,KOLKATA
₹ 11.70 Lakh,SUV,"31,584 Kms",1st Owner,2021,18.9,Diesel,2021,Third Party,6 Speed,Manual,7 Seats,KOLKATA
₹ 6.19 Lakh,SUV,"88,755 Kms",1st Owner,2016,21.38,Diesel,2016,Comprehensive,6 Speed,Manual,5 Seats,KOLKATA
₹ 8.75 Lakh,MUV,"50,000 Kms",1st Owner,2018,17.03,Petrol,2018,Third Party insurance,4 Speed,Automatic,7 Seats,KOLKATA
₹ 5.18 Lakh,Hatchback,"7,277 Kms",1st Owner,2020,22.0,Petrol,2020,Third Party,5 Speed,Automatic,5 Seats,KOLKATA
₹ 4.50 Lakh,Sedan,"44,200 Kms",1st Owner,2014,26.0,Diesel,2014,Third Party insurance,6 Speed ,Manual,5 Seats,KOLKATA
₹ 2.35 Lakh,Hatchback,"36,920 Kms",3rd Owner,2014,19.4,Petrol,2014,Comprehensive,5 Speed,Manual,5 Seats,KOLKATA
₹ 6.20 Lakh,Hatchback,"14,567 Kms",1st Owner,2021,22.38,Petrol,2021,Third Party,5-Speed,Manual,5 Seats,KOLKATA
₹ 39.50 Lakh,Sedan,"19,858 Kms",1st Owner,2019,18.12,Diesel,2019,Comprehensive,8 Speed,Automatic,5 Seats,KOLKATA
₹ 4.50 Lakh,Hatchback,"40,000 Kms",1st Owner,2018,25.32,Diesel,2018,Third Party insurance,5 Speed,Manual,6 Seats,KOLKATA
₹ 2.50 Lakh,Hatchback,"30,000 Kms",2nd Owner,2012,18.9,Petrol,2012,Third Party insurance,5 Speed,Manual,5 Seats,KOLKATA
₹ 8.80 Lakh,Sedan,"50,000 Kms",1st Owner,2018,17.0,Petrol,2018,Third Party insurance,6 Speed,Manual,5 Seats,KOLKATA
₹ 4.25 Lakh,Hatchback,"19,000 Kms",1st Owner,2018,21.63,Petrol,2018,Comprehensive,5 Speed,Manual,5 Seats,KOLKATA
₹ 11 Lakh,SUV,"86,331 Kms",2nd Owner,2014,12.8,Diesel,2014,Comprehensive,7-Speed S tronic,Automatic,5 Seats,KOLKATA
₹ 62 Lakh,SUV,"15,215 Kms",1st Owner,2021,18.9,Diesel,2021,Comprehensive,9-speed automatic,Automatic,5 Seats,KOLKATA
₹ 57.99 Lakh,Sedan,"5,700 Kms",2nd Owner,2022,20.37,Diesel,2022,Third Party insurance,8-Speed Automatic Transmission,Automatic,5 Seats,KOLKATA
₹ 19.50 Lakh,SUV,"22,887 Kms",1st Owner,2022,18.9,Petrol,2022,Comprehensive,6-Speed,Automatic,5 Seats,KOLKATA
₹ 5.80 Lakh,Hatchback,"10,000 Kms",1st Owner,2022,20.09,Petrol,2022,Third Party insurance,5-Speed,Manual,5 Seats,KOLKATA
₹ 8.90 Lakh,SUV,"4,603 Kms",1st Owner,2021,17.33,Petrol,2021,Zero Dep,6 Speed,Manual,5 Seats,KOLKATA
₹ 6.26 Lakh,Hatchback,"7,291 Kms",1st Owner,2022,24.97,Petrol,2022,Third Party,5-Speed,Manual,5 Seats,KOLKATA
₹ 7.53 Lakh,Hatchback,"2,179 Kms",1st Owner,2022,20.7,Petrol,2022,Comprehensive,5-Speed,Manual,5 Seats,KOLKATA
₹ 3.55 Lakh,Hatchback,"26,226 Kms",1st Owner,2017,18.9,Petrol,2017,Third Party insurance,5 Speed,Manual,5 Seats,KOLKATA
₹ 3.99 Lakh,Hatchback,"35,000 Kms",1st Owner,2016,20.14,Diesel,2016,Comprehensive,5 Speed,Manual,5 Seats,KOLKATA
₹ 2.09 Lakh,Hatchback,"24,622 Kms",3rd Owner,2014,21.1,Petrol,2014,Third Party,5 Speed,Manual,5 Seats,KOLKATA
₹ 1.25 Lakh,Sedan,"60,000 Kms",1st Owner,2009,19.2,Diesel,2009,Third Party insurance,5 Speed,Manual,5 Seats,KOLKATA
₹ 1.99 Lakh,Hatchback,"37,647 Kms",1st Owner,2011,20.36,Petrol,2011,Third Party,5 Speed,Manual,5 Seats,KOLKATA
₹ 3.54 Lakh,SUV,"57,321 Kms",1st Owner,2014,20.45,Diesel,2014,Third Party,5 speed,Manual,5 Seats,KOLKATA
₹ 7.25 Lakh,MUV,"67,020 Kms",1st Owner,2017,17.6,Diesel,2017,Comprehensive,6 Speed,Automatic,7 Seats,KOLKATA
₹ 10.50 Lakh,SUV,"20,000 Kms",1st Owner,2022,18.24,Petrol,2022,Third Party insurance,CVT,Automatic,5 Seats,KOLKATA
₹ 5 Lakh,SUV,"65,000 Kms",1st Owner,2015,19.67,Diesel,2015,Third Party insurance,6 Speed,Manual,5 Seats,KOLKATA
₹ 5.50 Lakh,SUV,"60,000 Kms",1st Owner,2015,15.29,Petrol,2015,Third Party insurance,6 Speed,Manual,5 Seats,KOLKATA
₹ 2.25 Lakh,Hatchback,"30,000 Kms",1st Owner,2014,21.1,Petrol,2014,Third Party insurance,5 Speed,Manual,5 Seats,KOLKATA
₹ 1.80 Lakh,Hatchback,"70,000 Kms",1st Owner,2014,22.74,Petrol,2014,Third Party insurance,5 Speed,Manual,5 Seats,KOLKATA
₹ 1.65 Lakh,Hatchback,"50,000 Kms",1st Owner,2010,15.6,Petrol,2010,Third Party insurance,5 Speed,Manual,5 Seats,KOLKATA
₹ 4.99 Lakh,MUV,"24,000 Kms",1st Owner,2016,17.3,Petrol,2016,Third Party,5 Speed,Manual,7 Seats,KOLKATA
₹ 1.70 Lakh,Hatchback,"50,000 Kms",2nd Owner,2010,20.36,Petrol,2010,Third Party insurance,5 Speed,Manual,5 Seats,KOLKATA
₹ 5.70 Lakh,SUV,"40,000 Kms",1st Owner,2017,17.5,Petrol,2017,Third Party insurance,5 Speed,Manual,5 Seats,KOLKATA
₹ 6.27 Lakh,SUV,"71,521 Kms",1st Owner,2016,15.29,Petrol,2016,Third Party,6 Speed,Manual,5 Seats,KOLKATA
₹ 4.71 Lakh,Hatchback,"42,267 Kms",1st Owner,2020,19.33,Petrol,2020,Third Party,5-Speed,Manual,5 Seats,KOLKATA
₹ 1.65 Lakh,Hatchback,"80,000 Kms",4th Owner,2010,16.1,Petrol,2010,Third Party insurance,5 Speed,Manual,5 Seats,KOLKATA
₹ 7.28 Lakh,Sedan,"57,986 Kms",1st Owner,2018,19.12,Petrol,2018,Comprehensive,4 Speed,Automatic,5 Seats,KOLKATA
₹ 6.59 Lakh,Hatchback,"17,252 Kms",1st Owner,2022,20.09,Petrol,2022,Comprehensive,5 Speed,Automatic,5 Seats,KOLKATA
₹ 1.20 Lakh,Hatchback,"70,000 Kms",2nd Owner,2010,19.0,Petrol,2010,Third Party insurance,5 Speed,Manual,5 Seats,KOLKATA
₹ 8.20 Lakh,SUV,"20,817 Kms",1st Owner,2017,16.0,Diesel,2017,Third Party insurance,6 Speed,Manual,7 Seats,KOLKATA
₹ 26 Lakh,SUV,"10,000 Kms",1st Owner,2022,14.1,Petrol,2022,Third Party insurance,7 Speed DCT,Automatic,5 Seats,KOLKATA
₹ 2.22 Lakh,Sedan,"39,579 Kms",1st Owner,2010,22.41,Petrol,2010,Comprehensive,5 Speed,Manual,5 Seats,KOLKATA
₹ 2.06 Lakh,Hatchback,"21,477 Kms",3rd Owner,2014,21.1,Petrol,2014,Comprehensive,5 Speed,Manual,5 Seats,KOLKATA
₹ 18.50 Lakh,Sedan,"36,899 Kms",1st Owner,2017,17.9,Diesel,2017,Comprehensive,7 Speed,Automatic,5 Seats,KOLKATA
₹ 6.25 Lakh,MUV,"55,000 Kms",1st Owner,2016,24.52,Diesel,2016,Third Party insurance,5 Speed,Manual,7 Seats,KOLKATA
₹ 6.50 Lakh,Hatchback,"9,000 Kms",1st Owner,2021,20.7,Petrol,2021,Third Party,5-Speed,Manual,5 Seats,KOLKATA
₹ 1.75 Lakh,Hatchback,"40,000 Kms",1st Owner,2010,15.6,Petrol,2010,Third Party insurance,5 Speed,Manual,5 Seats,KOLKATA
₹ 8.99 Lakh,Sedan,"20,000 Kms",1st Owner,2019,17.0,Petrol,2019,Comprehensive,6 Speed,Manual,5 Seats,KOLKATA
₹ 8.50 Lakh,SUV,"1,20,000 Kms",2nd Owner,2016,15.4,Diesel,2016,Third Party insurance,5 Speed,Manual,7 Seats,KOLKATA
₹ 2.80 Lakh,Hatchback,"30,000 Kms",2nd Owner,2017,23.95,Petrol,2017,Third Party insurance,5 Speed,Manual,5 Seats,KOLKATA
₹ 9 Lakh,SUV,"60,000 Kms",1st Owner,2021,16.35,Petrol,2021,Third Party insurance,6-Speed,Automatic,5 Seats,KOLKATA
₹ 25.50 Lakh,SUV,"10,000 Kms",1st Owner,2021,17.1,Diesel,2021,Third Party insurance,6 Speed,Manual,5 Seats,KOLKATA
₹ 11.70 Lakh,SUV,"55,330 Kms",1st Owner,2017,16.3,Diesel,2017,Comprehensive,6 Speed,Manual,5 Seats,KOLKATA
₹ 3.84 Lakh,Sedan,"32,152 Kms",1st Owner,2015,22.41,Petrol,2015,Comprehensive,5 Speed,Manual,5 Seats,KOLKATA
₹ 2.92 Lakh,Hatchback,"66,906 Kms",2nd Owner,2014,18.9,Petrol,2014,Third Party,5 Speed,Manual,5 Seats,KOLKATA
₹ 7 Lakh,SUV,"56,000 Kms",1st Owner,2016,19.67,Diesel,2016,Third Party insurance,6 Speed,Manual,5 Seats,KOLKATA
₹ 6.47 Lakh,Hatchback,"23,055 Kms",1st Owner,2020,18.24,Petrol,2020,Third Party,6 Speed,Manual,5 Seats,KOLKATA
₹ 6.86 Lakh,SUV,"68,132 Kms",1st Owner,2018,20.37,Diesel,2018,Comprehensive,6 Speed,Manual,5 Seats,KOLKATA
₹ 1.40 Lakh,Hatchback,"60,000 Kms",2nd Owner,2011,18.4,Diesel,2011,Third Party insurance,5 Speed,Manual,5 Seats,KOLKATA
₹ 3.75 Lakh,Sedan,"76,932 Kms",1st Owner,2014,22.41,Petrol,2014,Third Party,5 Speed,Manual,5 Seats,KOLKATA
₹ 14 Lakh,SUV,"60,000 Kms",1st Owner,2020,13.96,Petrol,2020,Third Party insurance,6 Speed,Automatic,5 Seats,KOLKATA
₹ 7.03 Lakh,SUV,"89,912 Kms",1st Owner,2019,24.3,Diesel,2019,Comprehensive,5 Speed,Automatic,5 Seats,KOLKATA
₹ 3.64 Lakh,Sedan,"1,02,813 Kms",1st Owner,2014,26.0,Diesel,2014,Comprehensive,6 Speed ,Manual,5 Seats,KOLKATA
₹ 4.50 Lakh,Sedan,"55,155 Kms",1st Owner,2015,26.0,Diesel,2015,Third Party insurance,6 Speed ,Manual,5 Seats,KOLKATA
₹ 4 Lakh,SUV,"20,000 Kms",1st Owner,2016,18.15,Petrol,2016,Third Party insurance,5 Speed,Manual,6 Seats,KOLKATA
₹ 3.92 Lakh,Hatchback,"70,000 Kms",1st Owner,2018,18.9,Petrol,2018,Third Party,5 Speed,Manual,5 Seats,KOLKATA
₹ 27 Lakh,SUV,"1,23,153 Kms",2nd Owner,2018,15.04,Diesel,2018,Comprehensive,6 Speed,Automatic,7 Seats,KOLKATA
₹ 3 Lakh,Hatchback,"40,000 Kms",2nd Owner,2013,20.36,Petrol,2013,Third Party insurance,5 Speed,Manual,5 Seats,KOLKATA
₹ 24.75 Lakh,SUV,"10,830 Kms",1st Owner,2021,17.1,Diesel,2021,Comprehensive,6 Speed,Manual,5 Seats,KOLKATA
₹ 8.60 Lakh,Sedan,"50,000 Kms",1st Owner,2018,17.0,Petrol,2018,Third Party insurance,6 Speed,Manual,5 Seats,KOLKATA
₹ 20 Lakh,Sedan,"64,846 Kms",2nd Owner,2017,18.25,Diesel,2017,Comprehensive,7 Speed,Automatic,5 Seats,KOLKATA
₹ 28.50 Lakh,Sedan,"49,100 Kms",1st Owner,2018,18.53,Diesel,2018,Comprehensive,7 Speed,Automatic,5 Seats,KOLKATA
₹ 25 Lakh,SUV,"90,089 Kms",1st Owner,2014,11.3,Diesel,2014,Comprehensive,7 Speed,Automatic,7 Seats,KOLKATA
₹ 3.72 Lakh,Sedan,"63,950 Kms",1st Owner,2014,17.4,Petrol,2014,Comprehensive,5 Speed ,Manual,5 Seats,KOLKATA
₹ 9.15 Lakh,Sedan,"22,990 Kms",2nd Owner,2018,18.0,Petrol,2018,Comprehensive,CVT,Automatic,5 Seats,KOLKATA
₹ 27.49 Lakh,Sedan,"15,077 Kms",2nd Owner,2016,13.0,Diesel,2016,Comprehensive,7 Speed,Automatic,5 Seats,KOLKATA
₹ 3.23 Lakh,Sedan,"69,273 Kms",1st Owner,2014,22.41,Petrol,2014,Comprehensive,5 Speed,Manual,5 Seats,KOLKATA
₹ 4.22 Lakh,SUV,"75,865 Kms",1st Owner,2014,18.88,Petrol,2014,Comprehensive,5 Speed,Manual,5 Seats,KOLKATA
₹ 12.99 Lakh,MUV,"4,066 Kms",1st Owner,2022,18.9,Petrol,2022,Comprehensive,6-Speed,Manual,7 Seats,KOLKATA
₹ 10.52 Lakh,SUV,"67,092 Kms",1st Owner,2019,16.8,Petrol,2019,Third Party,6-Speed,Manual,5 Seats,KOLKATA
₹ 2.28 Lakh,Hatchback,"38,000 Kms",1st Owner,2012,18.6,Petrol,2012,Comprehensive,5 Speed,Manual,5 Seats,KOLKATA
₹ 3.12 Lakh,Sedan,"78,121 Kms",1st Owner,2012,22.32,Diesel,2012,Third Party insurance,4 Speed,Manual,5 Seats,KOLKATA
₹ 2.76 Lakh,Sedan,"99,103 Kms",1st Owner,2014,25.8,Diesel,2014,Third Party insurance,5 Speed,Manual,5 Seats,KOLKATA
₹ 3 Lakh,Hatchback,"40,000 Kms",1st Owner,2016,23.84,Petrol,2016,Third Party insurance,5 Speed,Manual,5 Seats,KOLKATA
₹ 15.99 Lakh,SUV,"9,000 Kms",1st Owner,2022,18.9,Diesel,2022,Comprehensive,6-speed,Manual,5 Seats,KOLKATA
₹ 34.99 Lakh,SUV,"10,100 Kms",1st Owner,2020,17.05,Diesel,2020,Third Party insurance,8-Speed,Automatic,5 Seats,KOLKATA
₹ 4.25 Lakh,Hatchback,"27,119 Kms",1st Owner,2018,18.9,Petrol,2018,Comprehensive,5 Speed,Manual,5 Seats,KOLKATA
₹ 10 Lakh,SUV,"10,000 Kms",1st Owner,2022,18.15,Petrol,2022,Third Party insurance,7-Speed DCT,Automatic,5 Seats,KOLKATA
₹ 3.99 Lakh,MUV,"57,000 Kms",1st Owner,2014,24.2,Diesel,2014,Comprehensive,5 Speed,Manual,7 Seats,KOLKATA
₹ 3.95 Lakh,Hatchback,"38,000 Kms",1st Owner,2017,18.9,Petrol,2017,Comprehensive,5 Speed,Manual,5 Seats,KOLKATA
₹ 13.50 Lakh,SUV,"50,000 Kms",1st Owner,2019,15.1,Diesel,2019,Third Party insurance,6 Speed,Automatic,7 Seats,KOLKATA
₹ 1.68 Lakh,Hatchback,"70,000 Kms",1st Owner,2010,15.6,Petrol,2010,Third Party insurance,5 Speed,Manual,5 Seats,KOLKATA
₹ 16 Lakh,SUV,"40,000 Kms",2nd Owner,2020,16.5,Petrol,2020,Third Party insurance,7-Speed DCT,Automatic,5 Seats,KOLKATA
₹ 9.78 Lakh,SUV,"10,891 Kms",1st Owner,2022,17.29,Diesel,2022,Zero Dep,5 Speed,Manual,7 Seats,KOLKATA
₹ 4.15 Lakh,Hatchback,"29,558 Kms",1st Owner,2021,19.01,Petrol,2021,Third Party,5-Speed,Manual,5 Seats,KOLKATA
₹ 17 Lakh,SUV,"18,000 Kms",1st Owner,2020,17.1,Diesel,2020,Third Party insurance,9 Speed,Automatic,5 Seats,KOLKATA
₹ 4.89 Lakh,Hatchback,"29,412 Kms",1st Owner,2018,21.4,Petrol,2018,Third Party insurance,5 Speed,Manual,5 Seats,KOLKATA
₹ 2.87 Lakh,Hatchback,"59,037 Kms",1st Owner,2015,24.0,Diesel,2015,Third Party,5 Speed,Manual,5 Seats,KOLKATA
₹ 53 Lakh,Sedan,"10,000 Kms",2nd Owner,2022,23.0,Diesel,2022,Third Party insurance,9G TRONIC,Automatic,5 Seats,KOLKATA
₹ 9.51 Lakh,SUV,"73,072 Kms",1st Owner,2020,22.07,Diesel,2020,Third Party,6-Speed,Automatic,5 Seats,KOLKATA
₹ 2.55 Lakh,Hatchback,"37,100 Kms",2nd Owner,2014,21.79,Petrol,2014,Comprehensive,5 Speed,Manual,5 Seats,KOLKATA
₹ 6.63 Lakh,Hatchback,"61,113 Kms",1st Owner,2019,21.4,Petrol,2019,Zero Dep,CVT,Automatic,5 Seats,KOLKATA
₹ 1.79 Lakh,Hatchback,"47,606 Kms",1st Owner,2013,22.05,Petrol,2013,Third Party,5 Speed,Manual,5 Seats,KOLKATA
₹ 13.50 Lakh,SUV,"30,000 Kms",1st Owner,2019,19.67,Diesel,2019,Third Party insurance,6 Speed,Manual,5 Seats,KOLKATA
₹ 3 Lakh,Hatchback,"80,000 Kms",1st Owner,2015,23.1,Petrol,2015,Third Party insurance,5 Speed ,Automatic,5 Seats,KOLKATA
₹ 9 Lakh,Sedan,"40,000 Kms",1st Owner,2013,19.27,Diesel,2013,Third Party insurance,7 Speed,Automatic,5 Seats,KOLKATA
₹ 15.50 Lakh,SUV,"27,000 Kms",1st Owner,2019,17.1,Diesel,2019,Third Party,6 Speed,Manual,5 Seats,KOLKATA
₹ 13.50 Lakh,SUV,"80,000 Kms",1st Owner,2019,15.1,Diesel,2019,Third Party insurance,6 Speed,Manual,7 Seats,KOLKATA
₹ 3.25 Lakh,Sedan,"30,000 Kms",1st Owner,2015,17.57,Petrol,2015,Third Party insurance,5 Speed,Manual,5 Seats,KOLKATA
₹ 12.50 Lakh,SUV,"70,000 Kms",1st Owner,2018,15.1,Diesel,2018,Third Party insurance,6 Speed,Manual,7 Seats,KOLKATA
₹ 2.70 Lakh,Hatchback,"90,000 Kms",1st Owner,2014,24.0,Diesel,2014,Third Party insurance,5 Speed,Manual,5 Seats,KOLKATA
₹ 7.60 Lakh,Sedan,"20,000 Kms",1st Owner,2021,22.41,Petrol,2021,Third Party insurance,5 Speed,Manual,5 Seats,KOLKATA
₹ 10 Lakh,Sedan,"86,947 Kms",2nd Owner,2014,16.55,Diesel,2014,Comprehensive,7 Speed,Automatic,5 Seats,KOLKATA
₹ 7.54 Lakh,SUV,"17,466 Kms",1st Owner,2020,17.0,Petrol,2020,Third Party,6 Speed,Manual,5 Seats,KOLKATA
₹ 5.91 Lakh,SUV,"32,844 Kms",2nd Owner,2017,17.5,Petrol,2017,Third Party,5 Speed,Manual,5 Seats,KOLKATA
₹ 10.50 Lakh,MUV,"30,000 Kms",1st Owner,2020,19.01,Petrol,2020,Third Party insurance,5-Speed,Manual,6 Seats,KOLKATA
₹ 1.92 Lakh,Hatchback,"78,075 Kms",1st Owner,2011,18.3,Petrol,2011,Comprehensive,5 Speed,Manual,5 Seats,KOLKATA
₹ 6.79 Lakh,Sedan,"36,937 Kms",1st Owner,2019,17.4,Petrol,2019,Comprehensive,5 Speed,Manual,5 Seats,KOLKATA
₹ 6 Lakh,SUV,"50,000 Kms",1st Owner,2017,17.5,Petrol,2017,Third Party insurance,5 Speed,Manual,5 Seats,KOLKATA
₹ 8.10 Lakh,Sedan,"25,314 Kms",2nd Owner,2018,17.0,Petrol,2018,Third Party,6 Speed,Automatic,5 Seats,KOLKATA
₹ 34 Lakh,SUV,"51,620 Kms",2nd Owner,2018,15.68,Diesel,2018,Third Party,9 Speed,Automatic,5 Seats,KOLKATA
₹ 2.87 Lakh,Sedan,"93,097 Kms",1st Owner,2012,15.04,Petrol,2012,Third Party,5 Speed,Manual,5 Seats,KOLKATA
₹ 1.40 Lakh,Hatchback,"76,672 Kms",3rd Owner,2010,18.9,Petrol,2010,Third Party,5 Speed,Manual,5 Seats,KOLKATA
₹ 5.25 Lakh,Sedan,"42,000 Kms",2nd Owner,2015,25.1,Diesel,2015,Third Party,6 Speed ,Manual,5 Seats,KOLKATA
₹ 39 Lakh,Sedan,"44,226 Kms",3rd Owner,2018,17.09,Diesel,2018,Comprehensive,8 Speed,Automatic,4 Seats,KOLKATA
₹ 1.20 Lakh,Sedan,"30,000 Kms",2nd Owner,2009,15.3,Petrol,2009,Third Party insurance,5 Speed,Manual,5 Seats,KOLKATA
₹ 2 Lakh,Hatchback,"40,000 Kms",1st Owner,2013,16.47,Petrol,2013,Third Party insurance,5 Speed,Manual,5 Seats,KOLKATA
₹ 32.50 Lakh,SUV,"13,400 Kms",1st Owner,2022,15.7,Diesel,2022,Third Party insurance,9-Speed,Automatic,7 Seats,KOLKATA
₹ 3.40 Lakh,Hatchback,"19,720 Kms",1st Owner,2019,23.01,Petrol,2019,Comprehensive,5 Speed,Manual,5 Seats,KOLKATA
₹ 19 Lakh,SUV,"4,732 Kms",1st Owner,2023,27.97,Petrol,2023,Comprehensive,eCVT,Automatic,5 Seats,KOLKATA
₹ 15 Lakh,SUV,"38,380 Kms",1st Owner,2021,11.67,Petrol,2021,Comprehensive,6-speed DCT,Automatic,6 Seats,KOLKATA
₹ 2.95 Lakh,SUV,"67,357 Kms",1st Owner,2010,12.05,Diesel,2010,Comprehensive,5 Speed,Manual,9 Seats,KOLKATA
"₹ 99,000 ",Hatchback,"40,000 Kms",1st Owner,2010,19.0,Petrol,2010,Third Party insurance,5 Speed,Manual,5 Seats,KOLKATA
₹ 3.57 Lakh,Hatchback,"35,912 Kms",1st Owner,2019,23.84,Petrol,2019,Third Party insurance,5 Speed,Manual,5 Seats,KOLKATA
₹ 5.44 Lakh,Hatchback,"22,343 Kms",1st Owner,2019,21.4,Petrol,2019,Third Party,5 Speed,Manual,5 Seats,KOLKATA
₹ 2.10 Lakh,Hatchback,"10,000 Kms",1st Owner,2013,21.1,Petrol,2013,Third Party insurance,5 Speed,Manual,5 Seats,KOLKATA
₹ 4.13 Lakh,SUV,"85,735 Kms",2nd Owner,2015,19.64,Diesel,2015,Third Party,6 Speed,Manual,5 Seats,KOLKATA
₹ 1.40 Lakh,Hatchback,"42,792 Kms",1st Owner,2011,24.39,Petrol,2011,Comprehensive,5 Speed,Manual,5 Seats,KOLKATA
₹ 11.95 Lakh,SUV,"42,503 Kms",1st Owner,2020,18.9,Diesel,2020,Comprehensive,6 Speed,Manual,7 Seats,KOLKATA
₹ 1.40 Lakh,Hatchback,"96,609 Kms",2nd Owner,2011,18.5,Petrol,2011,Comprehensive,5 Speed,Manual,5 Seats,KOLKATA
₹ 2.50 Lakh,Hatchback,"78,990 Kms",1st Owner,2015,27.3,Diesel,2015,Third Party insurance,6 Speed,Manual,5 Seats,KOLKATA
₹ 4.29 Lakh,Sedan,"51,618 Kms",2nd Owner,2016,17.8,Petrol,2016,Comprehensive,5 Speed,Manual,5 Seats,KOLKATA
₹ 11.11 Lakh,SUV,"83,508 Kms",2nd Owner,2019,15.1,Diesel,2019,Third Party insurance,6 Speed,Manual,7 Seats,KOLKATA
₹ 1 Lakh,Hatchback,"40,000 Kms",1st Owner,2007,17.92,Petrol,2007,Third Party insurance,5 Speed,Manual,5 Seats,KOLKATA
₹ 2.65 Lakh,Sedan,"60,000 Kms",2nd Owner,2010,12.6,Petrol,2010,Third Party insurance,7 Speed,Automatic,5 Seats,KOLKATA
₹ 10.25 Lakh,SUV,"25,000 Kms",1st Owner,2021,16.5,Petrol,2021,Third Party insurance,6 Speed,Automatic,5 Seats,KOLKATA
₹ 8.55 Lakh,Hatchback,"14,636 Kms",1st Owner,2022,21.0,Petrol,2022,Comprehensive,5 Speed,Manual,5 Seats,KOLKATA
₹ 7 Lakh,SUV,"80,000 Kms",2nd Owner,2016,16.0,Diesel,2016,Third Party insurance,6 Speed,Manual,7 Seats,KOLKATA
₹ 8.30 Lakh,Sedan,"20,000 Kms",1st Owner,2021,18.3,Petrol,2021,Third Party insurance,CVT,Automatic,5 Seats,KOLKATA
₹ 6.91 Lakh,Sedan,"20,000 Kms",1st Owner,2020,20.5,Petrol,2020,Third Party insurance,5-Speed,Manual,5 Seats,KOLKATA
₹ 7.99 Lakh,Sedan,"13,000 Kms",1st Owner,2018,17.0,Petrol,2018,Third Party,6 Speed,Manual,5 Seats,KOLKATA
₹ 15.50 Lakh,SUV,"22,000 Kms",1st Owner,2019,17.1,Diesel,2019,Third Party,6 Speed,Manual,5 Seats,KOLKATA
₹ 7.50 Lakh,Sedan,"20,000 Kms",1st Owner,2021,22.41,Petrol,2021,Third Party insurance,5 Speed,Manual,5 Seats,KOLKATA
₹ 1.78 Lakh,Hatchback,"59,005 Kms",1st Owner,2014,17.92,Petrol,2014,Third Party,5 Speed,Manual,5 Seats,KOLKATA
₹ 1.63 Lakh,Hatchback,"71,156 Kms",2nd Owner,2010,22.38,Petrol,2010,Third Party,5-Speed,Manual,5 Seats,KOLKATA
₹ 6.62 Lakh,Sedan,"50,000 Kms",1st Owner,2018,17.4,Petrol,2018,Comprehensive,5 Speed,Manual,5 Seats,KOLKATA
₹ 2.80 Lakh,Hatchback,"2,707 Kms",1st Owner,2019,22.05,Petrol,2019,Third Party insurance,5 Speed,Manual,5 Seats,KOLKATA
₹ 3.72 Lakh,Hatchback,"78,211 Kms",1st Owner,2020,20.3,Petrol,2020,Third Party,5 Speed,Manual,5 Seats,KOLKATA
₹ 6 Lakh,Sedan,"67,793 Kms",1st Owner,2017,22.0,Diesel,2017,Third Party insurance,6 Speed,Manual,5 Seats,KOLKATA
₹ 3.11 Lakh,Hatchback,"48,548 Kms",1st Owner,2017,27.28,Diesel,2017,Third Party,5 Speed,Manual,5 Seats,KOLKATA
₹ 2 Lakh,Sedan,"1,50,000 Kms",1st Owner,2013,19.68,Diesel,2013,Third Party insurance,5 Speed,Manual,5 Seats,KOLKATA
₹ 1.62 Lakh,Hatchback,"46,559 Kms",1st Owner,2010,19.0,Petrol,2010,Third Party,5 Speed,Manual,5 Seats,KOLKATA
₹ 5.27 Lakh,SUV,"93,177 Kms",1st Owner,2015,15.29,Petrol,2015,Comprehensive,6 Speed,Manual,5 Seats,KOLKATA
₹ 8 Lakh,Sedan,"60,000 Kms",3rd Owner,2017,18.23,Diesel,2017,Third Party insurance,6 Speed,Automatic,5 Seats,KOLKATA
₹ 27.50 Lakh,SUV,"60,001 Kms",1st Owner,2017,17.9,Diesel,2017,Comprehensive,9 Speed,Automatic,5 Seats,KOLKATA
₹ 2.99 Lakh,Hatchback,"45,000 Kms",1st Owner,2014,18.6,Petrol,2014,Comprehensive,5 Speed,Manual,5 Seats,KOLKATA
₹ 7.25 Lakh,Sedan,"10,000 Kms",1st Owner,2022,20.1,Petrol,2022,Third Party insurance,5-Speed,Automatic,5 Seats,KOLKATA
₹ 6 Lakh,Sedan,"40,000 Kms",3rd Owner,2018,19.1,Petrol,2018,Third Party insurance,6 Speed,Manual,5 Seats,KOLKATA
₹ 9 Lakh,Sedan,"38,506 Kms",1st Owner,2019,22.0,Diesel,2019,Third Party insurance,6 Speed,Automatic,5 Seats,KOLKATA
₹ 2.75 Lakh,Sedan,"60,000 Kms",1st Owner,2015,18.0,Petrol,2015,Third Party insurance,5 Speed,Manual,5 Seats,KOLKATA
₹ 4.80 Lakh,Hatchback,"10,000 Kms",1st Owner,2021,22.0,Petrol,2021,Third Party insurance,5 Speed,Automatic,5 Seats,KOLKATA
₹ 1.30 Lakh,Hatchback,"50,000 Kms",1st Owner,2008,19.81,Petrol,2008,Third Party insurance,5 Speed,Manual,5 Seats,KOLKATA
₹ 3.25 Lakh,Hatchback,"28,000 Kms",1st Owner,2017,23.1,Petrol,2017,Comprehensive,5 Speed ,Manual,5 Seats,KOLKATA
₹ 1.57 Lakh,Hatchback,"49,342 Kms",2nd Owner,2011,19.81,Petrol,2011,Third Party,5 Speed,Manual,5 Seats,KOLKATA
₹ 1.77 Lakh,Hatchback,"76,725 Kms",2nd Owner,2010,20.36,Petrol,2010,Third Party,5 Speed,Manual,5 Seats,KOLKATA
₹ 1 Lakh,Hatchback,"80,000 Kms",2nd Owner,2009,19.0,Petrol,2009,Third Party insurance,5 Speed,Manual,5 Seats,KOLKATA
₹ 5.10 Lakh,SUV,"83,234 Kms",1st Owner,2018,21.5,Diesel,2018,Third Party insurance,6 Speed,Manual,5 Seats,KOLKATA
₹ 7.12 Lakh,SUV,"9,595 Kms",1st Owner,2021,19.17,Petrol,2021,Third Party insurance,5 Speed,Manual,5 Seats,KOLKATA
₹ 5 Lakh,Hatchback,"30,000 Kms",1st Owner,2018,21.4,Petrol,2018,Third Party insurance,5 Speed,Manual,5 Seats,KOLKATA
₹ 8.11 Lakh,SUV,"6,948 Kms",1st Owner,2021,20.5,Petrol,2021,Comprehensive,5 Speed,Manual,5 Seats,KOLKATA
₹ 4.25 Lakh,SUV,"45,000 Kms",1st Owner,2015,18.88,Petrol,2015,Comprehensive,5 Speed,Manual,5 Seats,KOLKATA
₹ 6.94 Lakh,Hatchback,"9,943 Kms",1st Owner,2022,20.7,Petrol,2022,Comprehensive,5-Speed,Automatic,5 Seats,KOLKATA
₹ 1.70 Lakh,Hatchback,"31,062 Kms",3rd Owner,2013,22.74,Petrol,2013,Comprehensive,5 Speed,Manual,5 Seats,KOLKATA
₹ 2.55 Lakh,Hatchback,"40,000 Kms",2nd Owner,2017,23.01,Petrol,2017,Third Party insurance,5 Speed,Manual,5 Seats,KOLKATA
₹ 1.85 Lakh,Hatchback,"57,000 Kms",2nd Owner,2010,20.36,Petrol,2010,Third Party insurance,5 Speed,Manual,5 Seats,KOLKATA
₹ 3.50 Lakh,Sedan,"60,000 Kms",1st Owner,2011,18.1,Diesel,2011,Third Party insurance,6 Speed,Automatic,5 Seats,KOLKATA
₹ 10.25 Lakh,SUV,"23,000 Kms",1st Owner,2019,15.29,Petrol,2019,Comprehensive,6 Speed,Manual,5 Seats,KOLKATA
₹ 4.30 Lakh,Hatchback,"50,000 Kms",1st Owner,2018,24.0,Diesel,2018,Third Party insurance,5 Speed,Manual,5 Seats,KOLKATA
₹ 8.50 Lakh,Sedan,"30,000 Kms",2nd Owner,2020,17.4,Petrol,2020,Third Party insurance,CVT,Automatic,5 Seats,KOLKATA
₹ 10.49 Lakh,SUV,"55,000 Kms",1st Owner,2018,16.0,Diesel,2018,Comprehensive,6 Speed,Manual,7 Seats,KOLKATA
₹ 9 Lakh,Hatchback,"20,000 Kms",1st Owner,2021,21.0,Petrol,2021,Third Party insurance,5 Speed,Manual,5 Seats,KOLKATA
₹ 3 Lakh,Hatchback,"50,000 Kms",1st Owner,2015,17.71,Petrol,2015,Third Party insurance,5 Speed ,Manual,5 Seats,KOLKATA
₹ 3.92 Lakh,Sedan,"46,940 Kms",1st Owner,2016,27.4,Diesel,2016,Comprehensive,5 Speed,Manual,5 Seats,KOLKATA
₹ 5.78 Lakh,Hatchback,"12,315 Kms",1st Owner,2022,23.56,Petrol,2022,Comprehensive,5 Speed,Manual,5 Seats,KOLKATA
₹ 2.10 Lakh,Hatchback,"15,584 Kms",1st Owner,2013,22.74,Petrol,2013,Comprehensive,5 Speed,Manual,5 Seats,KOLKATA
₹ 4.10 Lakh,Sedan,"64,400 Kms",1st Owner,2014,26.0,Diesel,2014,Comprehensive,6 Speed,Manual,5 Seats,KOLKATA
₹ 6.16 Lakh,Hatchback,"13,067 Kms",1st Owner,2018,21.21,Petrol,2018,Comprehensive,5,Automatic,5 Seats,KOLKATA
₹ 3.32 Lakh,Hatchback,"15,264 Kms",1st Owner,2021,22.05,Petrol,2021,Comprehensive,5 Speed,Manual,5 Seats,KOLKATA
₹ 18.25 Lakh,SUV,"11,853 Kms",1st Owner,2022,18.0,Diesel,2022,Comprehensive,6-Speed,Automatic,5 Seats,KOLKATA
₹ 3.79 Lakh,Hatchback,"7,843 Kms",1st Owner,2019,23.95,Petrol,2019,Comprehensive,5 Speed,Manual,5 Seats,KOLKATA
₹ 8.50 Lakh,Hatchback,"2,501 Kms",1st Owner,2021,19.65,Petrol,2021,Third Party insurance,IVT,Automatic,5 Seats,KOLKATA
₹ 3.79 Lakh,Hatchback,"9,285 Kms",1st Owner,2022,22.05,Petrol,2022,Comprehensive,5 Speed,Manual,5 Seats,KOLKATA
₹ 2.10 Lakh,Hatchback,"51,215 Kms",1st Owner,2014,22.74,Petrol,2014,Comprehensive,5 Speed,Manual,5 Seats,KOLKATA
₹ 22.99 Lakh,SUV,"23,400 Kms",1st Owner,2022,18.9,Diesel,2022,Third Party insurance,6-Speed,Automatic,7 Seats,KOLKATA
₹ 13.50 Lakh,SUV,"11,000 Kms",1st Owner,2021,16.8,Petrol,2021,Comprehensive,6-Speed,Manual,5 Seats,KOLKATA
₹ 14.50 Lakh,SUV,"10,000 Kms",1st Owner,2021,15.1,Diesel,2021,Third Party insurance,6 Speed,Manual,7 Seats,KOLKATA
₹ 6.50 Lakh,SUV,"40,000 Kms",1st Owner,2021,17.52,Petrol,2021,Third Party insurance,5-Speed,Manual,5 Seats,KOLKATA
₹ 4 Lakh,MUV,"25,000 Kms",1st Owner,2014,17.3,Petrol,2014,Comprehensive,5 Speed,Manual,7 Seats,KOLKATA
₹ 12.70 Lakh,SUV,"55,000 Kms",1st Owner,2021,18.9,Diesel,2021,Comprehensive,6 Speed,Manual,7 Seats,KOLKATA
₹ 1.65 Lakh,Hatchback,"80,000 Kms",4th Owner,2010,16.1,Petrol,2010,Third Party insurance,5 Speed,Manual,5 Seats,KOLKATA
₹ 9.70 Lakh,SUV,"8,126 Kms",1st Owner,2021,18.27,Petrol,2021,Comprehensive,6-Speed,Manual,5 Seats,KOLKATA
₹ 3.30 Lakh,Hatchback,"42,000 Kms",1st Owner,2016,20.51,Petrol,2016,Comprehensive,5 Speed,Automatic,5 Seats,KOLKATA
₹ 3.70 Lakh,Sedan,"32,000 Kms",2nd Owner,2013,23.4,Diesel,2013,Comprehensive,5 Speed,Manual,5 Seats,KOLKATA
₹ 3.08 Lakh,Hatchback,"11,736 Kms",1st Owner,2019,24.7,Petrol,2019,Comprehensive,5 Speed,Manual,5 Seats,KOLKATA
₹ 2.85 Lakh,Hatchback,"21,679 Kms",1st Owner,2014,20.36,Petrol,2014,Comprehensive,5 Speed,Manual,5 Seats,KOLKATA
₹ 7 Lakh,SUV,"39,000 Kms",1st Owner,2017,24.3,Diesel,2017,Third Party insurance,5 Speed,Manual,5 Seats,KOLKATA
₹ 3.67 Lakh,Hatchback,"11,333 Kms",1st Owner,2021,22.05,Petrol,2021,Comprehensive,5 Speed,Manual,5 Seats,KOLKATA
₹ 3.19 Lakh,Hatchback,"13,440 Kms",1st Owner,2019,22.05,Petrol,2019,Comprehensive,5 Speed,Manual,5 Seats,KOLKATA
₹ 16.95 Lakh,Sedan,"46,900 Kms",2nd Owner,2019,18.19,Diesel,2019,Third Party insurance,6 Speed,Automatic,5 Seats,KOLKATA
₹ 4.99 Lakh,Hatchback,"18,930 Kms",1st Owner,2020,32.52,CNG,2020,Comprehensive,5 Speed,Manual,5 Seats,KOLKATA
₹ 10 Lakh,SUV,"80,000 Kms",1st Owner,2018,16.0,Diesel,2018,Third Party insurance,6 Speed,Manual,7 Seats,KOLKATA
₹ 4.70 Lakh,Hatchback,"17,851 Kms",1st Owner,2020,32.52,CNG,2020,Comprehensive,5 Speed,Manual,5 Seats,KOLKATA
₹ 3.40 Lakh,Hatchback,"22,392 Kms",1st Owner,2021,22.05,Petrol,2021,Comprehensive,5 Speed,Manual,5 Seats,KOLKATA
₹ 14.50 Lakh,MUV,"29,017 Kms",1st Owner,2022,16.2,Petrol,2022,Comprehensive,6-Speed,Manual,7 Seats,KOLKATA
₹ 15.95 Lakh,SUV,"9,000 Kms",1st Owner,2021,14.1,Petrol,2021,Comprehensive,6 Speed,Manual,5 Seats,KOLKATA
"₹ 50,000 ",Hatchback,"30,000 Kms",1st Owner,2003,17.3,Petrol,2003,Third Party insurance,5 Speed,Manual,5 Seats,KOLKATA
₹ 2.70 Lakh,Hatchback,"10,000 Kms",1st Owner,2017,21.1,Petrol,2017,Third Party insurance,5 Speed,Manual,5 Seats,KOLKATA
₹ 8.75 Lakh,SUV,"30,559 Kms",1st Owner,2021,18.27,Petrol,2021,Comprehensive,6-Speed,Manual,5 Seats,KOLKATA
₹ 8.50 Lakh,SUV,"60,000 Kms",2nd Owner,2018,17.6,Diesel,2018,Third Party insurance,6 Speed,Automatic,5 Seats,KOLKATA
₹ 3 Lakh,Sedan,"50,000 Kms",1st Owner,2016,18.16,Petrol,2016,Third Party insurance,5 Speed,Manual,5 Seats,KOLKATA
₹ 2.50 Lakh,Hatchback,"20,000 Kms",1st Owner,2012,18.5,Petrol,2012,Third Party insurance,5 Speed,Manual,5 Seats,KOLKATA
₹ 5.40 Lakh,Hatchback,"10,000 Kms",1st Owner,2022,22.0,Petrol,2022,Third Party insurance,5 Speed,Automatic,5 Seats,KOLKATA
₹ 3.30 Lakh,Hatchback,"19,830 Kms",1st Owner,2014,18.16,Petrol,2014,Comprehensive,5 Speed,Manual,5 Seats,KOLKATA
₹ 4.09 Lakh,Hatchback,"24,670 Kms",1st Owner,2020,21.7,Petrol,2020,Comprehensive,5 Speed,Manual,5 Seats,KOLKATA
₹ 4.84 Lakh,Hatchback,"14,327 Kms",1st Owner,2019,18.9,Petrol,2019,Comprehensive,5 Speed,Manual,5 Seats,KOLKATA
₹ 14 Lakh,SUV,"50,000 Kms",1st Owner,2018,17.1,Diesel,2018,Third Party insurance,6 Speed,Manual,5 Seats,KOLKATA
₹ 2.39 Lakh,Hatchback,"18,987 Kms",1st Owner,2014,20.92,Petrol,2014,Comprehensive,5 Speed,Manual,5 Seats,KOLKATA
₹ 3.35 Lakh,Hatchback,"55,973 Kms",1st Owner,2019,23.95,Petrol,2019,Comprehensive,5 Speed,Manual,5 Seats,KOLKATA
₹ 10.65 Lakh,Sedan,"9,000 Kms",2nd Owner,2021,18.45,Petrol,2021,Comprehensive,6 Speed IVT,Automatic,5 Seats,KOLKATA
₹ 3.15 Lakh,Hatchback,"27,094 Kms",1st Owner,2019,24.7,Petrol,2019,Comprehensive,5 Speed,Manual,5 Seats,KOLKATA
"₹ 80,000 ",Hatchback,"60,000 Kms",2nd Owner,2008,19.7,Petrol,2008,Third Party insurance,5 Speed,Manual,5 Seats,KOLKATA
₹ 6.14 Lakh,Hatchback,"4,914 Kms",1st Owner,2020,20.7,Petrol,2020,Comprehensive,5-Speed,Manual,5 Seats,KOLKATA
₹ 2.51 Lakh,Hatchback,"25,171 Kms",1st Owner,2013,19.0,Petrol,2013,Comprehensive,5 Speed,Manual,5 Seats,KOLKATA
₹ 5.75 Lakh,SUV,"40,000 Kms",1st Owner,2018,17.0,Petrol,2018,Third Party insurance,6 Speed,Manual,5 Seats,KOLKATA
₹ 9.99 Lakh,SUV,"42,000 Kms",1st Owner,2018,17.1,Diesel,2018,Comprehensive,6 Speed,Manual,5 Seats,KOLKATA
₹ 6.99 Lakh,SUV,"28,400 Kms",1st Owner,2020,18.27,Petrol,2020,Third Party,6-Speed,Manual,5 Seats,KOLKATA
₹ 17.50 Lakh,SUV,"20,857 Kms",1st Owner,2021,18.9,Diesel,2021,Comprehensive,6 Speed,Automatic,4 Seats,KOLKATA
₹ 1.75 Lakh,Sedan,"61,000 Kms",1st Owner,2009,16.8,Diesel,2009,Third Party,5 Speed,Manual,5 Seats,KOLKATA
₹ 5.99 Lakh,SUV,"75,760 Kms",1st Owner,2015,15.1,Diesel,2015,Comprehensive,6 Speed ,Manual,7 Seats,KOLKATA
₹ 3.35 Lakh,Hatchback,"31,000 Kms",1st Owner,2015,18.9,Petrol,2015,Third Party insurance,5 Speed,Manual,5 Seats,KOLKATA
₹ 4.50 Lakh,Sedan,"54,000 Kms",1st Owner,2015,19.08,Diesel,2015,Third Party insurance,4 Speed ,Automatic,5 Seats,KOLKATA
₹ 3 Lakh,Hatchback,"60,000 Kms",2nd Owner,2014,16.47,Petrol,2014,Third Party insurance,5 Speed,Manual,5 Seats,KOLKATA
₹ 1.99 Lakh,Hatchback,"68,943 Kms",1st Owner,2013,19.4,Petrol,2013,Third Party insurance,5 Speed,Manual,5 Seats,KOLKATA
₹ 3.99 Lakh,Hatchback,"8,582 Kms",1st Owner,2022,22.05,Petrol,2022,Comprehensive,5 Speed,Manual,5 Seats,KOLKATA
₹ 3.29 Lakh,Hatchback,"22,868 Kms",1st Owner,2019,22.05,Petrol,2019,Comprehensive,5 Speed,Manual,5 Seats,KOLKATA
₹ 5.50 Lakh,SUV,"76,165 Kms",1st Owner,2016,24.3,Diesel,2016,Comprehensive,5 Speed,Manual,5 Seats,KOLKATA
₹ 5.74 Lakh,Hatchback,"27,047 Kms",1st Owner,2020,20.7,Petrol,2020,Comprehensive,5-Speed,Manual,5 Seats,KOLKATA
₹ 5.22 Lakh,Sedan,"35,538 Kms",1st Owner,2017,21.21,Petrol,2017,Comprehensive,5 Speed,Automatic,5 Seats,KOLKATA
₹ 14 Lakh,SUV,"8,700 Kms",1st Owner,2023,18.9,Diesel,2023,Comprehensive,6-Speed iMT,Automatic,5 Seats,KOLKATA
₹ 3.99 Lakh,Hatchback,"76,293 Kms",1st Owner,2016,22.0,Petrol,2016,Comprehensive,5,Manual,5 Seats,KOLKATA
₹ 1.85 Lakh,Hatchback,"34,000 Kms",1st Owner,2018,20.63,Petrol,2018,Comprehensive,5 Speed,Manual,5 Seats,KOLKATA
₹ 12.99 Lakh,Sedan,"12,113 Kms",1st Owner,2022,18.3,Petrol,2022,Comprehensive,CVT,Automatic,5 Seats,KOLKATA
₹ 8.28 Lakh,SUV,"87,172 Kms",1st Owner,2018,15.8,Petrol,2018,Comprehensive,6 Speed,Manual,5 Seats,KOLKATA
₹ 3 Lakh,Hatchback,"20,000 Kms",1st Owner,2021,18.9,Petrol,2021,Third Party insurance,5 Speed,Manual,5 Seats,KOLKATA
₹ 3.95 Lakh,Sedan,"55,000 Kms",1st Owner,2014,26.0,Diesel,2014,Third Party insurance,6 Speed ,Manual,5 Seats,KOLKATA
₹ 2.80 Lakh,Hatchback,"51,321 Kms",1st Owner,2013,21.9,Diesel,2013,Comprehensive,6 Speed,Manual,5 Seats,KOLKATA
₹ 48.99 Lakh,SUV,"29,781 Kms",1st Owner,2019,15.68,Petrol,2019,Comprehensive,9 Speed,Automatic,5 Seats,KOLKATA
₹ 12.50 Lakh,SUV,"15,400 Kms",0th Owner,2022,19.2,Petrol,2022,Third Party insurance,6-speed,Manual,5 Seats,KOLKATA
₹ 8.99 Lakh,SUV,"21,000 Kms",2nd Owner,2021,21.7,Diesel,2021,Comprehensive,5 Speed,Manual,5 Seats,KOLKATA
₹ 8.50 Lakh,SUV,"34,000 Kms",1st Owner,2019,20.5,Diesel,2019,Third Party insurance,6 Speed,Manual,5 Seats,KOLKATA
₹ 32 Lakh,SUV,"19,000 Kms",1st Owner,2021,12.4,Diesel,2021,Third Party insurance,8 speed,Automatic,6 Seats,KOLKATA
₹ 2.46 Lakh,Hatchback,"65,595 Kms",1st Owner,2015,21.1,Petrol,2015,Comprehensive,5 Speed,Manual,5 Seats,KOLKATA
₹ 4.80 Lakh,SUV,"10,000 Kms",1st Owner,2014,22.7,Diesel,2014,Third Party insurance,5 Speed,Manual,5 Seats,KOLKATA
₹ 11.21 Lakh,SUV,"51,441 Kms",1st Owner,2018,15.1,Diesel,2018,Comprehensive,6 Speed,Manual,7 Seats,KOLKATA
₹ 4.19 Lakh,SUV,"70,057 Kms",3rd Owner,2014,22.7,Diesel,2014,Comprehensive,5 Speed,Manual,5 Seats,KOLKATA
₹ 10.50 Lakh,SUV,"14,000 Kms",1st Owner,2020,16.8,Petrol,2020,Third Party,6-Speed,Manual,5 Seats,KOLKATA
₹ 7.34 Lakh,Sedan,"35,984 Kms",1st Owner,2020,18.97,Petrol,2020,Comprehensive,6 Speed,Manual,5 Seats,KOLKATA
₹ 5.65 Lakh,SUV,"80,443 Kms",1st Owner,2017,20.37,Diesel,2017,Comprehensive,6 Speed,Manual,5 Seats,KOLKATA
₹ 2 Lakh,MUV,"1,50,000 Kms",2nd Owner,2008,12.8,Diesel,2008,Third Party insurance,5 Speed,Manual,8 Seats,KOLKATA
₹ 6.29 Lakh,SUV,"87,893 Kms",2nd Owner,2014,15.1,Diesel,2014,Comprehensive,6 Speed ,Manual,7 Seats,KOLKATA
"₹ 65,000 ",Hatchback,"1,20,000 Kms",2nd Owner,2009,17.3,LPG,2009,Third Party insurance,5 Speed,Manual,5 Seats,KOLKATA
₹ 5.19 Lakh,Hatchback,"49,441 Kms",1st Owner,2015,21.19,Diesel,2015,Comprehensive,6 Speed,Manual,5 Seats,KOLKATA
₹ 16.07 Lakh,SUV,"6,015 Kms",1st Owner,2022,14.34,Petrol,2022,Comprehensive,6 Speed,Automatic,5 Seats,KOLKATA
₹ 13 Lakh,SUV,"30,908 Kms",2nd Owner,2021,18.9,Petrol,2021,Comprehensive,6-speed,Manual,5 Seats,KOLKATA
₹ 11 Lakh,SUV,"34,441 Kms",1st Owner,2017,17.1,Diesel,2017,Third Party insurance,6 Speed,Manual,5 Seats,KOLKATA
₹ 2 Lakh,SUV,"74,000 Kms",1st Owner,2010,14.0,Petrol,2010,Third Party insurance,5 Speed,Manual,5 Seats,KOLKATA
₹ 8.50 Lakh,MUV,"30,000 Kms",1st Owner,2019,19.34,Petrol,2019,Third Party insurance,5 Speed,Manual,7 Seats,KOLKATA
₹ 10 Lakh,SUV,"68,000 Kms",1st Owner,2014,15.73,Diesel,2014,Third Party insurance,7-Speed S-Tronic ,Automatic,5 Seats,KOLKATA
₹ 1.50 Lakh,Hatchback,"55,000 Kms",1st Owner,2014,15.6,Petrol,2014,Third Party insurance,5 Speed,Manual,5 Seats,KOLKATA
₹ 2.39 Lakh,Hatchback,"37,000 Kms",1st Owner,2014,20.36,Petrol,2014,Comprehensive,5 Speed,Manual,5 Seats,KOLKATA
₹ 2.80 Lakh,MUV,"40,000 Kms",1st Owner,2016,20.62,Petrol,2016,Third Party insurance,5 Speed,Manual,7 Seats,KOLKATA
₹ 20.50 Lakh,SUV,"40,300 Kms",1st Owner,2021,14.9,Diesel,2021,Third Party insurance,9 Speed,Automatic,5 Seats,KOLKATA
₹ 4.50 Lakh,MUV,"1,25,000 Kms",1st Owner,2011,12.8,Diesel,2011,Third Party insurance,5 Speed,Manual,8 Seats,KOLKATA
₹ 3.16 Lakh,Hatchback,"43,317 Kms",1st Owner,2020,22.05,Petrol,2020,Comprehensive,5 Speed,Manual,5 Seats,KOLKATA
₹ 3.36 Lakh,Hatchback,"21,298 Kms",1st Owner,2020,22.05,Petrol,2020,Comprehensive,5 Speed,Manual,5 Seats,KOLKATA
₹ 16 Lakh,SUV,"10,000 Kms",1st Owner,2023,18.9,Electric,2023,Third Party insurance,5 Speed,Automatic,5 Seats,KOLKATA
₹ 6.87 Lakh,SUV,"33,393 Kms",1st Owner,2020,16.5,Petrol,2020,Comprehensive,5 Speed,Manual,5 Seats,KOLKATA
₹ 3.27 Lakh,Hatchback,"34,622 Kms",1st Owner,2014,24.0,Diesel,2014,Comprehensive,5 Speed,Manual,5 Seats,KOLKATA
₹ 8.95 Lakh,SUV,"1,26,254 Kms",1st Owner,2019,17.6,Diesel,2019,Comprehensive,6 Speed,Automatic,5 Seats,KOLKATA
₹ 64 Lakh,Convertibles,"31,828 Kms",3rd Owner,2014,15.15,Petrol,2014,Comprehensive,8 Speed,Automatic,2 Seats,KOLKATA
₹ 2.74 Lakh,Hatchback,"43,595 Kms",1st Owner,2016,20.63,Petrol,2016,Comprehensive,5 Speed,Manual,5 Seats,KOLKATA
₹ 4.20 Lakh,Sedan,"22,276 Kms",1st Owner,2015,20.73,Petrol,2015,Comprehensive,5 Speed,Manual,5 Seats,KOLKATA
₹ 13.50 Lakh,Sedan,"10,000 Kms",1st Owner,2023,18.9,Electric,2023,Third Party insurance,Single Speed,Automatic,5 Seats,KOLKATA
₹ 1.50 Lakh,Minivans,"1,00,000 Kms",3rd Owner,2010,15.37,Petrol,2010,Third Party insurance,5 Speed,Manual,7 Seats,KOLKATA
₹ 1.40 Lakh,Minivans,"60,000 Kms",3rd Owner,2010,15.37,Petrol,2010,Third Party insurance,5 Speed,Manual,7 Seats,KOLKATA
₹ 2.90 Lakh,Hatchback,"10,415 Kms",1st Owner,2016,20.36,Petrol,2016,Comprehensive,5 Speed,Manual,5 Seats,KOLKATA
₹ 1.60 Lakh,Minivans,"20,000 Kms",1st Owner,2013,15.37,Petrol,2013,Third Party insurance,5 Speed,Manual,5 Seats,KOLKATA
₹ 5.90 Lakh,SUV,"10,000 Kms",2nd Owner,2022,20.09,Petrol,2022,Third Party insurance,5 Speed,Manual,5 Seats,KOLKATA
₹ 36 Lakh,SUV,"60,000 Kms",1st Owner,2021,18.9,Diesel,2021,Third Party insurance,6 Speed with Sequential Shift,Automatic,7 Seats,KOLKATA
"₹ 28,000 ",Hatchback,"30,000 Kms",2nd Owner,2007,24.7,Petrol,2007,Third Party insurance,5 Speed,Manual,5 Seats,KOLKATA
"₹ 40,000 ",Hatchback,"60,000 Kms",1st Owner,2005,18.9,Petrol,2005,Third Party insurance,5 Speed,Manual,5 Seats,KOLKATA
₹ 4 Lakh,Hatchback,"90,000 Kms",1st Owner,2016,18.9,Petrol,2016,Third Party insurance,5 Speed,Manual,5 Seats,KOLKATA
₹ 7.87 Lakh,SUV,"42,015 Kms",1st Owner,2019,25.5,Diesel,2019,Comprehensive,6 Speed,Manual,5 Seats,KOLKATA
₹ 8.99 Lakh,Sedan,"72,456 Kms",1st Owner,2018,21.43,Diesel,2018,Comprehensive,6 Speed,Manual,5 Seats,KOLKATA
₹ 1.25 Lakh,Sedan,"60,000 Kms",1st Owner,2009,19.2,Diesel,2009,Third Party insurance,5 Speed,Manual,5 Seats,KOLKATA
₹ 2.68 Lakh,Hatchback,"1,16,032 Kms",1st Owner,2014,23.2,Diesel,2014,Comprehensive,5 Speed,Manual,5 Seats,KOLKATA
₹ 3.40 Lakh,Sedan,"30,000 Kms",1st Owner,2014,20.34,Diesel,2014,Third Party insurance,5 Speed,Manual,5 Seats,KOLKATA
₹ 28 Lakh,SUV,"40,000 Kms",1st Owner,2019,10.91,Diesel,2019,Third Party insurance,6 Speed,Automatic,7 Seats,KOLKATA
₹ 2.65 Lakh,Hatchback,"40,000 Kms",2nd Owner,2017,23.84,Petrol,2017,Third Party insurance,5 Speed,Manual,5 Seats,KOLKATA
₹ 2.65 Lakh,Hatchback,"40,000 Kms",2nd Owner,2017,27.28,Diesel,2017,Third Party insurance,5 Speed,Manual,5 Seats,KOLKATA
₹ 7 Lakh,SUV,"51,000 Kms",1st Owner,2016,16.0,Diesel,2016,Third Party insurance,6 Speed,Manual,7 Seats,KOLKATA
₹ 4.50 Lakh,Hatchback,"30,000 Kms",1st Owner,2017,18.9,Petrol,2017,Third Party insurance,5 Speed,Manual,5 Seats,KOLKATA
₹ 9.50 Lakh,MUV,"15,885 Kms",1st Owner,2021,19.01,Petrol,2021,Comprehensive,5 Speed,Manual,7 Seats,KOLKATA
₹ 2 Lakh,SUV,"65,000 Kms",1st Owner,2013,20.45,Diesel,2013,Third Party insurance,5 speed,Manual,5 Seats,KOLKATA
₹ 18 Lakh,Sedan,"10,000 Kms",1st Owner,2018,19.8,Petrol,2018,Third Party insurance,7 Speed,Automatic,5 Seats,KOLKATA
₹ 1.60 Lakh,Hatchback,"20,000 Kms",1st Owner,2017,21.1,Petrol,2017,Third Party insurance,5 Speed,Manual,5 Seats,KOLKATA
₹ 10 Lakh,Sedan,"70,000 Kms",2nd Owner,2015,18.88,Diesel,2015,Third Party insurance,8 Speed,Automatic,5 Seats,KOLKATA
₹ 17 Lakh,SUV,"50,000 Kms",1st Owner,2016,12.62,Diesel,2016,Third Party insurance,6 Speed,Automatic,7 Seats,KOLKATA
₹ 5 Lakh,SUV,"53,000 Kms",1st Owner,2014,15.1,Diesel,2014,Third Party insurance,6 Speed,Manual,7 Seats,KOLKATA
₹ 12.20 Lakh,Sedan,"10,000 Kms",1st Owner,2021,18.3,Petrol,2021,Third Party insurance,CVT,Automatic,5 Seats,KOLKATA
₹ 4.37 Lakh,Hatchback,"20,000 Kms",1st Owner,2020,20.09,Petrol,2020,Third Party insurance,5-Speed`,Manual,5 Seats,KOLKATA
₹ 12 Lakh,MUV,"33,000 Kms",1st Owner,2022,16.2,Petrol,2022,Third Party insurance,6-Speed,Manual,7 Seats,KOLKATA
₹ 1.50 Lakh,Sedan,"60,000 Kms",3rd Owner,2008,12.9,Petrol,2008,Third Party insurance,5 Speed,Automatic,5 Seats,KOLKATA
₹ 4 Lakh,Sedan,"20,000 Kms",3rd Owner,2010,12.05,Petrol,2010,Third Party insurance,6 Speed,Automatic,5 Seats,KOLKATA
₹ 4.20 Lakh,Minivans,"20,000 Kms",1st Owner,2021,16.11,Petrol,2021,Third Party insurance,5 Speed,Manual,7 Seats,KOLKATA
₹ 1.90 Lakh,Hatchback,"20,000 Kms",2nd Owner,2013,18.9,Petrol,2013,Third Party insurance,5 Speed,Manual,5 Seats,KOLKATA
₹ 1.75 Lakh,Minivans,"50,000 Kms",3rd Owner,2010,15.37,Petrol,2010,Third Party insurance,5 Speed,Manual,7 Seats,KOLKATA
₹ 1.75 Lakh,Minivans,"50,000 Kms",3rd Owner,2010,15.37,Petrol,2010,Third Party insurance,5 Speed,Manual,7 Seats,KOLKATA
₹ 5.50 Lakh,MUV,"30,000 Kms",1st Owner,2020,20.0,Petrol,2020,Third Party insurance,5 Speed,Manual,7 Seats,KOLKATA
₹ 14 Lakh,SUV,"10,000 Kms",1st Owner,2022,15.2,Petrol,2022,Third Party insurance,6 Speed,Manual,4 Seats,KOLKATA
₹ 1.20 Lakh,SUV,"1,20,000 Kms",4th Owner,2007,10.5,Diesel,2007,Third Party insurance,5 Speed,Manual,7 Seats,KOLKATA
₹ 6.50 Lakh,Hatchback,"40,000 Kms",1st Owner,2021,20.7,Petrol,2021,Third Party insurance,5-Speed,Manual,5 Seats,KOLKATA
₹ 6 Lakh,Hatchback,"10,000 Kms",1st Owner,2019,18.6,Petrol,2019,Third Party insurance,5 Speed,Manual,5 Seats,KOLKATA
₹ 4.50 Lakh,Hatchback,"28,689 Kms",1st Owner,2019,21.63,Petrol,2019,Comprehensive,AGS,Automatic,5 Seats,KOLKATA
₹ 27.50 Lakh,Convertibles,"42,719 Kms",3rd Owner,2013,10.93,Petrol,2013,Comprehensive,7 Speed,Automatic,2 Seats,KOLKATA
"₹ 45,000 ",Hatchback,"30,000 Kms",1st Owner,2004,19.7,Petrol,2004,Third Party insurance,5 Speed,Manual,5 Seats,KOLKATA
₹ 12.20 Lakh,SUV,"53,700 Kms",1st Owner,2020,18.9,Electric,2020,Comprehensive,5 Speed,Automatic,5 Seats,KOLKATA
₹ 5.99 Lakh,SUV,"69,150 Kms",1st Owner,2016,15.29,Petrol,2016,Comprehensive,6 Speed,Manual,5 Seats,KOLKATA
₹ 7 Lakh,SUV,"65,480 Kms",1st Owner,2015,15.4,Diesel,2015,Third Party insurance,5 Speed,Manual,9 Seats,KOLKATA
₹ 5.50 Lakh,Hatchback,"42,411 Kms",1st Owner,2018,18.6,Petrol,2018,Comprehensive,5 Speed,Manual,5 Seats,KOLKATA
₹ 3.35 Lakh,Sedan,"72,000 Kms",1st Owner,2015,17.4,Petrol,2015,Third Party insurance,5 Speed ,Manual,5 Seats,KOLKATA
₹ 12.75 Lakh,SUV,"31,100 Kms",1st Owner,2020,18.9,Electric,2020,Third Party insurance,5 Speed,Automatic,5 Seats,KOLKATA
₹ 3 Lakh,MUV,"66,000 Kms",1st Owner,2015,14.95,Diesel,2015,Third Party insurance,5 Speed,Manual,7 Seats,KOLKATA
₹ 13.50 Lakh,SUV,"26,000 Kms",1st Owner,2021,18.9,Electric,2021,Comprehensive,5 Speed,Automatic,5 Seats,KOLKATA
₹ 3.50 Lakh,Hatchback,"11,000 Kms",1st Owner,2019,23.01,Petrol,2019,Third Party,5 Speed,Manual,5 Seats,KOLKATA
₹ 4.75 Lakh,Sedan,"23,000 Kms",2nd Owner,2016,17.8,Petrol,2016,Third Party,5 Speed,Manual,5 Seats,KOLKATA
₹ 7.65 Lakh,Hatchback,"5,000 Kms",1st Owner,2021,19.56,Petrol,2021,Third Party,5-Speed,Automatic,5 Seats,KOLKATA
₹ 11.50 Lakh,SUV,"24,000 Kms",1st Owner,2021,18.9,Petrol,2021,Third Party insurance,6-speed,Manual,5 Seats,KOLKATA
₹ 21 Lakh,SUV,"61,901 Kms",1st Owner,2017,17.9,Diesel,2017,Comprehensive,7 Speed 7G-DCT,Automatic,5 Seats,KOLKATA
₹ 2.50 Lakh,Sedan,"50,000 Kms",1st Owner,2010,14.53,Petrol,2010,Third Party insurance,6 Speed ,Manual,5 Seats,KOLKATA
₹ 1.65 Lakh,Hatchback,"41,232 Kms",1st Owner,2010,15.6,Petrol,2010,Comprehensive,5 Speed,Manual,5 Seats,KOLKATA
₹ 9 Lakh,Sedan,"48,277 Kms",1st Owner,2022,18.9,Electric,2022,Third Party insurance,Single Speed,Automatic,5 Seats,KOLKATA
₹ 3.50 Lakh,Hatchback,"37,000 Kms",1st Owner,2017,20.51,Petrol,2017,Third Party insurance,5 Speed,Automatic,5 Seats,KOLKATA
₹ 17 Lakh,SUV,"34,689 Kms",1st Owner,2017,15.17,Diesel,2017,Comprehensive,7-Speed S-Tronic,Automatic,5 Seats,KOLKATA
₹ 8 Lakh,SUV,"32,475 Kms",1st Owner,2019,15.8,Petrol,2019,Comprehensive,6 Speed,Manual,5 Seats,KOLKATA
₹ 44.50 Lakh,SUV,411 Kms,1st Owner,2023,12.18,Petrol,2023,Comprehensive,8-speed,Automatic,5 Seats,KOLKATA
₹ 40.50 Lakh,SUV,"33,004 Kms",1st Owner,2019,12.81,Petrol,2019,Comprehensive,9 Speed,Automatic,7 Seats,KOLKATA
₹ 9 Lakh,SUV,"50,245 Kms",2nd Owner,2010,11.81,Petrol,2010,Comprehensive,8 Speed ,Automatic,5 Seats,KOLKATA
₹ 11.25 Lakh,SUV,"24,000 Kms",1st Owner,2021,17.0,Diesel,2021,Third Party insurance,6 Speed,Automatic,5 Seats,KOLKATA
₹ 3 Lakh,Hatchback,"39,000 Kms",1st Owner,2013,22.9,Diesel,2013,Third Party insurance,5 Speed,Manual,5 Seats,KOLKATA
₹ 5.50 Lakh,SUV,"40,000 Kms",1st Owner,2018,25.5,Diesel,2018,Third Party insurance,6 Speed,Manual,5 Seats,KOLKATA
₹ 2 Lakh,Sedan,"65,000 Kms",1st Owner,2012,21.43,Diesel,2012,Third Party insurance,6 Speed,Manual,5 Seats,KOLKATA
₹ 3.75 Lakh,Sedan,"73,000 Kms",1st Owner,2015,26.21,Diesel,2015,Third Party insurance,5 Speed,Manual,5 Seats,KOLKATA
₹ 4.99 Lakh,Hatchback,"29,000 Kms",1st Owner,2020,20.7,Petrol,2020,Third Party insurance,5-Speed,Manual,5 Seats,KOLKATA
₹ 6 Lakh,SUV,"50,000 Kms",1st Owner,2017,19.6,Diesel,2017,Third Party insurance,6 Speed,Automatic,5 Seats,KOLKATA
₹ 7.75 Lakh,SUV,"80,000 Kms",1st Owner,2012,11.74,Diesel,2012,Third Party insurance,7 Speed,Automatic,5 Seats,KOLKATA
₹ 18 Lakh,MUV,"15,000 Kms",1st Owner,2020,13.68,Diesel,2020,Third Party insurance,5 Speed,Manual,7 Seats,KOLKATA
₹ 25.25 Lakh,SUV,"56,400 Kms",1st Owner,2017,14.24,Diesel,2017,Comprehensive,6 Speed,Manual,7 Seats,KOLKATA
₹ 1.90 Lakh,Hatchback,"61,000 Kms",1st Owner,2013,19.4,Petrol,2013,Third Party insurance,5 Speed,Manual,5 Seats,KOLKATA
₹ 10 Lakh,SUV,"28,831 Kms",1st Owner,2018,16.3,Diesel,2018,Third Party insurance,6 Speed,Manual,5 Seats,KOLKATA
₹ 7.90 Lakh,Sedan,"49,000 Kms",1st Owner,2018,25.6,Diesel,2018,Third Party insurance,6 Speed,Manual,5 Seats,KOLKATA
₹ 5.25 Lakh,Sedan,"27,460 Kms",1st Owner,2016,17.8,Petrol,2016,Comprehensive,5 Speed,Manual,5 Seats,KOLKATA
₹ 7.24 Lakh,Hatchback,"14,000 Kms",1st Owner,2021,19.56,Petrol,2021,Third Party insurance,CVT,Automatic,5 Seats,KOLKATA
₹ 4.35 Lakh,Sedan,"43,985 Kms",1st Owner,2014,17.4,Petrol,2014,Comprehensive,5 Speed ,Manual,5 Seats,KOLKATA
₹ 2.95 Lakh,Hatchback,"28,322 Kms",1st Owner,2012,17.0,Petrol,2012,Comprehensive,5 Speed,Manual,5 Seats,KOLKATA
₹ 16.75 Lakh,SUV,"12,000 Kms",1st Owner,2022,18.9,Diesel,2022,Comprehensive,6-speed,Manual,5 Seats,KOLKATA
₹ 5.75 Lakh,Hatchback,"15,000 Kms",1st Owner,2022,20.89,Petrol,2022,Comprehensive,5 Speed,Manual,5 Seats,KOLKATA
₹ 3.35 Lakh,Sedan,"71,762 Kms",2nd Owner,2017,18.16,Petrol,2017,Comprehensive,5 Speed,Manual,5 Seats,KOLKATA
₹ 5.99 Lakh,SUV,"75,000 Kms",1st Owner,2017,18.49,Diesel,2017,Comprehensive,5 Speed,Manual,7 Seats,KOLKATA
₹ 6.50 Lakh,Sedan,"79,000 Kms",1st Owner,2017,19.12,Petrol,2017,Comprehensive,4 Speed,Automatic,5 Seats,KOLKATA
₹ 4.85 Lakh,Sedan,"38,734 Kms",1st Owner,2016,17.8,Petrol,2016,Comprehensive,5 Speed,Manual,5 Seats,KOLKATA
₹ 5.75 Lakh,Hatchback,"22,000 Kms",1st Owner,2022,24.97,Petrol,2022,Comprehensive,5-Speed,Manual,5 Seats,KOLKATA
₹ 6.50 Lakh,Sedan,"54,000 Kms",1st Owner,2017,18.19,Petrol,2017,Comprehensive,7 Speed,Automatic,5 Seats,KOLKATA
₹ 4.50 Lakh,SUV,"50,000 Kms",1st Owner,2016,19.87,Diesel,2016,Comprehensive,5 speed,Manual,5 Seats,KOLKATA
₹ 6.25 Lakh,SUV,"68,000 Kms",1st Owner,2016,21.9,Diesel,2016,Comprehensive,6 Speed,Manual,7 Seats,KOLKATA
₹ 6.50 Lakh,Sedan,"54,000 Kms",1st Owner,2017,18.19,Petrol,2017,Comprehensive,7 Speed,Automatic,5 Seats,KOLKATA
₹ 5.45 Lakh,Hatchback,"32,337 Kms",1st Owner,2019,18.6,Petrol,2019,Third Party insurance,5 Speed,Manual,5 Seats,KOLKATA
₹ 8.35 Lakh,MUV,"21,873 Kms",1st Owner,2019,19.34,Petrol,2019,Comprehensive,5 Speed,Manual,7 Seats,KOLKATA
₹ 4.15 Lakh,Hatchback,"17,330 Kms",1st Owner,2020,21.74,Petrol,2020,Comprehensive,5 Speed,Manual,5 Seats,KOLKATA
₹ 5.45 Lakh,Sedan,"28,316 Kms",1st Owner,2020,17.8,Petrol,2020,Comprehensive,5 Speed,Manual,5 Seats,KOLKATA
₹ 9.75 Lakh,Sedan,"19,000 Kms",1st Owner,2021,18.0,Petrol,2021,Comprehensive,CVT,Automatic,5 Seats,KOLKATA
₹ 9.50 Lakh,SUV,"22,000 Kms",1st Owner,2021,18.15,Petrol,2021,Comprehensive,7-Speed DCT,Automatic,5 Seats,KOLKATA
₹ 7.95 Lakh,SUV,"49,000 Kms",1st Owner,2019,24.3,Diesel,2019,Comprehensive,5 Speed,Manual,5 Seats,KOLKATA
₹ 7.25 Lakh,MUV,"48,000 Kms",1st Owner,2017,24.52,Diesel,2017,Comprehensive,5 Speed ,Manual,7 Seats,KOLKATA
₹ 4.75 Lakh,SUV,"65,000 Kms",1st Owner,2015,15.9,Petrol,2015,Comprehensive,5 Speed,Manual,5 Seats,KOLKATA
₹ 7.99 Lakh,SUV,"51,000 Kms",1st Owner,2018,15.29,Petrol,2018,Comprehensive,6 Speed,Manual,5 Seats,KOLKATA
₹ 9.90 Lakh,Sedan,"32,000 Kms",1st Owner,2020,17.4,Petrol,2020,Comprehensive,CVT,Automatic,5 Seats,KOLKATA
₹ 6.25 Lakh,Sedan,"34,000 Kms",1st Owner,2014,14.28,Petrol,2014,Comprehensive,6 Speed,Manual,5 Seats,KOLKATA
₹ 5.50 Lakh,Sedan,"65,000 Kms",1st Owner,2017,28.09,Diesel,2017,Comprehensive,5 Speed,Manual,5 Seats,KOLKATA
₹ 5.25 Lakh,Sedan,"51,000 Kms",1st Owner,2015,20.65,Petrol,2015,Comprehensive,5 Speed,Manual,5 Seats,KOLKATA
₹ 9.25 Lakh,SUV,"17,000 Kms",1st Owner,2022,17.03,Petrol,2022,Comprehensive,5 Speed,Manual,5 Seats,KOLKATA
₹ 3.25 Lakh,Hatchback,"6,971 Kms",1st Owner,2019,25.17,Petrol,2019,Comprehensive,5 Speed,Manual,5 Seats,KOLKATA
₹ 8.99 Lakh,Hatchback,"3,000 Kms",1st Owner,2023,22.35,Petrol,2023,Comprehensive,5-Speed,Manual,5 Seats,KOLKATA
₹ 2.89 Lakh,Hatchback,"27,447 Kms",1st Owner,2018,24.7,Petrol,2018,Comprehensive,5 Speed,Manual,5 Seats,KOLKATA
₹ 4.99 Lakh,Sedan,"22,008 Kms",1st Owner,2018,21.21,Petrol,2018,Comprehensive,5 Speed,Manual,5 Seats,KOLKATA
₹ 16.50 Lakh,SUV,"9,000 Kms",1st Owner,2021,14.5,Petrol,2021,Comprehensive,6-speed,Manual,7 Seats,KOLKATA
₹ 4.55 Lakh,Sedan,"44,000 Kms",1st Owner,2015,17.01,Petrol,2015,Comprehensive,5 Speed,Manual,5 Seats,KOLKATA
₹ 7.90 Lakh,SUV,"46,000 Kms",1st Owner,2016,13.0,Petrol,2016,Comprehensive,6 Speed,Automatic,5 Seats,KOLKATA
₹ 5.99 Lakh,SUV,"60,000 Kms",1st Owner,2018,22.77,Diesel,2018,Comprehensive,5 Speed,Manual,5 Seats,KOLKATA
₹ 7.99 Lakh,Sedan,"37,000 Kms",1st Owner,2018,17.8,Petrol,2018,Comprehensive,7 Speed CVT,Automatic,5 Seats,KOLKATA
₹ 21.50 Lakh,SUV,"40,000 Kms",1st Owner,2017,14.16,Diesel,2017,Comprehensive,7 Speed,Automatic,5 Seats,KOLKATA
₹ 5.75 Lakh,Hatchback,"9,000 Kms",1st Owner,2020,21.4,Petrol,2020,Comprehensive,5 Speed,Manual,5 Seats,KOLKATA
₹ 5.99 Lakh,SUV,"52,000 Kms",1st Owner,2016,15.29,Petrol,2016,Comprehensive,6 Speed,Manual,5 Seats,KOLKATA
₹ 4.65 Lakh,Hatchback,"30,400 Kms",1st Owner,2017,21.4,Petrol,2017,Comprehensive,5 Speed,Manual,5 Seats,KOLKATA
₹ 9.50 Lakh,SUV,"29,000 Kms",1st Owner,2021,18.15,Petrol,2021,Comprehensive,7-Speed,Automatic,5 Seats,KOLKATA
₹ 55.41 Lakh,Sedan,"20,000 Kms",1st Owner,2020,16.1,Diesel,2020,Comprehensive,9 Speed,Automatic,5 Seats,KOLKATA
₹ 9.90 Lakh,Sedan,"32,000 Kms",1st Owner,2020,18.3,Petrol,2020,Comprehensive,CVT,Automatic,5 Seats,KOLKATA
₹ 3.50 Lakh,Hatchback,"45,000 Kms",1st Owner,2014,18.9,Petrol,2014,Comprehensive,5 Speed,Manual,5 Seats,KOLKATA
₹ 22.90 Lakh,SUV,"84,000 Kms",1st Owner,2018,10.91,Diesel,2018,Comprehensive,6 Speed,Automatic,7 Seats,KOLKATA
₹ 4.70 Lakh,Sedan,"48,000 Kms",1st Owner,2014,26.0,Diesel,2014,Comprehensive,6 Speed,Manual,5 Seats,KOLKATA
₹ 3.95 Lakh,Sedan,"49,000 Kms",1st Owner,2016,17.8,Petrol,2016,Comprehensive,5 Speed,Manual,5 Seats,KOLKATA
₹ 2.75 Lakh,Sedan,"70,000 Kms",1st Owner,2010,14.53,Petrol,2010,Comprehensive,6 Speed,Manual,5 Seats,KOLKATA
₹ 3.49 Lakh,Sedan,"65,000 Kms",1st Owner,2012,22.32,Diesel,2012,Third Party insurance,6 Speed ,Manual,5 Seats,KOLKATA
₹ 7.25 Lakh,SUV,"58,000 Kms",1st Owner,2019,21.5,Diesel,2019,Comprehensive,6 Speed,Automatic,5 Seats,KOLKATA
₹ 4.40 Lakh,Hatchback,"64,000 Kms",1st Owner,2018,27.39,Diesel,2018,Comprehensive,5 Speed,Manual,5 Seats,KOLKATA
₹ 16.50 Lakh,SUV,"35,000 Kms",1st Owner,2016,13.7,Petrol,2016,Comprehensive,7 Speed 7G-DCT,Automatic,5 Seats,KOLKATA
₹ 3.80 Lakh,Sedan,"50,000 Kms",1st Owner,2016,18.0,Petrol,2016,Comprehensive,5 Speed,Manual,5 Seats,KOLKATA
₹ 4.75 Lakh,Hatchback,"12,000 Kms",1st Owner,2018,18.9,Petrol,2018,Comprehensive,5 Speed,Manual,5 Seats,KOLKATA
₹ 4.50 Lakh,Sedan,"50,000 Kms",1st Owner,2016,21.21,Petrol,2016,Comprehensive,5 Speed,Manual,5 Seats,KOLKATA
₹ 4.65 Lakh,SUV,"58,000 Kms",1st Owner,2016,19.87,Diesel,2016,Comprehensive,5 speed,Manual,5 Seats,KOLKATA
₹ 9.50 Lakh,Sedan,"50,000 Kms",2nd Owner,2012,15.2,Diesel,2012,Comprehensive,6 Speed,Automatic,5 Seats,KOLKATA
₹ 3.25 Lakh,Hatchback,"16,000 Kms",1st Owner,2020,22.05,Petrol,2020,Third Party insurance,5 Speed,Manual,5 Seats,KOLKATA
₹ 1.99 Lakh,Hatchback,"75,000 Kms",2nd Owner,2010,16.47,Petrol,2010,Comprehensive,5 Speed,Manual,5 Seats,KOLKATA
₹ 1.95 Lakh,Sedan,"28,000 Kms",1st Owner,2010,15.3,Petrol,2010,Comprehensive,5 Speed,Manual,5 Seats,KOLKATA
₹ 7.25 Lakh,SUV,"55,000 Kms",1st Owner,2018,15.29,Petrol,2018,Comprehensive,6 Speed,Manual,5 Seats,KOLKATA
₹ 4.55 Lakh,Hatchback,"54,000 Kms",1st Owner,2018,27.39,Diesel,2018,Comprehensive,5 Speed,Manual,5 Seats,KOLKATA
₹ 3.99 Lakh,Hatchback,"55,000 Kms",1st Owner,2016,18.7,Petrol,2016,Comprehensive,5 Speed,Manual,5 Seats,KOLKATA
₹ 9.50 Lakh,SUV,"29,000 Kms",1st Owner,2021,18.15,Petrol,2021,Comprehensive,7-Speed DCT,Automatic,5 Seats,KOLKATA
₹ 3.99 Lakh,Sedan,"48,000 Kms",1st Owner,2015,17.43,Petrol,2015,Comprehensive,5 Speed,Manual,5 Seats,KOLKATA
₹ 4.50 Lakh,MUV,"45,000 Kms",1st Owner,2014,17.3,Petrol,2014,Comprehensive,5 Speed,Manual,7 Seats,KOLKATA
₹ 7.40 Lakh,SUV,"21,000 Kms",1st Owner,2021,17.33,Petrol,2021,Comprehensive,6 Speed,Manual,5 Seats,KOLKATA
₹ 3.25 Lakh,Sedan,"52,000 Kms",1st Owner,2013,17.01,Petrol,2013,Comprehensive,5 Speed,Manual,5 Seats,KOLKATA
₹ 4.99 Lakh,Sedan,"39,000 Kms",1st Owner,2019,20.14,Petrol,2019,Comprehensive,5 Speed,Manual,5 Seats,KOLKATA
₹ 4.50 Lakh,MUV,"55,000 Kms",1st Owner,2014,17.3,Petrol,2014,Comprehensive,5 Speed,Manual,7 Seats,KOLKATA
₹ 17.50 Lakh,MUV,"53,000 Kms",1st Owner,2017,13.68,Diesel,2017,Comprehensive,5 Speed,Manual,7 Seats,KOLKATA
₹ 9.35 Lakh,SUV,"9,000 Kms",1st Owner,2022,18.9,Petrol,2022,Comprehensive,5-Speed,Manual,5 Seats,KOLKATA
₹ 13.50 Lakh,SUV,"23,000 Kms",1st Owner,2020,16.5,Petrol,2020,Comprehensive,6-Speed,Manual,5 Seats,KOLKATA
₹ 1.99 Lakh,Hatchback,"65,000 Kms",1st Owner,2010,16.47,Petrol,2010,Comprehensive,5 Speed,Manual,5 Seats,KOLKATA
₹ 2.79 Lakh,Hatchback,"45,000 Kms",1st Owner,2016,19.81,Petrol,2016,Comprehensive,5 Speed,Manual,5 Seats,KOLKATA
₹ 5.99 Lakh,Sedan,"55,000 Kms",1st Owner,2017,28.09,Diesel,2017,Comprehensive,5 Speed,Automatic,5 Seats,KOLKATA
₹ 4.75 Lakh,Hatchback,"26,000 Kms",1st Owner,2019,18.9,Petrol,2019,Comprehensive,5 Speed,Manual,5 Seats,KOLKATA
₹ 4.99 Lakh,Sedan,"54,000 Kms",1st Owner,2016,14.3,Petrol,2016,Comprehensive,6 Speed ,Automatic,5 Seats,KOLKATA
₹ 4.50 Lakh,Sedan,"41,000 Kms",1st Owner,2015,17.01,Petrol,2015,Comprehensive,5 Speed,Manual,5 Seats,KOLKATA
₹ 22.50 Lakh,SUV,"29,000 Kms",1st Owner,2021,14.9,Diesel,2021,Comprehensive,9 Speed,Automatic,5 Seats,KOLKATA
₹ 22.75 Lakh,Sedan,"23,000 Kms",1st Owner,2018,22.69,Diesel,2018,Comprehensive,8 Speed,Automatic,5 Seats,KOLKATA
₹ 2.25 Lakh,Hatchback,"39,000 Kms",1st Owner,2012,16.7,Petrol,2012,Comprehensive,5 Speed,Manual,5 Seats,KOLKATA
₹ 8.50 Lakh,Sedan,"34,000 Kms",1st Owner,2019,17.0,Petrol,2019,Comprehensive,6 Speed,Manual,5 Seats,KOLKATA
₹ 9.90 Lakh,Sedan,"75,000 Kms",1st Owner,2015,12.98,Petrol,2015,Comprehensive,6 Speed,Automatic,5 Seats,KOLKATA
₹ 5.75 Lakh,Hatchback,"12,000 Kms",1st Owner,2020,20.7,Petrol,2020,Comprehensive,5-Speed,Manual,5 Seats,KOLKATA
₹ 7.99 Lakh,SUV,"51,000 Kms",1st Owner,2018,16.0,Diesel,2018,Comprehensive,6 Speed ,Manual,7 Seats,KOLKATA
₹ 3.99 Lakh,Hatchback,"46,000 Kms",1st Owner,2018,18.5,Petrol,2018,Comprehensive,5 Speed,Manual,5 Seats,KOLKATA
₹ 11 Lakh,Sedan,"39,000 Kms",1st Owner,2013,18.88,Diesel,2013,Comprehensive,8 Speed,Automatic,5 Seats,KOLKATA
₹ 3.99 Lakh,Sedan,"45,000 Kms",1st Owner,2015,17.43,Petrol,2015,Comprehensive,5 Speed,Manual,5 Seats,KOLKATA
₹ 23.70 Lakh,SUV,"2,000 Kms",1st Owner,2023,18.9,Diesel,2023,Comprehensive,6-Speed,Automatic,7 Seats,KOLKATA
₹ 6.99 Lakh,Sedan,"47,000 Kms",1st Owner,2017,17.8,Petrol,2017,Third Party insurance,5 Speed,Manual,5 Seats,KOLKATA
₹ 14.15 Lakh,SUV,"55,000 Kms",1st Owner,2020,18.9,Petrol,2020,Third Party insurance,6-speed IVT,Automatic,5 Seats,KOLKATA
₹ 4.55 Lakh,Hatchback,"5,000 Kms",1st Owner,2022,21.74,Petrol,2022,Comprehensive,5 Speed,Manual,5 Seats,KOLKATA
₹ 3.30 Lakh,Hatchback,"5,000 Kms",1st Owner,2021,22.74,Petrol,2021,Comprehensive,5 Speed,Manual,5 Seats,KOLKATA
₹ 21 Lakh,SUV,"32,000 Kms",1st Owner,2018,16.9,Petrol,2018,Comprehensive,6 Speed,Automatic,5 Seats,KOLKATA
₹ 10.99 Lakh,MUV,"20,000 Kms",1st Owner,2022,18.9,Petrol,2022,Comprehensive,6-Speed,Manual,7 Seats,KOLKATA
₹ 10.99 Lakh,MUV,"20,000 Kms",1st Owner,2022,18.9,Petrol,2022,Comprehensive,6-Speed,Manual,7 Seats,KOLKATA
₹ 1.99 Lakh,Sedan,"61,000 Kms",1st Owner,2013,16.95,Petrol,2013,Comprehensive,5 Speed,Manual,5 Seats,KOLKATA
₹ 11.90 Lakh,SUV,"14,000 Kms",2nd Owner,2019,16.0,Petrol,2019,Comprehensive,6 Speed,Manual,5 Seats,KOLKATA
₹ 11.90 Lakh,SUV,"45,000 Kms",1st Owner,2015,15.73,Diesel,2015,Comprehensive,7-Speed S-Tronic ,Automatic,5 Seats,KOLKATA
₹ 5.35 Lakh,Sedan,"38,247 Kms",1st Owner,2016,17.01,Petrol,2016,Comprehensive,5 Speed,Manual,5 Seats,KOLKATA
₹ 3.95 Lakh,Sedan,"41,754 Kms",2nd Owner,2015,18.0,Petrol,2015,Third Party insurance,5 Speed,Manual,5 Seats,KOLKATA
₹ 2.50 Lakh,SUV,"52,000 Kms",1st Owner,2003,10.5,Diesel,2003,Comprehensive,5 Speed,Manual,8 Seats,KOLKATA
₹ 1.75 Lakh,Hatchback,"58,000 Kms",2nd Owner,2010,16.0,Petrol,2010,Comprehensive,Five Speed Manual Transmission Gearbox,Manual,5 Seats,KOLKATA
₹ 1.95 Lakh,Hatchback,"75,000 Kms",1st Owner,2015,25.83,Diesel,2015,Comprehensive,5 Speed,Manual,5 Seats,KOLKATA
₹ 4.25 Lakh,SUV,"72,561 Kms",1st Owner,2014,22.7,Diesel,2014,Comprehensive,5 Speed,Manual,5 Seats,KOLKATA
₹ 1.58 Lakh,Hatchback,"53,562 Kms",3rd Owner,2009,20.36,Petrol,2009,Third Party insurance,5 Speed,Manual,5 Seats,KOLKATA
₹ 4.25 Lakh,Hatchback,"32,190 Kms",1st Owner,2019,18.9,Petrol,2019,Third Party insurance,5 Speed,Manual,5 Seats,KOLKATA
₹ 1.15 Lakh,Hatchback,"20,000 Kms",1st Owner,2013,22.74,Petrol,2013,Third Party insurance,5 Speed,Manual,5 Seats,KOLKATA
"₹ 75,000 ",Hatchback,"50,000 Kms",1st Owner,2009,21.1,Petrol,2009,Third Party insurance,5-Speed,Manual,5 Seats,KOLKATA
₹ 6.50 Lakh,SUV,"20,000 Kms",1st Owner,2022,19.17,Petrol,2022,Third Party insurance,5 Speed,Manual,5 Seats,KOLKATA
"₹ 80,000 ",Hatchback,"20,000 Kms",1st Owner,2007,18.9,Petrol,2007,Third Party insurance,5 Speed,Manual,5 Seats,KOLKATA
₹ 6.50 Lakh,SUV,"30,000 Kms",1st Owner,2022,19.17,Petrol,2022,Third Party insurance,5 Speed,Manual,5 Seats,KOLKATA
"₹ 35,000 ",Hatchback,"40,000 Kms",2nd Owner,2005,19.7,Petrol,2005,Third Party insurance,5 Speed,Manual,5 Seats,KOLKATA
₹ 1.90 Lakh,Hatchback,"1,20,000 Kms",1st Owner,2018,23.01,Petrol,2018,Third Party insurance,5 Speed,Manual,5 Seats,KOLKATA
₹ 2 Lakh,Hatchback,"60,000 Kms",1st Owner,2013,16.47,Petrol,2013,Third Party insurance,5 Speed,Manual,5 Seats,KOLKATA
₹ 1.60 Lakh,Hatchback,"60,000 Kms",2nd Owner,2013,15.6,Petrol,2013,Third Party insurance,5 Speed,Manual,5 Seats,KOLKATA
₹ 1.20 Lakh,Hatchback,"30,000 Kms",1st Owner,2010,16.2,Petrol,2010,Third Party insurance,Five Speed Manual Transmission Gearbox,Manual,5 Seats,KOLKATA
₹ 1.40 Lakh,Hatchback,"24,000 Kms",1st Owner,2011,16.2,Petrol,2011,Third Party insurance,Five Speed Manual Transmission Gearbox,Manual,5 Seats,KOLKATA
₹ 1.15 Lakh,Hatchback,"40,000 Kms",1st Owner,2009,19.7,Petrol,2009,Third Party insurance,5 Speed,Manual,5 Seats,KOLKATA
₹ 2.50 Lakh,Hatchback,"60,000 Kms",1st Owner,2013,18.6,Petrol,2013,Third Party insurance,5 Speed,Manual,5 Seats,KOLKATA
₹ 4.80 Lakh,Sedan,"30,000 Kms",1st Owner,2019,18.9,CNG,2019,Third Party insurance,5 Speed,Manual,5 Seats,KOLKATA
₹ 1.50 Lakh,Sedan,"84,000 Kms",2nd Owner,2008,17.7,Petrol,2008,Comprehensive,5 Speed,Manual,5 Seats,KOLKATA
₹ 1.75 Lakh,Hatchback,"1,51,000 Kms",1st Owner,2018,24.7,Petrol,2018,Third Party insurance,5 Speed,Manual,5 Seats,KOLKATA
₹ 4.90 Lakh,Hatchback,"7,000 Kms",1st Owner,2021,21.79,Petrol,2021,Third Party insurance,5 Speed,Manual,5 Seats,KOLKATA
₹ 2.50 Lakh,Hatchback,"20,000 Kms",1st Owner,2010,18.5,Petrol,2010,Third Party insurance,5 Speed,Manual,5 Seats,KOLKATA
₹ 4 Lakh,Hatchback,"20,000 Kms",1st Owner,2014,22.0,Petrol,2014,Third Party insurance,5,Manual,5 Seats,KOLKATA
₹ 5.50 Lakh,SUV,"50,000 Kms",1st Owner,2018,21.5,Diesel,2018,Third Party insurance,6 Speed,Manual,5 Seats,KOLKATA
₹ 1.25 Lakh,Hatchback,"50,000 Kms",1st Owner,2009,17.92,Petrol,2009,Third Party insurance,5 Speed,Manual,5 Seats,KOLKATA
₹ 2.80 Lakh,Hatchback,"80,000 Kms",1st Owner,2015,22.54,Diesel,2015,Third Party insurance,6 Speed,Manual,5 Seats,KOLKATA
₹ 1.50 Lakh,Hatchback,"50,000 Kms",1st Owner,2011,19.0,Petrol,2011,Third Party insurance,5 Speed,Manual,5 Seats,KOLKATA
₹ 10.82 Lakh,SUV,"10,000 Kms",1st Owner,2022,16.35,Petrol,2022,Third Party insurance,6-Speed,Automatic,5 Seats,KOLKATA
₹ 5.50 Lakh,SUV,"70,000 Kms",1st Owner,2019,17.0,Petrol,2019,Third Party insurance,6 Speed,Manual,5 Seats,KOLKATA
₹ 4.75 Lakh,Sedan,"30,000 Kms",1st Owner,2018,17.8,Petrol,2018,Third Party insurance,5 Speed,Manual,5 Seats,KOLKATA
₹ 1.05 Lakh,Hatchback,"80,000 Kms",3rd Owner,2010,18.5,Petrol,2010,Third Party insurance,5 Speed,Manual,5 Seats,KOLKATA
₹ 5 Lakh,Hatchback,"80,000 Kms",1st Owner,2019,27.39,Diesel,2019,Third Party insurance,5 Speed,Manual,5 Seats,KOLKATA
₹ 5.25 Lakh,Sedan,"40,000 Kms",1st Owner,2017,19.12,Petrol,2017,Third Party insurance,4 Speed,Automatic,5 Seats,KOLKATA
₹ 6.50 Lakh,Hatchback,"10,000 Kms",1st Owner,2021,21.21,Petrol,2021,Third Party insurance,5,Manual,5 Seats,KOLKATA
₹ 6.50 Lakh,Hatchback,"10,000 Kms",1st Owner,2021,21.21,Petrol,2021,Third Party insurance,5,Manual,5 Seats,KOLKATA
₹ 2 Lakh,Hatchback,"30,000 Kms",1st Owner,2014,22.74,Petrol,2014,Third Party insurance,5 Speed,Manual,5 Seats,KOLKATA
₹ 4 Lakh,Hatchback,"20,000 Kms",1st Owner,2018,23.84,Petrol,2018,Third Party insurance,5 Speed,Manual,5 Seats,KOLKATA
₹ 12 Lakh,SUV,"10,000 Kms",1st Owner,2023,18.3,Petrol,2023,Third Party insurance,7-Speed DCT,Automatic,5 Seats,KOLKATA
₹ 18.25 Lakh,SUV,"10,000 Kms",1st Owner,2022,16.5,Petrol,2022,Third Party insurance,7-Speed DCT,Automatic,5 Seats,KOLKATA
₹ 5 Lakh,Hatchback,"20,000 Kms",1st Owner,2019,20.09,Petrol,2019,Third Party insurance,5 Speed,Manual,5 Seats,KOLKATA
₹ 6 Lakh,Sedan,"30,000 Kms",1st Owner,2019,19.5,Petrol,2019,Third Party insurance,5 Speed,Manual,5 Seats,KOLKATA
₹ 2.30 Lakh,Hatchback,"30,000 Kms",2nd Owner,2010,18.5,Petrol,2010,Third Party insurance,5 Speed,Manual,5 Seats,KOLKATA
₹ 2.10 Lakh,Hatchback,"40,000 Kms",1st Owner,2015,22.74,Petrol,2015,Third Party insurance,5 Speed,Manual,5 Seats,KOLKATA
₹ 10 Lakh,SUV,"20,000 Kms",1st Owner,2019,15.8,Petrol,2019,Third Party insurance,6 Speed,Manual,5 Seats,KOLKATA
₹ 5.50 Lakh,Sedan,"40,000 Kms",1st Owner,2019,21.21,Petrol,2019,Third Party insurance,5 Speed,Manual,5 Seats,KOLKATA
₹ 5.50 Lakh,Sedan,"40,000 Kms",1st Owner,2019,21.21,Petrol,2019,Third Party insurance,5 Speed,Manual,5 Seats,KOLKATA
₹ 3 Lakh,Sedan,"70,000 Kms",2nd Owner,2015,18.0,Petrol,2015,Third Party insurance,5 Speed,Manual,5 Seats,KOLKATA
₹ 12 Lakh,Sedan,"20,000 Kms",1st Owner,2023,17.8,Petrol,2023,Third Party insurance,6 Speed,Manual,5 Seats,KOLKATA
₹ 1.60 Lakh,Hatchback,"1,20,000 Kms",1st Owner,2010,20.36,Petrol,2010,Third Party insurance,5 Speed,Manual,5 Seats,KOLKATA
₹ 1.80 Lakh,Hatchback,"1,50,000 Kms",2nd Owner,2011,16.47,Petrol,2011,Third Party insurance,5 Speed,Manual,5 Seats,KOLKATA
₹ 2.25 Lakh,Hatchback,"38,000 Kms",1st Owner,2011,20.36,Petrol,2011,Third Party insurance,5 Speed,Manual,5 Seats,KOLKATA
₹ 6.74 Lakh,SUV,"20,000 Kms",1st Owner,2022,17.33,Petrol,2022,Third Party insurance,6 Speed,Manual,5 Seats,KOLKATA
₹ 2 Lakh,Hatchback,"30,000 Kms",1st Owner,2012,21.1,Petrol,2012,Third Party insurance,5 Speed,Manual,5 Seats,KOLKATA
₹ 2.90 Lakh,Hatchback,"50,000 Kms",1st Owner,2015,20.51,Petrol,2015,Third Party insurance,5 Speed,Manual,5 Seats,KOLKATA
₹ 2.50 Lakh,Sedan,"60,000 Kms",1st Owner,2010,17.5,Petrol,2010,Third Party insurance,5 Speed,Manual,5 Seats,KOLKATA
₹ 1 Lakh,Hatchback,"30,000 Kms",3rd Owner,2002,16.1,Petrol,2002,Third Party insurance,4 Speed,Manual,4 Seats,KOLKATA
₹ 4 Lakh,Sedan,"60,000 Kms",1st Owner,2013,16.8,Petrol,2013,Third Party insurance,5 Speed,Manual,5 Seats,KOLKATA
₹ 3.60 Lakh,Hatchback,"70,000 Kms",1st Owner,2015,16.2,Petrol,2015,Third Party insurance,5 Speed,Manual,5 Seats,KOLKATA
₹ 1.50 Lakh,Hatchback,"30,000 Kms",1st Owner,2009,18.9,Petrol,2009,Third Party insurance,5 Speed,Manual,5 Seats,KOLKATA
₹ 5.10 Lakh,Hatchback,"10,000 Kms",1st Owner,2022,25.24,Petrol,2022,Third Party insurance,5-Speed,Manual,5 Seats,KOLKATA
₹ 1.80 Lakh,Hatchback,"1,20,000 Kms",1st Owner,2014,22.74,Petrol,2014,Third Party insurance,5 Speed,Manual,5 Seats,KOLKATA
₹ 5.50 Lakh,Sedan,"50,000 Kms",3rd Owner,2011,11.74,Petrol,2011,Third Party insurance,7 Speed,Automatic,5 Seats,KOLKATA
₹ 1.40 Lakh,Hatchback,"40,000 Kms",1st Owner,2012,18.5,Petrol,2012,Third Party insurance,5 Speed,Manual,5 Seats,KOLKATA
₹ 5 Lakh,SUV,"1,20,000 Kms",2nd Owner,2017,19.72,Diesel,2017,Third Party insurance,6 Speed,Manual,5 Seats,KOLKATA
